solid OpenSCAD_Model
  facet normal 1 0 0
    outer loop
      vertex 7.5 1.25 10
      vertex 7.5 -3.75 5
      vertex 7.5 1.25 5
    endloop
  endfacet
  facet normal 1 0 0
    outer loop
      vertex 7.5 -3.75 5
      vertex 7.5 -8.75 10
      vertex 7.5 -3.75 -5
    endloop
  endfacet
  facet normal 1 -0 0
    outer loop
      vertex 7.5 -8.75 10
      vertex 7.5 -3.75 5
      vertex 7.5 1.25 10
    endloop
  endfacet
  facet normal 1 -0 0
    outer loop
      vertex 7.5 -3.75 -5
      vertex 7.5 1.25 -10
      vertex 7.5 1.25 -5
    endloop
  endfacet
  facet normal 1 0 0
    outer loop
      vertex 7.5 -3.75 -5
      vertex 7.5 -8.75 -10
      vertex 7.5 1.25 -10
    endloop
  endfacet
  facet normal 1 0 0
    outer loop
      vertex 7.5 -8.75 -10
      vertex 7.5 -3.75 -5
      vertex 7.5 -8.75 10
    endloop
  endfacet
  facet normal 0 0 1
    outer loop
      vertex 7.4852 1.72093 -5
      vertex 3.99211 1.50116 -5
      vertex 4 1.25 -5
    endloop
  endfacet
  facet normal 0 0 1
    outer loop
      vertex 4.40839 7.31763 -5
      vertex 3.96846 1.75133 -5
      vertex 3.99211 1.50116 -5
    endloop
  endfacet
  facet normal 0 0 1
    outer loop
      vertex 4.40839 7.31763 -5
      vertex 3.92915 1.99953 -5
      vertex 3.96846 1.75133 -5
    endloop
  endfacet
  facet normal 0 0 1
    outer loop
      vertex 4.40839 7.31763 -5
      vertex 3.87433 2.24476 -5
      vertex 3.92915 1.99953 -5
    endloop
  endfacet
  facet normal 0 0 1
    outer loop
      vertex 4.40839 7.31763 -5
      vertex 3.80423 2.48607 -5
      vertex 3.87433 2.24476 -5
    endloop
  endfacet
  facet normal 0 0 1
    outer loop
      vertex 4.40839 7.31763 -5
      vertex 3.71911 2.7225 -5
      vertex 3.80423 2.48607 -5
    endloop
  endfacet
  facet normal 0 0 1
    outer loop
      vertex 4.40839 7.31763 -5
      vertex 3.61931 2.95312 -5
      vertex 3.71911 2.7225 -5
    endloop
  endfacet
  facet normal 0 0 1
    outer loop
      vertex 2.14331 4.62731 -5
      vertex 4.0187 7.58246 -5
      vertex 3.61315 7.8223 -5
    endloop
  endfacet
  facet normal 0 0 1
    outer loop
      vertex 4.40839 7.31763 -5
      vertex 3.50523 3.17701 -5
      vertex 3.61931 2.95312 -5
    endloop
  endfacet
  facet normal 0 0 1
    outer loop
      vertex 4.40839 7.31763 -5
      vertex 3.37731 3.39331 -5
      vertex 3.50523 3.17701 -5
    endloop
  endfacet
  facet normal 0 0 1
    outer loop
      vertex 4.40839 7.31763 -5
      vertex 3.23607 3.60114 -5
      vertex 3.37731 3.39331 -5
    endloop
  endfacet
  facet normal 0 0 1
    outer loop
      vertex 1.92701 4.75523 -5
      vertex 3.61315 7.8223 -5
      vertex 3.19334 8.0362 -5
    endloop
  endfacet
  facet normal 0 0 1
    outer loop
      vertex 4.40839 7.31763 -5
      vertex 3.08205 3.7997 -5
      vertex 3.23607 3.60114 -5
    endloop
  endfacet
  facet normal 0 0 1
    outer loop
      vertex 4.40839 7.31763 -5
      vertex 2.91587 3.98819 -5
      vertex 3.08205 3.7997 -5
    endloop
  endfacet
  facet normal 0 0 1
    outer loop
      vertex 1.70312 4.86931 -5
      vertex 3.19334 8.0362 -5
      vertex 2.76093 8.22332 -5
    endloop
  endfacet
  facet normal 0 0 1
    outer loop
      vertex 4.40839 7.31763 -5
      vertex 2.73819 4.16587 -5
      vertex 2.91587 3.98819 -5
    endloop
  endfacet
  facet normal 0 0 1
    outer loop
      vertex 4.40839 7.31763 -5
      vertex 2.5497 4.33205 -5
      vertex 2.73819 4.16587 -5
    endloop
  endfacet
  facet normal 0 0 1
    outer loop
      vertex 4.40839 7.31763 -5
      vertex 2.35114 4.48607 -5
      vertex 2.5497 4.33205 -5
    endloop
  endfacet
  facet normal 0 0 1
    outer loop
      vertex 1.4725 4.96911 -5
      vertex 2.76093 8.22332 -5
      vertex 2.31763 8.38292 -5
    endloop
  endfacet
  facet normal 0 0 1
    outer loop
      vertex 4.0187 7.58246 -5
      vertex 2.14331 4.62731 -5
      vertex 2.35114 4.48607 -5
    endloop
  endfacet
  facet normal 0 0 1
    outer loop
      vertex 3.61315 7.8223 -5
      vertex 1.92701 4.75523 -5
      vertex 2.14331 4.62731 -5
    endloop
  endfacet
  facet normal 0 0 1
    outer loop
      vertex 1.23607 5.05423 -5
      vertex 2.31763 8.38292 -5
      vertex 1.86517 8.51437 -5
    endloop
  endfacet
  facet normal 0 0 1
    outer loop
      vertex 3.19334 8.0362 -5
      vertex 1.70312 4.86931 -5
      vertex 1.92701 4.75523 -5
    endloop
  endfacet
  facet normal 0 0 1
    outer loop
      vertex 2.76093 8.22332 -5
      vertex 1.4725 4.96911 -5
      vertex 1.70312 4.86931 -5
    endloop
  endfacet
  facet normal 0 0 1
    outer loop
      vertex 0.994759 5.12433 -5
      vertex 1.86517 8.51437 -5
      vertex 1.40536 8.61715 -5
    endloop
  endfacet
  facet normal 0 0 1
    outer loop
      vertex 2.31763 8.38292 -5
      vertex 1.23607 5.05423 -5
      vertex 1.4725 4.96911 -5
    endloop
  endfacet
  facet normal 0 0 1
    outer loop
      vertex 1.86517 8.51437 -5
      vertex 0.994759 5.12433 -5
      vertex 1.23607 5.05423 -5
    endloop
  endfacet
  facet normal 0 0 1
    outer loop
      vertex 0.749525 5.17915 -5
      vertex 1.40536 8.61715 -5
      vertex 0.939999 8.69086 -5
    endloop
  endfacet
  facet normal 0 0 1
    outer loop
      vertex 1.40536 8.61715 -5
      vertex 0.749525 5.17915 -5
      vertex 0.994759 5.12433 -5
    endloop
  endfacet
  facet normal 0 0 1
    outer loop
      vertex 0.939999 8.69086 -5
      vertex 0.501332 5.21846 -5
      vertex 0.749525 5.17915 -5
    endloop
  endfacet
  facet normal 0 0 1
    outer loop
      vertex 0.470928 8.7352 -5
      vertex 0.501332 5.21846 -5
      vertex 0.939999 8.69086 -5
    endloop
  endfacet
  facet normal 0 0 1
    outer loop
      vertex 0.470928 8.7352 -5
      vertex 0.251162 5.24211 -5
      vertex 0.501332 5.21846 -5
    endloop
  endfacet
  facet normal 0 0 1
    outer loop
      vertex 0 8.75 -5
      vertex 0.251162 5.24211 -5
      vertex 0.470928 8.7352 -5
    endloop
  endfacet
  facet normal 0 0 1
    outer loop
      vertex 0 8.75 -5
      vertex 0 5.25 -5
      vertex 0.251162 5.24211 -5
    endloop
  endfacet
  facet normal 0 0 1
    outer loop
      vertex 0 8.75 -5
      vertex -0.251163 5.24211 -5
      vertex 0 5.25 -5
    endloop
  endfacet
  facet normal -0 0 1
    outer loop
      vertex -0.470929 8.7352 -5
      vertex -0.251163 5.24211 -5
      vertex 0 8.75 -5
    endloop
  endfacet
  facet normal 0 0 1
    outer loop
      vertex -0.470929 8.7352 -5
      vertex -0.501333 5.21846 -5
      vertex -0.251163 5.24211 -5
    endloop
  endfacet
  facet normal -0 0 1
    outer loop
      vertex -0.94 8.69086 -5
      vertex -0.501333 5.21846 -5
      vertex -0.470929 8.7352 -5
    endloop
  endfacet
  facet normal 0 0 1
    outer loop
      vertex -0.501333 5.21846 -5
      vertex -0.94 8.69086 -5
      vertex -0.749526 5.17915 -5
    endloop
  endfacet
  facet normal -0 0 1
    outer loop
      vertex -1.40536 8.61715 -5
      vertex -0.749526 5.17915 -5
      vertex -0.94 8.69086 -5
    endloop
  endfacet
  facet normal 0 0 1
    outer loop
      vertex -0.749526 5.17915 -5
      vertex -1.40536 8.61715 -5
      vertex -0.99476 5.12433 -5
    endloop
  endfacet
  facet normal -0 0 1
    outer loop
      vertex -1.86517 8.51437 -5
      vertex -0.99476 5.12433 -5
      vertex -1.40536 8.61715 -5
    endloop
  endfacet
  facet normal 0 0 1
    outer loop
      vertex -0.99476 5.12433 -5
      vertex -1.86517 8.51437 -5
      vertex -1.23607 5.05423 -5
    endloop
  endfacet
  facet normal -0 0 1
    outer loop
      vertex -2.31763 8.38292 -5
      vertex -1.23607 5.05423 -5
      vertex -1.86517 8.51437 -5
    endloop
  endfacet
  facet normal 0 0 1
    outer loop
      vertex -1.23607 5.05423 -5
      vertex -2.31763 8.38292 -5
      vertex -1.4725 4.96911 -5
    endloop
  endfacet
  facet normal -0 0 1
    outer loop
      vertex -2.76093 8.22332 -5
      vertex -1.4725 4.96911 -5
      vertex -2.31763 8.38292 -5
    endloop
  endfacet
  facet normal 0 0 1
    outer loop
      vertex -1.4725 4.96911 -5
      vertex -2.76093 8.22332 -5
      vertex -1.70312 4.86931 -5
    endloop
  endfacet
  facet normal -0 0 1
    outer loop
      vertex -3.19334 8.0362 -5
      vertex -1.70312 4.86931 -5
      vertex -2.76093 8.22332 -5
    endloop
  endfacet
  facet normal 0 0 1
    outer loop
      vertex -1.70312 4.86931 -5
      vertex -3.19334 8.0362 -5
      vertex -1.92702 4.75523 -5
    endloop
  endfacet
  facet normal -0 0 1
    outer loop
      vertex -3.61315 7.8223 -5
      vertex -1.92702 4.75523 -5
      vertex -3.19334 8.0362 -5
    endloop
  endfacet
  facet normal 0 0 1
    outer loop
      vertex -1.92702 4.75523 -5
      vertex -3.61315 7.8223 -5
      vertex -2.14331 4.62731 -5
    endloop
  endfacet
  facet normal -0 0 1
    outer loop
      vertex -4.0187 7.58246 -5
      vertex -2.14331 4.62731 -5
      vertex -3.61315 7.8223 -5
    endloop
  endfacet
  facet normal 0 0 1
    outer loop
      vertex -2.14331 4.62731 -5
      vertex -4.0187 7.58246 -5
      vertex -2.35114 4.48607 -5
    endloop
  endfacet
  facet normal -0 0 1
    outer loop
      vertex -4.40839 7.31763 -5
      vertex -2.35114 4.48607 -5
      vertex -4.0187 7.58246 -5
    endloop
  endfacet
  facet normal 0 0 1
    outer loop
      vertex -2.35114 4.48607 -5
      vertex -4.40839 7.31763 -5
      vertex -2.5497 4.33205 -5
    endloop
  endfacet
  facet normal -0 0 1
    outer loop
      vertex -4.78068 7.02885 -5
      vertex -2.5497 4.33205 -5
      vertex -4.40839 7.31763 -5
    endloop
  endfacet
  facet normal 0 0 1
    outer loop
      vertex -2.5497 4.33205 -5
      vertex -4.78068 7.02885 -5
      vertex -2.73819 4.16587 -5
    endloop
  endfacet
  facet normal -0 0 1
    outer loop
      vertex -5.1341 6.71726 -5
      vertex -2.73819 4.16587 -5
      vertex -4.78068 7.02885 -5
    endloop
  endfacet
  facet normal 0 0 1
    outer loop
      vertex -2.73819 4.16587 -5
      vertex -5.1341 6.71726 -5
      vertex -2.91587 3.98819 -5
    endloop
  endfacet
  facet normal -0 0 1
    outer loop
      vertex -5.46726 6.3841 -5
      vertex -2.91587 3.98819 -5
      vertex -5.1341 6.71726 -5
    endloop
  endfacet
  facet normal 0 0 1
    outer loop
      vertex -2.91587 3.98819 -5
      vertex -5.46726 6.3841 -5
      vertex -3.08205 3.7997 -5
    endloop
  endfacet
  facet normal -0 0 1
    outer loop
      vertex -5.77885 6.03068 -5
      vertex -3.08205 3.7997 -5
      vertex -5.46726 6.3841 -5
    endloop
  endfacet
  facet normal 0 0 1
    outer loop
      vertex -3.08205 3.7997 -5
      vertex -5.77885 6.03068 -5
      vertex -3.23607 3.60114 -5
    endloop
  endfacet
  facet normal -0 0 1
    outer loop
      vertex -6.06763 5.65839 -5
      vertex -3.23607 3.60114 -5
      vertex -5.77885 6.03068 -5
    endloop
  endfacet
  facet normal 0 0 1
    outer loop
      vertex -3.23607 3.60114 -5
      vertex -6.06763 5.65839 -5
      vertex -3.37731 3.39331 -5
    endloop
  endfacet
  facet normal -0 0 1
    outer loop
      vertex -6.33246 5.2687 -5
      vertex -3.37731 3.39331 -5
      vertex -6.06763 5.65839 -5
    endloop
  endfacet
  facet normal -0 0 1
    outer loop
      vertex -6.5723 4.86315 -5
      vertex -3.50523 3.17701 -5
      vertex -6.33246 5.2687 -5
    endloop
  endfacet
  facet normal 0 0 1
    outer loop
      vertex -3.37731 3.39331 -5
      vertex -6.33246 5.2687 -5
      vertex -3.50523 3.17701 -5
    endloop
  endfacet
  facet normal 0 0 1
    outer loop
      vertex 4 1.25 -5
      vertex 7.5 1.25 -5
      vertex 7.4852 1.72093 -5
    endloop
  endfacet
  facet normal 0 0 1
    outer loop
      vertex 3.99211 1.50116 -5
      vertex 7.4852 1.72093 -5
      vertex 7.44086 2.19 -5
    endloop
  endfacet
  facet normal 0 0 1
    outer loop
      vertex 3.99211 1.50116 -5
      vertex 7.44086 2.19 -5
      vertex 7.36715 2.65536 -5
    endloop
  endfacet
  facet normal 0 0 1
    outer loop
      vertex 3.99211 1.50116 -5
      vertex 7.36715 2.65536 -5
      vertex 7.26437 3.11517 -5
    endloop
  endfacet
  facet normal 0 0 1
    outer loop
      vertex 3.99211 1.50116 -5
      vertex 7.26437 3.11517 -5
      vertex 7.13292 3.56763 -5
    endloop
  endfacet
  facet normal 0 0 1
    outer loop
      vertex 3.99211 1.50116 -5
      vertex 7.13292 3.56763 -5
      vertex 6.97332 4.01093 -5
    endloop
  endfacet
  facet normal 0 0 1
    outer loop
      vertex 3.99211 1.50116 -5
      vertex 6.97332 4.01093 -5
      vertex 6.7862 4.44334 -5
    endloop
  endfacet
  facet normal 0 0 1
    outer loop
      vertex 3.99211 1.50116 -5
      vertex 6.7862 4.44334 -5
      vertex 6.5723 4.86315 -5
    endloop
  endfacet
  facet normal 0 0 1
    outer loop
      vertex 3.99211 1.50116 -5
      vertex 6.5723 4.86315 -5
      vertex 6.33246 5.2687 -5
    endloop
  endfacet
  facet normal 0 0 1
    outer loop
      vertex 3.99211 1.50116 -5
      vertex 6.33246 5.2687 -5
      vertex 6.06763 5.65839 -5
    endloop
  endfacet
  facet normal 0 0 1
    outer loop
      vertex 3.99211 1.50116 -5
      vertex 6.06763 5.65839 -5
      vertex 5.77885 6.03068 -5
    endloop
  endfacet
  facet normal 0 0 1
    outer loop
      vertex 3.99211 1.50116 -5
      vertex 5.77885 6.03068 -5
      vertex 5.46726 6.3841 -5
    endloop
  endfacet
  facet normal 0 0 1
    outer loop
      vertex 3.99211 1.50116 -5
      vertex 5.46726 6.3841 -5
      vertex 5.1341 6.71726 -5
    endloop
  endfacet
  facet normal 0 0 1
    outer loop
      vertex 3.99211 1.50116 -5
      vertex 5.1341 6.71726 -5
      vertex 4.78068 7.02885 -5
    endloop
  endfacet
  facet normal 0 0 1
    outer loop
      vertex 3.99211 1.50116 -5
      vertex 4.78068 7.02885 -5
      vertex 4.40839 7.31763 -5
    endloop
  endfacet
  facet normal 0 0 1
    outer loop
      vertex 2.35114 4.48607 -5
      vertex 4.40839 7.31763 -5
      vertex 4.0187 7.58246 -5
    endloop
  endfacet
  facet normal 0 0 1
    outer loop
      vertex 7.5 1.25 -5
      vertex 4 1.25 -5
      vertex 3.99211 0.998837 -5
    endloop
  endfacet
  facet normal 0 0 1
    outer loop
      vertex 7.5 1.25 -5
      vertex 3.99211 0.998837 -5
      vertex 3.96846 0.748667 -5
    endloop
  endfacet
  facet normal 0 0 1
    outer loop
      vertex 7.5 1.25 -5
      vertex 3.96846 0.748667 -5
      vertex 3.92915 0.500474 -5
    endloop
  endfacet
  facet normal 0 0 1
    outer loop
      vertex 7.5 1.25 -5
      vertex 3.92915 0.500474 -5
      vertex 3.87433 0.25524 -5
    endloop
  endfacet
  facet normal 0 0 1
    outer loop
      vertex 7.5 1.25 -5
      vertex 3.87433 0.25524 -5
      vertex 3.80423 0.0139313 -5
    endloop
  endfacet
  facet normal 0 0 1
    outer loop
      vertex 3.71911 -0.222499 -5
      vertex 7.5 1.25 -5
      vertex 3.80423 0.0139313 -5
    endloop
  endfacet
  facet normal 0 0 1
    outer loop
      vertex 7.5 1.25 -5
      vertex 3.71911 -0.222499 -5
      vertex 7.5 -3.75 -5
    endloop
  endfacet
  facet normal -0 0 1
    outer loop
      vertex 3.61931 -0.453117 -5
      vertex 7.5 -3.75 -5
      vertex 3.71911 -0.222499 -5
    endloop
  endfacet
  facet normal -0 0 1
    outer loop
      vertex 3.50523 -0.677015 -5
      vertex 7.5 -3.75 -5
      vertex 3.61931 -0.453117 -5
    endloop
  endfacet
  facet normal -0 0 1
    outer loop
      vertex 3.37731 -0.893308 -5
      vertex 7.5 -3.75 -5
      vertex 3.50523 -0.677015 -5
    endloop
  endfacet
  facet normal -0 0 1
    outer loop
      vertex 3.23607 -1.10114 -5
      vertex 7.5 -3.75 -5
      vertex 3.37731 -0.893308 -5
    endloop
  endfacet
  facet normal -0 0 1
    outer loop
      vertex 3.08205 -1.2997 -5
      vertex 7.5 -3.75 -5
      vertex 3.23607 -1.10114 -5
    endloop
  endfacet
  facet normal -0 0 1
    outer loop
      vertex 2.91587 -1.48819 -5
      vertex 7.5 -3.75 -5
      vertex 3.08205 -1.2997 -5
    endloop
  endfacet
  facet normal -0 0 1
    outer loop
      vertex 2.73819 -1.66588 -5
      vertex 7.5 -3.75 -5
      vertex 2.91587 -1.48819 -5
    endloop
  endfacet
  facet normal -0 0 1
    outer loop
      vertex 2.5497 -1.83205 -5
      vertex 7.5 -3.75 -5
      vertex 2.73819 -1.66588 -5
    endloop
  endfacet
  facet normal -0 0 1
    outer loop
      vertex 2.35114 -1.98607 -5
      vertex 7.5 -3.75 -5
      vertex 2.5497 -1.83205 -5
    endloop
  endfacet
  facet normal -0 0 1
    outer loop
      vertex 2.14331 -2.12731 -5
      vertex 7.5 -3.75 -5
      vertex 2.35114 -1.98607 -5
    endloop
  endfacet
  facet normal -0 0 1
    outer loop
      vertex 1.92701 -2.25523 -5
      vertex 7.5 -3.75 -5
      vertex 2.14331 -2.12731 -5
    endloop
  endfacet
  facet normal -0 0 1
    outer loop
      vertex 1.70312 -2.36931 -5
      vertex 7.5 -3.75 -5
      vertex 1.92701 -2.25523 -5
    endloop
  endfacet
  facet normal -0 0 1
    outer loop
      vertex 1.4725 -2.46911 -5
      vertex 7.5 -3.75 -5
      vertex 1.70312 -2.36931 -5
    endloop
  endfacet
  facet normal -0 0 1
    outer loop
      vertex 1.23607 -2.55423 -5
      vertex 7.5 -3.75 -5
      vertex 1.4725 -2.46911 -5
    endloop
  endfacet
  facet normal -0 0 1
    outer loop
      vertex 0.994759 -2.62433 -5
      vertex 7.5 -3.75 -5
      vertex 1.23607 -2.55423 -5
    endloop
  endfacet
  facet normal -0 0 1
    outer loop
      vertex 0.749525 -2.67915 -5
      vertex 7.5 -3.75 -5
      vertex 0.994759 -2.62433 -5
    endloop
  endfacet
  facet normal -0 0 1
    outer loop
      vertex 0.501332 -2.71846 -5
      vertex 7.5 -3.75 -5
      vertex 0.749525 -2.67915 -5
    endloop
  endfacet
  facet normal -0 0 1
    outer loop
      vertex 0.251162 -2.74211 -5
      vertex 7.5 -3.75 -5
      vertex 0.501332 -2.71846 -5
    endloop
  endfacet
  facet normal -0 0 1
    outer loop
      vertex 0 -2.75 -5
      vertex 7.5 -3.75 -5
      vertex 0.251162 -2.74211 -5
    endloop
  endfacet
  facet normal 0 0 1
    outer loop
      vertex -7.5 -3.75 -5
      vertex 0 -2.75 -5
      vertex -0.251163 -2.74211 -5
    endloop
  endfacet
  facet normal 0 0 1
    outer loop
      vertex -7.5 -3.75 -5
      vertex -0.251163 -2.74211 -5
      vertex -0.501333 -2.71846 -5
    endloop
  endfacet
  facet normal 0 0 1
    outer loop
      vertex -3.50523 3.17701 -5
      vertex -6.5723 4.86315 -5
      vertex -3.61931 2.95312 -5
    endloop
  endfacet
  facet normal -0 0 1
    outer loop
      vertex -6.7862 4.44334 -5
      vertex -3.61931 2.95312 -5
      vertex -6.5723 4.86315 -5
    endloop
  endfacet
  facet normal 0 0 1
    outer loop
      vertex -3.61931 2.95312 -5
      vertex -6.7862 4.44334 -5
      vertex -3.71911 2.7225 -5
    endloop
  endfacet
  facet normal -0 0 1
    outer loop
      vertex -6.97332 4.01093 -5
      vertex -3.71911 2.7225 -5
      vertex -6.7862 4.44334 -5
    endloop
  endfacet
  facet normal 0 0 1
    outer loop
      vertex -3.71911 2.7225 -5
      vertex -6.97332 4.01093 -5
      vertex -3.80423 2.48607 -5
    endloop
  endfacet
  facet normal -0 0 1
    outer loop
      vertex -7.13292 3.56763 -5
      vertex -3.80423 2.48607 -5
      vertex -6.97332 4.01093 -5
    endloop
  endfacet
  facet normal 0 0 1
    outer loop
      vertex -3.80423 2.48607 -5
      vertex -7.13292 3.56763 -5
      vertex -3.87433 2.24476 -5
    endloop
  endfacet
  facet normal -0 0 1
    outer loop
      vertex -7.26437 3.11517 -5
      vertex -3.87433 2.24476 -5
      vertex -7.13292 3.56763 -5
    endloop
  endfacet
  facet normal 0 0 1
    outer loop
      vertex -3.87433 2.24476 -5
      vertex -7.26437 3.11517 -5
      vertex -3.92915 1.99953 -5
    endloop
  endfacet
  facet normal -0 0 1
    outer loop
      vertex -7.36715 2.65536 -5
      vertex -3.92915 1.99953 -5
      vertex -7.26437 3.11517 -5
    endloop
  endfacet
  facet normal 0 0 1
    outer loop
      vertex -3.92915 1.99953 -5
      vertex -7.36715 2.65536 -5
      vertex -3.96846 1.75133 -5
    endloop
  endfacet
  facet normal -0 0 1
    outer loop
      vertex -7.44086 2.19 -5
      vertex -3.96846 1.75133 -5
      vertex -7.36715 2.65536 -5
    endloop
  endfacet
  facet normal 0 0 1
    outer loop
      vertex -3.96846 1.75133 -5
      vertex -7.44086 2.19 -5
      vertex -3.99211 1.50116 -5
    endloop
  endfacet
  facet normal -0 0 1
    outer loop
      vertex -7.4852 1.72093 -5
      vertex -3.99211 1.50116 -5
      vertex -7.44086 2.19 -5
    endloop
  endfacet
  facet normal 0 0 1
    outer loop
      vertex -3.99211 1.50116 -5
      vertex -7.4852 1.72093 -5
      vertex -4 1.25 -5
    endloop
  endfacet
  facet normal 0 0 1
    outer loop
      vertex -7.5 1.25 -5
      vertex -4 1.25 -5
      vertex -7.4852 1.72093 -5
    endloop
  endfacet
  facet normal 0 0 1
    outer loop
      vertex -4 1.25 -5
      vertex -7.5 1.25 -5
      vertex -3.99211 0.998837 -5
    endloop
  endfacet
  facet normal 0 0 1
    outer loop
      vertex -3.99211 0.998837 -5
      vertex -7.5 1.25 -5
      vertex -3.96846 0.748667 -5
    endloop
  endfacet
  facet normal 0 0 1
    outer loop
      vertex -3.96846 0.748667 -5
      vertex -7.5 1.25 -5
      vertex -3.92915 0.500474 -5
    endloop
  endfacet
  facet normal 0 0 1
    outer loop
      vertex -3.92915 0.500474 -5
      vertex -7.5 1.25 -5
      vertex -3.87433 0.25524 -5
    endloop
  endfacet
  facet normal 0 0 1
    outer loop
      vertex -3.87433 0.25524 -5
      vertex -7.5 1.25 -5
      vertex -3.80423 0.0139313 -5
    endloop
  endfacet
  facet normal 0 0 1
    outer loop
      vertex -3.80423 0.0139313 -5
      vertex -7.5 1.25 -5
      vertex -3.71911 -0.222499 -5
    endloop
  endfacet
  facet normal 0 0 1
    outer loop
      vertex -7.5 -3.75 -5
      vertex -3.71911 -0.222499 -5
      vertex -7.5 1.25 -5
    endloop
  endfacet
  facet normal 0 0 1
    outer loop
      vertex -3.71911 -0.222499 -5
      vertex -7.5 -3.75 -5
      vertex -3.61931 -0.453117 -5
    endloop
  endfacet
  facet normal 0 0 1
    outer loop
      vertex -3.61931 -0.453117 -5
      vertex -7.5 -3.75 -5
      vertex -3.50523 -0.677015 -5
    endloop
  endfacet
  facet normal 0 0 1
    outer loop
      vertex -3.50523 -0.677015 -5
      vertex -7.5 -3.75 -5
      vertex -3.37731 -0.893308 -5
    endloop
  endfacet
  facet normal 0 0 1
    outer loop
      vertex -3.37731 -0.893308 -5
      vertex -7.5 -3.75 -5
      vertex -3.23607 -1.10114 -5
    endloop
  endfacet
  facet normal 0 0 1
    outer loop
      vertex -3.23607 -1.10114 -5
      vertex -7.5 -3.75 -5
      vertex -3.08205 -1.2997 -5
    endloop
  endfacet
  facet normal 0 0 1
    outer loop
      vertex -3.08205 -1.2997 -5
      vertex -7.5 -3.75 -5
      vertex -2.91587 -1.48819 -5
    endloop
  endfacet
  facet normal 0 0 1
    outer loop
      vertex -2.91587 -1.48819 -5
      vertex -7.5 -3.75 -5
      vertex -2.73819 -1.66588 -5
    endloop
  endfacet
  facet normal 0 0 1
    outer loop
      vertex -2.73819 -1.66588 -5
      vertex -7.5 -3.75 -5
      vertex -2.5497 -1.83205 -5
    endloop
  endfacet
  facet normal 0 0 1
    outer loop
      vertex -2.5497 -1.83205 -5
      vertex -7.5 -3.75 -5
      vertex -2.35114 -1.98607 -5
    endloop
  endfacet
  facet normal 0 0 1
    outer loop
      vertex 0 -2.75 -5
      vertex -7.5 -3.75 -5
      vertex 7.5 -3.75 -5
    endloop
  endfacet
  facet normal 0 0 1
    outer loop
      vertex -0.749526 -2.67915 -5
      vertex -7.5 -3.75 -5
      vertex -0.501333 -2.71846 -5
    endloop
  endfacet
  facet normal 0 0 1
    outer loop
      vertex -0.99476 -2.62433 -5
      vertex -7.5 -3.75 -5
      vertex -0.749526 -2.67915 -5
    endloop
  endfacet
  facet normal 0 0 1
    outer loop
      vertex -1.23607 -2.55423 -5
      vertex -7.5 -3.75 -5
      vertex -0.99476 -2.62433 -5
    endloop
  endfacet
  facet normal 0 0 1
    outer loop
      vertex -1.4725 -2.46911 -5
      vertex -7.5 -3.75 -5
      vertex -1.23607 -2.55423 -5
    endloop
  endfacet
  facet normal 0 0 1
    outer loop
      vertex -1.70312 -2.36931 -5
      vertex -7.5 -3.75 -5
      vertex -1.4725 -2.46911 -5
    endloop
  endfacet
  facet normal 0 0 1
    outer loop
      vertex -1.92702 -2.25523 -5
      vertex -7.5 -3.75 -5
      vertex -1.70312 -2.36931 -5
    endloop
  endfacet
  facet normal 0 0 1
    outer loop
      vertex -2.14331 -2.12731 -5
      vertex -7.5 -3.75 -5
      vertex -1.92702 -2.25523 -5
    endloop
  endfacet
  facet normal 0 0 1
    outer loop
      vertex -2.35114 -1.98607 -5
      vertex -7.5 -3.75 -5
      vertex -2.14331 -2.12731 -5
    endloop
  endfacet
  facet normal 0 0 -1
    outer loop
      vertex 3.37731 -0.893308 -10
      vertex 7.5 1.25 -10
      vertex 7.5 -8.75 -10
    endloop
  endfacet
  facet normal 0 -0 -1
    outer loop
      vertex 3.50523 -0.677015 -10
      vertex 7.5 1.25 -10
      vertex 3.37731 -0.893308 -10
    endloop
  endfacet
  facet normal 0 -0 -1
    outer loop
      vertex 3.71911 -0.222499 -10
      vertex 7.5 1.25 -10
      vertex 3.61931 -0.453117 -10
    endloop
  endfacet
  facet normal 0 -0 -1
    outer loop
      vertex 3.87433 0.25524 -10
      vertex 7.5 1.25 -10
      vertex 3.80423 0.0139313 -10
    endloop
  endfacet
  facet normal 0 -0 -1
    outer loop
      vertex 3.96846 0.748667 -10
      vertex 7.5 1.25 -10
      vertex 3.92915 0.500474 -10
    endloop
  endfacet
  facet normal 0 -0 -1
    outer loop
      vertex 3.99211 0.998837 -10
      vertex 7.5 1.25 -10
      vertex 3.96846 0.748667 -10
    endloop
  endfacet
  facet normal 0 0 -1
    outer loop
      vertex 7.5 1.25 -10
      vertex 4 1.25 -10
      vertex 7.4852 1.72093 -10
    endloop
  endfacet
  facet normal -0 0 -1
    outer loop
      vertex 7.4852 1.72093 -10
      vertex 3.99211 1.50116 -10
      vertex 7.44086 2.19 -10
    endloop
  endfacet
  facet normal 0 0 -1
    outer loop
      vertex 3.96846 1.75133 -10
      vertex 7.44086 2.19 -10
      vertex 3.99211 1.50116 -10
    endloop
  endfacet
  facet normal 0 0 -1
    outer loop
      vertex 3.92915 1.99953 -10
      vertex 7.36715 2.65536 -10
      vertex 3.96846 1.75133 -10
    endloop
  endfacet
  facet normal 0 0 -1
    outer loop
      vertex 3.87433 2.24476 -10
      vertex 7.26437 3.11517 -10
      vertex 3.92915 1.99953 -10
    endloop
  endfacet
  facet normal 0 0 -1
    outer loop
      vertex 3.80423 2.48607 -10
      vertex 7.13292 3.56763 -10
      vertex 3.87433 2.24476 -10
    endloop
  endfacet
  facet normal -0 0 -1
    outer loop
      vertex 7.13292 3.56763 -10
      vertex 3.80423 2.48607 -10
      vertex 6.97332 4.01093 -10
    endloop
  endfacet
  facet normal -0 0 -1
    outer loop
      vertex 6.97332 4.01093 -10
      vertex 3.71911 2.7225 -10
      vertex 6.7862 4.44334 -10
    endloop
  endfacet
  facet normal -0 0 -1
    outer loop
      vertex 6.7862 4.44334 -10
      vertex 3.61931 2.95312 -10
      vertex 6.5723 4.86315 -10
    endloop
  endfacet
  facet normal 0 0 -1
    outer loop
      vertex 3.50523 3.17701 -10
      vertex 6.5723 4.86315 -10
      vertex 3.61931 2.95312 -10
    endloop
  endfacet
  facet normal 0 0 -1
    outer loop
      vertex 3.61931 2.95312 -10
      vertex 6.7862 4.44334 -10
      vertex 3.71911 2.7225 -10
    endloop
  endfacet
  facet normal 0 0 -1
    outer loop
      vertex 3.71911 2.7225 -10
      vertex 6.97332 4.01093 -10
      vertex 3.80423 2.48607 -10
    endloop
  endfacet
  facet normal -0 0 -1
    outer loop
      vertex 7.26437 3.11517 -10
      vertex 3.87433 2.24476 -10
      vertex 7.13292 3.56763 -10
    endloop
  endfacet
  facet normal -0 0 -1
    outer loop
      vertex 7.36715 2.65536 -10
      vertex 3.92915 1.99953 -10
      vertex 7.26437 3.11517 -10
    endloop
  endfacet
  facet normal -0 0 -1
    outer loop
      vertex 7.44086 2.19 -10
      vertex 3.96846 1.75133 -10
      vertex 7.36715 2.65536 -10
    endloop
  endfacet
  facet normal 0 0 -1
    outer loop
      vertex 3.99211 1.50116 -10
      vertex 7.4852 1.72093 -10
      vertex 4 1.25 -10
    endloop
  endfacet
  facet normal 0 -0 -1
    outer loop
      vertex 4 1.25 -10
      vertex 7.5 1.25 -10
      vertex 3.99211 0.998837 -10
    endloop
  endfacet
  facet normal 0 -0 -1
    outer loop
      vertex 3.92915 0.500474 -10
      vertex 7.5 1.25 -10
      vertex 3.87433 0.25524 -10
    endloop
  endfacet
  facet normal 0 -0 -1
    outer loop
      vertex 3.80423 0.0139313 -10
      vertex 7.5 1.25 -10
      vertex 3.71911 -0.222499 -10
    endloop
  endfacet
  facet normal 0 -0 -1
    outer loop
      vertex 3.61931 -0.453117 -10
      vertex 7.5 1.25 -10
      vertex 3.50523 -0.677015 -10
    endloop
  endfacet
  facet normal 0 0 -1
    outer loop
      vertex 7.5 -8.75 -10
      vertex 3.23607 -1.10114 -10
      vertex 3.37731 -0.893308 -10
    endloop
  endfacet
  facet normal 0 0 -1
    outer loop
      vertex 7.5 -8.75 -10
      vertex 3.08205 -1.2997 -10
      vertex 3.23607 -1.10114 -10
    endloop
  endfacet
  facet normal 0 0 -1
    outer loop
      vertex 7.5 -8.75 -10
      vertex 2.91587 -1.48819 -10
      vertex 3.08205 -1.2997 -10
    endloop
  endfacet
  facet normal 0 0 -1
    outer loop
      vertex 7.5 -8.75 -10
      vertex 2.73819 -1.66588 -10
      vertex 2.91587 -1.48819 -10
    endloop
  endfacet
  facet normal 0 0 -1
    outer loop
      vertex 7.5 -8.75 -10
      vertex 2.5497 -1.83205 -10
      vertex 2.73819 -1.66588 -10
    endloop
  endfacet
  facet normal 0 0 -1
    outer loop
      vertex 7.5 -8.75 -10
      vertex 2.35114 -1.98607 -10
      vertex 2.5497 -1.83205 -10
    endloop
  endfacet
  facet normal 0 0 -1
    outer loop
      vertex 7.5 -8.75 -10
      vertex 2.14331 -2.12731 -10
      vertex 2.35114 -1.98607 -10
    endloop
  endfacet
  facet normal 0 0 -1
    outer loop
      vertex 7.5 -8.75 -10
      vertex 1.92701 -2.25523 -10
      vertex 2.14331 -2.12731 -10
    endloop
  endfacet
  facet normal 0 0 -1
    outer loop
      vertex 7.5 -8.75 -10
      vertex 1.70312 -2.36931 -10
      vertex 1.92701 -2.25523 -10
    endloop
  endfacet
  facet normal 0 0 -1
    outer loop
      vertex 7.5 -8.75 -10
      vertex 1.4725 -2.46911 -10
      vertex 1.70312 -2.36931 -10
    endloop
  endfacet
  facet normal 0 0 -1
    outer loop
      vertex 7.5 -8.75 -10
      vertex 1.23607 -2.55423 -10
      vertex 1.4725 -2.46911 -10
    endloop
  endfacet
  facet normal 0 0 -1
    outer loop
      vertex 7.5 -8.75 -10
      vertex 0.994759 -2.62433 -10
      vertex 1.23607 -2.55423 -10
    endloop
  endfacet
  facet normal 0 0 -1
    outer loop
      vertex 7.5 -8.75 -10
      vertex 0.749525 -2.67915 -10
      vertex 0.994759 -2.62433 -10
    endloop
  endfacet
  facet normal 0 0 -1
    outer loop
      vertex 7.5 -8.75 -10
      vertex 0.501332 -2.71846 -10
      vertex 0.749525 -2.67915 -10
    endloop
  endfacet
  facet normal 0 0 -1
    outer loop
      vertex 7.5 -8.75 -10
      vertex 0.251162 -2.74211 -10
      vertex 0.501332 -2.71846 -10
    endloop
  endfacet
  facet normal 0 0 -1
    outer loop
      vertex 7.5 -8.75 -10
      vertex 0 -2.75 -10
      vertex 0.251162 -2.74211 -10
    endloop
  endfacet
  facet normal 0 0 -1
    outer loop
      vertex -7.5 -8.75 -10
      vertex 0 -2.75 -10
      vertex 7.5 -8.75 -10
    endloop
  endfacet
  facet normal -0 0 -1
    outer loop
      vertex 0 -2.75 -10
      vertex -7.5 -8.75 -10
      vertex -0.251163 -2.74211 -10
    endloop
  endfacet
  facet normal -0 0 -1
    outer loop
      vertex -0.251163 -2.74211 -10
      vertex -7.5 -8.75 -10
      vertex -0.501333 -2.71846 -10
    endloop
  endfacet
  facet normal -0 0 -1
    outer loop
      vertex -0.501333 -2.71846 -10
      vertex -7.5 -8.75 -10
      vertex -0.749526 -2.67915 -10
    endloop
  endfacet
  facet normal -0 0 -1
    outer loop
      vertex -0.749526 -2.67915 -10
      vertex -7.5 -8.75 -10
      vertex -0.99476 -2.62433 -10
    endloop
  endfacet
  facet normal -0 0 -1
    outer loop
      vertex -0.99476 -2.62433 -10
      vertex -7.5 -8.75 -10
      vertex -1.23607 -2.55423 -10
    endloop
  endfacet
  facet normal -0 0 -1
    outer loop
      vertex -1.23607 -2.55423 -10
      vertex -7.5 -8.75 -10
      vertex -1.4725 -2.46911 -10
    endloop
  endfacet
  facet normal -0 0 -1
    outer loop
      vertex -1.4725 -2.46911 -10
      vertex -7.5 -8.75 -10
      vertex -1.70312 -2.36931 -10
    endloop
  endfacet
  facet normal -0 0 -1
    outer loop
      vertex -1.70312 -2.36931 -10
      vertex -7.5 -8.75 -10
      vertex -1.92702 -2.25523 -10
    endloop
  endfacet
  facet normal -0 0 -1
    outer loop
      vertex -1.92702 -2.25523 -10
      vertex -7.5 -8.75 -10
      vertex -2.14331 -2.12731 -10
    endloop
  endfacet
  facet normal 0 0 -1
    outer loop
      vertex -2.35114 4.48607 -10
      vertex -4.40839 7.31763 -10
      vertex -4.0187 7.58246 -10
    endloop
  endfacet
  facet normal 0 0 -1
    outer loop
      vertex -7.5 1.25 -10
      vertex -4 1.25 -10
      vertex -3.99211 0.998837 -10
    endloop
  endfacet
  facet normal 0 0 -1
    outer loop
      vertex -3.99211 1.50116 -10
      vertex -4.78068 7.02885 -10
      vertex -4.40839 7.31763 -10
    endloop
  endfacet
  facet normal 0 0 -1
    outer loop
      vertex -7.5 1.25 -10
      vertex -3.99211 0.998837 -10
      vertex -3.96846 0.748667 -10
    endloop
  endfacet
  facet normal 0 0 -1
    outer loop
      vertex -3.99211 1.50116 -10
      vertex -5.1341 6.71726 -10
      vertex -4.78068 7.02885 -10
    endloop
  endfacet
  facet normal 0 0 -1
    outer loop
      vertex -7.5 1.25 -10
      vertex -3.96846 0.748667 -10
      vertex -3.92915 0.500474 -10
    endloop
  endfacet
  facet normal 0 0 -1
    outer loop
      vertex -3.99211 1.50116 -10
      vertex -5.46726 6.3841 -10
      vertex -5.1341 6.71726 -10
    endloop
  endfacet
  facet normal 0 0 -1
    outer loop
      vertex -7.5 1.25 -10
      vertex -3.92915 0.500474 -10
      vertex -3.87433 0.25524 -10
    endloop
  endfacet
  facet normal 0 0 -1
    outer loop
      vertex -3.99211 1.50116 -10
      vertex -5.77885 6.03068 -10
      vertex -5.46726 6.3841 -10
    endloop
  endfacet
  facet normal 0 0 -1
    outer loop
      vertex -7.5 1.25 -10
      vertex -3.87433 0.25524 -10
      vertex -3.80423 0.0139313 -10
    endloop
  endfacet
  facet normal 0 0 -1
    outer loop
      vertex -3.99211 1.50116 -10
      vertex -6.06763 5.65839 -10
      vertex -5.77885 6.03068 -10
    endloop
  endfacet
  facet normal 0 0 -1
    outer loop
      vertex -7.5 1.25 -10
      vertex -3.80423 0.0139313 -10
      vertex -3.71911 -0.222499 -10
    endloop
  endfacet
  facet normal 0 0 -1
    outer loop
      vertex -3.99211 1.50116 -10
      vertex -6.33246 5.2687 -10
      vertex -6.06763 5.65839 -10
    endloop
  endfacet
  facet normal 0 0 -1
    outer loop
      vertex -7.5 1.25 -10
      vertex -3.71911 -0.222499 -10
      vertex -3.61931 -0.453117 -10
    endloop
  endfacet
  facet normal 0 0 -1
    outer loop
      vertex -3.99211 1.50116 -10
      vertex -6.5723 4.86315 -10
      vertex -6.33246 5.2687 -10
    endloop
  endfacet
  facet normal 0 0 -1
    outer loop
      vertex -7.5 1.25 -10
      vertex -3.61931 -0.453117 -10
      vertex -3.50523 -0.677015 -10
    endloop
  endfacet
  facet normal 0 0 -1
    outer loop
      vertex -3.99211 1.50116 -10
      vertex -6.7862 4.44334 -10
      vertex -6.5723 4.86315 -10
    endloop
  endfacet
  facet normal 0 0 -1
    outer loop
      vertex -7.5 1.25 -10
      vertex -3.50523 -0.677015 -10
      vertex -3.37731 -0.893308 -10
    endloop
  endfacet
  facet normal 0 0 -1
    outer loop
      vertex -3.99211 1.50116 -10
      vertex -6.97332 4.01093 -10
      vertex -6.7862 4.44334 -10
    endloop
  endfacet
  facet normal 0 0 -1
    outer loop
      vertex -7.5 -8.75 -10
      vertex -3.37731 -0.893308 -10
      vertex -3.23607 -1.10114 -10
    endloop
  endfacet
  facet normal 0 0 -1
    outer loop
      vertex -3.99211 1.50116 -10
      vertex -7.13292 3.56763 -10
      vertex -6.97332 4.01093 -10
    endloop
  endfacet
  facet normal 0 0 -1
    outer loop
      vertex -7.5 -8.75 -10
      vertex -3.23607 -1.10114 -10
      vertex -3.08205 -1.2997 -10
    endloop
  endfacet
  facet normal 0 0 -1
    outer loop
      vertex -3.99211 1.50116 -10
      vertex -7.26437 3.11517 -10
      vertex -7.13292 3.56763 -10
    endloop
  endfacet
  facet normal 0 0 -1
    outer loop
      vertex -7.5 -8.75 -10
      vertex -3.08205 -1.2997 -10
      vertex -2.91587 -1.48819 -10
    endloop
  endfacet
  facet normal 0 0 -1
    outer loop
      vertex -3.99211 1.50116 -10
      vertex -7.36715 2.65536 -10
      vertex -7.26437 3.11517 -10
    endloop
  endfacet
  facet normal 0 0 -1
    outer loop
      vertex -7.5 -8.75 -10
      vertex -2.91587 -1.48819 -10
      vertex -2.73819 -1.66588 -10
    endloop
  endfacet
  facet normal 0 0 -1
    outer loop
      vertex -3.99211 1.50116 -10
      vertex -7.44086 2.19 -10
      vertex -7.36715 2.65536 -10
    endloop
  endfacet
  facet normal 0 0 -1
    outer loop
      vertex -7.5 -8.75 -10
      vertex -2.73819 -1.66588 -10
      vertex -2.5497 -1.83205 -10
    endloop
  endfacet
  facet normal 0 0 -1
    outer loop
      vertex -3.99211 1.50116 -10
      vertex -7.4852 1.72093 -10
      vertex -7.44086 2.19 -10
    endloop
  endfacet
  facet normal 0 0 -1
    outer loop
      vertex -7.5 -8.75 -10
      vertex -2.5497 -1.83205 -10
      vertex -2.35114 -1.98607 -10
    endloop
  endfacet
  facet normal -0 0 -1
    outer loop
      vertex -2.14331 -2.12731 -10
      vertex -7.5 -8.75 -10
      vertex -2.35114 -1.98607 -10
    endloop
  endfacet
  facet normal -0 0 -1
    outer loop
      vertex -3.37731 -0.893308 -10
      vertex -7.5 -8.75 -10
      vertex -7.5 1.25 -10
    endloop
  endfacet
  facet normal 0 0 -1
    outer loop
      vertex -4 1.25 -10
      vertex -7.5 1.25 -10
      vertex -7.4852 1.72093 -10
    endloop
  endfacet
  facet normal -0 0 -1
    outer loop
      vertex 6.5723 4.86315 -10
      vertex 3.50523 3.17701 -10
      vertex 6.33246 5.2687 -10
    endloop
  endfacet
  facet normal 0 0 -1
    outer loop
      vertex 3.37731 3.39331 -10
      vertex 6.33246 5.2687 -10
      vertex 3.50523 3.17701 -10
    endloop
  endfacet
  facet normal -0 0 -1
    outer loop
      vertex 6.33246 5.2687 -10
      vertex 3.37731 3.39331 -10
      vertex 6.06763 5.65839 -10
    endloop
  endfacet
  facet normal 0 0 -1
    outer loop
      vertex 3.23607 3.60114 -10
      vertex 6.06763 5.65839 -10
      vertex 3.37731 3.39331 -10
    endloop
  endfacet
  facet normal -0 0 -1
    outer loop
      vertex 6.06763 5.65839 -10
      vertex 3.23607 3.60114 -10
      vertex 5.77885 6.03068 -10
    endloop
  endfacet
  facet normal 0 0 -1
    outer loop
      vertex 3.08205 3.7997 -10
      vertex 5.77885 6.03068 -10
      vertex 3.23607 3.60114 -10
    endloop
  endfacet
  facet normal -0 0 -1
    outer loop
      vertex 5.77885 6.03068 -10
      vertex 3.08205 3.7997 -10
      vertex 5.46726 6.3841 -10
    endloop
  endfacet
  facet normal 0 0 -1
    outer loop
      vertex 2.91587 3.98819 -10
      vertex 5.46726 6.3841 -10
      vertex 3.08205 3.7997 -10
    endloop
  endfacet
  facet normal -0 0 -1
    outer loop
      vertex 5.46726 6.3841 -10
      vertex 2.91587 3.98819 -10
      vertex 5.1341 6.71726 -10
    endloop
  endfacet
  facet normal 0 0 -1
    outer loop
      vertex 2.73819 4.16587 -10
      vertex 5.1341 6.71726 -10
      vertex 2.91587 3.98819 -10
    endloop
  endfacet
  facet normal -0 0 -1
    outer loop
      vertex 5.1341 6.71726 -10
      vertex 2.73819 4.16587 -10
      vertex 4.78068 7.02885 -10
    endloop
  endfacet
  facet normal 0 0 -1
    outer loop
      vertex 2.5497 4.33205 -10
      vertex 4.78068 7.02885 -10
      vertex 2.73819 4.16587 -10
    endloop
  endfacet
  facet normal -0 0 -1
    outer loop
      vertex 4.78068 7.02885 -10
      vertex 2.5497 4.33205 -10
      vertex 4.40839 7.31763 -10
    endloop
  endfacet
  facet normal 0 0 -1
    outer loop
      vertex 2.35114 4.48607 -10
      vertex 4.40839 7.31763 -10
      vertex 2.5497 4.33205 -10
    endloop
  endfacet
  facet normal -0 0 -1
    outer loop
      vertex 4.40839 7.31763 -10
      vertex 2.35114 4.48607 -10
      vertex 4.0187 7.58246 -10
    endloop
  endfacet
  facet normal 0 0 -1
    outer loop
      vertex 2.14331 4.62731 -10
      vertex 4.0187 7.58246 -10
      vertex 2.35114 4.48607 -10
    endloop
  endfacet
  facet normal -0 0 -1
    outer loop
      vertex 4.0187 7.58246 -10
      vertex 2.14331 4.62731 -10
      vertex 3.61315 7.8223 -10
    endloop
  endfacet
  facet normal 0 0 -1
    outer loop
      vertex 1.92701 4.75523 -10
      vertex 3.61315 7.8223 -10
      vertex 2.14331 4.62731 -10
    endloop
  endfacet
  facet normal -0 0 -1
    outer loop
      vertex 3.61315 7.8223 -10
      vertex 1.92701 4.75523 -10
      vertex 3.19334 8.0362 -10
    endloop
  endfacet
  facet normal 0 0 -1
    outer loop
      vertex 1.70312 4.86931 -10
      vertex 3.19334 8.0362 -10
      vertex 1.92701 4.75523 -10
    endloop
  endfacet
  facet normal -0 0 -1
    outer loop
      vertex 3.19334 8.0362 -10
      vertex 1.70312 4.86931 -10
      vertex 2.76093 8.22332 -10
    endloop
  endfacet
  facet normal 0 0 -1
    outer loop
      vertex 1.4725 4.96911 -10
      vertex 2.76093 8.22332 -10
      vertex 1.70312 4.86931 -10
    endloop
  endfacet
  facet normal -0 0 -1
    outer loop
      vertex 2.76093 8.22332 -10
      vertex 1.4725 4.96911 -10
      vertex 2.31763 8.38292 -10
    endloop
  endfacet
  facet normal 0 0 -1
    outer loop
      vertex 1.23607 5.05423 -10
      vertex 2.31763 8.38292 -10
      vertex 1.4725 4.96911 -10
    endloop
  endfacet
  facet normal -0 0 -1
    outer loop
      vertex 2.31763 8.38292 -10
      vertex 1.23607 5.05423 -10
      vertex 1.86517 8.51437 -10
    endloop
  endfacet
  facet normal 0 0 -1
    outer loop
      vertex 0.994759 5.12433 -10
      vertex 1.86517 8.51437 -10
      vertex 1.23607 5.05423 -10
    endloop
  endfacet
  facet normal -0 0 -1
    outer loop
      vertex 1.86517 8.51437 -10
      vertex 0.994759 5.12433 -10
      vertex 1.40536 8.61715 -10
    endloop
  endfacet
  facet normal 0 0 -1
    outer loop
      vertex 0.749525 5.17915 -10
      vertex 1.40536 8.61715 -10
      vertex 0.994759 5.12433 -10
    endloop
  endfacet
  facet normal -0 0 -1
    outer loop
      vertex 1.40536 8.61715 -10
      vertex 0.749525 5.17915 -10
      vertex 0.939999 8.69086 -10
    endloop
  endfacet
  facet normal 0 0 -1
    outer loop
      vertex 0.501332 5.21846 -10
      vertex 0.939999 8.69086 -10
      vertex 0.749525 5.17915 -10
    endloop
  endfacet
  facet normal 0 0 -1
    outer loop
      vertex 0.501332 5.21846 -10
      vertex 0.470928 8.7352 -10
      vertex 0.939999 8.69086 -10
    endloop
  endfacet
  facet normal 0 0 -1
    outer loop
      vertex 0.251162 5.24211 -10
      vertex 0.470928 8.7352 -10
      vertex 0.501332 5.21846 -10
    endloop
  endfacet
  facet normal 0 0 -1
    outer loop
      vertex 0 5.25 -10
      vertex 0.470928 8.7352 -10
      vertex 0.251162 5.24211 -10
    endloop
  endfacet
  facet normal 0 0 -1
    outer loop
      vertex 0 5.25 -10
      vertex 0 8.75 -10
      vertex 0.470928 8.7352 -10
    endloop
  endfacet
  facet normal 0 0 -1
    outer loop
      vertex -0.251163 5.24211 -10
      vertex 0 8.75 -10
      vertex 0 5.25 -10
    endloop
  endfacet
  facet normal 0 0 -1
    outer loop
      vertex -0.251163 5.24211 -10
      vertex -0.470929 8.7352 -10
      vertex 0 8.75 -10
    endloop
  endfacet
  facet normal 0 0 -1
    outer loop
      vertex -0.501333 5.21846 -10
      vertex -0.470929 8.7352 -10
      vertex -0.251163 5.24211 -10
    endloop
  endfacet
  facet normal 0 0 -1
    outer loop
      vertex -0.94 8.69086 -10
      vertex -0.501333 5.21846 -10
      vertex -0.749526 5.17915 -10
    endloop
  endfacet
  facet normal 0 0 -1
    outer loop
      vertex -0.501333 5.21846 -10
      vertex -0.94 8.69086 -10
      vertex -0.470929 8.7352 -10
    endloop
  endfacet
  facet normal 0 0 -1
    outer loop
      vertex -1.40536 8.61715 -10
      vertex -0.749526 5.17915 -10
      vertex -0.99476 5.12433 -10
    endloop
  endfacet
  facet normal 0 0 -1
    outer loop
      vertex -1.86517 8.51437 -10
      vertex -0.99476 5.12433 -10
      vertex -1.23607 5.05423 -10
    endloop
  endfacet
  facet normal 0 0 -1
    outer loop
      vertex -0.749526 5.17915 -10
      vertex -1.40536 8.61715 -10
      vertex -0.94 8.69086 -10
    endloop
  endfacet
  facet normal 0 0 -1
    outer loop
      vertex -2.31763 8.38292 -10
      vertex -1.23607 5.05423 -10
      vertex -1.4725 4.96911 -10
    endloop
  endfacet
  facet normal 0 0 -1
    outer loop
      vertex -2.76093 8.22332 -10
      vertex -1.4725 4.96911 -10
      vertex -1.70312 4.86931 -10
    endloop
  endfacet
  facet normal 0 0 -1
    outer loop
      vertex -0.99476 5.12433 -10
      vertex -1.86517 8.51437 -10
      vertex -1.40536 8.61715 -10
    endloop
  endfacet
  facet normal 0 0 -1
    outer loop
      vertex -3.19334 8.0362 -10
      vertex -1.70312 4.86931 -10
      vertex -1.92702 4.75523 -10
    endloop
  endfacet
  facet normal 0 0 -1
    outer loop
      vertex -3.61315 7.8223 -10
      vertex -1.92702 4.75523 -10
      vertex -2.14331 4.62731 -10
    endloop
  endfacet
  facet normal 0 0 -1
    outer loop
      vertex -1.23607 5.05423 -10
      vertex -2.31763 8.38292 -10
      vertex -1.86517 8.51437 -10
    endloop
  endfacet
  facet normal 0 0 -1
    outer loop
      vertex -4.0187 7.58246 -10
      vertex -2.14331 4.62731 -10
      vertex -2.35114 4.48607 -10
    endloop
  endfacet
  facet normal 0 0 -1
    outer loop
      vertex -4.40839 7.31763 -10
      vertex -2.35114 4.48607 -10
      vertex -2.5497 4.33205 -10
    endloop
  endfacet
  facet normal 0 0 -1
    outer loop
      vertex -4.40839 7.31763 -10
      vertex -2.5497 4.33205 -10
      vertex -2.73819 4.16587 -10
    endloop
  endfacet
  facet normal 0 0 -1
    outer loop
      vertex -1.4725 4.96911 -10
      vertex -2.76093 8.22332 -10
      vertex -2.31763 8.38292 -10
    endloop
  endfacet
  facet normal 0 0 -1
    outer loop
      vertex -4.40839 7.31763 -10
      vertex -2.73819 4.16587 -10
      vertex -2.91587 3.98819 -10
    endloop
  endfacet
  facet normal 0 0 -1
    outer loop
      vertex -4.40839 7.31763 -10
      vertex -2.91587 3.98819 -10
      vertex -3.08205 3.7997 -10
    endloop
  endfacet
  facet normal 0 0 -1
    outer loop
      vertex -1.70312 4.86931 -10
      vertex -3.19334 8.0362 -10
      vertex -2.76093 8.22332 -10
    endloop
  endfacet
  facet normal 0 0 -1
    outer loop
      vertex -4.40839 7.31763 -10
      vertex -3.08205 3.7997 -10
      vertex -3.23607 3.60114 -10
    endloop
  endfacet
  facet normal 0 0 -1
    outer loop
      vertex -4.40839 7.31763 -10
      vertex -3.23607 3.60114 -10
      vertex -3.37731 3.39331 -10
    endloop
  endfacet
  facet normal 0 0 -1
    outer loop
      vertex -4.40839 7.31763 -10
      vertex -3.37731 3.39331 -10
      vertex -3.50523 3.17701 -10
    endloop
  endfacet
  facet normal 0 0 -1
    outer loop
      vertex -1.92702 4.75523 -10
      vertex -3.61315 7.8223 -10
      vertex -3.19334 8.0362 -10
    endloop
  endfacet
  facet normal 0 0 -1
    outer loop
      vertex -4.40839 7.31763 -10
      vertex -3.50523 3.17701 -10
      vertex -3.61931 2.95312 -10
    endloop
  endfacet
  facet normal 0 0 -1
    outer loop
      vertex -4.40839 7.31763 -10
      vertex -3.61931 2.95312 -10
      vertex -3.71911 2.7225 -10
    endloop
  endfacet
  facet normal 0 0 -1
    outer loop
      vertex -4.40839 7.31763 -10
      vertex -3.71911 2.7225 -10
      vertex -3.80423 2.48607 -10
    endloop
  endfacet
  facet normal 0 0 -1
    outer loop
      vertex -4.40839 7.31763 -10
      vertex -3.80423 2.48607 -10
      vertex -3.87433 2.24476 -10
    endloop
  endfacet
  facet normal 0 0 -1
    outer loop
      vertex -4.40839 7.31763 -10
      vertex -3.87433 2.24476 -10
      vertex -3.92915 1.99953 -10
    endloop
  endfacet
  facet normal 0 0 -1
    outer loop
      vertex -4.40839 7.31763 -10
      vertex -3.92915 1.99953 -10
      vertex -3.96846 1.75133 -10
    endloop
  endfacet
  facet normal 0 0 -1
    outer loop
      vertex -4.40839 7.31763 -10
      vertex -3.96846 1.75133 -10
      vertex -3.99211 1.50116 -10
    endloop
  endfacet
  facet normal 0 0 -1
    outer loop
      vertex -2.14331 4.62731 -10
      vertex -4.0187 7.58246 -10
      vertex -3.61315 7.8223 -10
    endloop
  endfacet
  facet normal 0 0 -1
    outer loop
      vertex -7.4852 1.72093 -10
      vertex -3.99211 1.50116 -10
      vertex -4 1.25 -10
    endloop
  endfacet
  facet normal -1 0 0
    outer loop
      vertex -7.5 1.25 -10
      vertex -7.5 -3.75 -5
      vertex -7.5 1.25 -5
    endloop
  endfacet
  facet normal -1 -0 0
    outer loop
      vertex -7.5 -3.75 -5
      vertex -7.5 -8.75 -10
      vertex -7.5 -3.75 5
    endloop
  endfacet
  facet normal -1 0 0
    outer loop
      vertex -7.5 -8.75 -10
      vertex -7.5 -3.75 -5
      vertex -7.5 1.25 -10
    endloop
  endfacet
  facet normal -1 0 0
    outer loop
      vertex -7.5 -3.75 5
      vertex -7.5 1.25 10
      vertex -7.5 1.25 5
    endloop
  endfacet
  facet normal -1 0 0
    outer loop
      vertex -7.5 -3.75 5
      vertex -7.5 -8.75 10
      vertex -7.5 1.25 10
    endloop
  endfacet
  facet normal -1 0 0
    outer loop
      vertex -7.5 -8.75 10
      vertex -7.5 -3.75 5
      vertex -7.5 -8.75 -10
    endloop
  endfacet
  facet normal 0 1 -0
    outer loop
      vertex 7.5 -3.75 -5
      vertex -7.5 -3.75 5
      vertex 7.5 -3.75 5
    endloop
  endfacet
  facet normal 0 1 0
    outer loop
      vertex -7.5 -3.75 5
      vertex 7.5 -3.75 -5
      vertex -7.5 -3.75 -5
    endloop
  endfacet
  facet normal 0.995562 0.094108 0
    outer loop
      vertex 7.4852 1.72093 -5
      vertex 7.44086 2.19 -10
      vertex 7.44086 2.19 -5
    endloop
  endfacet
  facet normal 0.995562 0.094108 0
    outer loop
      vertex 7.44086 2.19 -10
      vertex 7.4852 1.72093 -5
      vertex 7.4852 1.72093 -10
    endloop
  endfacet
  facet normal 0.999507 0.0314117 0
    outer loop
      vertex 7.5 1.25 -5
      vertex 7.4852 1.72093 -10
      vertex 7.4852 1.72093 -5
    endloop
  endfacet
  facet normal 0.999507 0.0314117 0
    outer loop
      vertex 7.4852 1.72093 -10
      vertex 7.5 1.25 -5
      vertex 7.5 1.25 -10
    endloop
  endfacet
  facet normal 0.987687 0.156443 0
    outer loop
      vertex 7.44086 2.19 -5
      vertex 7.36715 2.65536 -10
      vertex 7.36715 2.65536 -5
    endloop
  endfacet
  facet normal 0.987687 0.156443 0
    outer loop
      vertex 7.36715 2.65536 -10
      vertex 7.44086 2.19 -5
      vertex 7.44086 2.19 -10
    endloop
  endfacet
  facet normal 0.917755 0.397147 0
    outer loop
      vertex 6.97332 4.01093 -5
      vertex 6.7862 4.44334 -10
      vertex 6.7862 4.44334 -5
    endloop
  endfacet
  facet normal 0.917755 0.397147 0
    outer loop
      vertex 6.7862 4.44334 -10
      vertex 6.97332 4.01093 -5
      vertex 6.97332 4.01093 -10
    endloop
  endfacet
  facet normal -0.995562 0.094108 0
    outer loop
      vertex -7.4852 1.72093 -10
      vertex -7.44086 2.19 -5
      vertex -7.44086 2.19 -10
    endloop
  endfacet
  facet normal -0.995562 0.094108 0
    outer loop
      vertex -7.44086 2.19 -5
      vertex -7.4852 1.72093 -10
      vertex -7.4852 1.72093 -5
    endloop
  endfacet
  facet normal 0.0314118 0.999507 -0
    outer loop
      vertex 0.470928 8.7352 -10
      vertex 0 8.75 -5
      vertex 0.470928 8.7352 -5
    endloop
  endfacet
  facet normal 0.0314118 0.999507 0
    outer loop
      vertex 0 8.75 -5
      vertex 0.470928 8.7352 -10
      vertex 0 8.75 -10
    endloop
  endfacet
  facet normal -0.0941078 0.995562 0
    outer loop
      vertex -0.470929 8.7352 -10
      vertex -0.94 8.69086 -5
      vertex -0.470929 8.7352 -5
    endloop
  endfacet
  facet normal -0.0941078 0.995562 0
    outer loop
      vertex -0.94 8.69086 -5
      vertex -0.470929 8.7352 -10
      vertex -0.94 8.69086 -10
    endloop
  endfacet
  facet normal -0.750102 0.661322 0
    outer loop
      vertex -5.77885 6.03068 -10
      vertex -5.46726 6.3841 -5
      vertex -5.46726 6.3841 -10
    endloop
  endfacet
  facet normal -0.750102 0.661322 0
    outer loop
      vertex -5.46726 6.3841 -5
      vertex -5.77885 6.03068 -10
      vertex -5.77885 6.03068 -5
    endloop
  endfacet
  facet normal -0.453984 0.89101 0
    outer loop
      vertex -3.19334 8.0362 -10
      vertex -3.61315 7.8223 -5
      vertex -3.19334 8.0362 -5
    endloop
  endfacet
  facet normal -0.453984 0.89101 0
    outer loop
      vertex -3.61315 7.8223 -5
      vertex -3.19334 8.0362 -10
      vertex -3.61315 7.8223 -10
    endloop
  endfacet
  facet normal 0.827084 0.562079 0
    outer loop
      vertex 6.33246 5.2687 -5
      vertex 6.06763 5.65839 -10
      vertex 6.06763 5.65839 -5
    endloop
  endfacet
  facet normal 0.827084 0.562079 0
    outer loop
      vertex 6.06763 5.65839 -10
      vertex 6.33246 5.2687 -5
      vertex 6.33246 5.2687 -10
    endloop
  endfacet
  facet normal 0.661322 0.750102 -0
    outer loop
      vertex 5.1341 6.71726 -10
      vertex 4.78068 7.02885 -5
      vertex 5.1341 6.71726 -5
    endloop
  endfacet
  facet normal 0.661322 0.750102 0
    outer loop
      vertex 4.78068 7.02885 -5
      vertex 5.1341 6.71726 -10
      vertex 4.78068 7.02885 -10
    endloop
  endfacet
  facet normal 0.278988 0.960295 -0
    outer loop
      vertex 2.31763 8.38292 -10
      vertex 1.86517 8.51437 -5
      vertex 2.31763 8.38292 -5
    endloop
  endfacet
  facet normal 0.278988 0.960295 0
    outer loop
      vertex 1.86517 8.51437 -5
      vertex 2.31763 8.38292 -10
      vertex 1.86517 8.51437 -10
    endloop
  endfacet
  facet normal 0.790153 0.61291 0
    outer loop
      vertex 6.06763 5.65839 -5
      vertex 5.77885 6.03068 -10
      vertex 5.77885 6.03068 -5
    endloop
  endfacet
  facet normal 0.790153 0.61291 0
    outer loop
      vertex 5.77885 6.03068 -10
      vertex 6.06763 5.65839 -5
      vertex 6.06763 5.65839 -10
    endloop
  endfacet
  facet normal 0.61291 0.790153 -0
    outer loop
      vertex 4.78068 7.02885 -10
      vertex 4.40839 7.31763 -5
      vertex 4.78068 7.02885 -5
    endloop
  endfacet
  facet normal 0.61291 0.790153 0
    outer loop
      vertex 4.40839 7.31763 -5
      vertex 4.78068 7.02885 -10
      vertex 4.40839 7.31763 -10
    endloop
  endfacet
  facet normal 0.0941078 0.995562 -0
    outer loop
      vertex 0.939999 8.69086 -10
      vertex 0.470928 8.7352 -5
      vertex 0.939999 8.69086 -5
    endloop
  endfacet
  facet normal 0.0941078 0.995562 0
    outer loop
      vertex 0.470928 8.7352 -5
      vertex 0.939999 8.69086 -10
      vertex 0.470928 8.7352 -10
    endloop
  endfacet
  facet normal -0.960295 0.278988 0
    outer loop
      vertex -7.26437 3.11517 -10
      vertex -7.13292 3.56763 -5
      vertex -7.13292 3.56763 -10
    endloop
  endfacet
  facet normal -0.960295 0.278988 0
    outer loop
      vertex -7.13292 3.56763 -5
      vertex -7.26437 3.11517 -10
      vertex -7.26437 3.11517 -5
    endloop
  endfacet
  facet normal -0.661322 0.750102 0
    outer loop
      vertex -4.78068 7.02885 -10
      vertex -5.1341 6.71726 -5
      vertex -4.78068 7.02885 -5
    endloop
  endfacet
  facet normal -0.661322 0.750102 0
    outer loop
      vertex -5.1341 6.71726 -5
      vertex -4.78068 7.02885 -10
      vertex -5.1341 6.71726 -10
    endloop
  endfacet
  facet normal -0.987687 0.156443 0
    outer loop
      vertex -7.44086 2.19 -10
      vertex -7.36715 2.65536 -5
      vertex -7.36715 2.65536 -10
    endloop
  endfacet
  facet normal -0.987687 0.156443 0
    outer loop
      vertex -7.36715 2.65536 -5
      vertex -7.44086 2.19 -10
      vertex -7.44086 2.19 -5
    endloop
  endfacet
  facet normal 0.960295 0.278988 0
    outer loop
      vertex 7.26437 3.11517 -5
      vertex 7.13292 3.56763 -10
      vertex 7.13292 3.56763 -5
    endloop
  endfacet
  facet normal 0.960295 0.278988 0
    outer loop
      vertex 7.13292 3.56763 -10
      vertex 7.26437 3.11517 -5
      vertex 7.26437 3.11517 -10
    endloop
  endfacet
  facet normal -0.827084 0.562079 0
    outer loop
      vertex -6.33246 5.2687 -10
      vertex -6.06763 5.65839 -5
      vertex -6.06763 5.65839 -10
    endloop
  endfacet
  facet normal -0.827084 0.562079 0
    outer loop
      vertex -6.06763 5.65839 -5
      vertex -6.33246 5.2687 -10
      vertex -6.33246 5.2687 -5
    endloop
  endfacet
  facet normal 0.975917 0.218144 0
    outer loop
      vertex 7.36715 2.65536 -5
      vertex 7.26437 3.11517 -10
      vertex 7.26437 3.11517 -5
    endloop
  endfacet
  facet normal 0.975917 0.218144 0
    outer loop
      vertex 7.26437 3.11517 -10
      vertex 7.36715 2.65536 -5
      vertex 7.36715 2.65536 -10
    endloop
  endfacet
  facet normal 0.338742 0.940879 -0
    outer loop
      vertex 2.76093 8.22332 -10
      vertex 2.31763 8.38292 -5
      vertex 2.76093 8.22332 -5
    endloop
  endfacet
  facet normal 0.338742 0.940879 0
    outer loop
      vertex 2.31763 8.38292 -5
      vertex 2.76093 8.22332 -10
      vertex 2.31763 8.38292 -10
    endloop
  endfacet
  facet normal -0.156443 0.987687 0
    outer loop
      vertex -0.94 8.69086 -10
      vertex -1.40536 8.61715 -5
      vertex -0.94 8.69086 -5
    endloop
  endfacet
  facet normal -0.156443 0.987687 0
    outer loop
      vertex -1.40536 8.61715 -5
      vertex -0.94 8.69086 -10
      vertex -1.40536 8.61715 -10
    endloop
  endfacet
  facet normal 0.940879 0.338742 0
    outer loop
      vertex 7.13292 3.56763 -5
      vertex 6.97332 4.01093 -10
      vertex 6.97332 4.01093 -5
    endloop
  endfacet
  facet normal 0.940879 0.338742 0
    outer loop
      vertex 6.97332 4.01093 -10
      vertex 7.13292 3.56763 -5
      vertex 7.13292 3.56763 -10
    endloop
  endfacet
  facet normal -0.562079 0.827084 0
    outer loop
      vertex -4.0187 7.58246 -10
      vertex -4.40839 7.31763 -5
      vertex -4.0187 7.58246 -5
    endloop
  endfacet
  facet normal -0.562079 0.827084 0
    outer loop
      vertex -4.40839 7.31763 -5
      vertex -4.0187 7.58246 -10
      vertex -4.40839 7.31763 -10
    endloop
  endfacet
  facet normal -0.707107 0.707107 0
    outer loop
      vertex -5.46726 6.3841 -10
      vertex -5.1341 6.71726 -5
      vertex -5.1341 6.71726 -10
    endloop
  endfacet
  facet normal -0.707107 0.707107 0
    outer loop
      vertex -5.1341 6.71726 -5
      vertex -5.46726 6.3841 -10
      vertex -5.46726 6.3841 -5
    endloop
  endfacet
  facet normal -0.509039 0.860744 0
    outer loop
      vertex -3.61315 7.8223 -10
      vertex -4.0187 7.58246 -5
      vertex -3.61315 7.8223 -5
    endloop
  endfacet
  facet normal -0.509039 0.860744 0
    outer loop
      vertex -4.0187 7.58246 -5
      vertex -3.61315 7.8223 -10
      vertex -4.0187 7.58246 -10
    endloop
  endfacet
  facet normal 0.509039 0.860744 -0
    outer loop
      vertex 4.0187 7.58246 -10
      vertex 3.61315 7.8223 -5
      vertex 4.0187 7.58246 -5
    endloop
  endfacet
  facet normal 0.509039 0.860744 0
    outer loop
      vertex 3.61315 7.8223 -5
      vertex 4.0187 7.58246 -10
      vertex 3.61315 7.8223 -10
    endloop
  endfacet
  facet normal -0.338742 0.940879 0
    outer loop
      vertex -2.31763 8.38292 -10
      vertex -2.76093 8.22332 -5
      vertex -2.31763 8.38292 -5
    endloop
  endfacet
  facet normal -0.338742 0.940879 0
    outer loop
      vertex -2.76093 8.22332 -5
      vertex -2.31763 8.38292 -10
      vertex -2.76093 8.22332 -10
    endloop
  endfacet
  facet normal 0.89101 0.453984 0
    outer loop
      vertex 6.7862 4.44334 -5
      vertex 6.5723 4.86315 -10
      vertex 6.5723 4.86315 -5
    endloop
  endfacet
  facet normal 0.89101 0.453984 0
    outer loop
      vertex 6.5723 4.86315 -10
      vertex 6.7862 4.44334 -5
      vertex 6.7862 4.44334 -10
    endloop
  endfacet
  facet normal 0.397147 0.917755 -0
    outer loop
      vertex 3.19334 8.0362 -10
      vertex 2.76093 8.22332 -5
      vertex 3.19334 8.0362 -5
    endloop
  endfacet
  facet normal 0.397147 0.917755 0
    outer loop
      vertex 2.76093 8.22332 -5
      vertex 3.19334 8.0362 -10
      vertex 2.76093 8.22332 -10
    endloop
  endfacet
  facet normal 0.860744 0.509039 0
    outer loop
      vertex 6.5723 4.86315 -5
      vertex 6.33246 5.2687 -10
      vertex 6.33246 5.2687 -5
    endloop
  endfacet
  facet normal 0.860744 0.509039 0
    outer loop
      vertex 6.33246 5.2687 -10
      vertex 6.5723 4.86315 -5
      vertex 6.5723 4.86315 -10
    endloop
  endfacet
  facet normal -0.61291 0.790153 0
    outer loop
      vertex -4.40839 7.31763 -10
      vertex -4.78068 7.02885 -5
      vertex -4.40839 7.31763 -5
    endloop
  endfacet
  facet normal -0.61291 0.790153 0
    outer loop
      vertex -4.78068 7.02885 -5
      vertex -4.40839 7.31763 -10
      vertex -4.78068 7.02885 -10
    endloop
  endfacet
  facet normal -0.397147 0.917755 0
    outer loop
      vertex -2.76093 8.22332 -10
      vertex -3.19334 8.0362 -5
      vertex -2.76093 8.22332 -5
    endloop
  endfacet
  facet normal -0.397147 0.917755 0
    outer loop
      vertex -3.19334 8.0362 -5
      vertex -2.76093 8.22332 -10
      vertex -3.19334 8.0362 -10
    endloop
  endfacet
  facet normal 0.707107 0.707107 0
    outer loop
      vertex 5.46726 6.3841 -5
      vertex 5.1341 6.71726 -10
      vertex 5.1341 6.71726 -5
    endloop
  endfacet
  facet normal 0.707107 0.707107 0
    outer loop
      vertex 5.1341 6.71726 -10
      vertex 5.46726 6.3841 -5
      vertex 5.46726 6.3841 -10
    endloop
  endfacet
  facet normal 0.562079 0.827084 -0
    outer loop
      vertex 4.40839 7.31763 -10
      vertex 4.0187 7.58246 -5
      vertex 4.40839 7.31763 -5
    endloop
  endfacet
  facet normal 0.562079 0.827084 0
    outer loop
      vertex 4.0187 7.58246 -5
      vertex 4.40839 7.31763 -10
      vertex 4.0187 7.58246 -10
    endloop
  endfacet
  facet normal 0.218144 0.975917 -0
    outer loop
      vertex 1.86517 8.51437 -10
      vertex 1.40536 8.61715 -5
      vertex 1.86517 8.51437 -5
    endloop
  endfacet
  facet normal 0.218144 0.975917 0
    outer loop
      vertex 1.40536 8.61715 -5
      vertex 1.86517 8.51437 -10
      vertex 1.40536 8.61715 -10
    endloop
  endfacet
  facet normal -0.0314117 0.999507 0
    outer loop
      vertex 0 8.75 -10
      vertex -0.470929 8.7352 -5
      vertex 0 8.75 -5
    endloop
  endfacet
  facet normal -0.0314117 0.999507 0
    outer loop
      vertex -0.470929 8.7352 -5
      vertex 0 8.75 -10
      vertex -0.470929 8.7352 -10
    endloop
  endfacet
  facet normal -0.218144 0.975917 0
    outer loop
      vertex -1.40536 8.61715 -10
      vertex -1.86517 8.51437 -5
      vertex -1.40536 8.61715 -5
    endloop
  endfacet
  facet normal -0.218144 0.975917 0
    outer loop
      vertex -1.86517 8.51437 -5
      vertex -1.40536 8.61715 -10
      vertex -1.86517 8.51437 -10
    endloop
  endfacet
  facet normal -0.278988 0.960295 0
    outer loop
      vertex -1.86517 8.51437 -10
      vertex -2.31763 8.38292 -5
      vertex -1.86517 8.51437 -5
    endloop
  endfacet
  facet normal -0.278988 0.960295 0
    outer loop
      vertex -2.31763 8.38292 -5
      vertex -1.86517 8.51437 -10
      vertex -2.31763 8.38292 -10
    endloop
  endfacet
  facet normal 0.453984 0.89101 -0
    outer loop
      vertex 3.61315 7.8223 -10
      vertex 3.19334 8.0362 -5
      vertex 3.61315 7.8223 -5
    endloop
  endfacet
  facet normal 0.453984 0.89101 0
    outer loop
      vertex 3.19334 8.0362 -5
      vertex 3.61315 7.8223 -10
      vertex 3.19334 8.0362 -10
    endloop
  endfacet
  facet normal -0.790153 0.61291 0
    outer loop
      vertex -6.06763 5.65839 -10
      vertex -5.77885 6.03068 -5
      vertex -5.77885 6.03068 -10
    endloop
  endfacet
  facet normal -0.790153 0.61291 0
    outer loop
      vertex -5.77885 6.03068 -5
      vertex -6.06763 5.65839 -10
      vertex -6.06763 5.65839 -5
    endloop
  endfacet
  facet normal -0.89101 0.453984 0
    outer loop
      vertex -6.7862 4.44334 -10
      vertex -6.5723 4.86315 -5
      vertex -6.5723 4.86315 -10
    endloop
  endfacet
  facet normal -0.89101 0.453984 0
    outer loop
      vertex -6.5723 4.86315 -5
      vertex -6.7862 4.44334 -10
      vertex -6.7862 4.44334 -5
    endloop
  endfacet
  facet normal 0.156443 0.987687 -0
    outer loop
      vertex 1.40536 8.61715 -10
      vertex 0.939999 8.69086 -5
      vertex 1.40536 8.61715 -5
    endloop
  endfacet
  facet normal 0.156443 0.987687 0
    outer loop
      vertex 0.939999 8.69086 -5
      vertex 1.40536 8.61715 -10
      vertex 0.939999 8.69086 -10
    endloop
  endfacet
  facet normal -0.940879 0.338742 0
    outer loop
      vertex -7.13292 3.56763 -10
      vertex -6.97332 4.01093 -5
      vertex -6.97332 4.01093 -10
    endloop
  endfacet
  facet normal -0.940879 0.338742 0
    outer loop
      vertex -6.97332 4.01093 -5
      vertex -7.13292 3.56763 -10
      vertex -7.13292 3.56763 -5
    endloop
  endfacet
  facet normal -0.975917 0.218144 0
    outer loop
      vertex -7.36715 2.65536 -10
      vertex -7.26437 3.11517 -5
      vertex -7.26437 3.11517 -10
    endloop
  endfacet
  facet normal -0.975917 0.218144 0
    outer loop
      vertex -7.26437 3.11517 -5
      vertex -7.36715 2.65536 -10
      vertex -7.36715 2.65536 -5
    endloop
  endfacet
  facet normal -0.999507 0.0314117 0
    outer loop
      vertex -7.5 1.25 -10
      vertex -7.4852 1.72093 -5
      vertex -7.4852 1.72093 -10
    endloop
  endfacet
  facet normal -0.999507 0.0314117 0
    outer loop
      vertex -7.4852 1.72093 -5
      vertex -7.5 1.25 -10
      vertex -7.5 1.25 -5
    endloop
  endfacet
  facet normal 0.750102 0.661322 0
    outer loop
      vertex 5.77885 6.03068 -5
      vertex 5.46726 6.3841 -10
      vertex 5.46726 6.3841 -5
    endloop
  endfacet
  facet normal 0.750102 0.661322 0
    outer loop
      vertex 5.46726 6.3841 -10
      vertex 5.77885 6.03068 -5
      vertex 5.77885 6.03068 -10
    endloop
  endfacet
  facet normal -0.860744 0.509039 0
    outer loop
      vertex -6.5723 4.86315 -10
      vertex -6.33246 5.2687 -5
      vertex -6.33246 5.2687 -10
    endloop
  endfacet
  facet normal -0.860744 0.509039 0
    outer loop
      vertex -6.33246 5.2687 -5
      vertex -6.5723 4.86315 -10
      vertex -6.5723 4.86315 -5
    endloop
  endfacet
  facet normal -0.917755 0.397147 0
    outer loop
      vertex -6.97332 4.01093 -10
      vertex -6.7862 4.44334 -5
      vertex -6.7862 4.44334 -10
    endloop
  endfacet
  facet normal -0.917755 0.397147 0
    outer loop
      vertex -6.7862 4.44334 -5
      vertex -6.97332 4.01093 -10
      vertex -6.97332 4.01093 -5
    endloop
  endfacet
  facet normal -0.56208 0.827083 0
    outer loop
      vertex 2.35114 -1.98607 -10
      vertex 2.14331 -2.12731 -5
      vertex 2.35114 -1.98607 -5
    endloop
  endfacet
  facet normal -0.56208 0.827083 0
    outer loop
      vertex 2.14331 -2.12731 -5
      vertex 2.35114 -1.98607 -10
      vertex 2.14331 -2.12731 -10
    endloop
  endfacet
  facet normal -0.453998 -0.891003 0
    outer loop
      vertex 1.70312 4.86931 -10
      vertex 1.92701 4.75523 -5
      vertex 1.70312 4.86931 -5
    endloop
  endfacet
  facet normal -0.453998 -0.891003 -0
    outer loop
      vertex 1.92701 4.75523 -5
      vertex 1.70312 4.86931 -10
      vertex 1.92701 4.75523 -10
    endloop
  endfacet
  facet normal -0.156435 -0.987688 0
    outer loop
      vertex 0.501332 5.21846 -10
      vertex 0.749525 5.17915 -5
      vertex 0.501332 5.21846 -5
    endloop
  endfacet
  facet normal -0.156435 -0.987688 -0
    outer loop
      vertex 0.749525 5.17915 -5
      vertex 0.501332 5.21846 -10
      vertex 0.749525 5.17915 -10
    endloop
  endfacet
  facet normal -0.397154 -0.917752 0
    outer loop
      vertex 1.4725 4.96911 -10
      vertex 1.70312 4.86931 -5
      vertex 1.4725 4.96911 -5
    endloop
  endfacet
  facet normal -0.397154 -0.917752 -0
    outer loop
      vertex 1.70312 4.86931 -5
      vertex 1.4725 4.96911 -10
      vertex 1.70312 4.86931 -10
    endloop
  endfacet
  facet normal 0.987688 0.156435 0
    outer loop
      vertex -3.92915 0.500474 -5
      vertex -3.96846 0.748667 -10
      vertex -3.96846 0.748667 -5
    endloop
  endfacet
  facet normal 0.987688 0.156435 0
    outer loop
      vertex -3.96846 0.748667 -10
      vertex -3.92915 0.500474 -5
      vertex -3.92915 0.500474 -10
    endloop
  endfacet
  facet normal -0.0313985 -0.999507 0
    outer loop
      vertex 0 5.25 -10
      vertex 0.251162 5.24211 -5
      vertex 0 5.25 -5
    endloop
  endfacet
  facet normal -0.0313985 -0.999507 -0
    outer loop
      vertex 0.251162 5.24211 -5
      vertex 0 5.25 -10
      vertex 0.251162 5.24211 -10
    endloop
  endfacet
  facet normal -0.827083 -0.56208 0
    outer loop
      vertex 3.37731 3.39331 -10
      vertex 3.23607 3.60114 -5
      vertex 3.23607 3.60114 -10
    endloop
  endfacet
  facet normal -0.827083 -0.56208 0
    outer loop
      vertex 3.23607 3.60114 -5
      vertex 3.37731 3.39331 -10
      vertex 3.37731 3.39331 -5
    endloop
  endfacet
  facet normal -0.750104 -0.66132 0
    outer loop
      vertex 3.08205 3.7997 -10
      vertex 2.91587 3.98819 -5
      vertex 2.91587 3.98819 -10
    endloop
  endfacet
  facet normal -0.750104 -0.66132 0
    outer loop
      vertex 2.91587 3.98819 -5
      vertex 3.08205 3.7997 -10
      vertex 3.08205 3.7997 -5
    endloop
  endfacet
  facet normal -0.790153 -0.61291 0
    outer loop
      vertex 3.23607 3.60114 -10
      vertex 3.08205 3.7997 -5
      vertex 3.08205 3.7997 -10
    endloop
  endfacet
  facet normal -0.790153 -0.61291 0
    outer loop
      vertex 3.08205 3.7997 -5
      vertex 3.23607 3.60114 -10
      vertex 3.23607 3.60114 -5
    endloop
  endfacet
  facet normal -0.917752 -0.397154 0
    outer loop
      vertex 3.71911 2.7225 -10
      vertex 3.61931 2.95312 -5
      vertex 3.61931 2.95312 -10
    endloop
  endfacet
  facet normal -0.917752 -0.397154 0
    outer loop
      vertex 3.61931 2.95312 -5
      vertex 3.71911 2.7225 -10
      vertex 3.71911 2.7225 -5
    endloop
  endfacet
  facet normal 0.987689 -0.156431 0
    outer loop
      vertex -3.96846 1.75133 -5
      vertex -3.92915 1.99953 -10
      vertex -3.92915 1.99953 -5
    endloop
  endfacet
  facet normal 0.987689 -0.156431 0
    outer loop
      vertex -3.92915 1.99953 -10
      vertex -3.96846 1.75133 -5
      vertex -3.96846 1.75133 -10
    endloop
  endfacet
  facet normal 0.940881 0.338737 0
    outer loop
      vertex -3.71911 -0.222499 -5
      vertex -3.80423 0.0139313 -10
      vertex -3.80423 0.0139313 -5
    endloop
  endfacet
  facet normal 0.940881 0.338737 0
    outer loop
      vertex -3.80423 0.0139313 -10
      vertex -3.71911 -0.222499 -5
      vertex -3.71911 -0.222499 -10
    endloop
  endfacet
  facet normal -0.0313985 0.999507 0
    outer loop
      vertex 0.251162 -2.74211 -10
      vertex 0 -2.75 -5
      vertex 0.251162 -2.74211 -5
    endloop
  endfacet
  facet normal -0.0313985 0.999507 0
    outer loop
      vertex 0 -2.75 -5
      vertex 0.251162 -2.74211 -10
      vertex 0 -2.75 -10
    endloop
  endfacet
  facet normal -0.940881 0.338737 0
    outer loop
      vertex 3.71911 -0.222499 -10
      vertex 3.80423 0.0139313 -5
      vertex 3.80423 0.0139313 -10
    endloop
  endfacet
  facet normal -0.940881 0.338737 0
    outer loop
      vertex 3.80423 0.0139313 -5
      vertex 3.71911 -0.222499 -10
      vertex 3.71911 -0.222499 -5
    endloop
  endfacet
  facet normal -0.338738 -0.940881 0
    outer loop
      vertex 1.23607 5.05423 -10
      vertex 1.4725 4.96911 -5
      vertex 1.23607 5.05423 -5
    endloop
  endfacet
  facet normal -0.338738 -0.940881 -0
    outer loop
      vertex 1.4725 4.96911 -5
      vertex 1.23607 5.05423 -10
      vertex 1.4725 4.96911 -10
    endloop
  endfacet
  facet normal 0.61291 -0.790153 0
    outer loop
      vertex -2.5497 4.33205 -10
      vertex -2.35114 4.48607 -5
      vertex -2.5497 4.33205 -5
    endloop
  endfacet
  facet normal 0.61291 -0.790153 0
    outer loop
      vertex -2.35114 4.48607 -5
      vertex -2.5497 4.33205 -10
      vertex -2.35114 4.48607 -10
    endloop
  endfacet
  facet normal -0.999507 -0.0313987 0
    outer loop
      vertex 4 1.25 -10
      vertex 3.99211 1.50116 -5
      vertex 3.99211 1.50116 -10
    endloop
  endfacet
  facet normal -0.999507 -0.0313987 0
    outer loop
      vertex 3.99211 1.50116 -5
      vertex 4 1.25 -10
      vertex 4 1.25 -5
    endloop
  endfacet
  facet normal 0.453982 -0.891011 0
    outer loop
      vertex -1.92702 4.75523 -10
      vertex -1.70312 4.86931 -5
      vertex -1.92702 4.75523 -5
    endloop
  endfacet
  facet normal 0.453982 -0.891011 0
    outer loop
      vertex -1.70312 4.86931 -5
      vertex -1.92702 4.75523 -10
      vertex -1.70312 4.86931 -10
    endloop
  endfacet
  facet normal -0.975913 -0.218161 0
    outer loop
      vertex 3.92915 1.99953 -10
      vertex 3.87433 2.24476 -5
      vertex 3.87433 2.24476 -10
    endloop
  endfacet
  facet normal -0.975913 -0.218161 0
    outer loop
      vertex 3.87433 2.24476 -5
      vertex 3.92915 1.99953 -10
      vertex 3.92915 1.99953 -5
    endloop
  endfacet
  facet normal 0.790153 0.61291 0
    outer loop
      vertex -3.08205 -1.2997 -5
      vertex -3.23607 -1.10114 -10
      vertex -3.23607 -1.10114 -5
    endloop
  endfacet
  facet normal 0.790153 0.61291 0
    outer loop
      vertex -3.23607 -1.10114 -10
      vertex -3.08205 -1.2997 -5
      vertex -3.08205 -1.2997 -10
    endloop
  endfacet
  facet normal -0.987688 0.156435 0
    outer loop
      vertex 3.92915 0.500474 -10
      vertex 3.96846 0.748667 -5
      vertex 3.96846 0.748667 -10
    endloop
  endfacet
  facet normal -0.987688 0.156435 0
    outer loop
      vertex 3.96846 0.748667 -5
      vertex 3.92915 0.500474 -10
      vertex 3.92915 0.500474 -5
    endloop
  endfacet
  facet normal -0.218157 -0.975914 0
    outer loop
      vertex 0.749525 5.17915 -10
      vertex 0.994759 5.12433 -5
      vertex 0.749525 5.17915 -5
    endloop
  endfacet
  facet normal -0.218157 -0.975914 -0
    outer loop
      vertex 0.994759 5.12433 -5
      vertex 0.749525 5.17915 -10
      vertex 0.994759 5.12433 -10
    endloop
  endfacet
  facet normal -0.860741 -0.509043 0
    outer loop
      vertex 3.50523 3.17701 -10
      vertex 3.37731 3.39331 -5
      vertex 3.37731 3.39331 -10
    endloop
  endfacet
  facet normal -0.860741 -0.509043 0
    outer loop
      vertex 3.37731 3.39331 -5
      vertex 3.50523 3.17701 -10
      vertex 3.50523 3.17701 -5
    endloop
  endfacet
  facet normal -0.995561 0.0941161 0
    outer loop
      vertex 3.96846 0.748667 -10
      vertex 3.99211 0.998837 -5
      vertex 3.99211 0.998837 -10
    endloop
  endfacet
  facet normal -0.995561 0.0941161 0
    outer loop
      vertex 3.99211 0.998837 -5
      vertex 3.96846 0.748667 -10
      vertex 3.96846 0.748667 -5
    endloop
  endfacet
  facet normal 0.707107 -0.707107 0
    outer loop
      vertex -2.91587 3.98819 -5
      vertex -2.73819 4.16587 -10
      vertex -2.73819 4.16587 -5
    endloop
  endfacet
  facet normal 0.707107 -0.707107 0
    outer loop
      vertex -2.73819 4.16587 -10
      vertex -2.91587 3.98819 -5
      vertex -2.91587 3.98819 -10
    endloop
  endfacet
  facet normal -0.750104 0.66132 0
    outer loop
      vertex 2.91587 -1.48819 -10
      vertex 3.08205 -1.2997 -5
      vertex 3.08205 -1.2997 -10
    endloop
  endfacet
  facet normal -0.750104 0.66132 0
    outer loop
      vertex 3.08205 -1.2997 -5
      vertex 2.91587 -1.48819 -10
      vertex 2.91587 -1.48819 -5
    endloop
  endfacet
  facet normal -0.940881 -0.338738 0
    outer loop
      vertex 3.80423 2.48607 -10
      vertex 3.71911 2.7225 -5
      vertex 3.71911 2.7225 -10
    endloop
  endfacet
  facet normal -0.940881 -0.338738 0
    outer loop
      vertex 3.71911 2.7225 -5
      vertex 3.80423 2.48607 -10
      vertex 3.80423 2.48607 -5
    endloop
  endfacet
  facet normal 0.917751 0.397157 0
    outer loop
      vertex -3.61931 -0.453117 -5
      vertex -3.71911 -0.222499 -10
      vertex -3.71911 -0.222499 -5
    endloop
  endfacet
  facet normal 0.917751 0.397157 0
    outer loop
      vertex -3.71911 -0.222499 -10
      vertex -3.61931 -0.453117 -5
      vertex -3.61931 -0.453117 -10
    endloop
  endfacet
  facet normal 0.960301 0.278967 0
    outer loop
      vertex -3.80423 0.0139313 -5
      vertex -3.87433 0.25524 -10
      vertex -3.87433 0.25524 -5
    endloop
  endfacet
  facet normal 0.960301 0.278967 0
    outer loop
      vertex -3.87433 0.25524 -10
      vertex -3.80423 0.0139313 -5
      vertex -3.80423 0.0139313 -10
    endloop
  endfacet
  facet normal 0.50906 -0.860731 0
    outer loop
      vertex -2.14331 4.62731 -10
      vertex -1.92702 4.75523 -5
      vertex -2.14331 4.62731 -5
    endloop
  endfacet
  facet normal 0.50906 -0.860731 0
    outer loop
      vertex -1.92702 4.75523 -5
      vertex -2.14331 4.62731 -10
      vertex -1.92702 4.75523 -10
    endloop
  endfacet
  facet normal 0.995561 0.0941161 0
    outer loop
      vertex -3.96846 0.748667 -5
      vertex -3.99211 0.998837 -10
      vertex -3.99211 0.998837 -5
    endloop
  endfacet
  facet normal 0.995561 0.0941161 0
    outer loop
      vertex -3.99211 0.998837 -10
      vertex -3.96846 0.748667 -5
      vertex -3.96846 0.748667 -10
    endloop
  endfacet
  facet normal 0.0313984 -0.999507 0
    outer loop
      vertex -0.251163 5.24211 -10
      vertex 0 5.25 -5
      vertex -0.251163 5.24211 -5
    endloop
  endfacet
  facet normal 0.0313984 -0.999507 0
    outer loop
      vertex 0 5.25 -5
      vertex -0.251163 5.24211 -10
      vertex 0 5.25 -10
    endloop
  endfacet
  facet normal 0.66132 -0.750104 0
    outer loop
      vertex -2.73819 4.16587 -10
      vertex -2.5497 4.33205 -5
      vertex -2.73819 4.16587 -5
    endloop
  endfacet
  facet normal 0.66132 -0.750104 0
    outer loop
      vertex -2.5497 4.33205 -5
      vertex -2.73819 4.16587 -10
      vertex -2.5497 4.33205 -10
    endloop
  endfacet
  facet normal 0.891009 0.453985 0
    outer loop
      vertex -3.50523 -0.677015 -5
      vertex -3.61931 -0.453117 -10
      vertex -3.61931 -0.453117 -5
    endloop
  endfacet
  facet normal 0.891009 0.453985 0
    outer loop
      vertex -3.61931 -0.453117 -10
      vertex -3.50523 -0.677015 -5
      vertex -3.50523 -0.677015 -10
    endloop
  endfacet
  facet normal -0.987689 -0.156431 0
    outer loop
      vertex 3.96846 1.75133 -10
      vertex 3.92915 1.99953 -5
      vertex 3.92915 1.99953 -10
    endloop
  endfacet
  facet normal -0.987689 -0.156431 0
    outer loop
      vertex 3.92915 1.99953 -5
      vertex 3.96846 1.75133 -10
      vertex 3.96846 1.75133 -5
    endloop
  endfacet
  facet normal 0.827083 -0.56208 0
    outer loop
      vertex -3.37731 3.39331 -5
      vertex -3.23607 3.60114 -10
      vertex -3.23607 3.60114 -5
    endloop
  endfacet
  facet normal 0.827083 -0.56208 0
    outer loop
      vertex -3.23607 3.60114 -10
      vertex -3.37731 3.39331 -5
      vertex -3.37731 3.39331 -10
    endloop
  endfacet
  facet normal 0.156435 0.987688 -0
    outer loop
      vertex -0.501333 -2.71846 -10
      vertex -0.749526 -2.67915 -5
      vertex -0.501333 -2.71846 -5
    endloop
  endfacet
  facet normal 0.156435 0.987688 0
    outer loop
      vertex -0.749526 -2.67915 -5
      vertex -0.501333 -2.71846 -10
      vertex -0.749526 -2.67915 -10
    endloop
  endfacet
  facet normal 0.218157 -0.975914 0
    outer loop
      vertex -0.99476 5.12433 -10
      vertex -0.749526 5.17915 -5
      vertex -0.99476 5.12433 -5
    endloop
  endfacet
  facet normal 0.218157 -0.975914 0
    outer loop
      vertex -0.749526 5.17915 -5
      vertex -0.99476 5.12433 -10
      vertex -0.749526 5.17915 -10
    endloop
  endfacet
  facet normal 0.0941161 -0.995561 0
    outer loop
      vertex -0.501333 5.21846 -10
      vertex -0.251163 5.24211 -5
      vertex -0.501333 5.21846 -5
    endloop
  endfacet
  facet normal 0.0941161 -0.995561 0
    outer loop
      vertex -0.251163 5.24211 -5
      vertex -0.501333 5.21846 -10
      vertex -0.251163 5.24211 -10
    endloop
  endfacet
  facet normal 0.50906 0.860731 -0
    outer loop
      vertex -1.92702 -2.25523 -10
      vertex -2.14331 -2.12731 -5
      vertex -1.92702 -2.25523 -5
    endloop
  endfacet
  facet normal 0.50906 0.860731 0
    outer loop
      vertex -2.14331 -2.12731 -5
      vertex -1.92702 -2.25523 -10
      vertex -2.14331 -2.12731 -10
    endloop
  endfacet
  facet normal -0.995561 -0.0941161 0
    outer loop
      vertex 3.99211 1.50116 -10
      vertex 3.96846 1.75133 -5
      vertex 3.96846 1.75133 -10
    endloop
  endfacet
  facet normal -0.995561 -0.0941161 0
    outer loop
      vertex 3.96846 1.75133 -5
      vertex 3.99211 1.50116 -10
      vertex 3.99211 1.50116 -5
    endloop
  endfacet
  facet normal -0.707107 -0.707107 0
    outer loop
      vertex 2.91587 3.98819 -10
      vertex 2.73819 4.16587 -5
      vertex 2.73819 4.16587 -10
    endloop
  endfacet
  facet normal -0.707107 -0.707107 0
    outer loop
      vertex 2.73819 4.16587 -5
      vertex 2.91587 3.98819 -10
      vertex 2.91587 3.98819 -5
    endloop
  endfacet
  facet normal 0.661298 0.750123 -0
    outer loop
      vertex -2.5497 -1.83205 -10
      vertex -2.73819 -1.66588 -5
      vertex -2.5497 -1.83205 -5
    endloop
  endfacet
  facet normal 0.661298 0.750123 0
    outer loop
      vertex -2.73819 -1.66588 -5
      vertex -2.5497 -1.83205 -10
      vertex -2.73819 -1.66588 -10
    endloop
  endfacet
  facet normal -0.56208 -0.827083 0
    outer loop
      vertex 2.14331 4.62731 -10
      vertex 2.35114 4.48607 -5
      vertex 2.14331 4.62731 -5
    endloop
  endfacet
  facet normal -0.56208 -0.827083 -0
    outer loop
      vertex 2.35114 4.48607 -5
      vertex 2.14331 4.62731 -10
      vertex 2.35114 4.48607 -10
    endloop
  endfacet
  facet normal -0.61291 0.790153 0
    outer loop
      vertex 2.5497 -1.83205 -10
      vertex 2.35114 -1.98607 -5
      vertex 2.5497 -1.83205 -5
    endloop
  endfacet
  facet normal -0.61291 0.790153 0
    outer loop
      vertex 2.35114 -1.98607 -5
      vertex 2.5497 -1.83205 -10
      vertex 2.35114 -1.98607 -10
    endloop
  endfacet
  facet normal -0.278964 0.960301 0
    outer loop
      vertex 1.23607 -2.55423 -10
      vertex 0.994759 -2.62433 -5
      vertex 1.23607 -2.55423 -5
    endloop
  endfacet
  facet normal -0.278964 0.960301 0
    outer loop
      vertex 0.994759 -2.62433 -5
      vertex 1.23607 -2.55423 -10
      vertex 0.994759 -2.62433 -10
    endloop
  endfacet
  facet normal -0.999507 0.0313984 0
    outer loop
      vertex 3.99211 0.998837 -10
      vertex 4 1.25 -5
      vertex 4 1.25 -10
    endloop
  endfacet
  facet normal -0.999507 0.0313984 0
    outer loop
      vertex 4 1.25 -5
      vertex 3.99211 0.998837 -10
      vertex 3.99211 0.998837 -5
    endloop
  endfacet
  facet normal -0.960301 -0.278965 0
    outer loop
      vertex 3.87433 2.24476 -10
      vertex 3.80423 2.48607 -5
      vertex 3.80423 2.48607 -10
    endloop
  endfacet
  facet normal -0.960301 -0.278965 0
    outer loop
      vertex 3.80423 2.48607 -5
      vertex 3.87433 2.24476 -10
      vertex 3.87433 2.24476 -5
    endloop
  endfacet
  facet normal -0.827085 0.562077 0
    outer loop
      vertex 3.23607 -1.10114 -10
      vertex 3.37731 -0.893308 -5
      vertex 3.37731 -0.893308 -10
    endloop
  endfacet
  facet normal -0.827085 0.562077 0
    outer loop
      vertex 3.37731 -0.893308 -5
      vertex 3.23607 -1.10114 -10
      vertex 3.23607 -1.10114 -5
    endloop
  endfacet
  facet normal -0.218157 0.975914 0
    outer loop
      vertex 0.994759 -2.62433 -10
      vertex 0.749525 -2.67915 -5
      vertex 0.994759 -2.62433 -5
    endloop
  endfacet
  facet normal -0.218157 0.975914 0
    outer loop
      vertex 0.749525 -2.67915 -5
      vertex 0.994759 -2.62433 -10
      vertex 0.749525 -2.67915 -10
    endloop
  endfacet
  facet normal 0.453982 0.891011 -0
    outer loop
      vertex -1.70312 -2.36931 -10
      vertex -1.92702 -2.25523 -5
      vertex -1.70312 -2.36931 -5
    endloop
  endfacet
  facet normal 0.453982 0.891011 0
    outer loop
      vertex -1.92702 -2.25523 -5
      vertex -1.70312 -2.36931 -10
      vertex -1.92702 -2.25523 -10
    endloop
  endfacet
  facet normal -0.891003 -0.453998 0
    outer loop
      vertex 3.61931 2.95312 -10
      vertex 3.50523 3.17701 -5
      vertex 3.50523 3.17701 -10
    endloop
  endfacet
  facet normal -0.891003 -0.453998 0
    outer loop
      vertex 3.50523 3.17701 -5
      vertex 3.61931 2.95312 -10
      vertex 3.61931 2.95312 -5
    endloop
  endfacet
  facet normal -0.61291 -0.790153 0
    outer loop
      vertex 2.35114 4.48607 -10
      vertex 2.5497 4.33205 -5
      vertex 2.35114 4.48607 -5
    endloop
  endfacet
  facet normal -0.61291 -0.790153 -0
    outer loop
      vertex 2.5497 4.33205 -5
      vertex 2.35114 4.48607 -10
      vertex 2.5497 4.33205 -10
    endloop
  endfacet
  facet normal -0.278964 -0.960301 0
    outer loop
      vertex 0.994759 5.12433 -10
      vertex 1.23607 5.05423 -5
      vertex 0.994759 5.12433 -5
    endloop
  endfacet
  facet normal -0.278964 -0.960301 -0
    outer loop
      vertex 1.23607 5.05423 -5
      vertex 0.994759 5.12433 -10
      vertex 1.23607 5.05423 -10
    endloop
  endfacet
  facet normal 0.917752 -0.397154 0
    outer loop
      vertex -3.71911 2.7225 -5
      vertex -3.61931 2.95312 -10
      vertex -3.61931 2.95312 -5
    endloop
  endfacet
  facet normal 0.917752 -0.397154 0
    outer loop
      vertex -3.61931 2.95312 -10
      vertex -3.71911 2.7225 -5
      vertex -3.71911 2.7225 -10
    endloop
  endfacet
  facet normal -0.0941161 -0.995561 0
    outer loop
      vertex 0.251162 5.24211 -10
      vertex 0.501332 5.21846 -5
      vertex 0.251162 5.24211 -5
    endloop
  endfacet
  facet normal -0.0941161 -0.995561 -0
    outer loop
      vertex 0.501332 5.21846 -5
      vertex 0.251162 5.24211 -10
      vertex 0.501332 5.21846 -10
    endloop
  endfacet
  facet normal 0.940881 -0.338738 0
    outer loop
      vertex -3.80423 2.48607 -5
      vertex -3.71911 2.7225 -10
      vertex -3.71911 2.7225 -5
    endloop
  endfacet
  facet normal 0.940881 -0.338738 0
    outer loop
      vertex -3.71911 2.7225 -10
      vertex -3.80423 2.48607 -5
      vertex -3.80423 2.48607 -10
    endloop
  endfacet
  facet normal 0.0313984 0.999507 -0
    outer loop
      vertex 0 -2.75 -10
      vertex -0.251163 -2.74211 -5
      vertex 0 -2.75 -5
    endloop
  endfacet
  facet normal 0.0313984 0.999507 0
    outer loop
      vertex -0.251163 -2.74211 -5
      vertex 0 -2.75 -10
      vertex -0.251163 -2.74211 -10
    endloop
  endfacet
  facet normal -0.860734 0.509055 0
    outer loop
      vertex 3.37731 -0.893308 -10
      vertex 3.50523 -0.677015 -5
      vertex 3.50523 -0.677015 -10
    endloop
  endfacet
  facet normal -0.860734 0.509055 0
    outer loop
      vertex 3.50523 -0.677015 -5
      vertex 3.37731 -0.893308 -10
      vertex 3.37731 -0.893308 -5
    endloop
  endfacet
  facet normal 0.56208 -0.827083 0
    outer loop
      vertex -2.35114 4.48607 -10
      vertex -2.14331 4.62731 -5
      vertex -2.35114 4.48607 -5
    endloop
  endfacet
  facet normal 0.56208 -0.827083 0
    outer loop
      vertex -2.14331 4.62731 -5
      vertex -2.35114 4.48607 -10
      vertex -2.14331 4.62731 -10
    endloop
  endfacet
  facet normal 0.397154 -0.917752 0
    outer loop
      vertex -1.70312 4.86931 -10
      vertex -1.4725 4.96911 -5
      vertex -1.70312 4.86931 -5
    endloop
  endfacet
  facet normal 0.397154 -0.917752 0
    outer loop
      vertex -1.4725 4.96911 -5
      vertex -1.70312 4.86931 -10
      vertex -1.4725 4.96911 -10
    endloop
  endfacet
  facet normal -0.338738 0.940881 0
    outer loop
      vertex 1.4725 -2.46911 -10
      vertex 1.23607 -2.55423 -5
      vertex 1.4725 -2.46911 -5
    endloop
  endfacet
  facet normal -0.338738 0.940881 0
    outer loop
      vertex 1.23607 -2.55423 -5
      vertex 1.4725 -2.46911 -10
      vertex 1.23607 -2.55423 -10
    endloop
  endfacet
  facet normal 0.707127 0.707087 0
    outer loop
      vertex -2.73819 -1.66588 -5
      vertex -2.91587 -1.48819 -10
      vertex -2.91587 -1.48819 -5
    endloop
  endfacet
  facet normal 0.707127 0.707087 0
    outer loop
      vertex -2.91587 -1.48819 -10
      vertex -2.73819 -1.66588 -5
      vertex -2.73819 -1.66588 -10
    endloop
  endfacet
  facet normal 0.790153 -0.61291 0
    outer loop
      vertex -3.23607 3.60114 -5
      vertex -3.08205 3.7997 -10
      vertex -3.08205 3.7997 -5
    endloop
  endfacet
  facet normal 0.790153 -0.61291 0
    outer loop
      vertex -3.08205 3.7997 -10
      vertex -3.23607 3.60114 -5
      vertex -3.23607 3.60114 -10
    endloop
  endfacet
  facet normal 0.0941161 0.995561 -0
    outer loop
      vertex -0.251163 -2.74211 -10
      vertex -0.501333 -2.71846 -5
      vertex -0.251163 -2.74211 -5
    endloop
  endfacet
  facet normal 0.0941161 0.995561 0
    outer loop
      vertex -0.501333 -2.71846 -5
      vertex -0.251163 -2.74211 -10
      vertex -0.501333 -2.71846 -10
    endloop
  endfacet
  facet normal -0.0941161 0.995561 0
    outer loop
      vertex 0.501332 -2.71846 -10
      vertex 0.251162 -2.74211 -5
      vertex 0.501332 -2.71846 -5
    endloop
  endfacet
  facet normal -0.0941161 0.995561 0
    outer loop
      vertex 0.251162 -2.74211 -5
      vertex 0.501332 -2.71846 -10
      vertex 0.251162 -2.74211 -10
    endloop
  endfacet
  facet normal -0.156435 0.987688 0
    outer loop
      vertex 0.749525 -2.67915 -10
      vertex 0.501332 -2.71846 -5
      vertex 0.749525 -2.67915 -5
    endloop
  endfacet
  facet normal -0.156435 0.987688 0
    outer loop
      vertex 0.501332 -2.71846 -5
      vertex 0.749525 -2.67915 -10
      vertex 0.501332 -2.71846 -10
    endloop
  endfacet
  facet normal 0.156435 -0.987688 0
    outer loop
      vertex -0.749526 5.17915 -10
      vertex -0.501333 5.21846 -5
      vertex -0.749526 5.17915 -5
    endloop
  endfacet
  facet normal 0.156435 -0.987688 0
    outer loop
      vertex -0.501333 5.21846 -5
      vertex -0.749526 5.17915 -10
      vertex -0.501333 5.21846 -10
    endloop
  endfacet
  facet normal 0.827085 0.562077 0
    outer loop
      vertex -3.23607 -1.10114 -5
      vertex -3.37731 -0.893308 -10
      vertex -3.37731 -0.893308 -5
    endloop
  endfacet
  facet normal 0.827085 0.562077 0
    outer loop
      vertex -3.37731 -0.893308 -10
      vertex -3.23607 -1.10114 -5
      vertex -3.23607 -1.10114 -10
    endloop
  endfacet
  facet normal 0.338738 -0.940881 0
    outer loop
      vertex -1.4725 4.96911 -10
      vertex -1.23607 5.05423 -5
      vertex -1.4725 4.96911 -5
    endloop
  endfacet
  facet normal 0.338738 -0.940881 0
    outer loop
      vertex -1.23607 5.05423 -5
      vertex -1.4725 4.96911 -10
      vertex -1.23607 5.05423 -10
    endloop
  endfacet
  facet normal -0.509043 -0.860741 0
    outer loop
      vertex 1.92701 4.75523 -10
      vertex 2.14331 4.62731 -5
      vertex 1.92701 4.75523 -5
    endloop
  endfacet
  facet normal -0.509043 -0.860741 -0
    outer loop
      vertex 2.14331 4.62731 -5
      vertex 1.92701 4.75523 -10
      vertex 2.14331 4.62731 -10
    endloop
  endfacet
  facet normal -0.509043 0.860741 0
    outer loop
      vertex 2.14331 -2.12731 -10
      vertex 1.92701 -2.25523 -5
      vertex 2.14331 -2.12731 -5
    endloop
  endfacet
  facet normal -0.509043 0.860741 0
    outer loop
      vertex 1.92701 -2.25523 -5
      vertex 2.14331 -2.12731 -10
      vertex 1.92701 -2.25523 -10
    endloop
  endfacet
  facet normal 0.975914 0.218157 0
    outer loop
      vertex -3.87433 0.25524 -5
      vertex -3.92915 0.500474 -10
      vertex -3.92915 0.500474 -5
    endloop
  endfacet
  facet normal 0.975914 0.218157 0
    outer loop
      vertex -3.92915 0.500474 -10
      vertex -3.87433 0.25524 -5
      vertex -3.87433 0.25524 -10
    endloop
  endfacet
  facet normal -0.397154 0.917752 0
    outer loop
      vertex 1.70312 -2.36931 -10
      vertex 1.4725 -2.46911 -5
      vertex 1.70312 -2.36931 -5
    endloop
  endfacet
  facet normal -0.397154 0.917752 0
    outer loop
      vertex 1.4725 -2.46911 -5
      vertex 1.70312 -2.36931 -10
      vertex 1.4725 -2.46911 -10
    endloop
  endfacet
  facet normal 0.61291 0.790153 -0
    outer loop
      vertex -2.35114 -1.98607 -10
      vertex -2.5497 -1.83205 -5
      vertex -2.35114 -1.98607 -5
    endloop
  endfacet
  facet normal 0.61291 0.790153 0
    outer loop
      vertex -2.5497 -1.83205 -5
      vertex -2.35114 -1.98607 -10
      vertex -2.5497 -1.83205 -10
    endloop
  endfacet
  facet normal 0.338738 0.940881 -0
    outer loop
      vertex -1.23607 -2.55423 -10
      vertex -1.4725 -2.46911 -5
      vertex -1.23607 -2.55423 -5
    endloop
  endfacet
  facet normal 0.338738 0.940881 0
    outer loop
      vertex -1.4725 -2.46911 -5
      vertex -1.23607 -2.55423 -10
      vertex -1.4725 -2.46911 -10
    endloop
  endfacet
  facet normal 0.960301 -0.278965 0
    outer loop
      vertex -3.87433 2.24476 -5
      vertex -3.80423 2.48607 -10
      vertex -3.80423 2.48607 -5
    endloop
  endfacet
  facet normal 0.960301 -0.278965 0
    outer loop
      vertex -3.80423 2.48607 -10
      vertex -3.87433 2.24476 -5
      vertex -3.87433 2.24476 -10
    endloop
  endfacet
  facet normal -0.453998 0.891003 0
    outer loop
      vertex 1.92701 -2.25523 -10
      vertex 1.70312 -2.36931 -5
      vertex 1.92701 -2.25523 -5
    endloop
  endfacet
  facet normal -0.453998 0.891003 0
    outer loop
      vertex 1.70312 -2.36931 -5
      vertex 1.92701 -2.25523 -10
      vertex 1.70312 -2.36931 -10
    endloop
  endfacet
  facet normal 0.999507 0.0313984 0
    outer loop
      vertex -3.99211 0.998837 -5
      vertex -4 1.25 -10
      vertex -4 1.25 -5
    endloop
  endfacet
  facet normal 0.999507 0.0313984 0
    outer loop
      vertex -4 1.25 -10
      vertex -3.99211 0.998837 -5
      vertex -3.99211 0.998837 -10
    endloop
  endfacet
  facet normal 0.750104 0.66132 0
    outer loop
      vertex -2.91587 -1.48819 -5
      vertex -3.08205 -1.2997 -10
      vertex -3.08205 -1.2997 -5
    endloop
  endfacet
  facet normal 0.750104 0.66132 0
    outer loop
      vertex -3.08205 -1.2997 -10
      vertex -2.91587 -1.48819 -5
      vertex -2.91587 -1.48819 -10
    endloop
  endfacet
  facet normal 0.56208 0.827083 -0
    outer loop
      vertex -2.14331 -2.12731 -10
      vertex -2.35114 -1.98607 -5
      vertex -2.14331 -2.12731 -5
    endloop
  endfacet
  facet normal 0.56208 0.827083 0
    outer loop
      vertex -2.35114 -1.98607 -5
      vertex -2.14331 -2.12731 -10
      vertex -2.35114 -1.98607 -10
    endloop
  endfacet
  facet normal -0.917751 0.397157 0
    outer loop
      vertex 3.61931 -0.453117 -10
      vertex 3.71911 -0.222499 -5
      vertex 3.71911 -0.222499 -10
    endloop
  endfacet
  facet normal -0.917751 0.397157 0
    outer loop
      vertex 3.71911 -0.222499 -5
      vertex 3.61931 -0.453117 -10
      vertex 3.61931 -0.453117 -5
    endloop
  endfacet
  facet normal -0.975914 0.218157 0
    outer loop
      vertex 3.87433 0.25524 -10
      vertex 3.92915 0.500474 -5
      vertex 3.92915 0.500474 -10
    endloop
  endfacet
  facet normal -0.975914 0.218157 0
    outer loop
      vertex 3.92915 0.500474 -5
      vertex 3.87433 0.25524 -10
      vertex 3.87433 0.25524 -5
    endloop
  endfacet
  facet normal -0.66132 -0.750104 0
    outer loop
      vertex 2.5497 4.33205 -10
      vertex 2.73819 4.16587 -5
      vertex 2.5497 4.33205 -5
    endloop
  endfacet
  facet normal -0.66132 -0.750104 -0
    outer loop
      vertex 2.73819 4.16587 -5
      vertex 2.5497 4.33205 -10
      vertex 2.73819 4.16587 -10
    endloop
  endfacet
  facet normal -0.661298 0.750123 0
    outer loop
      vertex 2.73819 -1.66588 -10
      vertex 2.5497 -1.83205 -5
      vertex 2.73819 -1.66588 -5
    endloop
  endfacet
  facet normal -0.661298 0.750123 0
    outer loop
      vertex 2.5497 -1.83205 -5
      vertex 2.73819 -1.66588 -10
      vertex 2.5497 -1.83205 -10
    endloop
  endfacet
  facet normal -0.707127 0.707087 0
    outer loop
      vertex 2.73819 -1.66588 -10
      vertex 2.91587 -1.48819 -5
      vertex 2.91587 -1.48819 -10
    endloop
  endfacet
  facet normal -0.707127 0.707087 0
    outer loop
      vertex 2.91587 -1.48819 -5
      vertex 2.73819 -1.66588 -10
      vertex 2.73819 -1.66588 -5
    endloop
  endfacet
  facet normal 0.891003 -0.453998 0
    outer loop
      vertex -3.61931 2.95312 -5
      vertex -3.50523 3.17701 -10
      vertex -3.50523 3.17701 -5
    endloop
  endfacet
  facet normal 0.891003 -0.453998 0
    outer loop
      vertex -3.50523 3.17701 -10
      vertex -3.61931 2.95312 -5
      vertex -3.61931 2.95312 -10
    endloop
  endfacet
  facet normal 0.995561 -0.0941161 0
    outer loop
      vertex -3.99211 1.50116 -5
      vertex -3.96846 1.75133 -10
      vertex -3.96846 1.75133 -5
    endloop
  endfacet
  facet normal 0.995561 -0.0941161 0
    outer loop
      vertex -3.96846 1.75133 -10
      vertex -3.99211 1.50116 -5
      vertex -3.99211 1.50116 -10
    endloop
  endfacet
  facet normal -0.790153 0.61291 0
    outer loop
      vertex 3.08205 -1.2997 -10
      vertex 3.23607 -1.10114 -5
      vertex 3.23607 -1.10114 -10
    endloop
  endfacet
  facet normal -0.790153 0.61291 0
    outer loop
      vertex 3.23607 -1.10114 -5
      vertex 3.08205 -1.2997 -10
      vertex 3.08205 -1.2997 -5
    endloop
  endfacet
  facet normal -0.960301 0.278967 0
    outer loop
      vertex 3.80423 0.0139313 -10
      vertex 3.87433 0.25524 -5
      vertex 3.87433 0.25524 -10
    endloop
  endfacet
  facet normal -0.960301 0.278967 0
    outer loop
      vertex 3.87433 0.25524 -5
      vertex 3.80423 0.0139313 -10
      vertex 3.80423 0.0139313 -5
    endloop
  endfacet
  facet normal 0.975913 -0.218161 0
    outer loop
      vertex -3.92915 1.99953 -5
      vertex -3.87433 2.24476 -10
      vertex -3.87433 2.24476 -5
    endloop
  endfacet
  facet normal 0.975913 -0.218161 0
    outer loop
      vertex -3.87433 2.24476 -10
      vertex -3.92915 1.99953 -5
      vertex -3.92915 1.99953 -10
    endloop
  endfacet
  facet normal 0.860741 -0.509043 0
    outer loop
      vertex -3.50523 3.17701 -5
      vertex -3.37731 3.39331 -10
      vertex -3.37731 3.39331 -5
    endloop
  endfacet
  facet normal 0.860741 -0.509043 0
    outer loop
      vertex -3.37731 3.39331 -10
      vertex -3.50523 3.17701 -5
      vertex -3.50523 3.17701 -10
    endloop
  endfacet
  facet normal 0.999507 -0.0313987 0
    outer loop
      vertex -4 1.25 -5
      vertex -3.99211 1.50116 -10
      vertex -3.99211 1.50116 -5
    endloop
  endfacet
  facet normal 0.999507 -0.0313987 0
    outer loop
      vertex -3.99211 1.50116 -10
      vertex -4 1.25 -5
      vertex -4 1.25 -10
    endloop
  endfacet
  facet normal 0.397154 0.917752 -0
    outer loop
      vertex -1.4725 -2.46911 -10
      vertex -1.70312 -2.36931 -5
      vertex -1.4725 -2.46911 -5
    endloop
  endfacet
  facet normal 0.397154 0.917752 0
    outer loop
      vertex -1.70312 -2.36931 -5
      vertex -1.4725 -2.46911 -10
      vertex -1.70312 -2.36931 -10
    endloop
  endfacet
  facet normal 0.278965 -0.960301 0
    outer loop
      vertex -1.23607 5.05423 -10
      vertex -0.99476 5.12433 -5
      vertex -1.23607 5.05423 -5
    endloop
  endfacet
  facet normal 0.278965 -0.960301 0
    outer loop
      vertex -0.99476 5.12433 -5
      vertex -1.23607 5.05423 -10
      vertex -0.99476 5.12433 -10
    endloop
  endfacet
  facet normal 0.218157 0.975914 -0
    outer loop
      vertex -0.749526 -2.67915 -10
      vertex -0.99476 -2.62433 -5
      vertex -0.749526 -2.67915 -5
    endloop
  endfacet
  facet normal 0.218157 0.975914 0
    outer loop
      vertex -0.99476 -2.62433 -5
      vertex -0.749526 -2.67915 -10
      vertex -0.99476 -2.62433 -10
    endloop
  endfacet
  facet normal 0.278965 0.960301 -0
    outer loop
      vertex -0.99476 -2.62433 -10
      vertex -1.23607 -2.55423 -5
      vertex -0.99476 -2.62433 -5
    endloop
  endfacet
  facet normal 0.278965 0.960301 0
    outer loop
      vertex -1.23607 -2.55423 -5
      vertex -0.99476 -2.62433 -10
      vertex -1.23607 -2.55423 -10
    endloop
  endfacet
  facet normal -0.891009 0.453985 0
    outer loop
      vertex 3.50523 -0.677015 -10
      vertex 3.61931 -0.453117 -5
      vertex 3.61931 -0.453117 -10
    endloop
  endfacet
  facet normal -0.891009 0.453985 0
    outer loop
      vertex 3.61931 -0.453117 -5
      vertex 3.50523 -0.677015 -10
      vertex 3.50523 -0.677015 -5
    endloop
  endfacet
  facet normal 0.860734 0.509055 0
    outer loop
      vertex -3.37731 -0.893308 -5
      vertex -3.50523 -0.677015 -10
      vertex -3.50523 -0.677015 -5
    endloop
  endfacet
  facet normal 0.860734 0.509055 0
    outer loop
      vertex -3.50523 -0.677015 -10
      vertex -3.37731 -0.893308 -5
      vertex -3.37731 -0.893308 -10
    endloop
  endfacet
  facet normal 0.750104 -0.66132 0
    outer loop
      vertex -3.08205 3.7997 -5
      vertex -2.91587 3.98819 -10
      vertex -2.91587 3.98819 -5
    endloop
  endfacet
  facet normal 0.750104 -0.66132 0
    outer loop
      vertex -2.91587 3.98819 -10
      vertex -3.08205 3.7997 -5
      vertex -3.08205 3.7997 -10
    endloop
  endfacet
  facet normal 0 0 1
    outer loop
      vertex 7.4852 1.72093 10
      vertex 3.99211 1.50116 10
      vertex 4 1.25 10
    endloop
  endfacet
  facet normal 0 0 1
    outer loop
      vertex 4.40839 7.31763 10
      vertex 3.96846 1.75133 10
      vertex 3.99211 1.50116 10
    endloop
  endfacet
  facet normal 0 0 1
    outer loop
      vertex 4.40839 7.31763 10
      vertex 3.92915 1.99953 10
      vertex 3.96846 1.75133 10
    endloop
  endfacet
  facet normal 0 0 1
    outer loop
      vertex 4.40839 7.31763 10
      vertex 3.87433 2.24476 10
      vertex 3.92915 1.99953 10
    endloop
  endfacet
  facet normal 0 0 1
    outer loop
      vertex 4.40839 7.31763 10
      vertex 3.80423 2.48607 10
      vertex 3.87433 2.24476 10
    endloop
  endfacet
  facet normal 0 0 1
    outer loop
      vertex 4.40839 7.31763 10
      vertex 3.71911 2.7225 10
      vertex 3.80423 2.48607 10
    endloop
  endfacet
  facet normal 0 0 1
    outer loop
      vertex 4.40839 7.31763 10
      vertex 3.61931 2.95312 10
      vertex 3.71911 2.7225 10
    endloop
  endfacet
  facet normal 0 0 1
    outer loop
      vertex 2.14331 4.62731 10
      vertex 4.0187 7.58246 10
      vertex 3.61315 7.8223 10
    endloop
  endfacet
  facet normal 0 0 1
    outer loop
      vertex 4.40839 7.31763 10
      vertex 3.50523 3.17701 10
      vertex 3.61931 2.95312 10
    endloop
  endfacet
  facet normal 0 0 1
    outer loop
      vertex 4.40839 7.31763 10
      vertex 3.37731 3.39331 10
      vertex 3.50523 3.17701 10
    endloop
  endfacet
  facet normal 0 0 1
    outer loop
      vertex 4.40839 7.31763 10
      vertex 3.23607 3.60114 10
      vertex 3.37731 3.39331 10
    endloop
  endfacet
  facet normal 0 0 1
    outer loop
      vertex 1.92701 4.75523 10
      vertex 3.61315 7.8223 10
      vertex 3.19334 8.0362 10
    endloop
  endfacet
  facet normal 0 0 1
    outer loop
      vertex 4.40839 7.31763 10
      vertex 3.08205 3.7997 10
      vertex 3.23607 3.60114 10
    endloop
  endfacet
  facet normal 0 0 1
    outer loop
      vertex 4.40839 7.31763 10
      vertex 2.91587 3.98819 10
      vertex 3.08205 3.7997 10
    endloop
  endfacet
  facet normal 0 0 1
    outer loop
      vertex 1.70312 4.86931 10
      vertex 3.19334 8.0362 10
      vertex 2.76093 8.22332 10
    endloop
  endfacet
  facet normal 0 0 1
    outer loop
      vertex 4.40839 7.31763 10
      vertex 2.73819 4.16587 10
      vertex 2.91587 3.98819 10
    endloop
  endfacet
  facet normal 0 0 1
    outer loop
      vertex 4.40839 7.31763 10
      vertex 2.5497 4.33205 10
      vertex 2.73819 4.16587 10
    endloop
  endfacet
  facet normal 0 0 1
    outer loop
      vertex 4.40839 7.31763 10
      vertex 2.35114 4.48607 10
      vertex 2.5497 4.33205 10
    endloop
  endfacet
  facet normal 0 0 1
    outer loop
      vertex 1.4725 4.96911 10
      vertex 2.76093 8.22332 10
      vertex 2.31763 8.38292 10
    endloop
  endfacet
  facet normal 0 0 1
    outer loop
      vertex 4.0187 7.58246 10
      vertex 2.14331 4.62731 10
      vertex 2.35114 4.48607 10
    endloop
  endfacet
  facet normal 0 0 1
    outer loop
      vertex 3.61315 7.8223 10
      vertex 1.92701 4.75523 10
      vertex 2.14331 4.62731 10
    endloop
  endfacet
  facet normal 0 0 1
    outer loop
      vertex 1.23607 5.05423 10
      vertex 2.31763 8.38292 10
      vertex 1.86517 8.51437 10
    endloop
  endfacet
  facet normal 0 0 1
    outer loop
      vertex 3.19334 8.0362 10
      vertex 1.70312 4.86931 10
      vertex 1.92701 4.75523 10
    endloop
  endfacet
  facet normal 0 0 1
    outer loop
      vertex 2.76093 8.22332 10
      vertex 1.4725 4.96911 10
      vertex 1.70312 4.86931 10
    endloop
  endfacet
  facet normal 0 0 1
    outer loop
      vertex 0.994759 5.12433 10
      vertex 1.86517 8.51437 10
      vertex 1.40536 8.61715 10
    endloop
  endfacet
  facet normal 0 0 1
    outer loop
      vertex 2.31763 8.38292 10
      vertex 1.23607 5.05423 10
      vertex 1.4725 4.96911 10
    endloop
  endfacet
  facet normal 0 0 1
    outer loop
      vertex 1.86517 8.51437 10
      vertex 0.994759 5.12433 10
      vertex 1.23607 5.05423 10
    endloop
  endfacet
  facet normal 0 0 1
    outer loop
      vertex 0.749525 5.17915 10
      vertex 1.40536 8.61715 10
      vertex 0.939999 8.69086 10
    endloop
  endfacet
  facet normal 0 0 1
    outer loop
      vertex 1.40536 8.61715 10
      vertex 0.749525 5.17915 10
      vertex 0.994759 5.12433 10
    endloop
  endfacet
  facet normal 0 0 1
    outer loop
      vertex 0.939999 8.69086 10
      vertex 0.501332 5.21846 10
      vertex 0.749525 5.17915 10
    endloop
  endfacet
  facet normal 0 0 1
    outer loop
      vertex 0.470928 8.7352 10
      vertex 0.501332 5.21846 10
      vertex 0.939999 8.69086 10
    endloop
  endfacet
  facet normal 0 0 1
    outer loop
      vertex 0.470928 8.7352 10
      vertex 0.251162 5.24211 10
      vertex 0.501332 5.21846 10
    endloop
  endfacet
  facet normal 0 0 1
    outer loop
      vertex 0 8.75 10
      vertex 0.251162 5.24211 10
      vertex 0.470928 8.7352 10
    endloop
  endfacet
  facet normal 0 0 1
    outer loop
      vertex 0 8.75 10
      vertex 0 5.25 10
      vertex 0.251162 5.24211 10
    endloop
  endfacet
  facet normal 0 0 1
    outer loop
      vertex 0 8.75 10
      vertex -0.251163 5.24211 10
      vertex 0 5.25 10
    endloop
  endfacet
  facet normal -0 0 1
    outer loop
      vertex -0.470929 8.7352 10
      vertex -0.251163 5.24211 10
      vertex 0 8.75 10
    endloop
  endfacet
  facet normal 0 0 1
    outer loop
      vertex -0.470929 8.7352 10
      vertex -0.501333 5.21846 10
      vertex -0.251163 5.24211 10
    endloop
  endfacet
  facet normal -0 0 1
    outer loop
      vertex -0.94 8.69086 10
      vertex -0.501333 5.21846 10
      vertex -0.470929 8.7352 10
    endloop
  endfacet
  facet normal 0 0 1
    outer loop
      vertex -0.501333 5.21846 10
      vertex -0.94 8.69086 10
      vertex -0.749526 5.17915 10
    endloop
  endfacet
  facet normal -0 0 1
    outer loop
      vertex -1.40536 8.61715 10
      vertex -0.749526 5.17915 10
      vertex -0.94 8.69086 10
    endloop
  endfacet
  facet normal 0 0 1
    outer loop
      vertex -0.749526 5.17915 10
      vertex -1.40536 8.61715 10
      vertex -0.99476 5.12433 10
    endloop
  endfacet
  facet normal -0 0 1
    outer loop
      vertex -1.86517 8.51437 10
      vertex -0.99476 5.12433 10
      vertex -1.40536 8.61715 10
    endloop
  endfacet
  facet normal 0 0 1
    outer loop
      vertex -0.99476 5.12433 10
      vertex -1.86517 8.51437 10
      vertex -1.23607 5.05423 10
    endloop
  endfacet
  facet normal -0 0 1
    outer loop
      vertex -2.31763 8.38292 10
      vertex -1.23607 5.05423 10
      vertex -1.86517 8.51437 10
    endloop
  endfacet
  facet normal 0 0 1
    outer loop
      vertex -1.23607 5.05423 10
      vertex -2.31763 8.38292 10
      vertex -1.4725 4.96911 10
    endloop
  endfacet
  facet normal -0 0 1
    outer loop
      vertex -2.76093 8.22332 10
      vertex -1.4725 4.96911 10
      vertex -2.31763 8.38292 10
    endloop
  endfacet
  facet normal 0 0 1
    outer loop
      vertex -1.4725 4.96911 10
      vertex -2.76093 8.22332 10
      vertex -1.70312 4.86931 10
    endloop
  endfacet
  facet normal -0 0 1
    outer loop
      vertex -3.19334 8.0362 10
      vertex -1.70312 4.86931 10
      vertex -2.76093 8.22332 10
    endloop
  endfacet
  facet normal 0 0 1
    outer loop
      vertex -1.70312 4.86931 10
      vertex -3.19334 8.0362 10
      vertex -1.92702 4.75523 10
    endloop
  endfacet
  facet normal -0 0 1
    outer loop
      vertex -3.61315 7.8223 10
      vertex -1.92702 4.75523 10
      vertex -3.19334 8.0362 10
    endloop
  endfacet
  facet normal 0 0 1
    outer loop
      vertex -1.92702 4.75523 10
      vertex -3.61315 7.8223 10
      vertex -2.14331 4.62731 10
    endloop
  endfacet
  facet normal -0 0 1
    outer loop
      vertex -4.0187 7.58246 10
      vertex -2.14331 4.62731 10
      vertex -3.61315 7.8223 10
    endloop
  endfacet
  facet normal 0 0 1
    outer loop
      vertex -2.14331 4.62731 10
      vertex -4.0187 7.58246 10
      vertex -2.35114 4.48607 10
    endloop
  endfacet
  facet normal -0 0 1
    outer loop
      vertex -4.40839 7.31763 10
      vertex -2.35114 4.48607 10
      vertex -4.0187 7.58246 10
    endloop
  endfacet
  facet normal 0 0 1
    outer loop
      vertex -2.35114 4.48607 10
      vertex -4.40839 7.31763 10
      vertex -2.5497 4.33205 10
    endloop
  endfacet
  facet normal -0 0 1
    outer loop
      vertex -4.78068 7.02885 10
      vertex -2.5497 4.33205 10
      vertex -4.40839 7.31763 10
    endloop
  endfacet
  facet normal 0 0 1
    outer loop
      vertex -2.5497 4.33205 10
      vertex -4.78068 7.02885 10
      vertex -2.73819 4.16587 10
    endloop
  endfacet
  facet normal -0 0 1
    outer loop
      vertex -5.1341 6.71726 10
      vertex -2.73819 4.16587 10
      vertex -4.78068 7.02885 10
    endloop
  endfacet
  facet normal 0 0 1
    outer loop
      vertex -2.73819 4.16587 10
      vertex -5.1341 6.71726 10
      vertex -2.91587 3.98819 10
    endloop
  endfacet
  facet normal -0 0 1
    outer loop
      vertex -5.46726 6.3841 10
      vertex -2.91587 3.98819 10
      vertex -5.1341 6.71726 10
    endloop
  endfacet
  facet normal 0 0 1
    outer loop
      vertex -2.91587 3.98819 10
      vertex -5.46726 6.3841 10
      vertex -3.08205 3.7997 10
    endloop
  endfacet
  facet normal -0 0 1
    outer loop
      vertex -5.77885 6.03068 10
      vertex -3.08205 3.7997 10
      vertex -5.46726 6.3841 10
    endloop
  endfacet
  facet normal 0 0 1
    outer loop
      vertex -3.08205 3.7997 10
      vertex -5.77885 6.03068 10
      vertex -3.23607 3.60114 10
    endloop
  endfacet
  facet normal -0 0 1
    outer loop
      vertex -6.06763 5.65839 10
      vertex -3.23607 3.60114 10
      vertex -5.77885 6.03068 10
    endloop
  endfacet
  facet normal 0 0 1
    outer loop
      vertex -3.23607 3.60114 10
      vertex -6.06763 5.65839 10
      vertex -3.37731 3.39331 10
    endloop
  endfacet
  facet normal -0 0 1
    outer loop
      vertex -6.33246 5.2687 10
      vertex -3.37731 3.39331 10
      vertex -6.06763 5.65839 10
    endloop
  endfacet
  facet normal -0 0 1
    outer loop
      vertex -6.5723 4.86315 10
      vertex -3.50523 3.17701 10
      vertex -6.33246 5.2687 10
    endloop
  endfacet
  facet normal 0 0 1
    outer loop
      vertex -3.37731 3.39331 10
      vertex -6.33246 5.2687 10
      vertex -3.50523 3.17701 10
    endloop
  endfacet
  facet normal 0 0 1
    outer loop
      vertex 4 1.25 10
      vertex 7.5 1.25 10
      vertex 7.4852 1.72093 10
    endloop
  endfacet
  facet normal 0 0 1
    outer loop
      vertex 3.99211 1.50116 10
      vertex 7.4852 1.72093 10
      vertex 7.44086 2.19 10
    endloop
  endfacet
  facet normal 0 0 1
    outer loop
      vertex 3.99211 1.50116 10
      vertex 7.44086 2.19 10
      vertex 7.36715 2.65536 10
    endloop
  endfacet
  facet normal 0 0 1
    outer loop
      vertex 3.99211 1.50116 10
      vertex 7.36715 2.65536 10
      vertex 7.26437 3.11517 10
    endloop
  endfacet
  facet normal 0 0 1
    outer loop
      vertex 3.99211 1.50116 10
      vertex 7.26437 3.11517 10
      vertex 7.13292 3.56763 10
    endloop
  endfacet
  facet normal 0 0 1
    outer loop
      vertex 3.99211 1.50116 10
      vertex 7.13292 3.56763 10
      vertex 6.97332 4.01093 10
    endloop
  endfacet
  facet normal 0 0 1
    outer loop
      vertex 3.99211 1.50116 10
      vertex 6.97332 4.01093 10
      vertex 6.7862 4.44334 10
    endloop
  endfacet
  facet normal 0 0 1
    outer loop
      vertex 3.99211 1.50116 10
      vertex 6.7862 4.44334 10
      vertex 6.5723 4.86315 10
    endloop
  endfacet
  facet normal 0 0 1
    outer loop
      vertex 3.99211 1.50116 10
      vertex 6.5723 4.86315 10
      vertex 6.33246 5.2687 10
    endloop
  endfacet
  facet normal 0 0 1
    outer loop
      vertex 3.99211 1.50116 10
      vertex 6.33246 5.2687 10
      vertex 6.06763 5.65839 10
    endloop
  endfacet
  facet normal 0 0 1
    outer loop
      vertex 3.99211 1.50116 10
      vertex 6.06763 5.65839 10
      vertex 5.77885 6.03068 10
    endloop
  endfacet
  facet normal 0 0 1
    outer loop
      vertex 3.99211 1.50116 10
      vertex 5.77885 6.03068 10
      vertex 5.46726 6.3841 10
    endloop
  endfacet
  facet normal 0 0 1
    outer loop
      vertex 3.99211 1.50116 10
      vertex 5.46726 6.3841 10
      vertex 5.1341 6.71726 10
    endloop
  endfacet
  facet normal 0 0 1
    outer loop
      vertex 3.99211 1.50116 10
      vertex 5.1341 6.71726 10
      vertex 4.78068 7.02885 10
    endloop
  endfacet
  facet normal 0 0 1
    outer loop
      vertex 3.99211 1.50116 10
      vertex 4.78068 7.02885 10
      vertex 4.40839 7.31763 10
    endloop
  endfacet
  facet normal 0 0 1
    outer loop
      vertex 2.35114 4.48607 10
      vertex 4.40839 7.31763 10
      vertex 4.0187 7.58246 10
    endloop
  endfacet
  facet normal 0 0 1
    outer loop
      vertex 7.5 1.25 10
      vertex 4 1.25 10
      vertex 3.99211 0.998837 10
    endloop
  endfacet
  facet normal 0 0 1
    outer loop
      vertex 7.5 1.25 10
      vertex 3.99211 0.998837 10
      vertex 3.96846 0.748667 10
    endloop
  endfacet
  facet normal 0 0 1
    outer loop
      vertex 7.5 1.25 10
      vertex 3.96846 0.748667 10
      vertex 3.92915 0.500474 10
    endloop
  endfacet
  facet normal 0 0 1
    outer loop
      vertex 7.5 1.25 10
      vertex 3.92915 0.500474 10
      vertex 3.87433 0.25524 10
    endloop
  endfacet
  facet normal 0 0 1
    outer loop
      vertex 7.5 1.25 10
      vertex 3.87433 0.25524 10
      vertex 3.80423 0.0139313 10
    endloop
  endfacet
  facet normal 0 0 1
    outer loop
      vertex 7.5 1.25 10
      vertex 3.80423 0.0139313 10
      vertex 3.71911 -0.222499 10
    endloop
  endfacet
  facet normal 0 0 1
    outer loop
      vertex 7.5 1.25 10
      vertex 3.71911 -0.222499 10
      vertex 3.61931 -0.453117 10
    endloop
  endfacet
  facet normal 0 0 1
    outer loop
      vertex 7.5 1.25 10
      vertex 3.61931 -0.453117 10
      vertex 3.50523 -0.677015 10
    endloop
  endfacet
  facet normal 0 0 1
    outer loop
      vertex 7.5 1.25 10
      vertex 3.50523 -0.677015 10
      vertex 3.37731 -0.893308 10
    endloop
  endfacet
  facet normal 0 0 1
    outer loop
      vertex 7.5 1.25 10
      vertex 3.37731 -0.893308 10
      vertex 7.5 -8.75 10
    endloop
  endfacet
  facet normal -0 0 1
    outer loop
      vertex 3.23607 -1.10114 10
      vertex 7.5 -8.75 10
      vertex 3.37731 -0.893308 10
    endloop
  endfacet
  facet normal -0 0 1
    outer loop
      vertex 3.08205 -1.2997 10
      vertex 7.5 -8.75 10
      vertex 3.23607 -1.10114 10
    endloop
  endfacet
  facet normal -0 0 1
    outer loop
      vertex 2.91587 -1.48819 10
      vertex 7.5 -8.75 10
      vertex 3.08205 -1.2997 10
    endloop
  endfacet
  facet normal -0 0 1
    outer loop
      vertex 2.73819 -1.66588 10
      vertex 7.5 -8.75 10
      vertex 2.91587 -1.48819 10
    endloop
  endfacet
  facet normal -0 0 1
    outer loop
      vertex 2.5497 -1.83205 10
      vertex 7.5 -8.75 10
      vertex 2.73819 -1.66588 10
    endloop
  endfacet
  facet normal -0 0 1
    outer loop
      vertex 2.35114 -1.98607 10
      vertex 7.5 -8.75 10
      vertex 2.5497 -1.83205 10
    endloop
  endfacet
  facet normal -0 0 1
    outer loop
      vertex 2.14331 -2.12731 10
      vertex 7.5 -8.75 10
      vertex 2.35114 -1.98607 10
    endloop
  endfacet
  facet normal -0 0 1
    outer loop
      vertex 1.92701 -2.25523 10
      vertex 7.5 -8.75 10
      vertex 2.14331 -2.12731 10
    endloop
  endfacet
  facet normal -0 0 1
    outer loop
      vertex 1.70312 -2.36931 10
      vertex 7.5 -8.75 10
      vertex 1.92701 -2.25523 10
    endloop
  endfacet
  facet normal -0 0 1
    outer loop
      vertex 1.4725 -2.46911 10
      vertex 7.5 -8.75 10
      vertex 1.70312 -2.36931 10
    endloop
  endfacet
  facet normal -0 0 1
    outer loop
      vertex 1.23607 -2.55423 10
      vertex 7.5 -8.75 10
      vertex 1.4725 -2.46911 10
    endloop
  endfacet
  facet normal -0 0 1
    outer loop
      vertex 0.994759 -2.62433 10
      vertex 7.5 -8.75 10
      vertex 1.23607 -2.55423 10
    endloop
  endfacet
  facet normal -0 0 1
    outer loop
      vertex 0.749525 -2.67915 10
      vertex 7.5 -8.75 10
      vertex 0.994759 -2.62433 10
    endloop
  endfacet
  facet normal -0 0 1
    outer loop
      vertex 0.501332 -2.71846 10
      vertex 7.5 -8.75 10
      vertex 0.749525 -2.67915 10
    endloop
  endfacet
  facet normal -0 0 1
    outer loop
      vertex 0.251162 -2.74211 10
      vertex 7.5 -8.75 10
      vertex 0.501332 -2.71846 10
    endloop
  endfacet
  facet normal -0 0 1
    outer loop
      vertex 0 -2.75 10
      vertex 7.5 -8.75 10
      vertex 0.251162 -2.74211 10
    endloop
  endfacet
  facet normal 0 0 1
    outer loop
      vertex -7.5 -8.75 10
      vertex 0 -2.75 10
      vertex -0.251163 -2.74211 10
    endloop
  endfacet
  facet normal 0 0 1
    outer loop
      vertex -7.5 -8.75 10
      vertex -0.251163 -2.74211 10
      vertex -0.501333 -2.71846 10
    endloop
  endfacet
  facet normal 0 0 1
    outer loop
      vertex -7.5 -8.75 10
      vertex -0.501333 -2.71846 10
      vertex -0.749526 -2.67915 10
    endloop
  endfacet
  facet normal 0 0 1
    outer loop
      vertex -7.5 -8.75 10
      vertex -0.749526 -2.67915 10
      vertex -0.99476 -2.62433 10
    endloop
  endfacet
  facet normal 0 0 1
    outer loop
      vertex -7.5 -8.75 10
      vertex -0.99476 -2.62433 10
      vertex -1.23607 -2.55423 10
    endloop
  endfacet
  facet normal 0 0 1
    outer loop
      vertex -7.5 -8.75 10
      vertex -1.23607 -2.55423 10
      vertex -1.4725 -2.46911 10
    endloop
  endfacet
  facet normal 0 0 1
    outer loop
      vertex -7.5 -8.75 10
      vertex -1.4725 -2.46911 10
      vertex -1.70312 -2.36931 10
    endloop
  endfacet
  facet normal 0 0 1
    outer loop
      vertex -7.5 -8.75 10
      vertex -1.70312 -2.36931 10
      vertex -1.92702 -2.25523 10
    endloop
  endfacet
  facet normal 0 0 1
    outer loop
      vertex -7.5 -8.75 10
      vertex -1.92702 -2.25523 10
      vertex -2.14331 -2.12731 10
    endloop
  endfacet
  facet normal 0 0 1
    outer loop
      vertex -7.5 -8.75 10
      vertex -2.14331 -2.12731 10
      vertex -2.35114 -1.98607 10
    endloop
  endfacet
  facet normal 0 0 1
    outer loop
      vertex -3.50523 3.17701 10
      vertex -6.5723 4.86315 10
      vertex -3.61931 2.95312 10
    endloop
  endfacet
  facet normal -0 0 1
    outer loop
      vertex -6.7862 4.44334 10
      vertex -3.61931 2.95312 10
      vertex -6.5723 4.86315 10
    endloop
  endfacet
  facet normal 0 0 1
    outer loop
      vertex -3.61931 2.95312 10
      vertex -6.7862 4.44334 10
      vertex -3.71911 2.7225 10
    endloop
  endfacet
  facet normal -0 0 1
    outer loop
      vertex -6.97332 4.01093 10
      vertex -3.71911 2.7225 10
      vertex -6.7862 4.44334 10
    endloop
  endfacet
  facet normal 0 0 1
    outer loop
      vertex -3.71911 2.7225 10
      vertex -6.97332 4.01093 10
      vertex -3.80423 2.48607 10
    endloop
  endfacet
  facet normal -0 0 1
    outer loop
      vertex -7.13292 3.56763 10
      vertex -3.80423 2.48607 10
      vertex -6.97332 4.01093 10
    endloop
  endfacet
  facet normal 0 0 1
    outer loop
      vertex -3.80423 2.48607 10
      vertex -7.13292 3.56763 10
      vertex -3.87433 2.24476 10
    endloop
  endfacet
  facet normal -0 0 1
    outer loop
      vertex -7.26437 3.11517 10
      vertex -3.87433 2.24476 10
      vertex -7.13292 3.56763 10
    endloop
  endfacet
  facet normal 0 0 1
    outer loop
      vertex -3.87433 2.24476 10
      vertex -7.26437 3.11517 10
      vertex -3.92915 1.99953 10
    endloop
  endfacet
  facet normal -0 0 1
    outer loop
      vertex -7.36715 2.65536 10
      vertex -3.92915 1.99953 10
      vertex -7.26437 3.11517 10
    endloop
  endfacet
  facet normal 0 0 1
    outer loop
      vertex -3.92915 1.99953 10
      vertex -7.36715 2.65536 10
      vertex -3.96846 1.75133 10
    endloop
  endfacet
  facet normal -0 0 1
    outer loop
      vertex -7.44086 2.19 10
      vertex -3.96846 1.75133 10
      vertex -7.36715 2.65536 10
    endloop
  endfacet
  facet normal 0 0 1
    outer loop
      vertex -3.96846 1.75133 10
      vertex -7.44086 2.19 10
      vertex -3.99211 1.50116 10
    endloop
  endfacet
  facet normal -0 0 1
    outer loop
      vertex -7.4852 1.72093 10
      vertex -3.99211 1.50116 10
      vertex -7.44086 2.19 10
    endloop
  endfacet
  facet normal 0 0 1
    outer loop
      vertex -3.99211 1.50116 10
      vertex -7.4852 1.72093 10
      vertex -4 1.25 10
    endloop
  endfacet
  facet normal 0 0 1
    outer loop
      vertex -7.5 1.25 10
      vertex -4 1.25 10
      vertex -7.4852 1.72093 10
    endloop
  endfacet
  facet normal 0 0 1
    outer loop
      vertex -4 1.25 10
      vertex -7.5 1.25 10
      vertex -3.99211 0.998837 10
    endloop
  endfacet
  facet normal 0 0 1
    outer loop
      vertex -3.99211 0.998837 10
      vertex -7.5 1.25 10
      vertex -3.96846 0.748667 10
    endloop
  endfacet
  facet normal 0 0 1
    outer loop
      vertex -3.96846 0.748667 10
      vertex -7.5 1.25 10
      vertex -3.92915 0.500474 10
    endloop
  endfacet
  facet normal 0 0 1
    outer loop
      vertex -3.92915 0.500474 10
      vertex -7.5 1.25 10
      vertex -3.87433 0.25524 10
    endloop
  endfacet
  facet normal 0 0 1
    outer loop
      vertex -3.87433 0.25524 10
      vertex -7.5 1.25 10
      vertex -3.80423 0.0139313 10
    endloop
  endfacet
  facet normal 0 0 1
    outer loop
      vertex -3.80423 0.0139313 10
      vertex -7.5 1.25 10
      vertex -3.71911 -0.222499 10
    endloop
  endfacet
  facet normal 0 0 1
    outer loop
      vertex -3.71911 -0.222499 10
      vertex -7.5 1.25 10
      vertex -3.61931 -0.453117 10
    endloop
  endfacet
  facet normal 0 0 1
    outer loop
      vertex -3.61931 -0.453117 10
      vertex -7.5 1.25 10
      vertex -3.50523 -0.677015 10
    endloop
  endfacet
  facet normal 0 0 1
    outer loop
      vertex -3.50523 -0.677015 10
      vertex -7.5 1.25 10
      vertex -3.37731 -0.893308 10
    endloop
  endfacet
  facet normal 0 0 1
    outer loop
      vertex -7.5 -8.75 10
      vertex -3.37731 -0.893308 10
      vertex -7.5 1.25 10
    endloop
  endfacet
  facet normal 0 0 1
    outer loop
      vertex -3.37731 -0.893308 10
      vertex -7.5 -8.75 10
      vertex -3.23607 -1.10114 10
    endloop
  endfacet
  facet normal 0 0 1
    outer loop
      vertex -3.23607 -1.10114 10
      vertex -7.5 -8.75 10
      vertex -3.08205 -1.2997 10
    endloop
  endfacet
  facet normal 0 0 1
    outer loop
      vertex -3.08205 -1.2997 10
      vertex -7.5 -8.75 10
      vertex -2.91587 -1.48819 10
    endloop
  endfacet
  facet normal 0 0 1
    outer loop
      vertex -2.91587 -1.48819 10
      vertex -7.5 -8.75 10
      vertex -2.73819 -1.66588 10
    endloop
  endfacet
  facet normal 0 0 1
    outer loop
      vertex -2.73819 -1.66588 10
      vertex -7.5 -8.75 10
      vertex -2.5497 -1.83205 10
    endloop
  endfacet
  facet normal 0 0 1
    outer loop
      vertex -2.5497 -1.83205 10
      vertex -7.5 -8.75 10
      vertex -2.35114 -1.98607 10
    endloop
  endfacet
  facet normal 0 0 1
    outer loop
      vertex 0 -2.75 10
      vertex -7.5 -8.75 10
      vertex 7.5 -8.75 10
    endloop
  endfacet
  facet normal 0 0 -1
    outer loop
      vertex 3.71911 -0.222499 5
      vertex 7.5 1.25 5
      vertex 7.5 -3.75 5
    endloop
  endfacet
  facet normal 0 -0 -1
    outer loop
      vertex 3.87433 0.25524 5
      vertex 7.5 1.25 5
      vertex 3.80423 0.0139313 5
    endloop
  endfacet
  facet normal 0 -0 -1
    outer loop
      vertex 3.92915 0.500474 5
      vertex 7.5 1.25 5
      vertex 3.87433 0.25524 5
    endloop
  endfacet
  facet normal 0 -0 -1
    outer loop
      vertex 3.99211 0.998837 5
      vertex 7.5 1.25 5
      vertex 3.96846 0.748667 5
    endloop
  endfacet
  facet normal 0 0 -1
    outer loop
      vertex 7.5 1.25 5
      vertex 4 1.25 5
      vertex 7.4852 1.72093 5
    endloop
  endfacet
  facet normal 0 0 -1
    outer loop
      vertex 3.99211 1.50116 5
      vertex 7.4852 1.72093 5
      vertex 4 1.25 5
    endloop
  endfacet
  facet normal 0 0 -1
    outer loop
      vertex 3.96846 1.75133 5
      vertex 7.44086 2.19 5
      vertex 3.99211 1.50116 5
    endloop
  endfacet
  facet normal 0 0 -1
    outer loop
      vertex 3.92915 1.99953 5
      vertex 7.36715 2.65536 5
      vertex 3.96846 1.75133 5
    endloop
  endfacet
  facet normal -0 0 -1
    outer loop
      vertex 7.36715 2.65536 5
      vertex 3.92915 1.99953 5
      vertex 7.26437 3.11517 5
    endloop
  endfacet
  facet normal -0 0 -1
    outer loop
      vertex 7.26437 3.11517 5
      vertex 3.87433 2.24476 5
      vertex 7.13292 3.56763 5
    endloop
  endfacet
  facet normal 0 0 -1
    outer loop
      vertex 3.80423 2.48607 5
      vertex 7.13292 3.56763 5
      vertex 3.87433 2.24476 5
    endloop
  endfacet
  facet normal 0 0 -1
    outer loop
      vertex 3.71911 2.7225 5
      vertex 6.97332 4.01093 5
      vertex 3.80423 2.48607 5
    endloop
  endfacet
  facet normal -0 0 -1
    outer loop
      vertex 6.97332 4.01093 5
      vertex 3.71911 2.7225 5
      vertex 6.7862 4.44334 5
    endloop
  endfacet
  facet normal -0 0 -1
    outer loop
      vertex 6.7862 4.44334 5
      vertex 3.61931 2.95312 5
      vertex 6.5723 4.86315 5
    endloop
  endfacet
  facet normal -0 0 -1
    outer loop
      vertex 6.5723 4.86315 5
      vertex 3.50523 3.17701 5
      vertex 6.33246 5.2687 5
    endloop
  endfacet
  facet normal 0 0 -1
    outer loop
      vertex 3.37731 3.39331 5
      vertex 6.33246 5.2687 5
      vertex 3.50523 3.17701 5
    endloop
  endfacet
  facet normal -0 0 -1
    outer loop
      vertex 7.13292 3.56763 5
      vertex 3.80423 2.48607 5
      vertex 6.97332 4.01093 5
    endloop
  endfacet
  facet normal 0 0 -1
    outer loop
      vertex 3.87433 2.24476 5
      vertex 7.26437 3.11517 5
      vertex 3.92915 1.99953 5
    endloop
  endfacet
  facet normal -0 0 -1
    outer loop
      vertex 7.44086 2.19 5
      vertex 3.96846 1.75133 5
      vertex 7.36715 2.65536 5
    endloop
  endfacet
  facet normal -0 0 -1
    outer loop
      vertex 7.4852 1.72093 5
      vertex 3.99211 1.50116 5
      vertex 7.44086 2.19 5
    endloop
  endfacet
  facet normal 0 -0 -1
    outer loop
      vertex 4 1.25 5
      vertex 7.5 1.25 5
      vertex 3.99211 0.998837 5
    endloop
  endfacet
  facet normal 0 -0 -1
    outer loop
      vertex 3.96846 0.748667 5
      vertex 7.5 1.25 5
      vertex 3.92915 0.500474 5
    endloop
  endfacet
  facet normal 0 0 -1
    outer loop
      vertex 7.5 1.25 5
      vertex 3.71911 -0.222499 5
      vertex 3.80423 0.0139313 5
    endloop
  endfacet
  facet normal 0 0 -1
    outer loop
      vertex 7.5 -3.75 5
      vertex 3.61931 -0.453117 5
      vertex 3.71911 -0.222499 5
    endloop
  endfacet
  facet normal 0 0 -1
    outer loop
      vertex 7.5 -3.75 5
      vertex 3.50523 -0.677015 5
      vertex 3.61931 -0.453117 5
    endloop
  endfacet
  facet normal 0 0 -1
    outer loop
      vertex 7.5 -3.75 5
      vertex 3.37731 -0.893308 5
      vertex 3.50523 -0.677015 5
    endloop
  endfacet
  facet normal 0 0 -1
    outer loop
      vertex 7.5 -3.75 5
      vertex 3.23607 -1.10114 5
      vertex 3.37731 -0.893308 5
    endloop
  endfacet
  facet normal 0 0 -1
    outer loop
      vertex 7.5 -3.75 5
      vertex 3.08205 -1.2997 5
      vertex 3.23607 -1.10114 5
    endloop
  endfacet
  facet normal 0 0 -1
    outer loop
      vertex 7.5 -3.75 5
      vertex 2.91587 -1.48819 5
      vertex 3.08205 -1.2997 5
    endloop
  endfacet
  facet normal 0 0 -1
    outer loop
      vertex 7.5 -3.75 5
      vertex 2.73819 -1.66588 5
      vertex 2.91587 -1.48819 5
    endloop
  endfacet
  facet normal 0 0 -1
    outer loop
      vertex 7.5 -3.75 5
      vertex 2.5497 -1.83205 5
      vertex 2.73819 -1.66588 5
    endloop
  endfacet
  facet normal 0 0 -1
    outer loop
      vertex 7.5 -3.75 5
      vertex 2.35114 -1.98607 5
      vertex 2.5497 -1.83205 5
    endloop
  endfacet
  facet normal 0 0 -1
    outer loop
      vertex 7.5 -3.75 5
      vertex 2.14331 -2.12731 5
      vertex 2.35114 -1.98607 5
    endloop
  endfacet
  facet normal 0 0 -1
    outer loop
      vertex 7.5 -3.75 5
      vertex 1.92701 -2.25523 5
      vertex 2.14331 -2.12731 5
    endloop
  endfacet
  facet normal 0 0 -1
    outer loop
      vertex 7.5 -3.75 5
      vertex 1.70312 -2.36931 5
      vertex 1.92701 -2.25523 5
    endloop
  endfacet
  facet normal 0 0 -1
    outer loop
      vertex 7.5 -3.75 5
      vertex 1.4725 -2.46911 5
      vertex 1.70312 -2.36931 5
    endloop
  endfacet
  facet normal 0 0 -1
    outer loop
      vertex 7.5 -3.75 5
      vertex 1.23607 -2.55423 5
      vertex 1.4725 -2.46911 5
    endloop
  endfacet
  facet normal 0 0 -1
    outer loop
      vertex 7.5 -3.75 5
      vertex 0.994759 -2.62433 5
      vertex 1.23607 -2.55423 5
    endloop
  endfacet
  facet normal 0 0 -1
    outer loop
      vertex 7.5 -3.75 5
      vertex 0.749525 -2.67915 5
      vertex 0.994759 -2.62433 5
    endloop
  endfacet
  facet normal 0 0 -1
    outer loop
      vertex 7.5 -3.75 5
      vertex 0.501332 -2.71846 5
      vertex 0.749525 -2.67915 5
    endloop
  endfacet
  facet normal 0 0 -1
    outer loop
      vertex 7.5 -3.75 5
      vertex 0.251162 -2.74211 5
      vertex 0.501332 -2.71846 5
    endloop
  endfacet
  facet normal 0 0 -1
    outer loop
      vertex 7.5 -3.75 5
      vertex 0 -2.75 5
      vertex 0.251162 -2.74211 5
    endloop
  endfacet
  facet normal 0 0 -1
    outer loop
      vertex -7.5 -3.75 5
      vertex 0 -2.75 5
      vertex 7.5 -3.75 5
    endloop
  endfacet
  facet normal -0 0 -1
    outer loop
      vertex 0 -2.75 5
      vertex -7.5 -3.75 5
      vertex -0.251163 -2.74211 5
    endloop
  endfacet
  facet normal 0 0 -1
    outer loop
      vertex -2.35114 4.48607 5
      vertex -4.40839 7.31763 5
      vertex -4.0187 7.58246 5
    endloop
  endfacet
  facet normal 0 0 -1
    outer loop
      vertex -7.5 1.25 5
      vertex -4 1.25 5
      vertex -3.99211 0.998837 5
    endloop
  endfacet
  facet normal 0 0 -1
    outer loop
      vertex -3.99211 1.50116 5
      vertex -4.78068 7.02885 5
      vertex -4.40839 7.31763 5
    endloop
  endfacet
  facet normal 0 0 -1
    outer loop
      vertex -7.5 1.25 5
      vertex -3.99211 0.998837 5
      vertex -3.96846 0.748667 5
    endloop
  endfacet
  facet normal 0 0 -1
    outer loop
      vertex -3.99211 1.50116 5
      vertex -5.1341 6.71726 5
      vertex -4.78068 7.02885 5
    endloop
  endfacet
  facet normal 0 0 -1
    outer loop
      vertex -7.5 1.25 5
      vertex -3.96846 0.748667 5
      vertex -3.92915 0.500474 5
    endloop
  endfacet
  facet normal 0 0 -1
    outer loop
      vertex -3.99211 1.50116 5
      vertex -5.46726 6.3841 5
      vertex -5.1341 6.71726 5
    endloop
  endfacet
  facet normal 0 0 -1
    outer loop
      vertex -7.5 1.25 5
      vertex -3.92915 0.500474 5
      vertex -3.87433 0.25524 5
    endloop
  endfacet
  facet normal 0 0 -1
    outer loop
      vertex -3.99211 1.50116 5
      vertex -5.77885 6.03068 5
      vertex -5.46726 6.3841 5
    endloop
  endfacet
  facet normal 0 0 -1
    outer loop
      vertex -7.5 1.25 5
      vertex -3.87433 0.25524 5
      vertex -3.80423 0.0139313 5
    endloop
  endfacet
  facet normal 0 0 -1
    outer loop
      vertex -3.99211 1.50116 5
      vertex -6.06763 5.65839 5
      vertex -5.77885 6.03068 5
    endloop
  endfacet
  facet normal 0 0 -1
    outer loop
      vertex -7.5 1.25 5
      vertex -3.80423 0.0139313 5
      vertex -3.71911 -0.222499 5
    endloop
  endfacet
  facet normal 0 0 -1
    outer loop
      vertex -3.99211 1.50116 5
      vertex -6.33246 5.2687 5
      vertex -6.06763 5.65839 5
    endloop
  endfacet
  facet normal 0 0 -1
    outer loop
      vertex -7.5 -3.75 5
      vertex -3.71911 -0.222499 5
      vertex -3.61931 -0.453117 5
    endloop
  endfacet
  facet normal 0 0 -1
    outer loop
      vertex -3.99211 1.50116 5
      vertex -6.5723 4.86315 5
      vertex -6.33246 5.2687 5
    endloop
  endfacet
  facet normal 0 0 -1
    outer loop
      vertex -7.5 -3.75 5
      vertex -3.61931 -0.453117 5
      vertex -3.50523 -0.677015 5
    endloop
  endfacet
  facet normal 0 0 -1
    outer loop
      vertex -3.99211 1.50116 5
      vertex -6.7862 4.44334 5
      vertex -6.5723 4.86315 5
    endloop
  endfacet
  facet normal 0 0 -1
    outer loop
      vertex -7.5 -3.75 5
      vertex -3.50523 -0.677015 5
      vertex -3.37731 -0.893308 5
    endloop
  endfacet
  facet normal 0 0 -1
    outer loop
      vertex -3.99211 1.50116 5
      vertex -6.97332 4.01093 5
      vertex -6.7862 4.44334 5
    endloop
  endfacet
  facet normal 0 0 -1
    outer loop
      vertex -7.5 -3.75 5
      vertex -3.37731 -0.893308 5
      vertex -3.23607 -1.10114 5
    endloop
  endfacet
  facet normal 0 0 -1
    outer loop
      vertex -3.99211 1.50116 5
      vertex -7.13292 3.56763 5
      vertex -6.97332 4.01093 5
    endloop
  endfacet
  facet normal 0 0 -1
    outer loop
      vertex -7.5 -3.75 5
      vertex -3.23607 -1.10114 5
      vertex -3.08205 -1.2997 5
    endloop
  endfacet
  facet normal 0 0 -1
    outer loop
      vertex -3.99211 1.50116 5
      vertex -7.26437 3.11517 5
      vertex -7.13292 3.56763 5
    endloop
  endfacet
  facet normal 0 0 -1
    outer loop
      vertex -7.5 -3.75 5
      vertex -3.08205 -1.2997 5
      vertex -2.91587 -1.48819 5
    endloop
  endfacet
  facet normal 0 0 -1
    outer loop
      vertex -3.99211 1.50116 5
      vertex -7.36715 2.65536 5
      vertex -7.26437 3.11517 5
    endloop
  endfacet
  facet normal 0 0 -1
    outer loop
      vertex -7.5 -3.75 5
      vertex -2.91587 -1.48819 5
      vertex -2.73819 -1.66588 5
    endloop
  endfacet
  facet normal 0 0 -1
    outer loop
      vertex -3.99211 1.50116 5
      vertex -7.44086 2.19 5
      vertex -7.36715 2.65536 5
    endloop
  endfacet
  facet normal 0 0 -1
    outer loop
      vertex -7.5 -3.75 5
      vertex -2.73819 -1.66588 5
      vertex -2.5497 -1.83205 5
    endloop
  endfacet
  facet normal 0 0 -1
    outer loop
      vertex -3.99211 1.50116 5
      vertex -7.4852 1.72093 5
      vertex -7.44086 2.19 5
    endloop
  endfacet
  facet normal 0 0 -1
    outer loop
      vertex -7.5 -3.75 5
      vertex -2.5497 -1.83205 5
      vertex -2.35114 -1.98607 5
    endloop
  endfacet
  facet normal -0 0 -1
    outer loop
      vertex -0.251163 -2.74211 5
      vertex -7.5 -3.75 5
      vertex -0.501333 -2.71846 5
    endloop
  endfacet
  facet normal 0 0 -1
    outer loop
      vertex -7.5 -3.75 5
      vertex -0.749526 -2.67915 5
      vertex -0.501333 -2.71846 5
    endloop
  endfacet
  facet normal 0 0 -1
    outer loop
      vertex -7.5 -3.75 5
      vertex -0.99476 -2.62433 5
      vertex -0.749526 -2.67915 5
    endloop
  endfacet
  facet normal 0 0 -1
    outer loop
      vertex -7.5 -3.75 5
      vertex -1.23607 -2.55423 5
      vertex -0.99476 -2.62433 5
    endloop
  endfacet
  facet normal 0 0 -1
    outer loop
      vertex -7.5 -3.75 5
      vertex -1.4725 -2.46911 5
      vertex -1.23607 -2.55423 5
    endloop
  endfacet
  facet normal 0 0 -1
    outer loop
      vertex -7.5 -3.75 5
      vertex -1.70312 -2.36931 5
      vertex -1.4725 -2.46911 5
    endloop
  endfacet
  facet normal 0 0 -1
    outer loop
      vertex -7.5 -3.75 5
      vertex -1.92702 -2.25523 5
      vertex -1.70312 -2.36931 5
    endloop
  endfacet
  facet normal 0 0 -1
    outer loop
      vertex -7.5 -3.75 5
      vertex -2.14331 -2.12731 5
      vertex -1.92702 -2.25523 5
    endloop
  endfacet
  facet normal 0 0 -1
    outer loop
      vertex -7.5 -3.75 5
      vertex -2.35114 -1.98607 5
      vertex -2.14331 -2.12731 5
    endloop
  endfacet
  facet normal -0 0 -1
    outer loop
      vertex -3.71911 -0.222499 5
      vertex -7.5 -3.75 5
      vertex -7.5 1.25 5
    endloop
  endfacet
  facet normal 0 0 -1
    outer loop
      vertex -4 1.25 5
      vertex -7.5 1.25 5
      vertex -7.4852 1.72093 5
    endloop
  endfacet
  facet normal 0 0 -1
    outer loop
      vertex 3.61931 2.95312 5
      vertex 6.7862 4.44334 5
      vertex 3.71911 2.7225 5
    endloop
  endfacet
  facet normal 0 0 -1
    outer loop
      vertex 3.50523 3.17701 5
      vertex 6.5723 4.86315 5
      vertex 3.61931 2.95312 5
    endloop
  endfacet
  facet normal -0 0 -1
    outer loop
      vertex 6.33246 5.2687 5
      vertex 3.37731 3.39331 5
      vertex 6.06763 5.65839 5
    endloop
  endfacet
  facet normal 0 0 -1
    outer loop
      vertex 3.23607 3.60114 5
      vertex 6.06763 5.65839 5
      vertex 3.37731 3.39331 5
    endloop
  endfacet
  facet normal -0 0 -1
    outer loop
      vertex 6.06763 5.65839 5
      vertex 3.23607 3.60114 5
      vertex 5.77885 6.03068 5
    endloop
  endfacet
  facet normal 0 0 -1
    outer loop
      vertex 3.08205 3.7997 5
      vertex 5.77885 6.03068 5
      vertex 3.23607 3.60114 5
    endloop
  endfacet
  facet normal -0 0 -1
    outer loop
      vertex 5.77885 6.03068 5
      vertex 3.08205 3.7997 5
      vertex 5.46726 6.3841 5
    endloop
  endfacet
  facet normal 0 0 -1
    outer loop
      vertex 2.91587 3.98819 5
      vertex 5.46726 6.3841 5
      vertex 3.08205 3.7997 5
    endloop
  endfacet
  facet normal -0 0 -1
    outer loop
      vertex 5.46726 6.3841 5
      vertex 2.91587 3.98819 5
      vertex 5.1341 6.71726 5
    endloop
  endfacet
  facet normal 0 0 -1
    outer loop
      vertex 2.73819 4.16587 5
      vertex 5.1341 6.71726 5
      vertex 2.91587 3.98819 5
    endloop
  endfacet
  facet normal -0 0 -1
    outer loop
      vertex 5.1341 6.71726 5
      vertex 2.73819 4.16587 5
      vertex 4.78068 7.02885 5
    endloop
  endfacet
  facet normal 0 0 -1
    outer loop
      vertex 2.5497 4.33205 5
      vertex 4.78068 7.02885 5
      vertex 2.73819 4.16587 5
    endloop
  endfacet
  facet normal -0 0 -1
    outer loop
      vertex 4.78068 7.02885 5
      vertex 2.5497 4.33205 5
      vertex 4.40839 7.31763 5
    endloop
  endfacet
  facet normal 0 0 -1
    outer loop
      vertex 2.35114 4.48607 5
      vertex 4.40839 7.31763 5
      vertex 2.5497 4.33205 5
    endloop
  endfacet
  facet normal -0 0 -1
    outer loop
      vertex 4.40839 7.31763 5
      vertex 2.35114 4.48607 5
      vertex 4.0187 7.58246 5
    endloop
  endfacet
  facet normal 0 0 -1
    outer loop
      vertex 2.14331 4.62731 5
      vertex 4.0187 7.58246 5
      vertex 2.35114 4.48607 5
    endloop
  endfacet
  facet normal -0 0 -1
    outer loop
      vertex 4.0187 7.58246 5
      vertex 2.14331 4.62731 5
      vertex 3.61315 7.8223 5
    endloop
  endfacet
  facet normal 0 0 -1
    outer loop
      vertex 1.92701 4.75523 5
      vertex 3.61315 7.8223 5
      vertex 2.14331 4.62731 5
    endloop
  endfacet
  facet normal -0 0 -1
    outer loop
      vertex 3.61315 7.8223 5
      vertex 1.92701 4.75523 5
      vertex 3.19334 8.0362 5
    endloop
  endfacet
  facet normal 0 0 -1
    outer loop
      vertex 1.70312 4.86931 5
      vertex 3.19334 8.0362 5
      vertex 1.92701 4.75523 5
    endloop
  endfacet
  facet normal -0 0 -1
    outer loop
      vertex 3.19334 8.0362 5
      vertex 1.70312 4.86931 5
      vertex 2.76093 8.22332 5
    endloop
  endfacet
  facet normal 0 0 -1
    outer loop
      vertex 1.4725 4.96911 5
      vertex 2.76093 8.22332 5
      vertex 1.70312 4.86931 5
    endloop
  endfacet
  facet normal -0 0 -1
    outer loop
      vertex 2.76093 8.22332 5
      vertex 1.4725 4.96911 5
      vertex 2.31763 8.38292 5
    endloop
  endfacet
  facet normal 0 0 -1
    outer loop
      vertex 1.23607 5.05423 5
      vertex 2.31763 8.38292 5
      vertex 1.4725 4.96911 5
    endloop
  endfacet
  facet normal -0 0 -1
    outer loop
      vertex 2.31763 8.38292 5
      vertex 1.23607 5.05423 5
      vertex 1.86517 8.51437 5
    endloop
  endfacet
  facet normal 0 0 -1
    outer loop
      vertex 0.994759 5.12433 5
      vertex 1.86517 8.51437 5
      vertex 1.23607 5.05423 5
    endloop
  endfacet
  facet normal -0 0 -1
    outer loop
      vertex 1.86517 8.51437 5
      vertex 0.994759 5.12433 5
      vertex 1.40536 8.61715 5
    endloop
  endfacet
  facet normal 0 0 -1
    outer loop
      vertex 0.749525 5.17915 5
      vertex 1.40536 8.61715 5
      vertex 0.994759 5.12433 5
    endloop
  endfacet
  facet normal -0 0 -1
    outer loop
      vertex 1.40536 8.61715 5
      vertex 0.749525 5.17915 5
      vertex 0.939999 8.69086 5
    endloop
  endfacet
  facet normal 0 0 -1
    outer loop
      vertex 0.501332 5.21846 5
      vertex 0.939999 8.69086 5
      vertex 0.749525 5.17915 5
    endloop
  endfacet
  facet normal 0 0 -1
    outer loop
      vertex 0.501332 5.21846 5
      vertex 0.470928 8.7352 5
      vertex 0.939999 8.69086 5
    endloop
  endfacet
  facet normal 0 0 -1
    outer loop
      vertex 0.251162 5.24211 5
      vertex 0.470928 8.7352 5
      vertex 0.501332 5.21846 5
    endloop
  endfacet
  facet normal 0 0 -1
    outer loop
      vertex 0 5.25 5
      vertex 0.470928 8.7352 5
      vertex 0.251162 5.24211 5
    endloop
  endfacet
  facet normal 0 0 -1
    outer loop
      vertex 0 5.25 5
      vertex 0 8.75 5
      vertex 0.470928 8.7352 5
    endloop
  endfacet
  facet normal 0 0 -1
    outer loop
      vertex -0.251163 5.24211 5
      vertex 0 8.75 5
      vertex 0 5.25 5
    endloop
  endfacet
  facet normal 0 0 -1
    outer loop
      vertex -0.251163 5.24211 5
      vertex -0.470929 8.7352 5
      vertex 0 8.75 5
    endloop
  endfacet
  facet normal 0 0 -1
    outer loop
      vertex -0.501333 5.21846 5
      vertex -0.470929 8.7352 5
      vertex -0.251163 5.24211 5
    endloop
  endfacet
  facet normal 0 0 -1
    outer loop
      vertex -0.94 8.69086 5
      vertex -0.501333 5.21846 5
      vertex -0.749526 5.17915 5
    endloop
  endfacet
  facet normal 0 0 -1
    outer loop
      vertex -0.501333 5.21846 5
      vertex -0.94 8.69086 5
      vertex -0.470929 8.7352 5
    endloop
  endfacet
  facet normal 0 0 -1
    outer loop
      vertex -1.40536 8.61715 5
      vertex -0.749526 5.17915 5
      vertex -0.99476 5.12433 5
    endloop
  endfacet
  facet normal 0 0 -1
    outer loop
      vertex -1.86517 8.51437 5
      vertex -0.99476 5.12433 5
      vertex -1.23607 5.05423 5
    endloop
  endfacet
  facet normal 0 0 -1
    outer loop
      vertex -0.749526 5.17915 5
      vertex -1.40536 8.61715 5
      vertex -0.94 8.69086 5
    endloop
  endfacet
  facet normal 0 0 -1
    outer loop
      vertex -2.31763 8.38292 5
      vertex -1.23607 5.05423 5
      vertex -1.4725 4.96911 5
    endloop
  endfacet
  facet normal 0 0 -1
    outer loop
      vertex -2.76093 8.22332 5
      vertex -1.4725 4.96911 5
      vertex -1.70312 4.86931 5
    endloop
  endfacet
  facet normal 0 0 -1
    outer loop
      vertex -0.99476 5.12433 5
      vertex -1.86517 8.51437 5
      vertex -1.40536 8.61715 5
    endloop
  endfacet
  facet normal 0 0 -1
    outer loop
      vertex -3.19334 8.0362 5
      vertex -1.70312 4.86931 5
      vertex -1.92702 4.75523 5
    endloop
  endfacet
  facet normal 0 0 -1
    outer loop
      vertex -3.61315 7.8223 5
      vertex -1.92702 4.75523 5
      vertex -2.14331 4.62731 5
    endloop
  endfacet
  facet normal 0 0 -1
    outer loop
      vertex -1.23607 5.05423 5
      vertex -2.31763 8.38292 5
      vertex -1.86517 8.51437 5
    endloop
  endfacet
  facet normal 0 0 -1
    outer loop
      vertex -4.0187 7.58246 5
      vertex -2.14331 4.62731 5
      vertex -2.35114 4.48607 5
    endloop
  endfacet
  facet normal 0 0 -1
    outer loop
      vertex -4.40839 7.31763 5
      vertex -2.35114 4.48607 5
      vertex -2.5497 4.33205 5
    endloop
  endfacet
  facet normal 0 0 -1
    outer loop
      vertex -4.40839 7.31763 5
      vertex -2.5497 4.33205 5
      vertex -2.73819 4.16587 5
    endloop
  endfacet
  facet normal 0 0 -1
    outer loop
      vertex -1.4725 4.96911 5
      vertex -2.76093 8.22332 5
      vertex -2.31763 8.38292 5
    endloop
  endfacet
  facet normal 0 0 -1
    outer loop
      vertex -4.40839 7.31763 5
      vertex -2.73819 4.16587 5
      vertex -2.91587 3.98819 5
    endloop
  endfacet
  facet normal 0 0 -1
    outer loop
      vertex -4.40839 7.31763 5
      vertex -2.91587 3.98819 5
      vertex -3.08205 3.7997 5
    endloop
  endfacet
  facet normal 0 0 -1
    outer loop
      vertex -1.70312 4.86931 5
      vertex -3.19334 8.0362 5
      vertex -2.76093 8.22332 5
    endloop
  endfacet
  facet normal 0 0 -1
    outer loop
      vertex -4.40839 7.31763 5
      vertex -3.08205 3.7997 5
      vertex -3.23607 3.60114 5
    endloop
  endfacet
  facet normal 0 0 -1
    outer loop
      vertex -4.40839 7.31763 5
      vertex -3.23607 3.60114 5
      vertex -3.37731 3.39331 5
    endloop
  endfacet
  facet normal 0 0 -1
    outer loop
      vertex -4.40839 7.31763 5
      vertex -3.37731 3.39331 5
      vertex -3.50523 3.17701 5
    endloop
  endfacet
  facet normal 0 0 -1
    outer loop
      vertex -1.92702 4.75523 5
      vertex -3.61315 7.8223 5
      vertex -3.19334 8.0362 5
    endloop
  endfacet
  facet normal 0 0 -1
    outer loop
      vertex -4.40839 7.31763 5
      vertex -3.50523 3.17701 5
      vertex -3.61931 2.95312 5
    endloop
  endfacet
  facet normal 0 0 -1
    outer loop
      vertex -4.40839 7.31763 5
      vertex -3.61931 2.95312 5
      vertex -3.71911 2.7225 5
    endloop
  endfacet
  facet normal 0 0 -1
    outer loop
      vertex -4.40839 7.31763 5
      vertex -3.71911 2.7225 5
      vertex -3.80423 2.48607 5
    endloop
  endfacet
  facet normal 0 0 -1
    outer loop
      vertex -4.40839 7.31763 5
      vertex -3.80423 2.48607 5
      vertex -3.87433 2.24476 5
    endloop
  endfacet
  facet normal 0 0 -1
    outer loop
      vertex -4.40839 7.31763 5
      vertex -3.87433 2.24476 5
      vertex -3.92915 1.99953 5
    endloop
  endfacet
  facet normal 0 0 -1
    outer loop
      vertex -4.40839 7.31763 5
      vertex -3.92915 1.99953 5
      vertex -3.96846 1.75133 5
    endloop
  endfacet
  facet normal 0 0 -1
    outer loop
      vertex -4.40839 7.31763 5
      vertex -3.96846 1.75133 5
      vertex -3.99211 1.50116 5
    endloop
  endfacet
  facet normal 0 0 -1
    outer loop
      vertex -2.14331 4.62731 5
      vertex -4.0187 7.58246 5
      vertex -3.61315 7.8223 5
    endloop
  endfacet
  facet normal 0 0 -1
    outer loop
      vertex -7.4852 1.72093 5
      vertex -3.99211 1.50116 5
      vertex -4 1.25 5
    endloop
  endfacet
  facet normal 0.995562 0.094108 0
    outer loop
      vertex 7.4852 1.72093 10
      vertex 7.44086 2.19 5
      vertex 7.44086 2.19 10
    endloop
  endfacet
  facet normal 0.995562 0.094108 0
    outer loop
      vertex 7.44086 2.19 5
      vertex 7.4852 1.72093 10
      vertex 7.4852 1.72093 5
    endloop
  endfacet
  facet normal 0.999507 0.0314117 0
    outer loop
      vertex 7.5 1.25 10
      vertex 7.4852 1.72093 5
      vertex 7.4852 1.72093 10
    endloop
  endfacet
  facet normal 0.999507 0.0314117 0
    outer loop
      vertex 7.4852 1.72093 5
      vertex 7.5 1.25 10
      vertex 7.5 1.25 5
    endloop
  endfacet
  facet normal 0.987687 0.156443 0
    outer loop
      vertex 7.44086 2.19 10
      vertex 7.36715 2.65536 5
      vertex 7.36715 2.65536 10
    endloop
  endfacet
  facet normal 0.987687 0.156443 0
    outer loop
      vertex 7.36715 2.65536 5
      vertex 7.44086 2.19 10
      vertex 7.44086 2.19 5
    endloop
  endfacet
  facet normal 0.917755 0.397147 0
    outer loop
      vertex 6.97332 4.01093 10
      vertex 6.7862 4.44334 5
      vertex 6.7862 4.44334 10
    endloop
  endfacet
  facet normal 0.917755 0.397147 0
    outer loop
      vertex 6.7862 4.44334 5
      vertex 6.97332 4.01093 10
      vertex 6.97332 4.01093 5
    endloop
  endfacet
  facet normal -0.995562 0.094108 0
    outer loop
      vertex -7.4852 1.72093 5
      vertex -7.44086 2.19 10
      vertex -7.44086 2.19 5
    endloop
  endfacet
  facet normal -0.995562 0.094108 0
    outer loop
      vertex -7.44086 2.19 10
      vertex -7.4852 1.72093 5
      vertex -7.4852 1.72093 10
    endloop
  endfacet
  facet normal 0.0314118 0.999507 -0
    outer loop
      vertex 0.470928 8.7352 5
      vertex 0 8.75 10
      vertex 0.470928 8.7352 10
    endloop
  endfacet
  facet normal 0.0314118 0.999507 0
    outer loop
      vertex 0 8.75 10
      vertex 0.470928 8.7352 5
      vertex 0 8.75 5
    endloop
  endfacet
  facet normal -0.0941078 0.995562 0
    outer loop
      vertex -0.470929 8.7352 5
      vertex -0.94 8.69086 10
      vertex -0.470929 8.7352 10
    endloop
  endfacet
  facet normal -0.0941078 0.995562 0
    outer loop
      vertex -0.94 8.69086 10
      vertex -0.470929 8.7352 5
      vertex -0.94 8.69086 5
    endloop
  endfacet
  facet normal -0.750102 0.661322 0
    outer loop
      vertex -5.77885 6.03068 5
      vertex -5.46726 6.3841 10
      vertex -5.46726 6.3841 5
    endloop
  endfacet
  facet normal -0.750102 0.661322 0
    outer loop
      vertex -5.46726 6.3841 10
      vertex -5.77885 6.03068 5
      vertex -5.77885 6.03068 10
    endloop
  endfacet
  facet normal -0.453984 0.89101 0
    outer loop
      vertex -3.19334 8.0362 5
      vertex -3.61315 7.8223 10
      vertex -3.19334 8.0362 10
    endloop
  endfacet
  facet normal -0.453984 0.89101 0
    outer loop
      vertex -3.61315 7.8223 10
      vertex -3.19334 8.0362 5
      vertex -3.61315 7.8223 5
    endloop
  endfacet
  facet normal 0.827084 0.562079 0
    outer loop
      vertex 6.33246 5.2687 10
      vertex 6.06763 5.65839 5
      vertex 6.06763 5.65839 10
    endloop
  endfacet
  facet normal 0.827084 0.562079 0
    outer loop
      vertex 6.06763 5.65839 5
      vertex 6.33246 5.2687 10
      vertex 6.33246 5.2687 5
    endloop
  endfacet
  facet normal 0.661322 0.750102 -0
    outer loop
      vertex 5.1341 6.71726 5
      vertex 4.78068 7.02885 10
      vertex 5.1341 6.71726 10
    endloop
  endfacet
  facet normal 0.661322 0.750102 0
    outer loop
      vertex 4.78068 7.02885 10
      vertex 5.1341 6.71726 5
      vertex 4.78068 7.02885 5
    endloop
  endfacet
  facet normal 0.278988 0.960295 -0
    outer loop
      vertex 2.31763 8.38292 5
      vertex 1.86517 8.51437 10
      vertex 2.31763 8.38292 10
    endloop
  endfacet
  facet normal 0.278988 0.960295 0
    outer loop
      vertex 1.86517 8.51437 10
      vertex 2.31763 8.38292 5
      vertex 1.86517 8.51437 5
    endloop
  endfacet
  facet normal 0.790153 0.61291 0
    outer loop
      vertex 6.06763 5.65839 10
      vertex 5.77885 6.03068 5
      vertex 5.77885 6.03068 10
    endloop
  endfacet
  facet normal 0.790153 0.61291 0
    outer loop
      vertex 5.77885 6.03068 5
      vertex 6.06763 5.65839 10
      vertex 6.06763 5.65839 5
    endloop
  endfacet
  facet normal 0.61291 0.790153 -0
    outer loop
      vertex 4.78068 7.02885 5
      vertex 4.40839 7.31763 10
      vertex 4.78068 7.02885 10
    endloop
  endfacet
  facet normal 0.61291 0.790153 0
    outer loop
      vertex 4.40839 7.31763 10
      vertex 4.78068 7.02885 5
      vertex 4.40839 7.31763 5
    endloop
  endfacet
  facet normal 0.0941078 0.995562 -0
    outer loop
      vertex 0.939999 8.69086 5
      vertex 0.470928 8.7352 10
      vertex 0.939999 8.69086 10
    endloop
  endfacet
  facet normal 0.0941078 0.995562 0
    outer loop
      vertex 0.470928 8.7352 10
      vertex 0.939999 8.69086 5
      vertex 0.470928 8.7352 5
    endloop
  endfacet
  facet normal -0.960295 0.278988 0
    outer loop
      vertex -7.26437 3.11517 5
      vertex -7.13292 3.56763 10
      vertex -7.13292 3.56763 5
    endloop
  endfacet
  facet normal -0.960295 0.278988 0
    outer loop
      vertex -7.13292 3.56763 10
      vertex -7.26437 3.11517 5
      vertex -7.26437 3.11517 10
    endloop
  endfacet
  facet normal -0.661322 0.750102 0
    outer loop
      vertex -4.78068 7.02885 5
      vertex -5.1341 6.71726 10
      vertex -4.78068 7.02885 10
    endloop
  endfacet
  facet normal -0.661322 0.750102 0
    outer loop
      vertex -5.1341 6.71726 10
      vertex -4.78068 7.02885 5
      vertex -5.1341 6.71726 5
    endloop
  endfacet
  facet normal -0.987687 0.156443 0
    outer loop
      vertex -7.44086 2.19 5
      vertex -7.36715 2.65536 10
      vertex -7.36715 2.65536 5
    endloop
  endfacet
  facet normal -0.987687 0.156443 0
    outer loop
      vertex -7.36715 2.65536 10
      vertex -7.44086 2.19 5
      vertex -7.44086 2.19 10
    endloop
  endfacet
  facet normal 0.960295 0.278988 0
    outer loop
      vertex 7.26437 3.11517 10
      vertex 7.13292 3.56763 5
      vertex 7.13292 3.56763 10
    endloop
  endfacet
  facet normal 0.960295 0.278988 0
    outer loop
      vertex 7.13292 3.56763 5
      vertex 7.26437 3.11517 10
      vertex 7.26437 3.11517 5
    endloop
  endfacet
  facet normal -0.827084 0.562079 0
    outer loop
      vertex -6.33246 5.2687 5
      vertex -6.06763 5.65839 10
      vertex -6.06763 5.65839 5
    endloop
  endfacet
  facet normal -0.827084 0.562079 0
    outer loop
      vertex -6.06763 5.65839 10
      vertex -6.33246 5.2687 5
      vertex -6.33246 5.2687 10
    endloop
  endfacet
  facet normal 0.975917 0.218144 0
    outer loop
      vertex 7.36715 2.65536 10
      vertex 7.26437 3.11517 5
      vertex 7.26437 3.11517 10
    endloop
  endfacet
  facet normal 0.975917 0.218144 0
    outer loop
      vertex 7.26437 3.11517 5
      vertex 7.36715 2.65536 10
      vertex 7.36715 2.65536 5
    endloop
  endfacet
  facet normal 0.338742 0.940879 -0
    outer loop
      vertex 2.76093 8.22332 5
      vertex 2.31763 8.38292 10
      vertex 2.76093 8.22332 10
    endloop
  endfacet
  facet normal 0.338742 0.940879 0
    outer loop
      vertex 2.31763 8.38292 10
      vertex 2.76093 8.22332 5
      vertex 2.31763 8.38292 5
    endloop
  endfacet
  facet normal -0.156443 0.987687 0
    outer loop
      vertex -0.94 8.69086 5
      vertex -1.40536 8.61715 10
      vertex -0.94 8.69086 10
    endloop
  endfacet
  facet normal -0.156443 0.987687 0
    outer loop
      vertex -1.40536 8.61715 10
      vertex -0.94 8.69086 5
      vertex -1.40536 8.61715 5
    endloop
  endfacet
  facet normal 0.940879 0.338742 0
    outer loop
      vertex 7.13292 3.56763 10
      vertex 6.97332 4.01093 5
      vertex 6.97332 4.01093 10
    endloop
  endfacet
  facet normal 0.940879 0.338742 0
    outer loop
      vertex 6.97332 4.01093 5
      vertex 7.13292 3.56763 10
      vertex 7.13292 3.56763 5
    endloop
  endfacet
  facet normal -0.562079 0.827084 0
    outer loop
      vertex -4.0187 7.58246 5
      vertex -4.40839 7.31763 10
      vertex -4.0187 7.58246 10
    endloop
  endfacet
  facet normal -0.562079 0.827084 0
    outer loop
      vertex -4.40839 7.31763 10
      vertex -4.0187 7.58246 5
      vertex -4.40839 7.31763 5
    endloop
  endfacet
  facet normal -0.707107 0.707107 0
    outer loop
      vertex -5.46726 6.3841 5
      vertex -5.1341 6.71726 10
      vertex -5.1341 6.71726 5
    endloop
  endfacet
  facet normal -0.707107 0.707107 0
    outer loop
      vertex -5.1341 6.71726 10
      vertex -5.46726 6.3841 5
      vertex -5.46726 6.3841 10
    endloop
  endfacet
  facet normal -0.509039 0.860744 0
    outer loop
      vertex -3.61315 7.8223 5
      vertex -4.0187 7.58246 10
      vertex -3.61315 7.8223 10
    endloop
  endfacet
  facet normal -0.509039 0.860744 0
    outer loop
      vertex -4.0187 7.58246 10
      vertex -3.61315 7.8223 5
      vertex -4.0187 7.58246 5
    endloop
  endfacet
  facet normal 0.509039 0.860744 -0
    outer loop
      vertex 4.0187 7.58246 5
      vertex 3.61315 7.8223 10
      vertex 4.0187 7.58246 10
    endloop
  endfacet
  facet normal 0.509039 0.860744 0
    outer loop
      vertex 3.61315 7.8223 10
      vertex 4.0187 7.58246 5
      vertex 3.61315 7.8223 5
    endloop
  endfacet
  facet normal -0.338742 0.940879 0
    outer loop
      vertex -2.31763 8.38292 5
      vertex -2.76093 8.22332 10
      vertex -2.31763 8.38292 10
    endloop
  endfacet
  facet normal -0.338742 0.940879 0
    outer loop
      vertex -2.76093 8.22332 10
      vertex -2.31763 8.38292 5
      vertex -2.76093 8.22332 5
    endloop
  endfacet
  facet normal 0.89101 0.453984 0
    outer loop
      vertex 6.7862 4.44334 10
      vertex 6.5723 4.86315 5
      vertex 6.5723 4.86315 10
    endloop
  endfacet
  facet normal 0.89101 0.453984 0
    outer loop
      vertex 6.5723 4.86315 5
      vertex 6.7862 4.44334 10
      vertex 6.7862 4.44334 5
    endloop
  endfacet
  facet normal 0.397147 0.917755 -0
    outer loop
      vertex 3.19334 8.0362 5
      vertex 2.76093 8.22332 10
      vertex 3.19334 8.0362 10
    endloop
  endfacet
  facet normal 0.397147 0.917755 0
    outer loop
      vertex 2.76093 8.22332 10
      vertex 3.19334 8.0362 5
      vertex 2.76093 8.22332 5
    endloop
  endfacet
  facet normal 0.860744 0.509039 0
    outer loop
      vertex 6.5723 4.86315 10
      vertex 6.33246 5.2687 5
      vertex 6.33246 5.2687 10
    endloop
  endfacet
  facet normal 0.860744 0.509039 0
    outer loop
      vertex 6.33246 5.2687 5
      vertex 6.5723 4.86315 10
      vertex 6.5723 4.86315 5
    endloop
  endfacet
  facet normal -0.61291 0.790153 0
    outer loop
      vertex -4.40839 7.31763 5
      vertex -4.78068 7.02885 10
      vertex -4.40839 7.31763 10
    endloop
  endfacet
  facet normal -0.61291 0.790153 0
    outer loop
      vertex -4.78068 7.02885 10
      vertex -4.40839 7.31763 5
      vertex -4.78068 7.02885 5
    endloop
  endfacet
  facet normal -0.397147 0.917755 0
    outer loop
      vertex -2.76093 8.22332 5
      vertex -3.19334 8.0362 10
      vertex -2.76093 8.22332 10
    endloop
  endfacet
  facet normal -0.397147 0.917755 0
    outer loop
      vertex -3.19334 8.0362 10
      vertex -2.76093 8.22332 5
      vertex -3.19334 8.0362 5
    endloop
  endfacet
  facet normal 0.707107 0.707107 0
    outer loop
      vertex 5.46726 6.3841 10
      vertex 5.1341 6.71726 5
      vertex 5.1341 6.71726 10
    endloop
  endfacet
  facet normal 0.707107 0.707107 0
    outer loop
      vertex 5.1341 6.71726 5
      vertex 5.46726 6.3841 10
      vertex 5.46726 6.3841 5
    endloop
  endfacet
  facet normal 0.562079 0.827084 -0
    outer loop
      vertex 4.40839 7.31763 5
      vertex 4.0187 7.58246 10
      vertex 4.40839 7.31763 10
    endloop
  endfacet
  facet normal 0.562079 0.827084 0
    outer loop
      vertex 4.0187 7.58246 10
      vertex 4.40839 7.31763 5
      vertex 4.0187 7.58246 5
    endloop
  endfacet
  facet normal 0.218144 0.975917 -0
    outer loop
      vertex 1.86517 8.51437 5
      vertex 1.40536 8.61715 10
      vertex 1.86517 8.51437 10
    endloop
  endfacet
  facet normal 0.218144 0.975917 0
    outer loop
      vertex 1.40536 8.61715 10
      vertex 1.86517 8.51437 5
      vertex 1.40536 8.61715 5
    endloop
  endfacet
  facet normal -0.0314117 0.999507 0
    outer loop
      vertex 0 8.75 5
      vertex -0.470929 8.7352 10
      vertex 0 8.75 10
    endloop
  endfacet
  facet normal -0.0314117 0.999507 0
    outer loop
      vertex -0.470929 8.7352 10
      vertex 0 8.75 5
      vertex -0.470929 8.7352 5
    endloop
  endfacet
  facet normal -0.218144 0.975917 0
    outer loop
      vertex -1.40536 8.61715 5
      vertex -1.86517 8.51437 10
      vertex -1.40536 8.61715 10
    endloop
  endfacet
  facet normal -0.218144 0.975917 0
    outer loop
      vertex -1.86517 8.51437 10
      vertex -1.40536 8.61715 5
      vertex -1.86517 8.51437 5
    endloop
  endfacet
  facet normal -0.278988 0.960295 0
    outer loop
      vertex -1.86517 8.51437 5
      vertex -2.31763 8.38292 10
      vertex -1.86517 8.51437 10
    endloop
  endfacet
  facet normal -0.278988 0.960295 0
    outer loop
      vertex -2.31763 8.38292 10
      vertex -1.86517 8.51437 5
      vertex -2.31763 8.38292 5
    endloop
  endfacet
  facet normal 0.453984 0.89101 -0
    outer loop
      vertex 3.61315 7.8223 5
      vertex 3.19334 8.0362 10
      vertex 3.61315 7.8223 10
    endloop
  endfacet
  facet normal 0.453984 0.89101 0
    outer loop
      vertex 3.19334 8.0362 10
      vertex 3.61315 7.8223 5
      vertex 3.19334 8.0362 5
    endloop
  endfacet
  facet normal -0.790153 0.61291 0
    outer loop
      vertex -6.06763 5.65839 5
      vertex -5.77885 6.03068 10
      vertex -5.77885 6.03068 5
    endloop
  endfacet
  facet normal -0.790153 0.61291 0
    outer loop
      vertex -5.77885 6.03068 10
      vertex -6.06763 5.65839 5
      vertex -6.06763 5.65839 10
    endloop
  endfacet
  facet normal -0.89101 0.453984 0
    outer loop
      vertex -6.7862 4.44334 5
      vertex -6.5723 4.86315 10
      vertex -6.5723 4.86315 5
    endloop
  endfacet
  facet normal -0.89101 0.453984 0
    outer loop
      vertex -6.5723 4.86315 10
      vertex -6.7862 4.44334 5
      vertex -6.7862 4.44334 10
    endloop
  endfacet
  facet normal 0.156443 0.987687 -0
    outer loop
      vertex 1.40536 8.61715 5
      vertex 0.939999 8.69086 10
      vertex 1.40536 8.61715 10
    endloop
  endfacet
  facet normal 0.156443 0.987687 0
    outer loop
      vertex 0.939999 8.69086 10
      vertex 1.40536 8.61715 5
      vertex 0.939999 8.69086 5
    endloop
  endfacet
  facet normal -0.940879 0.338742 0
    outer loop
      vertex -7.13292 3.56763 5
      vertex -6.97332 4.01093 10
      vertex -6.97332 4.01093 5
    endloop
  endfacet
  facet normal -0.940879 0.338742 0
    outer loop
      vertex -6.97332 4.01093 10
      vertex -7.13292 3.56763 5
      vertex -7.13292 3.56763 10
    endloop
  endfacet
  facet normal -0.975917 0.218144 0
    outer loop
      vertex -7.36715 2.65536 5
      vertex -7.26437 3.11517 10
      vertex -7.26437 3.11517 5
    endloop
  endfacet
  facet normal -0.975917 0.218144 0
    outer loop
      vertex -7.26437 3.11517 10
      vertex -7.36715 2.65536 5
      vertex -7.36715 2.65536 10
    endloop
  endfacet
  facet normal -0.999507 0.0314117 0
    outer loop
      vertex -7.5 1.25 5
      vertex -7.4852 1.72093 10
      vertex -7.4852 1.72093 5
    endloop
  endfacet
  facet normal -0.999507 0.0314117 0
    outer loop
      vertex -7.4852 1.72093 10
      vertex -7.5 1.25 5
      vertex -7.5 1.25 10
    endloop
  endfacet
  facet normal 0.750102 0.661322 0
    outer loop
      vertex 5.77885 6.03068 10
      vertex 5.46726 6.3841 5
      vertex 5.46726 6.3841 10
    endloop
  endfacet
  facet normal 0.750102 0.661322 0
    outer loop
      vertex 5.46726 6.3841 5
      vertex 5.77885 6.03068 10
      vertex 5.77885 6.03068 5
    endloop
  endfacet
  facet normal -0.860744 0.509039 0
    outer loop
      vertex -6.5723 4.86315 5
      vertex -6.33246 5.2687 10
      vertex -6.33246 5.2687 5
    endloop
  endfacet
  facet normal -0.860744 0.509039 0
    outer loop
      vertex -6.33246 5.2687 10
      vertex -6.5723 4.86315 5
      vertex -6.5723 4.86315 10
    endloop
  endfacet
  facet normal -0.917755 0.397147 0
    outer loop
      vertex -6.97332 4.01093 5
      vertex -6.7862 4.44334 10
      vertex -6.7862 4.44334 5
    endloop
  endfacet
  facet normal -0.917755 0.397147 0
    outer loop
      vertex -6.7862 4.44334 10
      vertex -6.97332 4.01093 5
      vertex -6.97332 4.01093 10
    endloop
  endfacet
  facet normal -0.56208 0.827083 0
    outer loop
      vertex 2.35114 -1.98607 5
      vertex 2.14331 -2.12731 10
      vertex 2.35114 -1.98607 10
    endloop
  endfacet
  facet normal -0.56208 0.827083 0
    outer loop
      vertex 2.14331 -2.12731 10
      vertex 2.35114 -1.98607 5
      vertex 2.14331 -2.12731 5
    endloop
  endfacet
  facet normal -0.453998 -0.891003 0
    outer loop
      vertex 1.70312 4.86931 5
      vertex 1.92701 4.75523 10
      vertex 1.70312 4.86931 10
    endloop
  endfacet
  facet normal -0.453998 -0.891003 -0
    outer loop
      vertex 1.92701 4.75523 10
      vertex 1.70312 4.86931 5
      vertex 1.92701 4.75523 5
    endloop
  endfacet
  facet normal -0.156435 -0.987688 0
    outer loop
      vertex 0.501332 5.21846 5
      vertex 0.749525 5.17915 10
      vertex 0.501332 5.21846 10
    endloop
  endfacet
  facet normal -0.156435 -0.987688 -0
    outer loop
      vertex 0.749525 5.17915 10
      vertex 0.501332 5.21846 5
      vertex 0.749525 5.17915 5
    endloop
  endfacet
  facet normal -0.397154 -0.917752 0
    outer loop
      vertex 1.4725 4.96911 5
      vertex 1.70312 4.86931 10
      vertex 1.4725 4.96911 10
    endloop
  endfacet
  facet normal -0.397154 -0.917752 -0
    outer loop
      vertex 1.70312 4.86931 10
      vertex 1.4725 4.96911 5
      vertex 1.70312 4.86931 5
    endloop
  endfacet
  facet normal 0.987688 0.156435 0
    outer loop
      vertex -3.92915 0.500474 10
      vertex -3.96846 0.748667 5
      vertex -3.96846 0.748667 10
    endloop
  endfacet
  facet normal 0.987688 0.156435 0
    outer loop
      vertex -3.96846 0.748667 5
      vertex -3.92915 0.500474 10
      vertex -3.92915 0.500474 5
    endloop
  endfacet
  facet normal -0.0313985 -0.999507 0
    outer loop
      vertex 0 5.25 5
      vertex 0.251162 5.24211 10
      vertex 0 5.25 10
    endloop
  endfacet
  facet normal -0.0313985 -0.999507 -0
    outer loop
      vertex 0.251162 5.24211 10
      vertex 0 5.25 5
      vertex 0.251162 5.24211 5
    endloop
  endfacet
  facet normal -0.827083 -0.56208 0
    outer loop
      vertex 3.37731 3.39331 5
      vertex 3.23607 3.60114 10
      vertex 3.23607 3.60114 5
    endloop
  endfacet
  facet normal -0.827083 -0.56208 0
    outer loop
      vertex 3.23607 3.60114 10
      vertex 3.37731 3.39331 5
      vertex 3.37731 3.39331 10
    endloop
  endfacet
  facet normal -0.750104 -0.66132 0
    outer loop
      vertex 3.08205 3.7997 5
      vertex 2.91587 3.98819 10
      vertex 2.91587 3.98819 5
    endloop
  endfacet
  facet normal -0.750104 -0.66132 0
    outer loop
      vertex 2.91587 3.98819 10
      vertex 3.08205 3.7997 5
      vertex 3.08205 3.7997 10
    endloop
  endfacet
  facet normal -0.790153 -0.61291 0
    outer loop
      vertex 3.23607 3.60114 5
      vertex 3.08205 3.7997 10
      vertex 3.08205 3.7997 5
    endloop
  endfacet
  facet normal -0.790153 -0.61291 0
    outer loop
      vertex 3.08205 3.7997 10
      vertex 3.23607 3.60114 5
      vertex 3.23607 3.60114 10
    endloop
  endfacet
  facet normal -0.917752 -0.397154 0
    outer loop
      vertex 3.71911 2.7225 5
      vertex 3.61931 2.95312 10
      vertex 3.61931 2.95312 5
    endloop
  endfacet
  facet normal -0.917752 -0.397154 0
    outer loop
      vertex 3.61931 2.95312 10
      vertex 3.71911 2.7225 5
      vertex 3.71911 2.7225 10
    endloop
  endfacet
  facet normal 0.987689 -0.156431 0
    outer loop
      vertex -3.96846 1.75133 10
      vertex -3.92915 1.99953 5
      vertex -3.92915 1.99953 10
    endloop
  endfacet
  facet normal 0.987689 -0.156431 0
    outer loop
      vertex -3.92915 1.99953 5
      vertex -3.96846 1.75133 10
      vertex -3.96846 1.75133 5
    endloop
  endfacet
  facet normal 0.940881 0.338737 0
    outer loop
      vertex -3.71911 -0.222499 10
      vertex -3.80423 0.0139313 5
      vertex -3.80423 0.0139313 10
    endloop
  endfacet
  facet normal 0.940881 0.338737 0
    outer loop
      vertex -3.80423 0.0139313 5
      vertex -3.71911 -0.222499 10
      vertex -3.71911 -0.222499 5
    endloop
  endfacet
  facet normal -0.0313985 0.999507 0
    outer loop
      vertex 0.251162 -2.74211 5
      vertex 0 -2.75 10
      vertex 0.251162 -2.74211 10
    endloop
  endfacet
  facet normal -0.0313985 0.999507 0
    outer loop
      vertex 0 -2.75 10
      vertex 0.251162 -2.74211 5
      vertex 0 -2.75 5
    endloop
  endfacet
  facet normal -0.940881 0.338737 0
    outer loop
      vertex 3.71911 -0.222499 5
      vertex 3.80423 0.0139313 10
      vertex 3.80423 0.0139313 5
    endloop
  endfacet
  facet normal -0.940881 0.338737 0
    outer loop
      vertex 3.80423 0.0139313 10
      vertex 3.71911 -0.222499 5
      vertex 3.71911 -0.222499 10
    endloop
  endfacet
  facet normal -0.338738 -0.940881 0
    outer loop
      vertex 1.23607 5.05423 5
      vertex 1.4725 4.96911 10
      vertex 1.23607 5.05423 10
    endloop
  endfacet
  facet normal -0.338738 -0.940881 -0
    outer loop
      vertex 1.4725 4.96911 10
      vertex 1.23607 5.05423 5
      vertex 1.4725 4.96911 5
    endloop
  endfacet
  facet normal 0.61291 -0.790153 0
    outer loop
      vertex -2.5497 4.33205 5
      vertex -2.35114 4.48607 10
      vertex -2.5497 4.33205 10
    endloop
  endfacet
  facet normal 0.61291 -0.790153 0
    outer loop
      vertex -2.35114 4.48607 10
      vertex -2.5497 4.33205 5
      vertex -2.35114 4.48607 5
    endloop
  endfacet
  facet normal -0.999507 -0.0313987 0
    outer loop
      vertex 4 1.25 5
      vertex 3.99211 1.50116 10
      vertex 3.99211 1.50116 5
    endloop
  endfacet
  facet normal -0.999507 -0.0313987 0
    outer loop
      vertex 3.99211 1.50116 10
      vertex 4 1.25 5
      vertex 4 1.25 10
    endloop
  endfacet
  facet normal 0.453982 -0.891011 0
    outer loop
      vertex -1.92702 4.75523 5
      vertex -1.70312 4.86931 10
      vertex -1.92702 4.75523 10
    endloop
  endfacet
  facet normal 0.453982 -0.891011 0
    outer loop
      vertex -1.70312 4.86931 10
      vertex -1.92702 4.75523 5
      vertex -1.70312 4.86931 5
    endloop
  endfacet
  facet normal -0.975913 -0.218161 0
    outer loop
      vertex 3.92915 1.99953 5
      vertex 3.87433 2.24476 10
      vertex 3.87433 2.24476 5
    endloop
  endfacet
  facet normal -0.975913 -0.218161 0
    outer loop
      vertex 3.87433 2.24476 10
      vertex 3.92915 1.99953 5
      vertex 3.92915 1.99953 10
    endloop
  endfacet
  facet normal 0.790153 0.61291 0
    outer loop
      vertex -3.08205 -1.2997 10
      vertex -3.23607 -1.10114 5
      vertex -3.23607 -1.10114 10
    endloop
  endfacet
  facet normal 0.790153 0.61291 0
    outer loop
      vertex -3.23607 -1.10114 5
      vertex -3.08205 -1.2997 10
      vertex -3.08205 -1.2997 5
    endloop
  endfacet
  facet normal -0.987688 0.156435 0
    outer loop
      vertex 3.92915 0.500474 5
      vertex 3.96846 0.748667 10
      vertex 3.96846 0.748667 5
    endloop
  endfacet
  facet normal -0.987688 0.156435 0
    outer loop
      vertex 3.96846 0.748667 10
      vertex 3.92915 0.500474 5
      vertex 3.92915 0.500474 10
    endloop
  endfacet
  facet normal -0.218157 -0.975914 0
    outer loop
      vertex 0.749525 5.17915 5
      vertex 0.994759 5.12433 10
      vertex 0.749525 5.17915 10
    endloop
  endfacet
  facet normal -0.218157 -0.975914 -0
    outer loop
      vertex 0.994759 5.12433 10
      vertex 0.749525 5.17915 5
      vertex 0.994759 5.12433 5
    endloop
  endfacet
  facet normal -0.860741 -0.509043 0
    outer loop
      vertex 3.50523 3.17701 5
      vertex 3.37731 3.39331 10
      vertex 3.37731 3.39331 5
    endloop
  endfacet
  facet normal -0.860741 -0.509043 0
    outer loop
      vertex 3.37731 3.39331 10
      vertex 3.50523 3.17701 5
      vertex 3.50523 3.17701 10
    endloop
  endfacet
  facet normal -0.995561 0.0941161 0
    outer loop
      vertex 3.96846 0.748667 5
      vertex 3.99211 0.998837 10
      vertex 3.99211 0.998837 5
    endloop
  endfacet
  facet normal -0.995561 0.0941161 0
    outer loop
      vertex 3.99211 0.998837 10
      vertex 3.96846 0.748667 5
      vertex 3.96846 0.748667 10
    endloop
  endfacet
  facet normal 0.707107 -0.707107 0
    outer loop
      vertex -2.91587 3.98819 10
      vertex -2.73819 4.16587 5
      vertex -2.73819 4.16587 10
    endloop
  endfacet
  facet normal 0.707107 -0.707107 0
    outer loop
      vertex -2.73819 4.16587 5
      vertex -2.91587 3.98819 10
      vertex -2.91587 3.98819 5
    endloop
  endfacet
  facet normal -0.750104 0.66132 0
    outer loop
      vertex 2.91587 -1.48819 5
      vertex 3.08205 -1.2997 10
      vertex 3.08205 -1.2997 5
    endloop
  endfacet
  facet normal -0.750104 0.66132 0
    outer loop
      vertex 3.08205 -1.2997 10
      vertex 2.91587 -1.48819 5
      vertex 2.91587 -1.48819 10
    endloop
  endfacet
  facet normal -0.940881 -0.338738 0
    outer loop
      vertex 3.80423 2.48607 5
      vertex 3.71911 2.7225 10
      vertex 3.71911 2.7225 5
    endloop
  endfacet
  facet normal -0.940881 -0.338738 0
    outer loop
      vertex 3.71911 2.7225 10
      vertex 3.80423 2.48607 5
      vertex 3.80423 2.48607 10
    endloop
  endfacet
  facet normal 0.917751 0.397157 0
    outer loop
      vertex -3.61931 -0.453117 10
      vertex -3.71911 -0.222499 5
      vertex -3.71911 -0.222499 10
    endloop
  endfacet
  facet normal 0.917751 0.397157 0
    outer loop
      vertex -3.71911 -0.222499 5
      vertex -3.61931 -0.453117 10
      vertex -3.61931 -0.453117 5
    endloop
  endfacet
  facet normal 0.960301 0.278967 0
    outer loop
      vertex -3.80423 0.0139313 10
      vertex -3.87433 0.25524 5
      vertex -3.87433 0.25524 10
    endloop
  endfacet
  facet normal 0.960301 0.278967 0
    outer loop
      vertex -3.87433 0.25524 5
      vertex -3.80423 0.0139313 10
      vertex -3.80423 0.0139313 5
    endloop
  endfacet
  facet normal 0.50906 -0.860731 0
    outer loop
      vertex -2.14331 4.62731 5
      vertex -1.92702 4.75523 10
      vertex -2.14331 4.62731 10
    endloop
  endfacet
  facet normal 0.50906 -0.860731 0
    outer loop
      vertex -1.92702 4.75523 10
      vertex -2.14331 4.62731 5
      vertex -1.92702 4.75523 5
    endloop
  endfacet
  facet normal 0.995561 0.0941161 0
    outer loop
      vertex -3.96846 0.748667 10
      vertex -3.99211 0.998837 5
      vertex -3.99211 0.998837 10
    endloop
  endfacet
  facet normal 0.995561 0.0941161 0
    outer loop
      vertex -3.99211 0.998837 5
      vertex -3.96846 0.748667 10
      vertex -3.96846 0.748667 5
    endloop
  endfacet
  facet normal 0.0313984 -0.999507 0
    outer loop
      vertex -0.251163 5.24211 5
      vertex 0 5.25 10
      vertex -0.251163 5.24211 10
    endloop
  endfacet
  facet normal 0.0313984 -0.999507 0
    outer loop
      vertex 0 5.25 10
      vertex -0.251163 5.24211 5
      vertex 0 5.25 5
    endloop
  endfacet
  facet normal 0.66132 -0.750104 0
    outer loop
      vertex -2.73819 4.16587 5
      vertex -2.5497 4.33205 10
      vertex -2.73819 4.16587 10
    endloop
  endfacet
  facet normal 0.66132 -0.750104 0
    outer loop
      vertex -2.5497 4.33205 10
      vertex -2.73819 4.16587 5
      vertex -2.5497 4.33205 5
    endloop
  endfacet
  facet normal 0.891009 0.453985 0
    outer loop
      vertex -3.50523 -0.677015 10
      vertex -3.61931 -0.453117 5
      vertex -3.61931 -0.453117 10
    endloop
  endfacet
  facet normal 0.891009 0.453985 0
    outer loop
      vertex -3.61931 -0.453117 5
      vertex -3.50523 -0.677015 10
      vertex -3.50523 -0.677015 5
    endloop
  endfacet
  facet normal -0.987689 -0.156431 0
    outer loop
      vertex 3.96846 1.75133 5
      vertex 3.92915 1.99953 10
      vertex 3.92915 1.99953 5
    endloop
  endfacet
  facet normal -0.987689 -0.156431 0
    outer loop
      vertex 3.92915 1.99953 10
      vertex 3.96846 1.75133 5
      vertex 3.96846 1.75133 10
    endloop
  endfacet
  facet normal 0.827083 -0.56208 0
    outer loop
      vertex -3.37731 3.39331 10
      vertex -3.23607 3.60114 5
      vertex -3.23607 3.60114 10
    endloop
  endfacet
  facet normal 0.827083 -0.56208 0
    outer loop
      vertex -3.23607 3.60114 5
      vertex -3.37731 3.39331 10
      vertex -3.37731 3.39331 5
    endloop
  endfacet
  facet normal 0.156435 0.987688 -0
    outer loop
      vertex -0.501333 -2.71846 5
      vertex -0.749526 -2.67915 10
      vertex -0.501333 -2.71846 10
    endloop
  endfacet
  facet normal 0.156435 0.987688 0
    outer loop
      vertex -0.749526 -2.67915 10
      vertex -0.501333 -2.71846 5
      vertex -0.749526 -2.67915 5
    endloop
  endfacet
  facet normal 0.218157 -0.975914 0
    outer loop
      vertex -0.99476 5.12433 5
      vertex -0.749526 5.17915 10
      vertex -0.99476 5.12433 10
    endloop
  endfacet
  facet normal 0.218157 -0.975914 0
    outer loop
      vertex -0.749526 5.17915 10
      vertex -0.99476 5.12433 5
      vertex -0.749526 5.17915 5
    endloop
  endfacet
  facet normal 0.0941161 -0.995561 0
    outer loop
      vertex -0.501333 5.21846 5
      vertex -0.251163 5.24211 10
      vertex -0.501333 5.21846 10
    endloop
  endfacet
  facet normal 0.0941161 -0.995561 0
    outer loop
      vertex -0.251163 5.24211 10
      vertex -0.501333 5.21846 5
      vertex -0.251163 5.24211 5
    endloop
  endfacet
  facet normal 0.50906 0.860731 -0
    outer loop
      vertex -1.92702 -2.25523 5
      vertex -2.14331 -2.12731 10
      vertex -1.92702 -2.25523 10
    endloop
  endfacet
  facet normal 0.50906 0.860731 0
    outer loop
      vertex -2.14331 -2.12731 10
      vertex -1.92702 -2.25523 5
      vertex -2.14331 -2.12731 5
    endloop
  endfacet
  facet normal -0.995561 -0.0941161 0
    outer loop
      vertex 3.99211 1.50116 5
      vertex 3.96846 1.75133 10
      vertex 3.96846 1.75133 5
    endloop
  endfacet
  facet normal -0.995561 -0.0941161 0
    outer loop
      vertex 3.96846 1.75133 10
      vertex 3.99211 1.50116 5
      vertex 3.99211 1.50116 10
    endloop
  endfacet
  facet normal -0.707107 -0.707107 0
    outer loop
      vertex 2.91587 3.98819 5
      vertex 2.73819 4.16587 10
      vertex 2.73819 4.16587 5
    endloop
  endfacet
  facet normal -0.707107 -0.707107 0
    outer loop
      vertex 2.73819 4.16587 10
      vertex 2.91587 3.98819 5
      vertex 2.91587 3.98819 10
    endloop
  endfacet
  facet normal 0.661298 0.750123 -0
    outer loop
      vertex -2.5497 -1.83205 5
      vertex -2.73819 -1.66588 10
      vertex -2.5497 -1.83205 10
    endloop
  endfacet
  facet normal 0.661298 0.750123 0
    outer loop
      vertex -2.73819 -1.66588 10
      vertex -2.5497 -1.83205 5
      vertex -2.73819 -1.66588 5
    endloop
  endfacet
  facet normal -0.56208 -0.827083 0
    outer loop
      vertex 2.14331 4.62731 5
      vertex 2.35114 4.48607 10
      vertex 2.14331 4.62731 10
    endloop
  endfacet
  facet normal -0.56208 -0.827083 -0
    outer loop
      vertex 2.35114 4.48607 10
      vertex 2.14331 4.62731 5
      vertex 2.35114 4.48607 5
    endloop
  endfacet
  facet normal -0.61291 0.790153 0
    outer loop
      vertex 2.5497 -1.83205 5
      vertex 2.35114 -1.98607 10
      vertex 2.5497 -1.83205 10
    endloop
  endfacet
  facet normal -0.61291 0.790153 0
    outer loop
      vertex 2.35114 -1.98607 10
      vertex 2.5497 -1.83205 5
      vertex 2.35114 -1.98607 5
    endloop
  endfacet
  facet normal -0.278964 0.960301 0
    outer loop
      vertex 1.23607 -2.55423 5
      vertex 0.994759 -2.62433 10
      vertex 1.23607 -2.55423 10
    endloop
  endfacet
  facet normal -0.278964 0.960301 0
    outer loop
      vertex 0.994759 -2.62433 10
      vertex 1.23607 -2.55423 5
      vertex 0.994759 -2.62433 5
    endloop
  endfacet
  facet normal -0.999507 0.0313984 0
    outer loop
      vertex 3.99211 0.998837 5
      vertex 4 1.25 10
      vertex 4 1.25 5
    endloop
  endfacet
  facet normal -0.999507 0.0313984 0
    outer loop
      vertex 4 1.25 10
      vertex 3.99211 0.998837 5
      vertex 3.99211 0.998837 10
    endloop
  endfacet
  facet normal -0.960301 -0.278965 0
    outer loop
      vertex 3.87433 2.24476 5
      vertex 3.80423 2.48607 10
      vertex 3.80423 2.48607 5
    endloop
  endfacet
  facet normal -0.960301 -0.278965 0
    outer loop
      vertex 3.80423 2.48607 10
      vertex 3.87433 2.24476 5
      vertex 3.87433 2.24476 10
    endloop
  endfacet
  facet normal -0.827085 0.562077 0
    outer loop
      vertex 3.23607 -1.10114 5
      vertex 3.37731 -0.893308 10
      vertex 3.37731 -0.893308 5
    endloop
  endfacet
  facet normal -0.827085 0.562077 0
    outer loop
      vertex 3.37731 -0.893308 10
      vertex 3.23607 -1.10114 5
      vertex 3.23607 -1.10114 10
    endloop
  endfacet
  facet normal -0.218157 0.975914 0
    outer loop
      vertex 0.994759 -2.62433 5
      vertex 0.749525 -2.67915 10
      vertex 0.994759 -2.62433 10
    endloop
  endfacet
  facet normal -0.218157 0.975914 0
    outer loop
      vertex 0.749525 -2.67915 10
      vertex 0.994759 -2.62433 5
      vertex 0.749525 -2.67915 5
    endloop
  endfacet
  facet normal 0.453982 0.891011 -0
    outer loop
      vertex -1.70312 -2.36931 5
      vertex -1.92702 -2.25523 10
      vertex -1.70312 -2.36931 10
    endloop
  endfacet
  facet normal 0.453982 0.891011 0
    outer loop
      vertex -1.92702 -2.25523 10
      vertex -1.70312 -2.36931 5
      vertex -1.92702 -2.25523 5
    endloop
  endfacet
  facet normal -0.891003 -0.453998 0
    outer loop
      vertex 3.61931 2.95312 5
      vertex 3.50523 3.17701 10
      vertex 3.50523 3.17701 5
    endloop
  endfacet
  facet normal -0.891003 -0.453998 0
    outer loop
      vertex 3.50523 3.17701 10
      vertex 3.61931 2.95312 5
      vertex 3.61931 2.95312 10
    endloop
  endfacet
  facet normal -0.61291 -0.790153 0
    outer loop
      vertex 2.35114 4.48607 5
      vertex 2.5497 4.33205 10
      vertex 2.35114 4.48607 10
    endloop
  endfacet
  facet normal -0.61291 -0.790153 -0
    outer loop
      vertex 2.5497 4.33205 10
      vertex 2.35114 4.48607 5
      vertex 2.5497 4.33205 5
    endloop
  endfacet
  facet normal -0.278964 -0.960301 0
    outer loop
      vertex 0.994759 5.12433 5
      vertex 1.23607 5.05423 10
      vertex 0.994759 5.12433 10
    endloop
  endfacet
  facet normal -0.278964 -0.960301 -0
    outer loop
      vertex 1.23607 5.05423 10
      vertex 0.994759 5.12433 5
      vertex 1.23607 5.05423 5
    endloop
  endfacet
  facet normal 0.917752 -0.397154 0
    outer loop
      vertex -3.71911 2.7225 10
      vertex -3.61931 2.95312 5
      vertex -3.61931 2.95312 10
    endloop
  endfacet
  facet normal 0.917752 -0.397154 0
    outer loop
      vertex -3.61931 2.95312 5
      vertex -3.71911 2.7225 10
      vertex -3.71911 2.7225 5
    endloop
  endfacet
  facet normal -0.0941161 -0.995561 0
    outer loop
      vertex 0.251162 5.24211 5
      vertex 0.501332 5.21846 10
      vertex 0.251162 5.24211 10
    endloop
  endfacet
  facet normal -0.0941161 -0.995561 -0
    outer loop
      vertex 0.501332 5.21846 10
      vertex 0.251162 5.24211 5
      vertex 0.501332 5.21846 5
    endloop
  endfacet
  facet normal 0.940881 -0.338738 0
    outer loop
      vertex -3.80423 2.48607 10
      vertex -3.71911 2.7225 5
      vertex -3.71911 2.7225 10
    endloop
  endfacet
  facet normal 0.940881 -0.338738 0
    outer loop
      vertex -3.71911 2.7225 5
      vertex -3.80423 2.48607 10
      vertex -3.80423 2.48607 5
    endloop
  endfacet
  facet normal 0.0313984 0.999507 -0
    outer loop
      vertex 0 -2.75 5
      vertex -0.251163 -2.74211 10
      vertex 0 -2.75 10
    endloop
  endfacet
  facet normal 0.0313984 0.999507 0
    outer loop
      vertex -0.251163 -2.74211 10
      vertex 0 -2.75 5
      vertex -0.251163 -2.74211 5
    endloop
  endfacet
  facet normal -0.860734 0.509055 0
    outer loop
      vertex 3.37731 -0.893308 5
      vertex 3.50523 -0.677015 10
      vertex 3.50523 -0.677015 5
    endloop
  endfacet
  facet normal -0.860734 0.509055 0
    outer loop
      vertex 3.50523 -0.677015 10
      vertex 3.37731 -0.893308 5
      vertex 3.37731 -0.893308 10
    endloop
  endfacet
  facet normal 0.56208 -0.827083 0
    outer loop
      vertex -2.35114 4.48607 5
      vertex -2.14331 4.62731 10
      vertex -2.35114 4.48607 10
    endloop
  endfacet
  facet normal 0.56208 -0.827083 0
    outer loop
      vertex -2.14331 4.62731 10
      vertex -2.35114 4.48607 5
      vertex -2.14331 4.62731 5
    endloop
  endfacet
  facet normal 0.397154 -0.917752 0
    outer loop
      vertex -1.70312 4.86931 5
      vertex -1.4725 4.96911 10
      vertex -1.70312 4.86931 10
    endloop
  endfacet
  facet normal 0.397154 -0.917752 0
    outer loop
      vertex -1.4725 4.96911 10
      vertex -1.70312 4.86931 5
      vertex -1.4725 4.96911 5
    endloop
  endfacet
  facet normal -0.338738 0.940881 0
    outer loop
      vertex 1.4725 -2.46911 5
      vertex 1.23607 -2.55423 10
      vertex 1.4725 -2.46911 10
    endloop
  endfacet
  facet normal -0.338738 0.940881 0
    outer loop
      vertex 1.23607 -2.55423 10
      vertex 1.4725 -2.46911 5
      vertex 1.23607 -2.55423 5
    endloop
  endfacet
  facet normal 0.707127 0.707087 0
    outer loop
      vertex -2.73819 -1.66588 10
      vertex -2.91587 -1.48819 5
      vertex -2.91587 -1.48819 10
    endloop
  endfacet
  facet normal 0.707127 0.707087 0
    outer loop
      vertex -2.91587 -1.48819 5
      vertex -2.73819 -1.66588 10
      vertex -2.73819 -1.66588 5
    endloop
  endfacet
  facet normal 0.790153 -0.61291 0
    outer loop
      vertex -3.23607 3.60114 10
      vertex -3.08205 3.7997 5
      vertex -3.08205 3.7997 10
    endloop
  endfacet
  facet normal 0.790153 -0.61291 0
    outer loop
      vertex -3.08205 3.7997 5
      vertex -3.23607 3.60114 10
      vertex -3.23607 3.60114 5
    endloop
  endfacet
  facet normal 0.0941161 0.995561 -0
    outer loop
      vertex -0.251163 -2.74211 5
      vertex -0.501333 -2.71846 10
      vertex -0.251163 -2.74211 10
    endloop
  endfacet
  facet normal 0.0941161 0.995561 0
    outer loop
      vertex -0.501333 -2.71846 10
      vertex -0.251163 -2.74211 5
      vertex -0.501333 -2.71846 5
    endloop
  endfacet
  facet normal -0.0941161 0.995561 0
    outer loop
      vertex 0.501332 -2.71846 5
      vertex 0.251162 -2.74211 10
      vertex 0.501332 -2.71846 10
    endloop
  endfacet
  facet normal -0.0941161 0.995561 0
    outer loop
      vertex 0.251162 -2.74211 10
      vertex 0.501332 -2.71846 5
      vertex 0.251162 -2.74211 5
    endloop
  endfacet
  facet normal -0.156435 0.987688 0
    outer loop
      vertex 0.749525 -2.67915 5
      vertex 0.501332 -2.71846 10
      vertex 0.749525 -2.67915 10
    endloop
  endfacet
  facet normal -0.156435 0.987688 0
    outer loop
      vertex 0.501332 -2.71846 10
      vertex 0.749525 -2.67915 5
      vertex 0.501332 -2.71846 5
    endloop
  endfacet
  facet normal 0.156435 -0.987688 0
    outer loop
      vertex -0.749526 5.17915 5
      vertex -0.501333 5.21846 10
      vertex -0.749526 5.17915 10
    endloop
  endfacet
  facet normal 0.156435 -0.987688 0
    outer loop
      vertex -0.501333 5.21846 10
      vertex -0.749526 5.17915 5
      vertex -0.501333 5.21846 5
    endloop
  endfacet
  facet normal 0.827085 0.562077 0
    outer loop
      vertex -3.23607 -1.10114 10
      vertex -3.37731 -0.893308 5
      vertex -3.37731 -0.893308 10
    endloop
  endfacet
  facet normal 0.827085 0.562077 0
    outer loop
      vertex -3.37731 -0.893308 5
      vertex -3.23607 -1.10114 10
      vertex -3.23607 -1.10114 5
    endloop
  endfacet
  facet normal 0.338738 -0.940881 0
    outer loop
      vertex -1.4725 4.96911 5
      vertex -1.23607 5.05423 10
      vertex -1.4725 4.96911 10
    endloop
  endfacet
  facet normal 0.338738 -0.940881 0
    outer loop
      vertex -1.23607 5.05423 10
      vertex -1.4725 4.96911 5
      vertex -1.23607 5.05423 5
    endloop
  endfacet
  facet normal -0.509043 -0.860741 0
    outer loop
      vertex 1.92701 4.75523 5
      vertex 2.14331 4.62731 10
      vertex 1.92701 4.75523 10
    endloop
  endfacet
  facet normal -0.509043 -0.860741 -0
    outer loop
      vertex 2.14331 4.62731 10
      vertex 1.92701 4.75523 5
      vertex 2.14331 4.62731 5
    endloop
  endfacet
  facet normal -0.509043 0.860741 0
    outer loop
      vertex 2.14331 -2.12731 5
      vertex 1.92701 -2.25523 10
      vertex 2.14331 -2.12731 10
    endloop
  endfacet
  facet normal -0.509043 0.860741 0
    outer loop
      vertex 1.92701 -2.25523 10
      vertex 2.14331 -2.12731 5
      vertex 1.92701 -2.25523 5
    endloop
  endfacet
  facet normal 0.975914 0.218157 0
    outer loop
      vertex -3.87433 0.25524 10
      vertex -3.92915 0.500474 5
      vertex -3.92915 0.500474 10
    endloop
  endfacet
  facet normal 0.975914 0.218157 0
    outer loop
      vertex -3.92915 0.500474 5
      vertex -3.87433 0.25524 10
      vertex -3.87433 0.25524 5
    endloop
  endfacet
  facet normal -0.397154 0.917752 0
    outer loop
      vertex 1.70312 -2.36931 5
      vertex 1.4725 -2.46911 10
      vertex 1.70312 -2.36931 10
    endloop
  endfacet
  facet normal -0.397154 0.917752 0
    outer loop
      vertex 1.4725 -2.46911 10
      vertex 1.70312 -2.36931 5
      vertex 1.4725 -2.46911 5
    endloop
  endfacet
  facet normal 0.61291 0.790153 -0
    outer loop
      vertex -2.35114 -1.98607 5
      vertex -2.5497 -1.83205 10
      vertex -2.35114 -1.98607 10
    endloop
  endfacet
  facet normal 0.61291 0.790153 0
    outer loop
      vertex -2.5497 -1.83205 10
      vertex -2.35114 -1.98607 5
      vertex -2.5497 -1.83205 5
    endloop
  endfacet
  facet normal 0.338738 0.940881 -0
    outer loop
      vertex -1.23607 -2.55423 5
      vertex -1.4725 -2.46911 10
      vertex -1.23607 -2.55423 10
    endloop
  endfacet
  facet normal 0.338738 0.940881 0
    outer loop
      vertex -1.4725 -2.46911 10
      vertex -1.23607 -2.55423 5
      vertex -1.4725 -2.46911 5
    endloop
  endfacet
  facet normal 0.960301 -0.278965 0
    outer loop
      vertex -3.87433 2.24476 10
      vertex -3.80423 2.48607 5
      vertex -3.80423 2.48607 10
    endloop
  endfacet
  facet normal 0.960301 -0.278965 0
    outer loop
      vertex -3.80423 2.48607 5
      vertex -3.87433 2.24476 10
      vertex -3.87433 2.24476 5
    endloop
  endfacet
  facet normal -0.453998 0.891003 0
    outer loop
      vertex 1.92701 -2.25523 5
      vertex 1.70312 -2.36931 10
      vertex 1.92701 -2.25523 10
    endloop
  endfacet
  facet normal -0.453998 0.891003 0
    outer loop
      vertex 1.70312 -2.36931 10
      vertex 1.92701 -2.25523 5
      vertex 1.70312 -2.36931 5
    endloop
  endfacet
  facet normal 0.999507 0.0313984 0
    outer loop
      vertex -3.99211 0.998837 10
      vertex -4 1.25 5
      vertex -4 1.25 10
    endloop
  endfacet
  facet normal 0.999507 0.0313984 0
    outer loop
      vertex -4 1.25 5
      vertex -3.99211 0.998837 10
      vertex -3.99211 0.998837 5
    endloop
  endfacet
  facet normal 0.750104 0.66132 0
    outer loop
      vertex -2.91587 -1.48819 10
      vertex -3.08205 -1.2997 5
      vertex -3.08205 -1.2997 10
    endloop
  endfacet
  facet normal 0.750104 0.66132 0
    outer loop
      vertex -3.08205 -1.2997 5
      vertex -2.91587 -1.48819 10
      vertex -2.91587 -1.48819 5
    endloop
  endfacet
  facet normal 0.56208 0.827083 -0
    outer loop
      vertex -2.14331 -2.12731 5
      vertex -2.35114 -1.98607 10
      vertex -2.14331 -2.12731 10
    endloop
  endfacet
  facet normal 0.56208 0.827083 0
    outer loop
      vertex -2.35114 -1.98607 10
      vertex -2.14331 -2.12731 5
      vertex -2.35114 -1.98607 5
    endloop
  endfacet
  facet normal -0.917751 0.397157 0
    outer loop
      vertex 3.61931 -0.453117 5
      vertex 3.71911 -0.222499 10
      vertex 3.71911 -0.222499 5
    endloop
  endfacet
  facet normal -0.917751 0.397157 0
    outer loop
      vertex 3.71911 -0.222499 10
      vertex 3.61931 -0.453117 5
      vertex 3.61931 -0.453117 10
    endloop
  endfacet
  facet normal -0.975914 0.218157 0
    outer loop
      vertex 3.87433 0.25524 5
      vertex 3.92915 0.500474 10
      vertex 3.92915 0.500474 5
    endloop
  endfacet
  facet normal -0.975914 0.218157 0
    outer loop
      vertex 3.92915 0.500474 10
      vertex 3.87433 0.25524 5
      vertex 3.87433 0.25524 10
    endloop
  endfacet
  facet normal -0.66132 -0.750104 0
    outer loop
      vertex 2.5497 4.33205 5
      vertex 2.73819 4.16587 10
      vertex 2.5497 4.33205 10
    endloop
  endfacet
  facet normal -0.66132 -0.750104 -0
    outer loop
      vertex 2.73819 4.16587 10
      vertex 2.5497 4.33205 5
      vertex 2.73819 4.16587 5
    endloop
  endfacet
  facet normal -0.661298 0.750123 0
    outer loop
      vertex 2.73819 -1.66588 5
      vertex 2.5497 -1.83205 10
      vertex 2.73819 -1.66588 10
    endloop
  endfacet
  facet normal -0.661298 0.750123 0
    outer loop
      vertex 2.5497 -1.83205 10
      vertex 2.73819 -1.66588 5
      vertex 2.5497 -1.83205 5
    endloop
  endfacet
  facet normal -0.707127 0.707087 0
    outer loop
      vertex 2.73819 -1.66588 5
      vertex 2.91587 -1.48819 10
      vertex 2.91587 -1.48819 5
    endloop
  endfacet
  facet normal -0.707127 0.707087 0
    outer loop
      vertex 2.91587 -1.48819 10
      vertex 2.73819 -1.66588 5
      vertex 2.73819 -1.66588 10
    endloop
  endfacet
  facet normal 0.891003 -0.453998 0
    outer loop
      vertex -3.61931 2.95312 10
      vertex -3.50523 3.17701 5
      vertex -3.50523 3.17701 10
    endloop
  endfacet
  facet normal 0.891003 -0.453998 0
    outer loop
      vertex -3.50523 3.17701 5
      vertex -3.61931 2.95312 10
      vertex -3.61931 2.95312 5
    endloop
  endfacet
  facet normal 0.995561 -0.0941161 0
    outer loop
      vertex -3.99211 1.50116 10
      vertex -3.96846 1.75133 5
      vertex -3.96846 1.75133 10
    endloop
  endfacet
  facet normal 0.995561 -0.0941161 0
    outer loop
      vertex -3.96846 1.75133 5
      vertex -3.99211 1.50116 10
      vertex -3.99211 1.50116 5
    endloop
  endfacet
  facet normal -0.790153 0.61291 0
    outer loop
      vertex 3.08205 -1.2997 5
      vertex 3.23607 -1.10114 10
      vertex 3.23607 -1.10114 5
    endloop
  endfacet
  facet normal -0.790153 0.61291 0
    outer loop
      vertex 3.23607 -1.10114 10
      vertex 3.08205 -1.2997 5
      vertex 3.08205 -1.2997 10
    endloop
  endfacet
  facet normal -0.960301 0.278967 0
    outer loop
      vertex 3.80423 0.0139313 5
      vertex 3.87433 0.25524 10
      vertex 3.87433 0.25524 5
    endloop
  endfacet
  facet normal -0.960301 0.278967 0
    outer loop
      vertex 3.87433 0.25524 10
      vertex 3.80423 0.0139313 5
      vertex 3.80423 0.0139313 10
    endloop
  endfacet
  facet normal 0.975913 -0.218161 0
    outer loop
      vertex -3.92915 1.99953 10
      vertex -3.87433 2.24476 5
      vertex -3.87433 2.24476 10
    endloop
  endfacet
  facet normal 0.975913 -0.218161 0
    outer loop
      vertex -3.87433 2.24476 5
      vertex -3.92915 1.99953 10
      vertex -3.92915 1.99953 5
    endloop
  endfacet
  facet normal 0.860741 -0.509043 0
    outer loop
      vertex -3.50523 3.17701 10
      vertex -3.37731 3.39331 5
      vertex -3.37731 3.39331 10
    endloop
  endfacet
  facet normal 0.860741 -0.509043 0
    outer loop
      vertex -3.37731 3.39331 5
      vertex -3.50523 3.17701 10
      vertex -3.50523 3.17701 5
    endloop
  endfacet
  facet normal 0.999507 -0.0313987 0
    outer loop
      vertex -4 1.25 10
      vertex -3.99211 1.50116 5
      vertex -3.99211 1.50116 10
    endloop
  endfacet
  facet normal 0.999507 -0.0313987 0
    outer loop
      vertex -3.99211 1.50116 5
      vertex -4 1.25 10
      vertex -4 1.25 5
    endloop
  endfacet
  facet normal 0.397154 0.917752 -0
    outer loop
      vertex -1.4725 -2.46911 5
      vertex -1.70312 -2.36931 10
      vertex -1.4725 -2.46911 10
    endloop
  endfacet
  facet normal 0.397154 0.917752 0
    outer loop
      vertex -1.70312 -2.36931 10
      vertex -1.4725 -2.46911 5
      vertex -1.70312 -2.36931 5
    endloop
  endfacet
  facet normal 0.278965 -0.960301 0
    outer loop
      vertex -1.23607 5.05423 5
      vertex -0.99476 5.12433 10
      vertex -1.23607 5.05423 10
    endloop
  endfacet
  facet normal 0.278965 -0.960301 0
    outer loop
      vertex -0.99476 5.12433 10
      vertex -1.23607 5.05423 5
      vertex -0.99476 5.12433 5
    endloop
  endfacet
  facet normal 0.218157 0.975914 -0
    outer loop
      vertex -0.749526 -2.67915 5
      vertex -0.99476 -2.62433 10
      vertex -0.749526 -2.67915 10
    endloop
  endfacet
  facet normal 0.218157 0.975914 0
    outer loop
      vertex -0.99476 -2.62433 10
      vertex -0.749526 -2.67915 5
      vertex -0.99476 -2.62433 5
    endloop
  endfacet
  facet normal 0.278965 0.960301 -0
    outer loop
      vertex -0.99476 -2.62433 5
      vertex -1.23607 -2.55423 10
      vertex -0.99476 -2.62433 10
    endloop
  endfacet
  facet normal 0.278965 0.960301 0
    outer loop
      vertex -1.23607 -2.55423 10
      vertex -0.99476 -2.62433 5
      vertex -1.23607 -2.55423 5
    endloop
  endfacet
  facet normal -0.891009 0.453985 0
    outer loop
      vertex 3.50523 -0.677015 5
      vertex 3.61931 -0.453117 10
      vertex 3.61931 -0.453117 5
    endloop
  endfacet
  facet normal -0.891009 0.453985 0
    outer loop
      vertex 3.61931 -0.453117 10
      vertex 3.50523 -0.677015 5
      vertex 3.50523 -0.677015 10
    endloop
  endfacet
  facet normal 0.860734 0.509055 0
    outer loop
      vertex -3.37731 -0.893308 10
      vertex -3.50523 -0.677015 5
      vertex -3.50523 -0.677015 10
    endloop
  endfacet
  facet normal 0.860734 0.509055 0
    outer loop
      vertex -3.50523 -0.677015 5
      vertex -3.37731 -0.893308 10
      vertex -3.37731 -0.893308 5
    endloop
  endfacet
  facet normal 0.750104 -0.66132 0
    outer loop
      vertex -3.08205 3.7997 10
      vertex -2.91587 3.98819 5
      vertex -2.91587 3.98819 10
    endloop
  endfacet
  facet normal 0.750104 -0.66132 0
    outer loop
      vertex -2.91587 3.98819 5
      vertex -3.08205 3.7997 10
      vertex -3.08205 3.7997 5
    endloop
  endfacet
  facet normal 0 -1 0
    outer loop
      vertex -7.5 -8.75 -10
      vertex 7.5 -8.75 10
      vertex -7.5 -8.75 10
    endloop
  endfacet
  facet normal 0 -1 -0
    outer loop
      vertex 7.5 -8.75 10
      vertex -7.5 -8.75 -10
      vertex 7.5 -8.75 -10
    endloop
  endfacet
endsolid OpenSCAD_Model
