solid OpenSCAD_Model
  facet normal 1 -0 0
    outer loop
      vertex 85 -30 10
      vertex 85 30 -10
      vertex 85 30 10
    endloop
  endfacet
  facet normal 1 0 0
    outer loop
      vertex 85 30 -10
      vertex 85 -30 10
      vertex 85 -30 -10
    endloop
  endfacet
  facet normal 0 0 1
    outer loop
      vertex 3.68464 -4.64302 10
      vertex 0.483222 -8.25081 10
      vertex 3.50236 -8.68733 10
    endloop
  endfacet
  facet normal -0 0 1
    outer loop
      vertex -3.55532 -9.17174 10
      vertex 0.182801 -9.32231 10
      vertex 0.483222 -8.25081 10
    endloop
  endfacet
  facet normal 0 -0 1
    outer loop
      vertex -3.18685 -9.84035 10
      vertex 0.182801 -9.32231 10
      vertex -3.55532 -9.17174 10
    endloop
  endfacet
  facet normal 0 -0 1
    outer loop
      vertex -2.74788 -10.3179 10
      vertex -0.274285 -10.0877 10
      vertex -3.18685 -9.84035 10
    endloop
  endfacet
  facet normal 0 0 1
    outer loop
      vertex -0.274285 -10.0877 10
      vertex -1.65843 -10.7 10
      vertex -0.888037 -10.5469 10
    endloop
  endfacet
  facet normal -0 0 1
    outer loop
      vertex -4.22178 -4.64302 10
      vertex 0.483222 -8.25081 10
      vertex 3.68464 -4.64302 10
    endloop
  endfacet
  facet normal 0 -0 1
    outer loop
      vertex -3.55532 -9.17174 10
      vertex 0.483222 -8.25081 10
      vertex -3.84689 -8.31551 10
    endloop
  endfacet
  facet normal 0 0 1
    outer loop
      vertex 0.182801 -9.32231 10
      vertex -3.18685 -9.84035 10
      vertex -0.274285 -10.0877 10
    endloop
  endfacet
  facet normal 0 0 1
    outer loop
      vertex -1.65843 -10.7 10
      vertex -2.74788 -10.3179 10
      vertex -2.2384 -10.6044 10
    endloop
  endfacet
  facet normal 0 0 1
    outer loop
      vertex -0.274285 -10.0877 10
      vertex -2.74788 -10.3179 10
      vertex -1.65843 -10.7 10
    endloop
  endfacet
  facet normal 0 0 1
    outer loop
      vertex 0.483222 -8.25081 10
      vertex -4.05516 -7.27528 10
      vertex -3.84689 -8.31551 10
    endloop
  endfacet
  facet normal 0 0 1
    outer loop
      vertex 0.483222 -8.25081 10
      vertex -4.18013 -6.05113 10
      vertex -4.05516 -7.27528 10
    endloop
  endfacet
  facet normal 0 0 1
    outer loop
      vertex 0.483222 -8.25081 10
      vertex -4.22178 -4.64302 10
      vertex -4.18013 -6.05113 10
    endloop
  endfacet
  facet normal 0 0 1
    outer loop
      vertex -7.48936 -5.99525 10
      vertex -9.55202 -4.9944 10
      vertex -9.3751 -5.59904 10
    endloop
  endfacet
  facet normal 0 0 1
    outer loop
      vertex -7.48793 -1.12566 10
      vertex -9.77131 -4.45503 10
      vertex -9.55202 -4.9944 10
    endloop
  endfacet
  facet normal 0 0 1
    outer loop
      vertex -7.48793 -1.12566 10
      vertex -10.0248 -3.96666 10
      vertex -9.77131 -4.45503 10
    endloop
  endfacet
  facet normal 0 0 1
    outer loop
      vertex -7.48793 -1.12566 10
      vertex -10.3124 -3.52934 10
      vertex -10.0248 -3.96666 10
    endloop
  endfacet
  facet normal 0 0 1
    outer loop
      vertex -7.48793 -1.12566 10
      vertex -10.6343 -3.14305 10
      vertex -10.3124 -3.52934 10
    endloop
  endfacet
  facet normal 0 0 1
    outer loop
      vertex -7.48793 -1.12566 10
      vertex -11.001 -2.79475 10
      vertex -10.6343 -3.14305 10
    endloop
  endfacet
  facet normal 0 0 1
    outer loop
      vertex -9.4324 1.50886 10
      vertex -11.4232 -2.47139 10
      vertex -11.001 -2.79475 10
    endloop
  endfacet
  facet normal 0 0 1
    outer loop
      vertex -9.4324 1.50886 10
      vertex -11.901 -2.17302 10
      vertex -11.4232 -2.47139 10
    endloop
  endfacet
  facet normal -0 0 1
    outer loop
      vertex -12.2691 1.01521 10
      vertex -11.901 -2.17302 10
      vertex -9.4324 1.50886 10
    endloop
  endfacet
  facet normal 0 0 1
    outer loop
      vertex -15.0033 -0.883469 10
      vertex -12.2691 1.01521 10
      vertex -12.3624 1.60197 10
    endloop
  endfacet
  facet normal 0 0 1
    outer loop
      vertex -12.2691 1.01521 10
      vertex -12.4344 -1.89958 10
      vertex -11.901 -2.17302 10
    endloop
  endfacet
  facet normal 0 0 1
    outer loop
      vertex -15.4843 -0.70137 10
      vertex -12.3624 1.60197 10
      vertex -12.5055 2.10927 10
    endloop
  endfacet
  facet normal 0 0 1
    outer loop
      vertex -14.0969 3.46388 10
      vertex -12.5055 2.10927 10
      vertex -12.6986 2.53703 10
    endloop
  endfacet
  facet normal 0 0 1
    outer loop
      vertex -13.6335 3.34819 10
      vertex -12.6986 2.53703 10
      vertex -12.9414 2.88533 10
    endloop
  endfacet
  facet normal 0 0 1
    outer loop
      vertex -12.2691 1.01521 10
      vertex -13.0157 -1.64024 10
      vertex -12.4344 -1.89958 10
    endloop
  endfacet
  facet normal 0 0 1
    outer loop
      vertex -13.6335 3.34819 10
      vertex -12.9414 2.88533 10
      vertex -13.2483 3.15535 10
    endloop
  endfacet
  facet normal 0 0 1
    outer loop
      vertex -12.6986 2.53703 10
      vertex -13.6335 3.34819 10
      vertex -14.0969 3.46388 10
    endloop
  endfacet
  facet normal 0 0 1
    outer loop
      vertex -12.2691 1.01521 10
      vertex -13.6377 -1.38445 10
      vertex -13.0157 -1.64024 10
    endloop
  endfacet
  facet normal 0 0 1
    outer loop
      vertex -14.6387 3.50246 10
      vertex -12.5055 2.10927 10
      vertex -14.0969 3.46388 10
    endloop
  endfacet
  facet normal 0 0 1
    outer loop
      vertex -12.2691 1.01521 10
      vertex -14.3002 -1.13219 10
      vertex -13.6377 -1.38445 10
    endloop
  endfacet
  facet normal 0 0 1
    outer loop
      vertex -12.5055 2.10927 10
      vertex -14.6387 3.50246 10
      vertex -15.4843 -0.70137 10
    endloop
  endfacet
  facet normal 0 0 1
    outer loop
      vertex -12.2691 1.01521 10
      vertex -15.0033 -0.883469 10
      vertex -14.3002 -1.13219 10
    endloop
  endfacet
  facet normal 0 0 1
    outer loop
      vertex -16.9173 1.39491 10
      vertex -14.6387 3.50246 10
      vertex -15.1728 3.47221 10
    endloop
  endfacet
  facet normal 0 0 1
    outer loop
      vertex -12.3624 1.60197 10
      vertex -15.4843 -0.70137 10
      vertex -15.0033 -0.883469 10
    endloop
  endfacet
  facet normal 0 0 1
    outer loop
      vertex -16.8817 1.92363 10
      vertex -15.1728 3.47221 10
      vertex -15.6357 3.38142 10
    endloop
  endfacet
  facet normal 0 0 1
    outer loop
      vertex -14.6387 3.50246 10
      vertex -15.8905 -0.496719 10
      vertex -15.4843 -0.70137 10
    endloop
  endfacet
  facet normal 0 0 1
    outer loop
      vertex -16.7749 2.37044 10
      vertex -15.6357 3.38142 10
      vertex -16.0273 3.23015 10
    endloop
  endfacet
  facet normal 0 0 1
    outer loop
      vertex -14.6387 3.50246 10
      vertex -16.9173 1.39491 10
      vertex -15.8905 -0.496719 10
    endloop
  endfacet
  facet normal 0 0 1
    outer loop
      vertex -16.7749 2.37044 10
      vertex -16.0273 3.23015 10
      vertex -16.3478 3.01836 10
    endloop
  endfacet
  facet normal -0 -0 1
    outer loop
      vertex -16.8899 0.971847 10
      vertex -15.8905 -0.496719 10
      vertex -16.9173 1.39491 10
    endloop
  endfacet
  facet normal 0 0 1
    outer loop
      vertex -16.7749 2.37044 10
      vertex -16.3478 3.01836 10
      vertex -16.5969 2.73534 10
    endloop
  endfacet
  facet normal 0 0 1
    outer loop
      vertex -15.8905 -0.496719 10
      vertex -16.8899 0.971847 10
      vertex -16.2219 -0.269455 10
    endloop
  endfacet
  facet normal 0 0 1
    outer loop
      vertex -15.6357 3.38142 10
      vertex -16.7749 2.37044 10
      vertex -16.8817 1.92363 10
    endloop
  endfacet
  facet normal -0 -0 1
    outer loop
      vertex -16.8076 0.595077 10
      vertex -16.2219 -0.269455 10
      vertex -16.8899 0.971847 10
    endloop
  endfacet
  facet normal 0 0 1
    outer loop
      vertex -15.1728 3.47221 10
      vertex -16.8817 1.92363 10
      vertex -16.9173 1.39491 10
    endloop
  endfacet
  facet normal 0 0 1
    outer loop
      vertex -16.2219 -0.269455 10
      vertex -16.8076 0.595077 10
      vertex -16.4787 -0.0196686 10
    endloop
  endfacet
  facet normal 0 0 1
    outer loop
      vertex -16.4787 -0.0196686 10
      vertex -16.8076 0.595077 10
      vertex -16.6706 0.264571 10
    endloop
  endfacet
  facet normal 0 0 1
    outer loop
      vertex -13.2503 -6.28319 10
      vertex -12.0868 -8.38353 10
      vertex -12.1178 -7.91542 10
    endloop
  endfacet
  facet normal 0 0 1
    outer loop
      vertex -12.8733 -6.53896 10
      vertex -12.1178 -7.91542 10
      vertex -12.2107 -7.49831 10
    endloop
  endfacet
  facet normal 0 0 1
    outer loop
      vertex -12.0868 -8.38353 10
      vertex -14.035 -10.7025 10
      vertex -12.1253 -8.95079 10
    endloop
  endfacet
  facet normal 0 0 1
    outer loop
      vertex -12.8733 -6.53896 10
      vertex -12.2107 -7.49831 10
      vertex -12.3656 -7.13225 10
    endloop
  endfacet
  facet normal 0 -0 1
    outer loop
      vertex -13.4995 -10.5957 10
      vertex -12.1253 -8.95079 10
      vertex -14.035 -10.7025 10
    endloop
  endfacet
  facet normal 0 0 1
    outer loop
      vertex -12.8733 -6.53896 10
      vertex -12.3656 -7.13225 10
      vertex -12.5824 -6.81721 10
    endloop
  endfacet
  facet normal 0 0 1
    outer loop
      vertex -12.1253 -8.95079 10
      vertex -13.4995 -10.5957 10
      vertex -12.2406 -9.43739 10
    endloop
  endfacet
  facet normal 0 0 1
    outer loop
      vertex -12.1178 -7.91542 10
      vertex -12.8733 -6.53896 10
      vertex -13.2503 -6.28319 10
    endloop
  endfacet
  facet normal 0 0 1
    outer loop
      vertex -12.2406 -9.43739 10
      vertex -13.0552 -10.4177 10
      vertex -12.4329 -9.84331 10
    endloop
  endfacet
  facet normal 0 0 1
    outer loop
      vertex -12.0868 -8.38353 10
      vertex -13.2503 -6.28319 10
      vertex -14.035 -10.7025 10
    endloop
  endfacet
  facet normal 0 0 1
    outer loop
      vertex -12.4329 -9.84331 10
      vertex -13.0552 -10.4177 10
      vertex -12.702 -10.1685 10
    endloop
  endfacet
  facet normal 0 0 1
    outer loop
      vertex -14.6616 -10.7381 10
      vertex -13.2503 -6.28319 10
      vertex -13.7135 -6.04994 10
    endloop
  endfacet
  facet normal 0 -0 1
    outer loop
      vertex -13.0552 -10.4177 10
      vertex -12.2406 -9.43739 10
      vertex -13.4995 -10.5957 10
    endloop
  endfacet
  facet normal 0 0 1
    outer loop
      vertex -14.6616 -10.7381 10
      vertex -13.7135 -6.04994 10
      vertex -14.2629 -5.83919 10
    endloop
  endfacet
  facet normal 0 0 1
    outer loop
      vertex -13.2503 -6.28319 10
      vertex -14.6616 -10.7381 10
      vertex -14.035 -10.7025 10
    endloop
  endfacet
  facet normal 0 0 1
    outer loop
      vertex -14.2629 -5.83919 10
      vertex -15.3362 -10.7001 10
      vertex -14.6616 -10.7381 10
    endloop
  endfacet
  facet normal 0 0 1
    outer loop
      vertex -17.5325 -8.06099 10
      vertex -14.2629 -5.83919 10
      vertex -15.5082 -5.40071 10
    endloop
  endfacet
  facet normal 0 0 1
    outer loop
      vertex -14.2629 -5.83919 10
      vertex -17.3912 -8.73851 10
      vertex -15.3362 -10.7001 10
    endloop
  endfacet
  facet normal -0 -0 1
    outer loop
      vertex -17.2064 -9.30928 10
      vertex -15.3362 -10.7001 10
      vertex -17.3912 -8.73851 10
    endloop
  endfacet
  facet normal 0 0 1
    outer loop
      vertex -17.5325 -8.06099 10
      vertex -15.5082 -5.40071 10
      vertex -16.5328 -4.97768 10
    endloop
  endfacet
  facet normal 0 0 1
    outer loop
      vertex -15.3362 -10.7001 10
      vertex -17.2064 -9.30928 10
      vertex -15.902 -10.5862 10
    endloop
  endfacet
  facet normal -0 -0 1
    outer loop
      vertex -16.9782 -9.77327 10
      vertex -15.902 -10.5862 10
      vertex -17.2064 -9.30928 10
    endloop
  endfacet
  facet normal 0 0 1
    outer loop
      vertex -15.902 -10.5862 10
      vertex -16.9782 -9.77327 10
      vertex -16.3588 -10.3963 10
    endloop
  endfacet
  facet normal 0 0 1
    outer loop
      vertex -17.5325 -8.06099 10
      vertex -16.5328 -4.97768 10
      vertex -17.3367 -4.57008 10
    endloop
  endfacet
  facet normal 0 0 1
    outer loop
      vertex -14.2629 -5.83919 10
      vertex -17.5325 -8.06099 10
      vertex -17.3912 -8.73851 10
    endloop
  endfacet
  facet normal 0 0 1
    outer loop
      vertex -16.3588 -10.3963 10
      vertex -16.9782 -9.77327 10
      vertex -16.7066 -10.1304 10
    endloop
  endfacet
  facet normal 0 0 1
    outer loop
      vertex -17.9199 -4.17793 10
      vertex -17.5325 -8.06099 10
      vertex -17.3367 -4.57008 10
    endloop
  endfacet
  facet normal 0 0 1
    outer loop
      vertex -21.9214 -6.28319 10
      vertex -17.9199 -4.17793 10
      vertex -18.3646 -3.76491 10
    endloop
  endfacet
  facet normal 0 0 1
    outer loop
      vertex -22.0478 -5.59904 10
      vertex -18.3646 -3.76491 10
      vertex -18.753 -3.29497 10
    endloop
  endfacet
  facet normal 0 0 1
    outer loop
      vertex -22.2247 -4.9944 10
      vertex -18.753 -3.29497 10
      vertex -19.0851 -2.76811 10
    endloop
  endfacet
  facet normal 0 0 1
    outer loop
      vertex -22.6975 -3.96666 10
      vertex -19.0851 -2.76811 10
      vertex -19.361 -2.18434 10
    endloop
  endfacet
  facet normal 0 0 1
    outer loop
      vertex -22.9851 -3.52934 10
      vertex -19.361 -2.18434 10
      vertex -19.5778 -1.53697 10
    endloop
  endfacet
  facet normal 0 0 1
    outer loop
      vertex -18.3646 -3.76491 10
      vertex -22.0478 -5.59904 10
      vertex -21.9214 -6.28319 10
    endloop
  endfacet
  facet normal 0 0 1
    outer loop
      vertex -23.307 -3.14305 10
      vertex -19.5778 -1.53697 10
      vertex -19.7327 -0.819534 10
    endloop
  endfacet
  facet normal 0 0 1
    outer loop
      vertex -22.1051 1.50886 10
      vertex -19.7327 -0.819534 10
      vertex -19.8257 -0.0320892 10
    endloop
  endfacet
  facet normal 0 0 1
    outer loop
      vertex -22.1051 1.50886 10
      vertex -19.8257 -0.0320892 10
      vertex -19.8566 0.825393 10
    endloop
  endfacet
  facet normal 0 0 1
    outer loop
      vertex -18.753 -3.29497 10
      vertex -22.2247 -4.9944 10
      vertex -22.0478 -5.59904 10
    endloop
  endfacet
  facet normal 0 0 1
    outer loop
      vertex -19.0851 -2.76811 10
      vertex -22.444 -4.45503 10
      vertex -22.2247 -4.9944 10
    endloop
  endfacet
  facet normal 0 0 1
    outer loop
      vertex -19.0851 -2.76811 10
      vertex -22.6975 -3.96666 10
      vertex -22.444 -4.45503 10
    endloop
  endfacet
  facet normal 0 0 1
    outer loop
      vertex -19.361 -2.18434 10
      vertex -22.9851 -3.52934 10
      vertex -22.6975 -3.96666 10
    endloop
  endfacet
  facet normal 0 0 1
    outer loop
      vertex -19.5778 -1.53697 10
      vertex -23.307 -3.14305 10
      vertex -22.9851 -3.52934 10
    endloop
  endfacet
  facet normal 0 0 1
    outer loop
      vertex -19.7327 -0.819534 10
      vertex -23.6737 -2.79475 10
      vertex -23.307 -3.14305 10
    endloop
  endfacet
  facet normal 0 0 1
    outer loop
      vertex -22.1051 1.50886 10
      vertex -24.0959 -2.47139 10
      vertex -23.6737 -2.79475 10
    endloop
  endfacet
  facet normal 0 0 1
    outer loop
      vertex -22.1051 1.50886 10
      vertex -24.5737 -2.17302 10
      vertex -24.0959 -2.47139 10
    endloop
  endfacet
  facet normal -0 0 1
    outer loop
      vertex -24.9418 1.01521 10
      vertex -24.5737 -2.17302 10
      vertex -22.1051 1.50886 10
    endloop
  endfacet
  facet normal 0 0 1
    outer loop
      vertex -27.676 -0.883469 10
      vertex -24.9418 1.01521 10
      vertex -25.0351 1.60197 10
    endloop
  endfacet
  facet normal 0 0 1
    outer loop
      vertex -24.9418 1.01521 10
      vertex -25.1071 -1.89958 10
      vertex -24.5737 -2.17302 10
    endloop
  endfacet
  facet normal 0 0 1
    outer loop
      vertex -28.1569 -0.70137 10
      vertex -25.0351 1.60197 10
      vertex -25.1782 2.10927 10
    endloop
  endfacet
  facet normal 0 0 1
    outer loop
      vertex -26.7696 3.46388 10
      vertex -25.1782 2.10927 10
      vertex -25.3712 2.53703 10
    endloop
  endfacet
  facet normal 0 0 1
    outer loop
      vertex -26.3061 3.34819 10
      vertex -25.3712 2.53703 10
      vertex -25.6141 2.88533 10
    endloop
  endfacet
  facet normal 0 0 1
    outer loop
      vertex -24.9418 1.01521 10
      vertex -25.6884 -1.64024 10
      vertex -25.1071 -1.89958 10
    endloop
  endfacet
  facet normal 0 0 1
    outer loop
      vertex -26.3061 3.34819 10
      vertex -25.6141 2.88533 10
      vertex -25.921 3.15535 10
    endloop
  endfacet
  facet normal 0 0 1
    outer loop
      vertex -25.3712 2.53703 10
      vertex -26.3061 3.34819 10
      vertex -26.7696 3.46388 10
    endloop
  endfacet
  facet normal 0 0 1
    outer loop
      vertex -24.9418 1.01521 10
      vertex -26.3103 -1.38445 10
      vertex -25.6884 -1.64024 10
    endloop
  endfacet
  facet normal 0 0 1
    outer loop
      vertex -27.3114 3.50246 10
      vertex -25.1782 2.10927 10
      vertex -26.7696 3.46388 10
    endloop
  endfacet
  facet normal 0 0 1
    outer loop
      vertex -24.9418 1.01521 10
      vertex -26.9729 -1.13219 10
      vertex -26.3103 -1.38445 10
    endloop
  endfacet
  facet normal 0 0 1
    outer loop
      vertex -25.1782 2.10927 10
      vertex -27.3114 3.50246 10
      vertex -28.1569 -0.70137 10
    endloop
  endfacet
  facet normal 0 0 1
    outer loop
      vertex -24.9418 1.01521 10
      vertex -27.676 -0.883469 10
      vertex -26.9729 -1.13219 10
    endloop
  endfacet
  facet normal 0 0 1
    outer loop
      vertex -29.59 1.39491 10
      vertex -27.3114 3.50246 10
      vertex -27.8455 3.47221 10
    endloop
  endfacet
  facet normal 0 0 1
    outer loop
      vertex -25.0351 1.60197 10
      vertex -28.1569 -0.70137 10
      vertex -27.676 -0.883469 10
    endloop
  endfacet
  facet normal 0 0 1
    outer loop
      vertex -29.5544 1.92363 10
      vertex -27.8455 3.47221 10
      vertex -28.3084 3.38142 10
    endloop
  endfacet
  facet normal 0 0 1
    outer loop
      vertex -27.3114 3.50246 10
      vertex -28.5632 -0.496719 10
      vertex -28.1569 -0.70137 10
    endloop
  endfacet
  facet normal 0 0 1
    outer loop
      vertex -29.4476 2.37044 10
      vertex -28.3084 3.38142 10
      vertex -28.7 3.23015 10
    endloop
  endfacet
  facet normal 0 0 1
    outer loop
      vertex -27.3114 3.50246 10
      vertex -29.59 1.39491 10
      vertex -28.5632 -0.496719 10
    endloop
  endfacet
  facet normal 0 0 1
    outer loop
      vertex -29.4476 2.37044 10
      vertex -28.7 3.23015 10
      vertex -29.0205 3.01836 10
    endloop
  endfacet
  facet normal -0 -0 1
    outer loop
      vertex -29.5626 0.971847 10
      vertex -28.5632 -0.496719 10
      vertex -29.59 1.39491 10
    endloop
  endfacet
  facet normal 0 0 1
    outer loop
      vertex -29.4476 2.37044 10
      vertex -29.0205 3.01836 10
      vertex -29.2696 2.73534 10
    endloop
  endfacet
  facet normal 0 0 1
    outer loop
      vertex -28.5632 -0.496719 10
      vertex -29.5626 0.971847 10
      vertex -28.8946 -0.269455 10
    endloop
  endfacet
  facet normal 0 0 1
    outer loop
      vertex -28.3084 3.38142 10
      vertex -29.4476 2.37044 10
      vertex -29.5544 1.92363 10
    endloop
  endfacet
  facet normal -0 -0 1
    outer loop
      vertex -29.4803 0.595077 10
      vertex -28.8946 -0.269455 10
      vertex -29.5626 0.971847 10
    endloop
  endfacet
  facet normal 0 0 1
    outer loop
      vertex -27.8455 3.47221 10
      vertex -29.5544 1.92363 10
      vertex -29.59 1.39491 10
    endloop
  endfacet
  facet normal 0 0 1
    outer loop
      vertex -28.8946 -0.269455 10
      vertex -29.4803 0.595077 10
      vertex -29.1513 -0.0196686 10
    endloop
  endfacet
  facet normal 0 0 1
    outer loop
      vertex -29.1513 -0.0196686 10
      vertex -29.4803 0.595077 10
      vertex -29.3432 0.264571 10
    endloop
  endfacet
  facet normal 0 0 1
    outer loop
      vertex -25.923 -6.28319 10
      vertex -24.7595 -8.38353 10
      vertex -24.7905 -7.91542 10
    endloop
  endfacet
  facet normal 0 0 1
    outer loop
      vertex -25.546 -6.53896 10
      vertex -24.7905 -7.91542 10
      vertex -24.8834 -7.49831 10
    endloop
  endfacet
  facet normal 0 0 1
    outer loop
      vertex -24.7595 -8.38353 10
      vertex -26.7076 -10.7025 10
      vertex -24.7979 -8.95079 10
    endloop
  endfacet
  facet normal 0 0 1
    outer loop
      vertex -25.546 -6.53896 10
      vertex -24.8834 -7.49831 10
      vertex -25.0383 -7.13225 10
    endloop
  endfacet
  facet normal 0 -0 1
    outer loop
      vertex -26.1722 -10.5957 10
      vertex -24.7979 -8.95079 10
      vertex -26.7076 -10.7025 10
    endloop
  endfacet
  facet normal 0 0 1
    outer loop
      vertex -25.546 -6.53896 10
      vertex -25.0383 -7.13225 10
      vertex -25.2551 -6.81721 10
    endloop
  endfacet
  facet normal 0 0 1
    outer loop
      vertex -24.7979 -8.95079 10
      vertex -26.1722 -10.5957 10
      vertex -24.9133 -9.43739 10
    endloop
  endfacet
  facet normal 0 0 1
    outer loop
      vertex -24.7905 -7.91542 10
      vertex -25.546 -6.53896 10
      vertex -25.923 -6.28319 10
    endloop
  endfacet
  facet normal 0 0 1
    outer loop
      vertex -24.9133 -9.43739 10
      vertex -25.7279 -10.4177 10
      vertex -25.1055 -9.84331 10
    endloop
  endfacet
  facet normal 0 0 1
    outer loop
      vertex -24.7595 -8.38353 10
      vertex -25.923 -6.28319 10
      vertex -26.7076 -10.7025 10
    endloop
  endfacet
  facet normal 0 0 1
    outer loop
      vertex -25.1055 -9.84331 10
      vertex -25.7279 -10.4177 10
      vertex -25.3747 -10.1685 10
    endloop
  endfacet
  facet normal 0 0 1
    outer loop
      vertex -27.3343 -10.7381 10
      vertex -25.923 -6.28319 10
      vertex -26.3862 -6.04994 10
    endloop
  endfacet
  facet normal 0 -0 1
    outer loop
      vertex -25.7279 -10.4177 10
      vertex -24.9133 -9.43739 10
      vertex -26.1722 -10.5957 10
    endloop
  endfacet
  facet normal 0 0 1
    outer loop
      vertex -27.3343 -10.7381 10
      vertex -26.3862 -6.04994 10
      vertex -26.9356 -5.83919 10
    endloop
  endfacet
  facet normal 0 0 1
    outer loop
      vertex -25.923 -6.28319 10
      vertex -27.3343 -10.7381 10
      vertex -26.7076 -10.7025 10
    endloop
  endfacet
  facet normal 0 0 1
    outer loop
      vertex -26.9356 -5.83919 10
      vertex -28.0089 -10.7001 10
      vertex -27.3343 -10.7381 10
    endloop
  endfacet
  facet normal 0 0 1
    outer loop
      vertex -30.2052 -8.06099 10
      vertex -26.9356 -5.83919 10
      vertex -28.1809 -5.40071 10
    endloop
  endfacet
  facet normal 0 0 1
    outer loop
      vertex -26.9356 -5.83919 10
      vertex -30.0639 -8.73851 10
      vertex -28.0089 -10.7001 10
    endloop
  endfacet
  facet normal -0 -0 1
    outer loop
      vertex -29.8791 -9.30928 10
      vertex -28.0089 -10.7001 10
      vertex -30.0639 -8.73851 10
    endloop
  endfacet
  facet normal 0 0 1
    outer loop
      vertex -30.2052 -8.06099 10
      vertex -28.1809 -5.40071 10
      vertex -29.2055 -4.97768 10
    endloop
  endfacet
  facet normal 0 0 1
    outer loop
      vertex -28.0089 -10.7001 10
      vertex -29.8791 -9.30928 10
      vertex -28.5746 -10.5862 10
    endloop
  endfacet
  facet normal -0 -0 1
    outer loop
      vertex -29.6509 -9.77327 10
      vertex -28.5746 -10.5862 10
      vertex -29.8791 -9.30928 10
    endloop
  endfacet
  facet normal 0 0 1
    outer loop
      vertex -28.5746 -10.5862 10
      vertex -29.6509 -9.77327 10
      vertex -29.0314 -10.3963 10
    endloop
  endfacet
  facet normal 0 0 1
    outer loop
      vertex -30.2052 -8.06099 10
      vertex -29.2055 -4.97768 10
      vertex -30.0094 -4.57008 10
    endloop
  endfacet
  facet normal 0 0 1
    outer loop
      vertex -26.9356 -5.83919 10
      vertex -30.2052 -8.06099 10
      vertex -30.0639 -8.73851 10
    endloop
  endfacet
  facet normal 0 0 1
    outer loop
      vertex -29.0314 -10.3963 10
      vertex -29.6509 -9.77327 10
      vertex -29.3793 -10.1304 10
    endloop
  endfacet
  facet normal 0 0 1
    outer loop
      vertex -30.5926 -4.17793 10
      vertex -30.2052 -8.06099 10
      vertex -30.0094 -4.57008 10
    endloop
  endfacet
  facet normal 0 0 1
    outer loop
      vertex -33.019 -8.7635 10
      vertex -30.5926 -4.17793 10
      vertex -31.0372 -3.76491 10
    endloop
  endfacet
  facet normal 0 0 1
    outer loop
      vertex -33.019 -8.7635 10
      vertex -31.0372 -3.76491 10
      vertex -31.4256 -3.29497 10
    endloop
  endfacet
  facet normal 0 0 1
    outer loop
      vertex -33.019 -8.7635 10
      vertex -31.4256 -3.29497 10
      vertex -31.7578 -2.76811 10
    endloop
  endfacet
  facet normal 0 0 1
    outer loop
      vertex -33.019 -8.7635 10
      vertex -31.7578 -2.76811 10
      vertex -32.0337 -2.18434 10
    endloop
  endfacet
  facet normal 0 0 1
    outer loop
      vertex -33.019 -8.7635 10
      vertex -32.0337 -2.18434 10
      vertex -32.2505 -1.53697 10
    endloop
  endfacet
  facet normal 0 0 1
    outer loop
      vertex -30.5926 -4.17793 10
      vertex -33.019 -8.7635 10
      vertex -30.2052 -8.06099 10
    endloop
  endfacet
  facet normal 0 0 1
    outer loop
      vertex -32.4054 -0.819534 10
      vertex -33.019 -8.7635 10
      vertex -32.2505 -1.53697 10
    endloop
  endfacet
  facet normal 0 0 1
    outer loop
      vertex -39.8936 12.8634 10
      vertex -32.4054 -0.819534 10
      vertex -32.4983 -0.0320892 10
    endloop
  endfacet
  facet normal 0 0 1
    outer loop
      vertex -39.8936 12.8634 10
      vertex -32.4983 -0.0320892 10
      vertex -32.5293 0.825393 10
    endloop
  endfacet
  facet normal -0 0 1
    outer loop
      vertex 2.89641 2.46348 10
      vertex 5.80776 2.05962 10
      vertex 5.80597 2.8481 10
    endloop
  endfacet
  facet normal -0 0 1
    outer loop
      vertex 9.04725 -1.62773 10
      vertex 13.0649 -2.36467 10
      vertex 12.9481 0.00291348 10
    endloop
  endfacet
  facet normal -0 0 1
    outer loop
      vertex 16.3056 -1.37303 10
      vertex 20.2991 -2.36467 10
      vertex 20.1823 0.00291348 10
    endloop
  endfacet
  facet normal -0 0 1
    outer loop
      vertex 46.3184 10.3571 10
      vertex 49.5198 6.65443 10
      vertex 49.5198 10.3571 10
    endloop
  endfacet
  facet normal 0 0 1
    outer loop
      vertex 49.5198 6.65443 10
      vertex 46.3184 10.3571 10
      vertex 46.3184 6.65443 10
    endloop
  endfacet
  facet normal 0 0 1
    outer loop
      vertex 63.1988 -4.64302 10
      vertex 59.9974 -8.25081 10
      vertex 63.0165 -8.68733 10
    endloop
  endfacet
  facet normal -0 0 1
    outer loop
      vertex 55.9589 -9.17174 10
      vertex 59.697 -9.32231 10
      vertex 59.9974 -8.25081 10
    endloop
  endfacet
  facet normal 0 -0 1
    outer loop
      vertex 56.3273 -9.84035 10
      vertex 59.697 -9.32231 10
      vertex 55.9589 -9.17174 10
    endloop
  endfacet
  facet normal 0 -0 1
    outer loop
      vertex 56.7663 -10.3179 10
      vertex 59.2399 -10.0877 10
      vertex 56.3273 -9.84035 10
    endloop
  endfacet
  facet normal 0 0 1
    outer loop
      vertex 59.2399 -10.0877 10
      vertex 57.8557 -10.7 10
      vertex 58.6261 -10.5469 10
    endloop
  endfacet
  facet normal -0 0 1
    outer loop
      vertex 55.2924 -4.64302 10
      vertex 59.9974 -8.25081 10
      vertex 63.1988 -4.64302 10
    endloop
  endfacet
  facet normal 0 -0 1
    outer loop
      vertex 55.9589 -9.17174 10
      vertex 59.9974 -8.25081 10
      vertex 55.6673 -8.31551 10
    endloop
  endfacet
  facet normal 0 0 1
    outer loop
      vertex 59.697 -9.32231 10
      vertex 56.3273 -9.84035 10
      vertex 59.2399 -10.0877 10
    endloop
  endfacet
  facet normal 0 0 1
    outer loop
      vertex 57.8557 -10.7 10
      vertex 56.7663 -10.3179 10
      vertex 57.2758 -10.6044 10
    endloop
  endfacet
  facet normal 0 0 1
    outer loop
      vertex 59.2399 -10.0877 10
      vertex 56.7663 -10.3179 10
      vertex 57.8557 -10.7 10
    endloop
  endfacet
  facet normal 0 0 1
    outer loop
      vertex 59.9974 -8.25081 10
      vertex 55.459 -7.27528 10
      vertex 55.6673 -8.31551 10
    endloop
  endfacet
  facet normal 0 0 1
    outer loop
      vertex 59.9974 -8.25081 10
      vertex 55.334 -6.05113 10
      vertex 55.459 -7.27528 10
    endloop
  endfacet
  facet normal 0 0 1
    outer loop
      vertex 59.9974 -8.25081 10
      vertex 55.2924 -4.64302 10
      vertex 55.334 -6.05113 10
    endloop
  endfacet
  facet normal 0 0 1
    outer loop
      vertex 30.7966 6.04677 10
      vertex 29.2701 6.4265 10
      vertex 29.9223 4.81258 10
    endloop
  endfacet
  facet normal 0 0 1
    outer loop
      vertex 29.2244 3.0847 10
      vertex 29.9223 4.81258 10
      vertex 29.2701 6.4265 10
    endloop
  endfacet
  facet normal 0 0 1
    outer loop
      vertex 29.9223 4.81258 10
      vertex 29.2244 3.0847 10
      vertex 29.2701 3.0847 10
    endloop
  endfacet
  facet normal 0 0 1
    outer loop
      vertex 49.5198 14.2875 10
      vertex 85 30 10
      vertex 84.9605 31.2558 10
    endloop
  endfacet
  facet normal 0 0 1
    outer loop
      vertex 85 30 10
      vertex 75.4271 1.50886 10
      vertex 85 -30 10
    endloop
  endfacet
  facet normal 0 0 1
    outer loop
      vertex 49.5198 14.2875 10
      vertex 84.9605 31.2558 10
      vertex 84.8423 32.5067 10
    endloop
  endfacet
  facet normal -0 -0 1
    outer loop
      vertex 75.6108 -6.28319 10
      vertex 85 -30 10
      vertex 75.4271 1.50886 10
    endloop
  endfacet
  facet normal 0 0 1
    outer loop
      vertex 49.5198 14.2875 10
      vertex 84.8423 32.5067 10
      vertex 84.6457 33.7476 10
    endloop
  endfacet
  facet normal -0 -0 1
    outer loop
      vertex 75.7119 -7.88991 10
      vertex 85 -30 10
      vertex 75.6866 -7.0468 10
    endloop
  endfacet
  facet normal 0 0 1
    outer loop
      vertex 49.5198 14.2875 10
      vertex 84.6457 33.7476 10
      vertex 84.3717 34.9738 10
    endloop
  endfacet
  facet normal -0 0 1
    outer loop
      vertex 75.6204 -9.30037 10
      vertex 85 -30 10
      vertex 75.7119 -7.88991 10
    endloop
  endfacet
  facet normal 0 0 1
    outer loop
      vertex 49.5198 14.2875 10
      vertex 84.3717 34.9738 10
      vertex 84.0211 36.1803 10
    endloop
  endfacet
  facet normal -0 0 1
    outer loop
      vertex 75.3459 -10.5506 10
      vertex 85 -30 10
      vertex 75.6204 -9.30037 10
    endloop
  endfacet
  facet normal 0 0 1
    outer loop
      vertex 49.5198 14.2875 10
      vertex 84.0211 36.1803 10
      vertex 83.5955 37.3625 10
    endloop
  endfacet
  facet normal -0 0 1
    outer loop
      vertex 74.8884 -11.6406 10
      vertex 85 -30 10
      vertex 75.3459 -10.5506 10
    endloop
  endfacet
  facet normal 0 0 1
    outer loop
      vertex 49.5198 14.2875 10
      vertex 83.5955 37.3625 10
      vertex 83.0965 38.5156 10
    endloop
  endfacet
  facet normal -0 0 1
    outer loop
      vertex 74.2479 -12.5704 10
      vertex 85 -30 10
      vertex 74.8884 -11.6406 10
    endloop
  endfacet
  facet normal 0 0 1
    outer loop
      vertex 49.5198 14.2875 10
      vertex 83.0965 38.5156 10
      vertex 82.5261 39.6351 10
    endloop
  endfacet
  facet normal -0 0 1
    outer loop
      vertex 72.5035 -13.8449 10
      vertex 85 -30 10
      vertex 73.4458 -13.3138 10
    endloop
  endfacet
  facet normal 0 0 1
    outer loop
      vertex 49.5198 14.2875 10
      vertex 82.5261 39.6351 10
      vertex 81.8866 40.7165 10
    endloop
  endfacet
  facet normal -0 0 1
    outer loop
      vertex 71.4208 -14.1635 10
      vertex 85 -30 10
      vertex 72.5035 -13.8449 10
    endloop
  endfacet
  facet normal 0 0 1
    outer loop
      vertex 49.5198 14.2875 10
      vertex 81.8866 40.7165 10
      vertex 81.1803 41.7557 10
    endloop
  endfacet
  facet normal -0 0 1
    outer loop
      vertex 70.198 -14.2697 10
      vertex 85 -30 10
      vertex 71.4208 -14.1635 10
    endloop
  endfacet
  facet normal 0 0 1
    outer loop
      vertex 49.5198 14.2875 10
      vertex 81.1803 41.7557 10
      vertex 80.4103 42.7485 10
    endloop
  endfacet
  facet normal 0 0 1
    outer loop
      vertex 85 -30 10
      vertex 70.198 -14.2697 10
      vertex 84.9605 -31.2558 10
    endloop
  endfacet
  facet normal 0 0 1
    outer loop
      vertex 49.5198 14.2875 10
      vertex 80.4103 42.7485 10
      vertex 79.5794 43.6909 10
    endloop
  endfacet
  facet normal 0 0 1
    outer loop
      vertex 84.9605 -31.2558 10
      vertex 70.198 -14.2697 10
      vertex 84.8423 -32.5067 10
    endloop
  endfacet
  facet normal 0 0 1
    outer loop
      vertex 49.5198 14.2875 10
      vertex 79.5794 43.6909 10
      vertex 78.6909 44.5794 10
    endloop
  endfacet
  facet normal 0 0 1
    outer loop
      vertex 84.6457 -33.7476 10
      vertex 70.198 -14.2697 10
      vertex 84.3717 -34.9738 10
    endloop
  endfacet
  facet normal 0 0 1
    outer loop
      vertex 49.5198 14.2875 10
      vertex 78.6909 44.5794 10
      vertex 77.7485 45.4103 10
    endloop
  endfacet
  facet normal 0 0 1
    outer loop
      vertex 69.0021 -14.186 10
      vertex 84.3717 -34.9738 10
      vertex 70.198 -14.2697 10
    endloop
  endfacet
  facet normal 0 0 1
    outer loop
      vertex 49.5198 14.2875 10
      vertex 77.7485 45.4103 10
      vertex 76.7557 46.1803 10
    endloop
  endfacet
  facet normal 0 0 1
    outer loop
      vertex 84.3717 -34.9738 10
      vertex 69.0021 -14.186 10
      vertex 84.0211 -36.1803 10
    endloop
  endfacet
  facet normal 0 0 1
    outer loop
      vertex 49.5198 14.2875 10
      vertex 76.7557 46.1803 10
      vertex 75.7165 46.8866 10
    endloop
  endfacet
  facet normal 0 0 1
    outer loop
      vertex 84.0211 -36.1803 10
      vertex 69.0021 -14.186 10
      vertex 83.5955 -37.3625 10
    endloop
  endfacet
  facet normal 0 0 1
    outer loop
      vertex 83.5955 -37.3625 10
      vertex 69.0021 -14.186 10
      vertex 83.0965 -38.5156 10
    endloop
  endfacet
  facet normal 0 0 1
    outer loop
      vertex 84.8423 -32.5067 10
      vertex 70.198 -14.2697 10
      vertex 84.6457 -33.7476 10
    endloop
  endfacet
  facet normal -0 0 1
    outer loop
      vertex 73.4458 -13.3138 10
      vertex 85 -30 10
      vertex 74.2479 -12.5704 10
    endloop
  endfacet
  facet normal 0 0 1
    outer loop
      vertex 85 -30 10
      vertex 75.6108 -6.28319 10
      vertex 75.6866 -7.0468 10
    endloop
  endfacet
  facet normal 0 0 1
    outer loop
      vertex 75.6108 -6.28319 10
      vertex 75.4271 1.50886 10
      vertex 75.4844 -5.59904 10
    endloop
  endfacet
  facet normal 0 0 1
    outer loop
      vertex 85 30 10
      vertex 75.1989 2.77742 10
      vertex 75.4271 1.50886 10
    endloop
  endfacet
  facet normal 0 0 1
    outer loop
      vertex 85 30 10
      vertex 74.8446 3.88698 10
      vertex 75.1989 2.77742 10
    endloop
  endfacet
  facet normal 0 0 1
    outer loop
      vertex 49.5198 14.2875 10
      vertex 75.7165 46.8866 10
      vertex 74.6351 47.5261 10
    endloop
  endfacet
  facet normal 0 0 1
    outer loop
      vertex 85 30 10
      vertex 74.3643 4.83751 10
      vertex 74.8446 3.88698 10
    endloop
  endfacet
  facet normal 0 0 1
    outer loop
      vertex 85 30 10
      vertex 73.758 5.62907 10
      vertex 74.3643 4.83751 10
    endloop
  endfacet
  facet normal 0 0 1
    outer loop
      vertex 49.5198 14.2875 10
      vertex 74.6351 47.5261 10
      vertex 73.5156 48.0965 10
    endloop
  endfacet
  facet normal 0 0 1
    outer loop
      vertex 85 30 10
      vertex 73.035 6.25209 10
      vertex 73.758 5.62907 10
    endloop
  endfacet
  facet normal 0 0 1
    outer loop
      vertex 49.5198 14.2875 10
      vertex 73.5156 48.0965 10
      vertex 72.3625 48.5955 10
    endloop
  endfacet
  facet normal 0 0 1
    outer loop
      vertex 85 30 10
      vertex 72.2044 6.69713 10
      vertex 73.035 6.25209 10
    endloop
  endfacet
  facet normal 0 0 1
    outer loop
      vertex 85 30 10
      vertex 71.2664 6.96413 10
      vertex 72.2044 6.69713 10
    endloop
  endfacet
  facet normal 0 0 1
    outer loop
      vertex 49.5198 14.2875 10
      vertex 72.3625 48.5955 10
      vertex 71.1803 49.0211 10
    endloop
  endfacet
  facet normal 0 0 1
    outer loop
      vertex 85 30 10
      vertex 70.2208 7.05315 10
      vertex 71.2664 6.96413 10
    endloop
  endfacet
  facet normal 0 0 1
    outer loop
      vertex 49.5198 14.2875 10
      vertex 71.1803 49.0211 10
      vertex 69.9738 49.3717 10
    endloop
  endfacet
  facet normal 0 0 1
    outer loop
      vertex 85 30 10
      vertex 69.0442 6.95048 10
      vertex 70.2208 7.05315 10
    endloop
  endfacet
  facet normal 0 0 1
    outer loop
      vertex 49.5198 14.2875 10
      vertex 69.9738 49.3717 10
      vertex 68.7476 49.6457 10
    endloop
  endfacet
  facet normal 0 0 1
    outer loop
      vertex 85 30 10
      vertex 49.5198 14.2875 10
      vertex 69.0442 6.95048 10
    endloop
  endfacet
  facet normal 0 0 1
    outer loop
      vertex 49.5198 14.2875 10
      vertex 68.7476 49.6457 10
      vertex 67.5067 49.8423 10
    endloop
  endfacet
  facet normal 0 0 1
    outer loop
      vertex 69.0442 6.95048 10
      vertex 49.5198 14.2875 10
      vertex 68.0092 6.64253 10
    endloop
  endfacet
  facet normal -0 -0 1
    outer loop
      vertex 58.9906 6.85075 10
      vertex 68.0092 6.64253 10
      vertex 49.5198 14.2875 10
    endloop
  endfacet
  facet normal 0 0 1
    outer loop
      vertex 49.5198 14.2875 10
      vertex 67.5067 49.8423 10
      vertex 66.2558 49.9605 10
    endloop
  endfacet
  facet normal 0 -0 1
    outer loop
      vertex 60.0829 6.3007 10
      vertex 68.0092 6.64253 10
      vertex 58.9906 6.85075 10
    endloop
  endfacet
  facet normal 0 -0 1
    outer loop
      vertex 61.0185 5.38399 10
      vertex 66.3644 5.41066 10
      vertex 60.0829 6.3007 10
    endloop
  endfacet
  facet normal 0 0 1
    outer loop
      vertex 66.3644 5.41066 10
      vertex 61.0185 5.38399 10
      vertex 65.7687 4.50825 10
    endloop
  endfacet
  facet normal 0 0 1
    outer loop
      vertex 65.7687 4.50825 10
      vertex 61.7975 4.10054 10
      vertex 65.3433 3.44325 10
    endloop
  endfacet
  facet normal 0 0 1
    outer loop
      vertex 49.5198 14.2875 10
      vertex 66.2558 49.9605 10
      vertex 65 50 10
    endloop
  endfacet
  facet normal 0 0 1
    outer loop
      vertex 83.0965 -38.5156 10
      vertex 69.0021 -14.186 10
      vertex 82.5261 -39.6351 10
    endloop
  endfacet
  facet normal 0 0 1
    outer loop
      vertex 82.5261 -39.6351 10
      vertex 69.0021 -14.186 10
      vertex 81.8866 -40.7165 10
    endloop
  endfacet
  facet normal 0 0 1
    outer loop
      vertex 81.8866 -40.7165 10
      vertex 69.0021 -14.186 10
      vertex 81.1803 -41.7557 10
    endloop
  endfacet
  facet normal 0 0 1
    outer loop
      vertex 81.1803 -41.7557 10
      vertex 69.0021 -14.186 10
      vertex 80.4103 -42.7485 10
    endloop
  endfacet
  facet normal 0 0 1
    outer loop
      vertex 80.4103 -42.7485 10
      vertex 69.0021 -14.186 10
      vertex 79.5794 -43.6909 10
    endloop
  endfacet
  facet normal 0 0 1
    outer loop
      vertex 79.5794 -43.6909 10
      vertex 69.0021 -14.186 10
      vertex 78.6909 -44.5794 10
    endloop
  endfacet
  facet normal 0 0 1
    outer loop
      vertex 78.6909 -44.5794 10
      vertex 69.0021 -14.186 10
      vertex 77.7485 -45.4103 10
    endloop
  endfacet
  facet normal 0 0 1
    outer loop
      vertex 77.7485 -45.4103 10
      vertex 69.0021 -14.186 10
      vertex 76.7557 -46.1803 10
    endloop
  endfacet
  facet normal 0 0 1
    outer loop
      vertex 76.7557 -46.1803 10
      vertex 69.0021 -14.186 10
      vertex 75.7165 -46.8866 10
    endloop
  endfacet
  facet normal 0 0 1
    outer loop
      vertex 75.7165 -46.8866 10
      vertex 69.0021 -14.186 10
      vertex 74.6351 -47.5261 10
    endloop
  endfacet
  facet normal 0 0 1
    outer loop
      vertex 74.6351 -47.5261 10
      vertex 69.0021 -14.186 10
      vertex 73.5156 -48.0965 10
    endloop
  endfacet
  facet normal 0 0 1
    outer loop
      vertex 73.5156 -48.0965 10
      vertex 69.0021 -14.186 10
      vertex 72.3625 -48.5955 10
    endloop
  endfacet
  facet normal 0 0 1
    outer loop
      vertex 72.3625 -48.5955 10
      vertex 69.0021 -14.186 10
      vertex 71.1803 -49.0211 10
    endloop
  endfacet
  facet normal 0 0 1
    outer loop
      vertex 71.1803 -49.0211 10
      vertex 69.0021 -14.186 10
      vertex 69.9738 -49.3717 10
    endloop
  endfacet
  facet normal 0 0 1
    outer loop
      vertex 69.0021 -14.186 10
      vertex 68.7476 -49.6457 10
      vertex 69.9738 -49.3717 10
    endloop
  endfacet
  facet normal 0 0 1
    outer loop
      vertex 65 -50 10
      vertex 69.0021 -14.186 10
      vertex 67.9551 -13.9351 10
    endloop
  endfacet
  facet normal 0 0 1
    outer loop
      vertex 69.0021 -14.186 10
      vertex 67.5067 -49.8423 10
      vertex 68.7476 -49.6457 10
    endloop
  endfacet
  facet normal -0 0 1
    outer loop
      vertex 59.5325 -13.9208 10
      vertex 67.9551 -13.9351 10
      vertex 67.0568 -13.5168 10
    endloop
  endfacet
  facet normal 0 0 1
    outer loop
      vertex 61.0313 -12.8741 10
      vertex 67.0568 -13.5168 10
      vertex 66.3074 -12.9313 10
    endloop
  endfacet
  facet normal 0 0 1
    outer loop
      vertex 67.9551 -13.9351 10
      vertex 59.5325 -13.9208 10
      vertex 65 -50 10
    endloop
  endfacet
  facet normal -0 0 1
    outer loop
      vertex 61.0313 -12.8741 10
      vertex 66.3074 -12.9313 10
      vertex 65.689 -12.1688 10
    endloop
  endfacet
  facet normal 0 0 1
    outer loop
      vertex 62.1927 -11.1296 10
      vertex 65.689 -12.1688 10
      vertex 65.1838 -11.22 10
    endloop
  endfacet
  facet normal 0 0 1
    outer loop
      vertex 69.0021 -14.186 10
      vertex 66.2558 -49.9605 10
      vertex 67.5067 -49.8423 10
    endloop
  endfacet
  facet normal -0 0 1
    outer loop
      vertex 62.1927 -11.1296 10
      vertex 65.1838 -11.22 10
      vertex 64.7919 -10.0849 10
    endloop
  endfacet
  facet normal 0 0 1
    outer loop
      vertex 63.0165 -8.68733 10
      vertex 64.7919 -10.0849 10
      vertex 64.5132 -8.7635 10
    endloop
  endfacet
  facet normal 0 0 1
    outer loop
      vertex 66.9396 -4.17793 10
      vertex 63.1988 -4.64302 10
      vertex 64.5132 -8.7635 10
    endloop
  endfacet
  facet normal -0 0 1
    outer loop
      vertex 63.0165 -8.68733 10
      vertex 64.5132 -8.7635 10
      vertex 63.1988 -4.64302 10
    endloop
  endfacet
  facet normal 0 0 1
    outer loop
      vertex 64.7919 -10.0849 10
      vertex 63.0165 -8.68733 10
      vertex 62.1927 -11.1296 10
    endloop
  endfacet
  facet normal 0 0 1
    outer loop
      vertex 65.689 -12.1688 10
      vertex 62.1927 -11.1296 10
      vertex 61.0313 -12.8741 10
    endloop
  endfacet
  facet normal 0 0 1
    outer loop
      vertex 67.0568 -13.5168 10
      vertex 61.0313 -12.8741 10
      vertex 59.5325 -13.9208 10
    endloop
  endfacet
  facet normal 0 0 1
    outer loop
      vertex 69.0021 -14.186 10
      vertex 65 -50 10
      vertex 66.2558 -49.9605 10
    endloop
  endfacet
  facet normal -0 0 1
    outer loop
      vertex 57.6961 -14.2697 10
      vertex 65 -50 10
      vertex 59.5325 -13.9208 10
    endloop
  endfacet
  facet normal 0 0 1
    outer loop
      vertex 56.3867 -14.0982 10
      vertex 65 -50 10
      vertex 57.6961 -14.2697 10
    endloop
  endfacet
  facet normal -0 0 1
    outer loop
      vertex 49.5198 -13.89 10
      vertex 56.3867 -14.0982 10
      vertex 55.2382 -13.5838 10
    endloop
  endfacet
  facet normal 0 0 1
    outer loop
      vertex 49.5198 -13.89 10
      vertex 55.2382 -13.5838 10
      vertex 54.2506 -12.7264 10
    endloop
  endfacet
  facet normal 0 0 1
    outer loop
      vertex 49.5198 -13.89 10
      vertex 54.2506 -12.7264 10
      vertex 53.4239 -11.526 10
    endloop
  endfacet
  facet normal 0 0 1
    outer loop
      vertex 49.5198 -13.89 10
      vertex 53.4239 -11.526 10
      vertex 52.771 -9.99687 10
    endloop
  endfacet
  facet normal 0 0 1
    outer loop
      vertex 52.3103 0.977157 10
      vertex 49.5198 6.65443 10
      vertex 52.0262 -1.12566 10
    endloop
  endfacet
  facet normal 0 0 1
    outer loop
      vertex 52.0262 -1.12566 10
      vertex 49.5198 6.65443 10
      vertex 51.9315 -3.52272 10
    endloop
  endfacet
  facet normal 0 0 1
    outer loop
      vertex 49.5198 -13.89 10
      vertex 51.9315 -3.52272 10
      vertex 49.5198 6.65443 10
    endloop
  endfacet
  facet normal 0 0 1
    outer loop
      vertex 51.9315 -3.52272 10
      vertex 49.5198 -13.89 10
      vertex 52.0248 -5.99525 10
    endloop
  endfacet
  facet normal 0 0 1
    outer loop
      vertex 52.0248 -5.99525 10
      vertex 49.5198 -13.89 10
      vertex 52.3046 -8.15331 10
    endloop
  endfacet
  facet normal 0 0 1
    outer loop
      vertex 49.5198 -13.89 10
      vertex 52.771 -9.99687 10
      vertex 52.3046 -8.15331 10
    endloop
  endfacet
  facet normal 0 0 1
    outer loop
      vertex 56.3867 -14.0982 10
      vertex 49.5198 -13.89 10
      vertex 65 -50 10
    endloop
  endfacet
  facet normal -0 0 1
    outer loop
      vertex 46.3184 -13.89 10
      vertex 65 -50 10
      vertex 49.5198 -13.89 10
    endloop
  endfacet
  facet normal 0 0 1
    outer loop
      vertex 46.3184 6.65443 10
      vertex 43.189 -13.89 10
      vertex 46.3184 -13.89 10
    endloop
  endfacet
  facet normal -0 0 1
    outer loop
      vertex 43.189 -13.89 10
      vertex 65 -50 10
      vertex 46.3184 -13.89 10
    endloop
  endfacet
  facet normal -0 0 1
    outer loop
      vertex 39.9875 -13.89 10
      vertex 65 -50 10
      vertex 43.189 -13.89 10
    endloop
  endfacet
  facet normal -0 0 1
    outer loop
      vertex 37.658 -5.94432 10
      vertex 39.9875 -13.89 10
      vertex 37.7346 -3.54176 10
    endloop
  endfacet
  facet normal -0 0 1
    outer loop
      vertex 37.4284 -8.06322 10
      vertex 39.9875 -13.89 10
      vertex 37.658 -5.94432 10
    endloop
  endfacet
  facet normal -0 0 1
    outer loop
      vertex 37.0457 -9.89848 10
      vertex 39.9875 -13.89 10
      vertex 37.4284 -8.06322 10
    endloop
  endfacet
  facet normal -0 0 1
    outer loop
      vertex 36.5099 -11.4501 10
      vertex 39.9875 -13.89 10
      vertex 37.0457 -9.89848 10
    endloop
  endfacet
  facet normal -0 0 1
    outer loop
      vertex 35.8317 -12.6837 10
      vertex 39.9875 -13.89 10
      vertex 36.5099 -11.4501 10
    endloop
  endfacet
  facet normal -0 0 1
    outer loop
      vertex 35.0218 -13.5648 10
      vertex 39.9875 -13.89 10
      vertex 35.8317 -12.6837 10
    endloop
  endfacet
  facet normal 0 0 1
    outer loop
      vertex 34.0801 -14.0934 10
      vertex 39.9875 -13.89 10
      vertex 35.0218 -13.5648 10
    endloop
  endfacet
  facet normal 0 0 1
    outer loop
      vertex 39.9875 -13.89 10
      vertex 34.0801 -14.0934 10
      vertex 65 -50 10
    endloop
  endfacet
  facet normal -0 0 1
    outer loop
      vertex 33.0067 -14.2697 10
      vertex 65 -50 10
      vertex 34.0801 -14.0934 10
    endloop
  endfacet
  facet normal 0 0 1
    outer loop
      vertex 32.3737 -14.2103 10
      vertex 65 -50 10
      vertex 33.0067 -14.2697 10
    endloop
  endfacet
  facet normal 0 0 1
    outer loop
      vertex 29.0878 -13.89 10
      vertex 32.3737 -14.2103 10
      vertex 31.7849 -14.0324 10
    endloop
  endfacet
  facet normal -0 0 1
    outer loop
      vertex 29.0878 -13.89 10
      vertex 31.7849 -14.0324 10
      vertex 31.2402 -13.7358 10
    endloop
  endfacet
  facet normal 0 0 1
    outer loop
      vertex 29.0878 -13.89 10
      vertex 31.2402 -13.7358 10
      vertex 30.7396 -13.3205 10
    endloop
  endfacet
  facet normal 0 0 1
    outer loop
      vertex 29.244 -10.9494 10
      vertex 29.2701 -10.5863 10
      vertex 29.2472 -10.5863 10
    endloop
  endfacet
  facet normal 0 0 1
    outer loop
      vertex 29.2701 -10.5863 10
      vertex 29.244 -10.9494 10
      vertex 29.5541 -11.4264 10
    endloop
  endfacet
  facet normal -0 0 1
    outer loop
      vertex 29.2344 -11.3742 10
      vertex 29.5541 -11.4264 10
      vertex 29.244 -10.9494 10
    endloop
  endfacet
  facet normal 0 0 1
    outer loop
      vertex 29.2184 -11.8608 10
      vertex 29.5541 -11.4264 10
      vertex 29.2344 -11.3742 10
    endloop
  endfacet
  facet normal 0 0 1
    outer loop
      vertex 29.5541 -11.4264 10
      vertex 29.2184 -11.8608 10
      vertex 29.8937 -12.1622 10
    endloop
  endfacet
  facet normal 0 0 1
    outer loop
      vertex 29.196 -12.4091 10
      vertex 29.8937 -12.1622 10
      vertex 29.2184 -11.8608 10
    endloop
  endfacet
  facet normal 0 0 1
    outer loop
      vertex 29.17 -12.9359 10
      vertex 29.8937 -12.1622 10
      vertex 29.196 -12.4091 10
    endloop
  endfacet
  facet normal 0 0 1
    outer loop
      vertex 29.8937 -12.1622 10
      vertex 29.17 -12.9359 10
      vertex 30.2889 -12.7936 10
    endloop
  endfacet
  facet normal 0 0 1
    outer loop
      vertex 29.1433 -13.3584 10
      vertex 30.2889 -12.7936 10
      vertex 29.17 -12.9359 10
    endloop
  endfacet
  facet normal 0 0 1
    outer loop
      vertex 30.2889 -12.7936 10
      vertex 29.1433 -13.3584 10
      vertex 30.7396 -13.3205 10
    endloop
  endfacet
  facet normal 0 0 1
    outer loop
      vertex 29.1159 -13.6764 10
      vertex 30.7396 -13.3205 10
      vertex 29.1433 -13.3584 10
    endloop
  endfacet
  facet normal 0 0 1
    outer loop
      vertex 29.0878 -13.89 10
      vertex 30.7396 -13.3205 10
      vertex 29.1159 -13.6764 10
    endloop
  endfacet
  facet normal -0 0 1
    outer loop
      vertex 25.9776 -13.89 10
      vertex 32.3737 -14.2103 10
      vertex 29.0878 -13.89 10
    endloop
  endfacet
  facet normal 0 0 1
    outer loop
      vertex 32.3737 -14.2103 10
      vertex 25.9776 -13.89 10
      vertex 65 -50 10
    endloop
  endfacet
  facet normal 0 0 1
    outer loop
      vertex 26.0174 -12.9346 10
      vertex 23.4775 -13.89 10
      vertex 25.9776 -13.89 10
    endloop
  endfacet
  facet normal -0 0 1
    outer loop
      vertex 23.4775 -13.89 10
      vertex 65 -50 10
      vertex 25.9776 -13.89 10
    endloop
  endfacet
  facet normal -0 0 1
    outer loop
      vertex 20.2991 -13.89 10
      vertex 65 -50 10
      vertex 23.4775 -13.89 10
    endloop
  endfacet
  facet normal -0 0 1
    outer loop
      vertex 16.6332 0.710891 10
      vertex 20.1823 0.00291348 10
      vertex 19.832 1.69401 10
    endloop
  endfacet
  facet normal -0 0 1
    outer loop
      vertex 17.2185 2.19783 10
      vertex 19.832 1.69401 10
      vertex 19.2481 2.70869 10
    endloop
  endfacet
  facet normal -0 0 1
    outer loop
      vertex 17.9846 2.95256 10
      vertex 19.2481 2.70869 10
      vertex 18.4306 3.04689 10
    endloop
  endfacet
  facet normal 0 0 1
    outer loop
      vertex 19.2481 2.70869 10
      vertex 17.9846 2.95256 10
      vertex 17.5805 2.66954 10
    endloop
  endfacet
  facet normal 0 0 1
    outer loop
      vertex 19.2481 2.70869 10
      vertex 17.5805 2.66954 10
      vertex 17.2185 2.19783 10
    endloop
  endfacet
  facet normal 0 0 1
    outer loop
      vertex 19.832 1.69401 10
      vertex 17.2185 2.19783 10
      vertex 16.8984 1.53743 10
    endloop
  endfacet
  facet normal 0 0 1
    outer loop
      vertex 19.832 1.69401 10
      vertex 16.8984 1.53743 10
      vertex 16.6332 0.710891 10
    endloop
  endfacet
  facet normal 0 0 1
    outer loop
      vertex 20.1823 0.00291348 10
      vertex 16.6332 0.710891 10
      vertex 16.4356 -0.259262 10
    endloop
  endfacet
  facet normal 0 0 1
    outer loop
      vertex 20.1823 0.00291348 10
      vertex 16.4356 -0.259262 10
      vertex 16.3056 -1.37303 10
    endloop
  endfacet
  facet normal 0 0 1
    outer loop
      vertex 20.2991 -2.36467 10
      vertex 16.3056 -1.37303 10
      vertex 16.2432 -2.63039 10
    endloop
  endfacet
  facet normal 0 0 1
    outer loop
      vertex 20.2991 -2.36467 10
      vertex 16.2432 -2.63039 10
      vertex 20.2991 -13.89 10
    endloop
  endfacet
  facet normal 0 0 1
    outer loop
      vertex 16.2432 -13.89 10
      vertex 20.2991 -13.89 10
      vertex 16.2432 -2.63039 10
    endloop
  endfacet
  facet normal -0 0 1
    outer loop
      vertex 16.2432 -13.89 10
      vertex 65 -50 10
      vertex 20.2991 -13.89 10
    endloop
  endfacet
  facet normal -0 0 1
    outer loop
      vertex 13.0649 -13.89 10
      vertex 65 -50 10
      vertex 16.2432 -13.89 10
    endloop
  endfacet
  facet normal -0 0 1
    outer loop
      vertex 9.6185 1.39491 10
      vertex 12.9481 0.00291348 10
      vertex 12.5978 1.69401 10
    endloop
  endfacet
  facet normal -0 0 1
    outer loop
      vertex 9.94569 2.11766 10
      vertex 12.5978 1.69401 10
      vertex 12.0139 2.70869 10
    endloop
  endfacet
  facet normal -0 0 1
    outer loop
      vertex 10.7347 2.94365 10
      vertex 12.0139 2.70869 10
      vertex 11.1965 3.04689 10
    endloop
  endfacet
  facet normal 0 0 1
    outer loop
      vertex 12.0139 2.70869 10
      vertex 10.7347 2.94365 10
      vertex 10.3178 2.63389 10
    endloop
  endfacet
  facet normal 0 0 1
    outer loop
      vertex 12.0139 2.70869 10
      vertex 10.3178 2.63389 10
      vertex 9.94569 2.11766 10
    endloop
  endfacet
  facet normal 0 0 1
    outer loop
      vertex 12.5978 1.69401 10
      vertex 9.94569 2.11766 10
      vertex 9.6185 1.39491 10
    endloop
  endfacet
  facet normal 0 0 1
    outer loop
      vertex 12.9481 0.00291348 10
      vertex 9.6185 1.39491 10
      vertex 9.35192 0.508376 10
    endloop
  endfacet
  facet normal 0 0 1
    outer loop
      vertex 12.9481 0.00291348 10
      vertex 9.35192 0.508376 10
      vertex 9.16151 -0.499161 10
    endloop
  endfacet
  facet normal 0 0 1
    outer loop
      vertex 12.9481 0.00291348 10
      vertex 9.16151 -0.499161 10
      vertex 9.04725 -1.62773 10
    endloop
  endfacet
  facet normal 0 0 1
    outer loop
      vertex 13.0649 -2.36467 10
      vertex 9.04725 -1.62773 10
      vertex 9.00916 -2.87733 10
    endloop
  endfacet
  facet normal 0 0 1
    outer loop
      vertex 13.0649 -2.36467 10
      vertex 9.00916 -2.87733 10
      vertex 13.0649 -13.89 10
    endloop
  endfacet
  facet normal 0 0 1
    outer loop
      vertex 9.00916 -13.89 10
      vertex 13.0649 -13.89 10
      vertex 9.00916 -2.87733 10
    endloop
  endfacet
  facet normal -0 0 1
    outer loop
      vertex 9.00916 -13.89 10
      vertex 65 -50 10
      vertex 13.0649 -13.89 10
    endloop
  endfacet
  facet normal -0 0 1
    outer loop
      vertex 5.80776 -13.89 10
      vertex 65 -50 10
      vertex 9.00916 -13.89 10
    endloop
  endfacet
  facet normal 0 0 1
    outer loop
      vertex 2.89641 2.46348 10
      vertex 5.80597 2.8481 10
      vertex 5.80062 3.56181 10
    endloop
  endfacet
  facet normal -0 0 1
    outer loop
      vertex 2.28335 4.10054 10
      vertex 5.80062 3.56181 10
      vertex 5.79169 4.20079 10
    endloop
  endfacet
  facet normal 0 0 1
    outer loop
      vertex 2.28335 4.10054 10
      vertex 5.79169 4.20079 10
      vertex 5.7792 4.765 10
    endloop
  endfacet
  facet normal 0 0 1
    outer loop
      vertex 2.28335 4.10054 10
      vertex 5.7792 4.765 10
      vertex 5.76464 5.2783 10
    endloop
  endfacet
  facet normal 0 0 1
    outer loop
      vertex 2.28335 4.10054 10
      vertex 5.76464 5.2783 10
      vertex 5.74937 5.7643 10
    endloop
  endfacet
  facet normal 0 0 1
    outer loop
      vertex 1.50438 5.38399 10
      vertex 5.74937 5.7643 10
      vertex 5.73341 6.22301 10
    endloop
  endfacet
  facet normal 0 0 1
    outer loop
      vertex 1.50438 5.38399 10
      vertex 5.73341 6.22301 10
      vertex 5.71671 6.65443 10
    endloop
  endfacet
  facet normal 0 0 1
    outer loop
      vertex 5.80776 2.05962 10
      vertex 3.68464 -4.49126 10
      vertex 3.68464 -4.64302 10
    endloop
  endfacet
  facet normal 0 0 1
    outer loop
      vertex 5.80776 2.05962 10
      vertex 3.68464 -4.64302 10
      vertex 5.80776 -13.89 10
    endloop
  endfacet
  facet normal -0 0 1
    outer loop
      vertex 3.50236 -8.68733 10
      vertex 5.80776 -13.89 10
      vertex 3.68464 -4.64302 10
    endloop
  endfacet
  facet normal -0 0 1
    outer loop
      vertex 2.67849 -11.1296 10
      vertex 5.80776 -13.89 10
      vertex 3.50236 -8.68733 10
    endloop
  endfacet
  facet normal -0 0 1
    outer loop
      vertex 1.51715 -12.8741 10
      vertex 5.80776 -13.89 10
      vertex 2.67849 -11.1296 10
    endloop
  endfacet
  facet normal 0 0 1
    outer loop
      vertex 0.0182991 -13.9208 10
      vertex 5.80776 -13.89 10
      vertex 1.51715 -12.8741 10
    endloop
  endfacet
  facet normal 0 0 1
    outer loop
      vertex -1.81803 -14.2697 10
      vertex 5.80776 -13.89 10
      vertex 0.0182991 -13.9208 10
    endloop
  endfacet
  facet normal 0 0 1
    outer loop
      vertex 5.80776 -13.89 10
      vertex -1.81803 -14.2697 10
      vertex 65 -50 10
    endloop
  endfacet
  facet normal -0 0 1
    outer loop
      vertex -13.4387 -14.1635 10
      vertex -1.81803 -14.2697 10
      vertex -3.12745 -14.0982 10
    endloop
  endfacet
  facet normal -0 0 1
    outer loop
      vertex -12.3561 -13.8449 10
      vertex -3.12745 -14.0982 10
      vertex -4.27596 -13.5838 10
    endloop
  endfacet
  facet normal -0 0 1
    outer loop
      vertex -9.55202 -4.9944 10
      vertex -7.48936 -5.99525 10
      vertex -7.58261 -3.52272 10
    endloop
  endfacet
  facet normal -0 0 1
    outer loop
      vertex -9.17292 -7.0468 10
      vertex -7.20953 -8.15331 10
      vertex -7.48936 -5.99525 10
    endloop
  endfacet
  facet normal 0 0 1
    outer loop
      vertex -9.23915 -9.30037 10
      vertex -7.20953 -8.15331 10
      vertex -9.14765 -7.88991 10
    endloop
  endfacet
  facet normal 0 0 1
    outer loop
      vertex -7.20953 -8.15331 10
      vertex -9.23915 -9.30037 10
      vertex -6.74318 -9.99687 10
    endloop
  endfacet
  facet normal 0 0 1
    outer loop
      vertex -9.51362 -10.5506 10
      vertex -6.74318 -9.99687 10
      vertex -9.23915 -9.30037 10
    endloop
  endfacet
  facet normal 0 0 1
    outer loop
      vertex -6.74318 -9.99687 10
      vertex -9.51362 -10.5506 10
      vertex -6.09028 -11.526 10
    endloop
  endfacet
  facet normal 0 0 1
    outer loop
      vertex -9.97111 -11.6406 10
      vertex -6.09028 -11.526 10
      vertex -9.51362 -10.5506 10
    endloop
  endfacet
  facet normal 0 0 1
    outer loop
      vertex -6.09028 -11.526 10
      vertex -9.97111 -11.6406 10
      vertex -5.26356 -12.7264 10
    endloop
  endfacet
  facet normal -0 0 1
    outer loop
      vertex -10.6116 -12.5704 10
      vertex -5.26356 -12.7264 10
      vertex -9.97111 -11.6406 10
    endloop
  endfacet
  facet normal 0 0 1
    outer loop
      vertex -11.4137 -13.3138 10
      vertex -5.26356 -12.7264 10
      vertex -10.6116 -12.5704 10
    endloop
  endfacet
  facet normal 0 0 1
    outer loop
      vertex -5.26356 -12.7264 10
      vertex -11.4137 -13.3138 10
      vertex -4.27596 -13.5838 10
    endloop
  endfacet
  facet normal 0 0 1
    outer loop
      vertex -12.3561 -13.8449 10
      vertex -4.27596 -13.5838 10
      vertex -11.4137 -13.3138 10
    endloop
  endfacet
  facet normal 0 0 1
    outer loop
      vertex -3.12745 -14.0982 10
      vertex -12.3561 -13.8449 10
      vertex -13.4387 -14.1635 10
    endloop
  endfacet
  facet normal 0 0 1
    outer loop
      vertex -1.81803 -14.2697 10
      vertex -13.4387 -14.1635 10
      vertex -14.6616 -14.2697 10
    endloop
  endfacet
  facet normal 0 0 1
    outer loop
      vertex -1.81803 -14.2697 10
      vertex -14.6616 -14.2697 10
      vertex 65 -50 10
    endloop
  endfacet
  facet normal 0 0 1
    outer loop
      vertex -85 -50 10
      vertex -14.6616 -14.2697 10
      vertex -15.8574 -14.186 10
    endloop
  endfacet
  facet normal -0 0 1
    outer loop
      vertex -26.1114 -14.1635 10
      vertex -15.8574 -14.186 10
      vertex -16.9045 -13.9351 10
    endloop
  endfacet
  facet normal 0 0 1
    outer loop
      vertex -21.9118 -9.30037 10
      vertex -20.3464 -8.7635 10
      vertex -21.8203 -7.88991 10
    endloop
  endfacet
  facet normal 0 0 1
    outer loop
      vertex -20.3464 -8.7635 10
      vertex -21.9118 -9.30037 10
      vertex -20.0676 -10.0849 10
    endloop
  endfacet
  facet normal 0 0 1
    outer loop
      vertex -22.1863 -10.5506 10
      vertex -20.0676 -10.0849 10
      vertex -21.9118 -9.30037 10
    endloop
  endfacet
  facet normal 0 0 1
    outer loop
      vertex -20.0676 -10.0849 10
      vertex -22.1863 -10.5506 10
      vertex -19.6757 -11.22 10
    endloop
  endfacet
  facet normal 0 0 1
    outer loop
      vertex -22.6438 -11.6406 10
      vertex -19.6757 -11.22 10
      vertex -22.1863 -10.5506 10
    endloop
  endfacet
  facet normal 0 0 1
    outer loop
      vertex -19.6757 -11.22 10
      vertex -22.6438 -11.6406 10
      vertex -19.1705 -12.1688 10
    endloop
  endfacet
  facet normal 0 0 1
    outer loop
      vertex -23.2843 -12.5704 10
      vertex -19.1705 -12.1688 10
      vertex -22.6438 -11.6406 10
    endloop
  endfacet
  facet normal 0 0 1
    outer loop
      vertex -19.1705 -12.1688 10
      vertex -23.2843 -12.5704 10
      vertex -18.5521 -12.9313 10
    endloop
  endfacet
  facet normal 0 0 1
    outer loop
      vertex -24.0864 -13.3138 10
      vertex -18.5521 -12.9313 10
      vertex -23.2843 -12.5704 10
    endloop
  endfacet
  facet normal 0 0 1
    outer loop
      vertex -18.5521 -12.9313 10
      vertex -24.0864 -13.3138 10
      vertex -17.8027 -13.5168 10
    endloop
  endfacet
  facet normal 0 0 1
    outer loop
      vertex -25.0287 -13.8449 10
      vertex -17.8027 -13.5168 10
      vertex -24.0864 -13.3138 10
    endloop
  endfacet
  facet normal 0 0 1
    outer loop
      vertex -17.8027 -13.5168 10
      vertex -25.0287 -13.8449 10
      vertex -16.9045 -13.9351 10
    endloop
  endfacet
  facet normal 0 0 1
    outer loop
      vertex -26.1114 -14.1635 10
      vertex -16.9045 -13.9351 10
      vertex -25.0287 -13.8449 10
    endloop
  endfacet
  facet normal 0 0 1
    outer loop
      vertex -27.3343 -14.2697 10
      vertex -15.8574 -14.186 10
      vertex -26.1114 -14.1635 10
    endloop
  endfacet
  facet normal 0 0 1
    outer loop
      vertex -15.8574 -14.186 10
      vertex -27.3343 -14.2697 10
      vertex -85 -50 10
    endloop
  endfacet
  facet normal 0 0 1
    outer loop
      vertex -85 -50 10
      vertex -27.3343 -14.2697 10
      vertex -28.5301 -14.186 10
    endloop
  endfacet
  facet normal 0 0 1
    outer loop
      vertex -34.0607 -13.89 10
      vertex -28.5301 -14.186 10
      vertex -29.5771 -13.9351 10
    endloop
  endfacet
  facet normal 0 0 1
    outer loop
      vertex -34.0607 -13.89 10
      vertex -32.7403 -10.0849 10
      vertex -33.019 -8.7635 10
    endloop
  endfacet
  facet normal 0 0 1
    outer loop
      vertex -34.0607 -13.89 10
      vertex -32.3484 -11.22 10
      vertex -32.7403 -10.0849 10
    endloop
  endfacet
  facet normal 0 0 1
    outer loop
      vertex -34.0607 -13.89 10
      vertex -31.8432 -12.1688 10
      vertex -32.3484 -11.22 10
    endloop
  endfacet
  facet normal 0 0 1
    outer loop
      vertex -34.0607 -13.89 10
      vertex -31.2248 -12.9313 10
      vertex -31.8432 -12.1688 10
    endloop
  endfacet
  facet normal 0 0 1
    outer loop
      vertex -34.0607 -13.89 10
      vertex -30.4754 -13.5168 10
      vertex -31.2248 -12.9313 10
    endloop
  endfacet
  facet normal -0 0 1
    outer loop
      vertex -34.0607 -13.89 10
      vertex -29.5771 -13.9351 10
      vertex -30.4754 -13.5168 10
    endloop
  endfacet
  facet normal 0 0 1
    outer loop
      vertex -28.5301 -14.186 10
      vertex -34.0607 -13.89 10
      vertex -85 -50 10
    endloop
  endfacet
  facet normal 0 0 1
    outer loop
      vertex -85 -50 10
      vertex -34.0607 -13.89 10
      vertex -37.3872 -13.89 10
    endloop
  endfacet
  facet normal -0 0 1
    outer loop
      vertex -44.9291 -7.05437 10
      vertex -37.3872 -13.89 10
      vertex -38.8114 -7.05437 10
    endloop
  endfacet
  facet normal 0 0 1
    outer loop
      vertex -46.3532 -13.89 10
      vertex -37.3872 -13.89 10
      vertex -44.9291 -7.05437 10
    endloop
  endfacet
  facet normal 0 0 1
    outer loop
      vertex -85 -50 10
      vertex -37.3872 -13.89 10
      vertex -46.3532 -13.89 10
    endloop
  endfacet
  facet normal 0 0 1
    outer loop
      vertex -85 -50 10
      vertex -46.3532 -13.89 10
      vertex -49.7141 -13.89 10
    endloop
  endfacet
  facet normal 0 0 1
    outer loop
      vertex -43.8583 12.8634 10
      vertex -55.0395 -1.25581 10
      vertex -49.7141 -13.89 10
    endloop
  endfacet
  facet normal -0 0 1
    outer loop
      vertex -55.1577 -2.50666 10
      vertex -49.7141 -13.89 10
      vertex -55.0395 -1.25581 10
    endloop
  endfacet
  facet normal -0 0 1
    outer loop
      vertex -55.3543 -3.74763 10
      vertex -49.7141 -13.89 10
      vertex -55.1577 -2.50666 10
    endloop
  endfacet
  facet normal -0 0 1
    outer loop
      vertex -55.6283 -4.9738 10
      vertex -49.7141 -13.89 10
      vertex -55.3543 -3.74763 10
    endloop
  endfacet
  facet normal -0 0 1
    outer loop
      vertex -55.9789 -6.18034 10
      vertex -49.7141 -13.89 10
      vertex -55.6283 -4.9738 10
    endloop
  endfacet
  facet normal -0 0 1
    outer loop
      vertex -56.4045 -7.36249 10
      vertex -49.7141 -13.89 10
      vertex -55.9789 -6.18034 10
    endloop
  endfacet
  facet normal -0 0 1
    outer loop
      vertex -56.9035 -8.51558 10
      vertex -49.7141 -13.89 10
      vertex -56.4045 -7.36249 10
    endloop
  endfacet
  facet normal -0 0 1
    outer loop
      vertex -57.4739 -9.63507 10
      vertex -49.7141 -13.89 10
      vertex -56.9035 -8.51558 10
    endloop
  endfacet
  facet normal -0 0 1
    outer loop
      vertex -58.1134 -10.7165 10
      vertex -49.7141 -13.89 10
      vertex -57.4739 -9.63507 10
    endloop
  endfacet
  facet normal -0 0 1
    outer loop
      vertex -58.8197 -11.7557 10
      vertex -49.7141 -13.89 10
      vertex -58.1134 -10.7165 10
    endloop
  endfacet
  facet normal -0 0 1
    outer loop
      vertex -59.5897 -12.7485 10
      vertex -49.7141 -13.89 10
      vertex -58.8197 -11.7557 10
    endloop
  endfacet
  facet normal -0 0 1
    outer loop
      vertex -60.4206 -13.6909 10
      vertex -49.7141 -13.89 10
      vertex -59.5897 -12.7485 10
    endloop
  endfacet
  facet normal 0 0 1
    outer loop
      vertex -61.3091 -14.5794 10
      vertex -49.7141 -13.89 10
      vertex -60.4206 -13.6909 10
    endloop
  endfacet
  facet normal 0 0 1
    outer loop
      vertex -62.2515 -15.4103 10
      vertex -49.7141 -13.89 10
      vertex -61.3091 -14.5794 10
    endloop
  endfacet
  facet normal 0 0 1
    outer loop
      vertex -63.2443 -16.1803 10
      vertex -49.7141 -13.89 10
      vertex -62.2515 -15.4103 10
    endloop
  endfacet
  facet normal 0 0 1
    outer loop
      vertex -64.2835 -16.8866 10
      vertex -49.7141 -13.89 10
      vertex -63.2443 -16.1803 10
    endloop
  endfacet
  facet normal 0 0 1
    outer loop
      vertex -65.3649 -17.5261 10
      vertex -49.7141 -13.89 10
      vertex -64.2835 -16.8866 10
    endloop
  endfacet
  facet normal 0 0 1
    outer loop
      vertex -49.7141 -13.89 10
      vertex -65.3649 -17.5261 10
      vertex -85 -50 10
    endloop
  endfacet
  facet normal 0 0 1
    outer loop
      vertex -85 -50 10
      vertex -65.3649 -17.5261 10
      vertex -66.4844 -18.0965 10
    endloop
  endfacet
  facet normal 0 0 1
    outer loop
      vertex -85 -50 10
      vertex -66.4844 -18.0965 10
      vertex -67.6375 -18.5955 10
    endloop
  endfacet
  facet normal 0 0 1
    outer loop
      vertex -85 -50 10
      vertex -67.6375 -18.5955 10
      vertex -68.8197 -19.0211 10
    endloop
  endfacet
  facet normal 0 0 1
    outer loop
      vertex -85 -50 10
      vertex -68.8197 -19.0211 10
      vertex -70.0262 -19.3717 10
    endloop
  endfacet
  facet normal 0 0 1
    outer loop
      vertex -85 -50 10
      vertex -70.0262 -19.3717 10
      vertex -71.2524 -19.6457 10
    endloop
  endfacet
  facet normal 0 0 1
    outer loop
      vertex -85 -50 10
      vertex -71.2524 -19.6457 10
      vertex -72.4933 -19.8423 10
    endloop
  endfacet
  facet normal 0 0 1
    outer loop
      vertex -85 -50 10
      vertex -72.4933 -19.8423 10
      vertex -73.7442 -19.9605 10
    endloop
  endfacet
  facet normal 0 0 1
    outer loop
      vertex -85 -50 10
      vertex -73.7442 -19.9605 10
      vertex -75 -20 10
    endloop
  endfacet
  facet normal 0 0 1
    outer loop
      vertex -85 -50 10
      vertex -75 -20 10
      vertex -76.2558 -19.9605 10
    endloop
  endfacet
  facet normal 0 0 1
    outer loop
      vertex -85 -50 10
      vertex -76.2558 -19.9605 10
      vertex -77.5067 -19.8423 10
    endloop
  endfacet
  facet normal 0 0 1
    outer loop
      vertex -85 -50 10
      vertex -77.5067 -19.8423 10
      vertex -78.7476 -19.6457 10
    endloop
  endfacet
  facet normal 0 0 1
    outer loop
      vertex -14.6616 -14.2697 10
      vertex -85 -50 10
      vertex 65 -50 10
    endloop
  endfacet
  facet normal 0 0 1
    outer loop
      vertex -79.9738 -19.3717 10
      vertex -85 -50 10
      vertex -78.7476 -19.6457 10
    endloop
  endfacet
  facet normal 0 0 1
    outer loop
      vertex -81.1803 -19.0211 10
      vertex -85 -50 10
      vertex -79.9738 -19.3717 10
    endloop
  endfacet
  facet normal 0 0 1
    outer loop
      vertex -82.3625 -18.5955 10
      vertex -85 -50 10
      vertex -81.1803 -19.0211 10
    endloop
  endfacet
  facet normal 0 0 1
    outer loop
      vertex -83.5156 -18.0965 10
      vertex -85 -50 10
      vertex -82.3625 -18.5955 10
    endloop
  endfacet
  facet normal 0 0 1
    outer loop
      vertex -84.6351 -17.5261 10
      vertex -85 -50 10
      vertex -83.5156 -18.0965 10
    endloop
  endfacet
  facet normal 0 0 1
    outer loop
      vertex -85 -50 10
      vertex -84.6351 -17.5261 10
      vertex -85 -17.3103 10
    endloop
  endfacet
  facet normal 0 0 1
    outer loop
      vertex 75.4271 1.50886 10
      vertex 75.3075 -4.9944 10
      vertex 75.4844 -5.59904 10
    endloop
  endfacet
  facet normal 0 0 1
    outer loop
      vertex 75.4271 1.50886 10
      vertex 75.0882 -4.45503 10
      vertex 75.3075 -4.9944 10
    endloop
  endfacet
  facet normal 0 0 1
    outer loop
      vertex 75.4271 1.50886 10
      vertex 74.8348 -3.96666 10
      vertex 75.0882 -4.45503 10
    endloop
  endfacet
  facet normal 0 0 1
    outer loop
      vertex 75.4271 1.50886 10
      vertex 74.5471 -3.52934 10
      vertex 74.8348 -3.96666 10
    endloop
  endfacet
  facet normal 0 0 1
    outer loop
      vertex 75.4271 1.50886 10
      vertex 74.2253 -3.14305 10
      vertex 74.5471 -3.52934 10
    endloop
  endfacet
  facet normal 0 0 1
    outer loop
      vertex 75.4271 1.50886 10
      vertex 73.8585 -2.79475 10
      vertex 74.2253 -3.14305 10
    endloop
  endfacet
  facet normal 0 0 1
    outer loop
      vertex 75.4271 1.50886 10
      vertex 73.4363 -2.47139 10
      vertex 73.8585 -2.79475 10
    endloop
  endfacet
  facet normal 0 0 1
    outer loop
      vertex 75.4271 1.50886 10
      vertex 72.9585 -2.17302 10
      vertex 73.4363 -2.47139 10
    endloop
  endfacet
  facet normal -0 0 1
    outer loop
      vertex 72.5904 1.01521 10
      vertex 72.9585 -2.17302 10
      vertex 75.4271 1.50886 10
    endloop
  endfacet
  facet normal 0 0 1
    outer loop
      vertex 69.8562 -0.883469 10
      vertex 72.5904 1.01521 10
      vertex 72.4971 1.60197 10
    endloop
  endfacet
  facet normal 0 0 1
    outer loop
      vertex 72.5904 1.01521 10
      vertex 72.4251 -1.89958 10
      vertex 72.9585 -2.17302 10
    endloop
  endfacet
  facet normal 0 0 1
    outer loop
      vertex 69.3753 -0.70137 10
      vertex 72.4971 1.60197 10
      vertex 72.354 2.10927 10
    endloop
  endfacet
  facet normal 0 0 1
    outer loop
      vertex 70.7626 3.46388 10
      vertex 72.354 2.10927 10
      vertex 72.161 2.53703 10
    endloop
  endfacet
  facet normal 0 0 1
    outer loop
      vertex 71.2261 3.34819 10
      vertex 72.161 2.53703 10
      vertex 71.9181 2.88533 10
    endloop
  endfacet
  facet normal 0 0 1
    outer loop
      vertex 72.5904 1.01521 10
      vertex 71.8438 -1.64024 10
      vertex 72.4251 -1.89958 10
    endloop
  endfacet
  facet normal 0 0 1
    outer loop
      vertex 71.2261 3.34819 10
      vertex 71.9181 2.88533 10
      vertex 71.6112 3.15535 10
    endloop
  endfacet
  facet normal 0 0 1
    outer loop
      vertex 72.161 2.53703 10
      vertex 71.2261 3.34819 10
      vertex 70.7626 3.46388 10
    endloop
  endfacet
  facet normal 0 0 1
    outer loop
      vertex 72.5904 1.01521 10
      vertex 71.2219 -1.38445 10
      vertex 71.8438 -1.64024 10
    endloop
  endfacet
  facet normal 0 0 1
    outer loop
      vertex 70.2208 3.50246 10
      vertex 72.354 2.10927 10
      vertex 70.7626 3.46388 10
    endloop
  endfacet
  facet normal 0 0 1
    outer loop
      vertex 72.5904 1.01521 10
      vertex 70.5593 -1.13219 10
      vertex 71.2219 -1.38445 10
    endloop
  endfacet
  facet normal 0 0 1
    outer loop
      vertex 72.354 2.10927 10
      vertex 70.2208 3.50246 10
      vertex 69.3753 -0.70137 10
    endloop
  endfacet
  facet normal 0 0 1
    outer loop
      vertex 72.5904 1.01521 10
      vertex 69.8562 -0.883469 10
      vertex 70.5593 -1.13219 10
    endloop
  endfacet
  facet normal 0 0 1
    outer loop
      vertex 67.9422 1.39491 10
      vertex 70.2208 3.50246 10
      vertex 69.6867 3.47221 10
    endloop
  endfacet
  facet normal 0 0 1
    outer loop
      vertex 72.4971 1.60197 10
      vertex 69.3753 -0.70137 10
      vertex 69.8562 -0.883469 10
    endloop
  endfacet
  facet normal 0 0 1
    outer loop
      vertex 67.9778 1.92363 10
      vertex 69.6867 3.47221 10
      vertex 69.2239 3.38142 10
    endloop
  endfacet
  facet normal 0 0 1
    outer loop
      vertex 70.2208 3.50246 10
      vertex 68.969 -0.496719 10
      vertex 69.3753 -0.70137 10
    endloop
  endfacet
  facet normal 0 0 1
    outer loop
      vertex 68.0846 2.37044 10
      vertex 69.2239 3.38142 10
      vertex 68.8322 3.23015 10
    endloop
  endfacet
  facet normal 0 0 1
    outer loop
      vertex 70.2208 3.50246 10
      vertex 67.9422 1.39491 10
      vertex 68.969 -0.496719 10
    endloop
  endfacet
  facet normal 0 0 1
    outer loop
      vertex 68.0846 2.37044 10
      vertex 68.8322 3.23015 10
      vertex 68.5117 3.01836 10
    endloop
  endfacet
  facet normal -0 -0 1
    outer loop
      vertex 67.9696 0.971847 10
      vertex 68.969 -0.496719 10
      vertex 67.9422 1.39491 10
    endloop
  endfacet
  facet normal 0 0 1
    outer loop
      vertex 68.0846 2.37044 10
      vertex 68.5117 3.01836 10
      vertex 68.2626 2.73534 10
    endloop
  endfacet
  facet normal 0 0 1
    outer loop
      vertex 68.969 -0.496719 10
      vertex 67.9696 0.971847 10
      vertex 68.6376 -0.269455 10
    endloop
  endfacet
  facet normal 0 0 1
    outer loop
      vertex 69.2239 3.38142 10
      vertex 68.0846 2.37044 10
      vertex 67.9778 1.92363 10
    endloop
  endfacet
  facet normal -0 -0 1
    outer loop
      vertex 68.0519 0.595077 10
      vertex 68.6376 -0.269455 10
      vertex 67.9696 0.971847 10
    endloop
  endfacet
  facet normal 0 0 1
    outer loop
      vertex 69.6867 3.47221 10
      vertex 67.9778 1.92363 10
      vertex 67.9422 1.39491 10
    endloop
  endfacet
  facet normal 0 0 1
    outer loop
      vertex 68.6376 -0.269455 10
      vertex 68.0519 0.595077 10
      vertex 68.3809 -0.0196686 10
    endloop
  endfacet
  facet normal 0 0 1
    outer loop
      vertex 68.3809 -0.0196686 10
      vertex 68.0519 0.595077 10
      vertex 68.189 0.264571 10
    endloop
  endfacet
  facet normal 0 0 1
    outer loop
      vertex 71.6092 -6.28319 10
      vertex 72.7727 -8.38353 10
      vertex 72.7417 -7.91542 10
    endloop
  endfacet
  facet normal 0 0 1
    outer loop
      vertex 71.9862 -6.53896 10
      vertex 72.7417 -7.91542 10
      vertex 72.6488 -7.49831 10
    endloop
  endfacet
  facet normal 0 0 1
    outer loop
      vertex 72.7727 -8.38353 10
      vertex 70.8246 -10.7025 10
      vertex 72.7343 -8.95079 10
    endloop
  endfacet
  facet normal 0 0 1
    outer loop
      vertex 71.9862 -6.53896 10
      vertex 72.6488 -7.49831 10
      vertex 72.4939 -7.13225 10
    endloop
  endfacet
  facet normal 0 -0 1
    outer loop
      vertex 71.36 -10.5957 10
      vertex 72.7343 -8.95079 10
      vertex 70.8246 -10.7025 10
    endloop
  endfacet
  facet normal 0 0 1
    outer loop
      vertex 71.9862 -6.53896 10
      vertex 72.4939 -7.13225 10
      vertex 72.2771 -6.81721 10
    endloop
  endfacet
  facet normal 0 0 1
    outer loop
      vertex 72.7343 -8.95079 10
      vertex 71.36 -10.5957 10
      vertex 72.6189 -9.43739 10
    endloop
  endfacet
  facet normal 0 0 1
    outer loop
      vertex 72.7417 -7.91542 10
      vertex 71.9862 -6.53896 10
      vertex 71.6092 -6.28319 10
    endloop
  endfacet
  facet normal 0 0 1
    outer loop
      vertex 72.6189 -9.43739 10
      vertex 71.8043 -10.4177 10
      vertex 72.4267 -9.84331 10
    endloop
  endfacet
  facet normal 0 0 1
    outer loop
      vertex 72.7727 -8.38353 10
      vertex 71.6092 -6.28319 10
      vertex 70.8246 -10.7025 10
    endloop
  endfacet
  facet normal 0 0 1
    outer loop
      vertex 72.4267 -9.84331 10
      vertex 71.8043 -10.4177 10
      vertex 72.1575 -10.1685 10
    endloop
  endfacet
  facet normal 0 0 1
    outer loop
      vertex 70.198 -10.7381 10
      vertex 71.6092 -6.28319 10
      vertex 71.146 -6.04994 10
    endloop
  endfacet
  facet normal 0 -0 1
    outer loop
      vertex 71.8043 -10.4177 10
      vertex 72.6189 -9.43739 10
      vertex 71.36 -10.5957 10
    endloop
  endfacet
  facet normal 0 0 1
    outer loop
      vertex 70.198 -10.7381 10
      vertex 71.146 -6.04994 10
      vertex 70.5966 -5.83919 10
    endloop
  endfacet
  facet normal 0 0 1
    outer loop
      vertex 71.6092 -6.28319 10
      vertex 70.198 -10.7381 10
      vertex 70.8246 -10.7025 10
    endloop
  endfacet
  facet normal 0 0 1
    outer loop
      vertex 70.5966 -5.83919 10
      vertex 69.5233 -10.7001 10
      vertex 70.198 -10.7381 10
    endloop
  endfacet
  facet normal 0 0 1
    outer loop
      vertex 67.327 -8.06099 10
      vertex 70.5966 -5.83919 10
      vertex 69.3513 -5.40071 10
    endloop
  endfacet
  facet normal 0 0 1
    outer loop
      vertex 70.5966 -5.83919 10
      vertex 67.4683 -8.73851 10
      vertex 69.5233 -10.7001 10
    endloop
  endfacet
  facet normal -0 -0 1
    outer loop
      vertex 67.6531 -9.30928 10
      vertex 69.5233 -10.7001 10
      vertex 67.4683 -8.73851 10
    endloop
  endfacet
  facet normal 0 0 1
    outer loop
      vertex 67.327 -8.06099 10
      vertex 69.3513 -5.40071 10
      vertex 68.3267 -4.97768 10
    endloop
  endfacet
  facet normal 0 0 1
    outer loop
      vertex 69.5233 -10.7001 10
      vertex 67.6531 -9.30928 10
      vertex 68.9576 -10.5862 10
    endloop
  endfacet
  facet normal -0 -0 1
    outer loop
      vertex 67.8813 -9.77327 10
      vertex 68.9576 -10.5862 10
      vertex 67.6531 -9.30928 10
    endloop
  endfacet
  facet normal 0 0 1
    outer loop
      vertex 68.9576 -10.5862 10
      vertex 67.8813 -9.77327 10
      vertex 68.5008 -10.3963 10
    endloop
  endfacet
  facet normal 0 0 1
    outer loop
      vertex 67.327 -8.06099 10
      vertex 68.3267 -4.97768 10
      vertex 67.5228 -4.57008 10
    endloop
  endfacet
  facet normal 0 0 1
    outer loop
      vertex 70.5966 -5.83919 10
      vertex 67.327 -8.06099 10
      vertex 67.4683 -8.73851 10
    endloop
  endfacet
  facet normal 0 0 1
    outer loop
      vertex 68.5008 -10.3963 10
      vertex 67.8813 -9.77327 10
      vertex 68.1529 -10.1304 10
    endloop
  endfacet
  facet normal 0 0 1
    outer loop
      vertex 66.9396 -4.17793 10
      vertex 67.327 -8.06099 10
      vertex 67.5228 -4.57008 10
    endloop
  endfacet
  facet normal 0 0 1
    outer loop
      vertex 66.1066 -3.29497 10
      vertex 63.1988 -4.64302 10
      vertex 66.495 -3.76491 10
    endloop
  endfacet
  facet normal 0 0 1
    outer loop
      vertex 63.1988 -4.64302 10
      vertex 66.1066 -3.29497 10
      vertex 63.1988 -4.49126 10
    endloop
  endfacet
  facet normal 0 0 1
    outer loop
      vertex 63.1988 -4.49126 10
      vertex 66.1066 -3.29497 10
      vertex 65.7744 -2.76811 10
    endloop
  endfacet
  facet normal 0 0 1
    outer loop
      vertex 63.1988 -4.49126 10
      vertex 65.7744 -2.76811 10
      vertex 65.4985 -2.18434 10
    endloop
  endfacet
  facet normal -0 0 1
    outer loop
      vertex 63.1112 -1.83241 10
      vertex 65.4985 -2.18434 10
      vertex 65.2817 -1.53697 10
    endloop
  endfacet
  facet normal 0 0 1
    outer loop
      vertex 66.495 -3.76491 10
      vertex 63.1988 -4.64302 10
      vertex 66.9396 -4.17793 10
    endloop
  endfacet
  facet normal 0 0 1
    outer loop
      vertex 63.1112 -1.83241 10
      vertex 65.2817 -1.53697 10
      vertex 65.1268 -0.819534 10
    endloop
  endfacet
  facet normal 0 0 1
    outer loop
      vertex 63.1112 -1.83241 10
      vertex 65.1268 -0.819534 10
      vertex 65.0339 -0.0320892 10
    endloop
  endfacet
  facet normal -0 0 1
    outer loop
      vertex 62.8485 0.485824 10
      vertex 65.0339 -0.0320892 10
      vertex 65.0029 0.825393 10
    endloop
  endfacet
  facet normal 0 -0 1
    outer loop
      vertex 62.4106 2.46348 10
      vertex 65.3433 3.44325 10
      vertex 61.7975 4.10054 10
    endloop
  endfacet
  facet normal 0 0 1
    outer loop
      vertex 65.0339 -0.0320892 10
      vertex 62.8485 0.485824 10
      vertex 63.1112 -1.83241 10
    endloop
  endfacet
  facet normal 0 0 1
    outer loop
      vertex 66.9396 -4.17793 10
      vertex 64.5132 -8.7635 10
      vertex 67.327 -8.06099 10
    endloop
  endfacet
  facet normal 0 0 1
    outer loop
      vertex 65.4985 -2.18434 10
      vertex 63.1112 -1.83241 10
      vertex 63.1988 -4.49126 10
    endloop
  endfacet
  facet normal 0 0 1
    outer loop
      vertex 65.088 2.21562 10
      vertex 62.8485 0.485824 10
      vertex 65.0029 0.825393 10
    endloop
  endfacet
  facet normal 0 -0 1
    outer loop
      vertex 62.8485 0.485824 10
      vertex 65.088 2.21562 10
      vertex 62.4106 2.46348 10
    endloop
  endfacet
  facet normal 0 0 1
    outer loop
      vertex 65.3433 3.44325 10
      vertex 62.4106 2.46348 10
      vertex 65.088 2.21562 10
    endloop
  endfacet
  facet normal 0 -0 1
    outer loop
      vertex 61.7975 4.10054 10
      vertex 65.7687 4.50825 10
      vertex 61.0185 5.38399 10
    endloop
  endfacet
  facet normal 0 0 1
    outer loop
      vertex 67.1159 6.12926 10
      vertex 60.0829 6.3007 10
      vertex 66.3644 5.41066 10
    endloop
  endfacet
  facet normal 0 0 1
    outer loop
      vertex 68.0092 6.64253 10
      vertex 60.0829 6.3007 10
      vertex 67.1159 6.12926 10
    endloop
  endfacet
  facet normal 0 0 1
    outer loop
      vertex 58.9906 6.85075 10
      vertex 49.5198 14.2875 10
      vertex 57.7417 7.0341 10
    endloop
  endfacet
  facet normal 0 0 1
    outer loop
      vertex 57.7417 7.0341 10
      vertex 49.5198 14.2875 10
      vertex 56.4308 6.8632 10
    endloop
  endfacet
  facet normal -0 0 1
    outer loop
      vertex 49.5198 10.3571 10
      vertex 56.4308 6.8632 10
      vertex 49.5198 14.2875 10
    endloop
  endfacet
  facet normal 0 0 1
    outer loop
      vertex 56.4308 6.8632 10
      vertex 49.5198 10.3571 10
      vertex 55.2781 6.35054 10
    endloop
  endfacet
  facet normal 0 0 1
    outer loop
      vertex 55.2781 6.35054 10
      vertex 49.5198 10.3571 10
      vertex 54.2834 5.49611 10
    endloop
  endfacet
  facet normal -0 0 1
    outer loop
      vertex 49.5198 6.65443 10
      vertex 54.2834 5.49611 10
      vertex 49.5198 10.3571 10
    endloop
  endfacet
  facet normal 0 0 1
    outer loop
      vertex 52.7838 2.78566 10
      vertex 49.5198 6.65443 10
      vertex 52.3103 0.977157 10
    endloop
  endfacet
  facet normal 0 0 1
    outer loop
      vertex 53.4467 4.29991 10
      vertex 49.5198 6.65443 10
      vertex 52.7838 2.78566 10
    endloop
  endfacet
  facet normal 0 0 1
    outer loop
      vertex 54.2834 5.49611 10
      vertex 49.5198 6.65443 10
      vertex 53.4467 4.29991 10
    endloop
  endfacet
  facet normal 0 0 1
    outer loop
      vertex 65 50 10
      vertex 46.3184 14.2875 10
      vertex 49.5198 14.2875 10
    endloop
  endfacet
  facet normal -0 0 1
    outer loop
      vertex 43.189 14.2875 10
      vertex 46.3184 10.3571 10
      vertex 46.3184 14.2875 10
    endloop
  endfacet
  facet normal 0 0 1
    outer loop
      vertex 46.3184 10.3571 10
      vertex 43.189 14.2875 10
      vertex 46.3184 6.65443 10
    endloop
  endfacet
  facet normal 0 0 1
    outer loop
      vertex 43.189 -13.89 10
      vertex 46.3184 6.65443 10
      vertex 43.189 14.2875 10
    endloop
  endfacet
  facet normal 0 0 1
    outer loop
      vertex 65 50 10
      vertex 43.189 14.2875 10
      vertex 46.3184 14.2875 10
    endloop
  endfacet
  facet normal 0 0 1
    outer loop
      vertex 65 50 10
      vertex 39.9875 14.2875 10
      vertex 43.189 14.2875 10
    endloop
  endfacet
  facet normal -0 0 1
    outer loop
      vertex 37.6616 -1.15947 10
      vertex 39.9875 -13.89 10
      vertex 39.9875 14.2875 10
    endloop
  endfacet
  facet normal 0 0 1
    outer loop
      vertex 39.9875 -13.89 10
      vertex 37.6616 -1.15947 10
      vertex 37.7346 -3.54176 10
    endloop
  endfacet
  facet normal 0 0 1
    outer loop
      vertex 39.9875 14.2875 10
      vertex 37.4426 0.936812 10
      vertex 37.6616 -1.15947 10
    endloop
  endfacet
  facet normal 0 0 1
    outer loop
      vertex 39.9875 14.2875 10
      vertex 37.0777 2.74708 10
      vertex 37.4426 0.936812 10
    endloop
  endfacet
  facet normal 0 0 1
    outer loop
      vertex 39.9875 14.2875 10
      vertex 36.5668 4.27135 10
      vertex 37.0777 2.74708 10
    endloop
  endfacet
  facet normal 0 0 1
    outer loop
      vertex 39.9875 14.2875 10
      vertex 35.9193 5.48006 10
      vertex 36.5668 4.27135 10
    endloop
  endfacet
  facet normal 0 0 1
    outer loop
      vertex 39.9875 14.2875 10
      vertex 35.1443 6.34343 10
      vertex 35.9193 5.48006 10
    endloop
  endfacet
  facet normal 0 0 1
    outer loop
      vertex 39.9875 14.2875 10
      vertex 34.2418 6.86143 10
      vertex 35.1443 6.34343 10
    endloop
  endfacet
  facet normal 0 0 1
    outer loop
      vertex 29.2701 14.2875 10
      vertex 39.9875 14.2875 10
      vertex 65 50 10
    endloop
  endfacet
  facet normal 0 0 1
    outer loop
      vertex 39.9875 14.2875 10
      vertex 29.2701 14.2875 10
      vertex 34.2418 6.86143 10
    endloop
  endfacet
  facet normal 0 0 1
    outer loop
      vertex 34.2418 6.86143 10
      vertex 29.2701 14.2875 10
      vertex 33.2118 7.0341 10
    endloop
  endfacet
  facet normal 0 0 1
    outer loop
      vertex 33.2118 7.0341 10
      vertex 29.2701 14.2875 10
      vertex 31.8932 6.78728 10
    endloop
  endfacet
  facet normal 0 0 1
    outer loop
      vertex 31.8932 6.78728 10
      vertex 29.2701 6.4265 10
      vertex 30.7966 6.04677 10
    endloop
  endfacet
  facet normal 0 0 1
    outer loop
      vertex 29.2701 6.4265 10
      vertex 31.8932 6.78728 10
      vertex 29.2701 14.2875 10
    endloop
  endfacet
  facet normal 0 0 1
    outer loop
      vertex 65 50 10
      vertex 26.0687 14.2875 10
      vertex 29.2701 14.2875 10
    endloop
  endfacet
  facet normal -0 0 1
    outer loop
      vertex 23.4184 0.951705 10
      vertex 26.0687 -9.20003 10
      vertex 26.0687 14.2875 10
    endloop
  endfacet
  facet normal -0 -0 1
    outer loop
      vertex 23.4775 -0.845657 10
      vertex 26.0687 -9.20003 10
      vertex 23.4184 0.951705 10
    endloop
  endfacet
  facet normal 0 0 1
    outer loop
      vertex 26.0687 -9.20003 10
      vertex 23.4775 -13.89 10
      vertex 26.063 -10.5896 10
    endloop
  endfacet
  facet normal 0 0 1
    outer loop
      vertex 26.063 -10.5896 10
      vertex 23.4775 -13.89 10
      vertex 26.0459 -11.8345 10
    endloop
  endfacet
  facet normal 0 0 1
    outer loop
      vertex 26.0459 -11.8345 10
      vertex 23.4775 -13.89 10
      vertex 26.0174 -12.9346 10
    endloop
  endfacet
  facet normal 0 0 1
    outer loop
      vertex 23.4775 -13.89 10
      vertex 26.0687 -9.20003 10
      vertex 23.4775 -0.845657 10
    endloop
  endfacet
  facet normal 0 0 1
    outer loop
      vertex 26.0687 14.2875 10
      vertex 23.2411 2.52708 10
      vertex 23.4184 0.951705 10
    endloop
  endfacet
  facet normal 0 0 1
    outer loop
      vertex 26.0687 14.2875 10
      vertex 22.9456 3.88051 10
      vertex 23.2411 2.52708 10
    endloop
  endfacet
  facet normal 0 0 1
    outer loop
      vertex 26.0687 14.2875 10
      vertex 22.532 5.01195 10
      vertex 22.9456 3.88051 10
    endloop
  endfacet
  facet normal 0 0 1
    outer loop
      vertex 26.0687 14.2875 10
      vertex 22.0058 5.90498 10
      vertex 22.532 5.01195 10
    endloop
  endfacet
  facet normal 0 0 1
    outer loop
      vertex 26.0687 14.2875 10
      vertex 21.3728 6.54283 10
      vertex 22.0058 5.90498 10
    endloop
  endfacet
  facet normal 0 0 1
    outer loop
      vertex 26.0687 14.2875 10
      vertex 20.633 6.92558 10
      vertex 21.3728 6.54283 10
    endloop
  endfacet
  facet normal 0 0 1
    outer loop
      vertex 26.0687 14.2875 10
      vertex 19.7864 7.05315 10
      vertex 20.633 6.92558 10
    endloop
  endfacet
  facet normal 0 0 1
    outer loop
      vertex 26.0687 14.2875 10
      vertex 19.1384 6.98787 10
      vertex 19.7864 7.05315 10
    endloop
  endfacet
  facet normal 0 0 1
    outer loop
      vertex 13.826 6.77309 10
      vertex 19.1384 6.98787 10
      vertex 26.0687 14.2875 10
    endloop
  endfacet
  facet normal 0 0 1
    outer loop
      vertex 19.1384 6.98787 10
      vertex 13.826 6.77309 10
      vertex 18.5502 6.79204 10
    endloop
  endfacet
  facet normal 0 0 1
    outer loop
      vertex 16.3786 3.68404 10
      vertex 15.9813 2.57204 10
      vertex 16.0497 2.57204 10
    endloop
  endfacet
  facet normal 0 0 1
    outer loop
      vertex 16.3786 3.68404 10
      vertex 15.5406 4.53252 10
      vertex 15.9813 2.57204 10
    endloop
  endfacet
  facet normal 0 0 1
    outer loop
      vertex 16.7388 4.62752 10
      vertex 15.5406 4.53252 10
      vertex 16.3786 3.68404 10
    endloop
  endfacet
  facet normal 0 0 1
    outer loop
      vertex 17.1304 5.40242 10
      vertex 15.5406 4.53252 10
      vertex 16.7388 4.62752 10
    endloop
  endfacet
  facet normal -0 0 1
    outer loop
      vertex 14.8221 5.93288 10
      vertex 17.1304 5.40242 10
      vertex 17.5533 6.00874 10
    endloop
  endfacet
  facet normal 0 0 1
    outer loop
      vertex 14.8221 5.93288 10
      vertex 17.5533 6.00874 10
      vertex 18.0219 6.46568 10
    endloop
  endfacet
  facet normal 0 0 1
    outer loop
      vertex 18.5502 6.79204 10
      vertex 13.826 6.77309 10
      vertex 18.0219 6.46568 10
    endloop
  endfacet
  facet normal 0 0 1
    outer loop
      vertex 17.1304 5.40242 10
      vertex 14.8221 5.93288 10
      vertex 15.5406 4.53252 10
    endloop
  endfacet
  facet normal 0 0 1
    outer loop
      vertex -1.77251 7.0341 10
      vertex 26.0687 14.2875 10
      vertex 65 50 10
    endloop
  endfacet
  facet normal 0 0 1
    outer loop
      vertex 18.0219 6.46568 10
      vertex 13.826 6.77309 10
      vertex 14.8221 5.93288 10
    endloop
  endfacet
  facet normal 0 0 1
    outer loop
      vertex 26.0687 14.2875 10
      vertex 12.5521 7.05315 10
      vertex 13.826 6.77309 10
    endloop
  endfacet
  facet normal 0 0 1
    outer loop
      vertex 26.0687 14.2875 10
      vertex 11.9586 6.98668 10
      vertex 12.5521 7.05315 10
    endloop
  endfacet
  facet normal 0 -0 1
    outer loop
      vertex 8.76977 6.65443 10
      vertex 26.0687 14.2875 10
      vertex 5.71671 6.65443 10
    endloop
  endfacet
  facet normal 0 0 1
    outer loop
      vertex 11.9586 6.98668 10
      vertex 8.76977 6.65443 10
      vertex 11.4086 6.78728 10
    endloop
  endfacet
  facet normal -0 0 1
    outer loop
      vertex 8.91439 2.92754 10
      vertex 8.96348 2.57204 10
      vertex 9.27789 3.66856 10
    endloop
  endfacet
  facet normal 0 0 1
    outer loop
      vertex 8.96348 2.57204 10
      vertex 8.91439 2.92754 10
      vertex 8.91794 2.57204 10
    endloop
  endfacet
  facet normal -0 0 1
    outer loop
      vertex 8.88591 4.00511 10
      vertex 9.27789 3.66856 10
      vertex 9.62859 4.60371 10
    endloop
  endfacet
  facet normal 0 0 1
    outer loop
      vertex 9.27789 3.66856 10
      vertex 8.90371 3.40523 10
      vertex 8.91439 2.92754 10
    endloop
  endfacet
  facet normal 0 0 1
    outer loop
      vertex 8.83393 5.4351 10
      vertex 9.62859 4.60371 10
      vertex 10.0156 5.37743 10
    endloop
  endfacet
  facet normal 0 0 1
    outer loop
      vertex 9.27789 3.66856 10
      vertex 8.88591 4.00511 10
      vertex 8.90371 3.40523 10
    endloop
  endfacet
  facet normal 0 0 1
    outer loop
      vertex 8.80971 5.99229 10
      vertex 10.0156 5.37743 10
      vertex 10.4388 5.9897 10
    endloop
  endfacet
  facet normal 0 0 1
    outer loop
      vertex 9.62859 4.60371 10
      vertex 8.86099 4.72719 10
      vertex 8.88591 4.00511 10
    endloop
  endfacet
  facet normal 0 0 1
    outer loop
      vertex 8.76977 6.65443 10
      vertex 10.4388 5.9897 10
      vertex 10.902 6.45497 10
    endloop
  endfacet
  facet normal 0 0 1
    outer loop
      vertex 9.62859 4.60371 10
      vertex 8.83393 5.4351 10
      vertex 8.86099 4.72719 10
    endloop
  endfacet
  facet normal 0 0 1
    outer loop
      vertex 11.4086 6.78728 10
      vertex 8.76977 6.65443 10
      vertex 10.902 6.45497 10
    endloop
  endfacet
  facet normal 0 0 1
    outer loop
      vertex 10.0156 5.37743 10
      vertex 8.80971 5.99229 10
      vertex 8.83393 5.4351 10
    endloop
  endfacet
  facet normal 0 0 1
    outer loop
      vertex 10.4388 5.9897 10
      vertex 8.78832 6.39873 10
      vertex 8.80971 5.99229 10
    endloop
  endfacet
  facet normal 0 0 1
    outer loop
      vertex 10.4388 5.9897 10
      vertex 8.76977 6.65443 10
      vertex 8.78832 6.39873 10
    endloop
  endfacet
  facet normal 0 0 1
    outer loop
      vertex 26.0687 14.2875 10
      vertex 8.76977 6.65443 10
      vertex 11.9586 6.98668 10
    endloop
  endfacet
  facet normal 0 0 1
    outer loop
      vertex 5.80776 2.05962 10
      vertex 3.59706 -1.83241 10
      vertex 3.68464 -4.49126 10
    endloop
  endfacet
  facet normal 0 0 1
    outer loop
      vertex 5.80776 2.05962 10
      vertex 3.33432 0.485824 10
      vertex 3.59706 -1.83241 10
    endloop
  endfacet
  facet normal 0 0 1
    outer loop
      vertex 5.80776 2.05962 10
      vertex 2.89641 2.46348 10
      vertex 3.33432 0.485824 10
    endloop
  endfacet
  facet normal 0 0 1
    outer loop
      vertex 5.80062 3.56181 10
      vertex 2.28335 4.10054 10
      vertex 2.89641 2.46348 10
    endloop
  endfacet
  facet normal 0 0 1
    outer loop
      vertex 5.74937 5.7643 10
      vertex 1.50438 5.38399 10
      vertex 2.28335 4.10054 10
    endloop
  endfacet
  facet normal 0 0 1
    outer loop
      vertex 26.0687 14.2875 10
      vertex -1.77251 7.0341 10
      vertex 5.71671 6.65443 10
    endloop
  endfacet
  facet normal 0 0 1
    outer loop
      vertex 5.71671 6.65443 10
      vertex 0.56875 6.3007 10
      vertex 1.50438 5.38399 10
    endloop
  endfacet
  facet normal 0 0 1
    outer loop
      vertex 5.71671 6.65443 10
      vertex -0.523546 6.85075 10
      vertex 0.56875 6.3007 10
    endloop
  endfacet
  facet normal 0 0 1
    outer loop
      vertex 5.71671 6.65443 10
      vertex -1.77251 7.0341 10
      vertex -0.523546 6.85075 10
    endloop
  endfacet
  facet normal -0 0 1
    outer loop
      vertex -14.6387 7.05315 10
      vertex -1.77251 7.0341 10
      vertex 65 50 10
    endloop
  endfacet
  facet normal 0 0 1
    outer loop
      vertex -1.77251 7.0341 10
      vertex -13.5932 6.96413 10
      vertex -3.08334 6.8632 10
    endloop
  endfacet
  facet normal 0 0 1
    outer loop
      vertex -9.55202 -4.9944 10
      vertex -7.58261 -3.52272 10
      vertex -7.48793 -1.12566 10
    endloop
  endfacet
  facet normal 0 0 1
    outer loop
      vertex -9.4324 1.50886 10
      vertex -7.48793 -1.12566 10
      vertex -7.20382 0.977157 10
    endloop
  endfacet
  facet normal 0 0 1
    outer loop
      vertex -7.20953 -8.15331 10
      vertex -9.17292 -7.0468 10
      vertex -9.14765 -7.88991 10
    endloop
  endfacet
  facet normal 0 0 1
    outer loop
      vertex -7.48936 -5.99525 10
      vertex -9.24874 -6.28319 10
      vertex -9.17292 -7.0468 10
    endloop
  endfacet
  facet normal -0 0 1
    outer loop
      vertex -9.4324 1.50886 10
      vertex -7.20382 0.977157 10
      vertex -6.73033 2.78566 10
    endloop
  endfacet
  facet normal 0 0 1
    outer loop
      vertex -7.48936 -5.99525 10
      vertex -9.3751 -5.59904 10
      vertex -9.24874 -6.28319 10
    endloop
  endfacet
  facet normal 0 0 1
    outer loop
      vertex -11.001 -2.79475 10
      vertex -7.48793 -1.12566 10
      vertex -9.4324 1.50886 10
    endloop
  endfacet
  facet normal -0 0 1
    outer loop
      vertex -10.0149 3.88698 10
      vertex -6.73033 2.78566 10
      vertex -6.06743 4.29991 10
    endloop
  endfacet
  facet normal -0 0 1
    outer loop
      vertex -10.4952 4.83751 10
      vertex -6.06743 4.29991 10
      vertex -5.2308 5.49611 10
    endloop
  endfacet
  facet normal 0 0 1
    outer loop
      vertex -6.73033 2.78566 10
      vertex -9.66064 2.77742 10
      vertex -9.4324 1.50886 10
    endloop
  endfacet
  facet normal -0 0 1
    outer loop
      vertex -11.1015 5.62907 10
      vertex -5.2308 5.49611 10
      vertex -4.2361 6.35054 10
    endloop
  endfacet
  facet normal 0 0 1
    outer loop
      vertex -6.73033 2.78566 10
      vertex -10.0149 3.88698 10
      vertex -9.66064 2.77742 10
    endloop
  endfacet
  facet normal 0 -0 1
    outer loop
      vertex -12.6551 6.69713 10
      vertex -3.08334 6.8632 10
      vertex -13.5932 6.96413 10
    endloop
  endfacet
  facet normal 0 0 1
    outer loop
      vertex -6.06743 4.29991 10
      vertex -10.4952 4.83751 10
      vertex -10.0149 3.88698 10
    endloop
  endfacet
  facet normal 0 0 1
    outer loop
      vertex -5.2308 5.49611 10
      vertex -11.1015 5.62907 10
      vertex -10.4952 4.83751 10
    endloop
  endfacet
  facet normal 0 0 1
    outer loop
      vertex -4.2361 6.35054 10
      vertex -11.8245 6.25209 10
      vertex -11.1015 5.62907 10
    endloop
  endfacet
  facet normal 0 0 1
    outer loop
      vertex -4.2361 6.35054 10
      vertex -12.6551 6.69713 10
      vertex -11.8245 6.25209 10
    endloop
  endfacet
  facet normal 0 0 1
    outer loop
      vertex -3.08334 6.8632 10
      vertex -12.6551 6.69713 10
      vertex -4.2361 6.35054 10
    endloop
  endfacet
  facet normal 0 0 1
    outer loop
      vertex -1.77251 7.0341 10
      vertex -14.6387 7.05315 10
      vertex -13.5932 6.96413 10
    endloop
  endfacet
  facet normal -0 0 1
    outer loop
      vertex -39.8936 12.8634 10
      vertex -14.6387 7.05315 10
      vertex 65 50 10
    endloop
  endfacet
  facet normal 0 0 1
    outer loop
      vertex -14.6387 7.05315 10
      vertex -39.8936 12.8634 10
      vertex -15.8154 6.95048 10
    endloop
  endfacet
  facet normal 0 0 1
    outer loop
      vertex -17.9199 -4.17793 10
      vertex -21.9214 -6.28319 10
      vertex -17.5325 -8.06099 10
    endloop
  endfacet
  facet normal -0 0 1
    outer loop
      vertex -22.1051 1.50886 10
      vertex -19.8566 0.825393 10
      vertex -19.7715 2.21562 10
    endloop
  endfacet
  facet normal 0 0 1
    outer loop
      vertex -20.3464 -8.7635 10
      vertex -21.8456 -7.0468 10
      vertex -21.8203 -7.88991 10
    endloop
  endfacet
  facet normal -0 0 1
    outer loop
      vertex -22.3333 2.77742 10
      vertex -19.7715 2.21562 10
      vertex -19.5163 3.44325 10
    endloop
  endfacet
  facet normal 0 0 1
    outer loop
      vertex -17.5325 -8.06099 10
      vertex -21.8456 -7.0468 10
      vertex -20.3464 -8.7635 10
    endloop
  endfacet
  facet normal -0 -0 1
    outer loop
      vertex -21.8456 -7.0468 10
      vertex -17.5325 -8.06099 10
      vertex -21.9214 -6.28319 10
    endloop
  endfacet
  facet normal 0 0 1
    outer loop
      vertex -19.7327 -0.819534 10
      vertex -22.1051 1.50886 10
      vertex -23.6737 -2.79475 10
    endloop
  endfacet
  facet normal -0 0 1
    outer loop
      vertex -22.6876 3.88698 10
      vertex -19.5163 3.44325 10
      vertex -19.0908 4.50825 10
    endloop
  endfacet
  facet normal -0 0 1
    outer loop
      vertex -23.1679 4.83751 10
      vertex -19.0908 4.50825 10
      vertex -18.4952 5.41066 10
    endloop
  endfacet
  facet normal 0 0 1
    outer loop
      vertex -19.7715 2.21562 10
      vertex -22.3333 2.77742 10
      vertex -22.1051 1.50886 10
    endloop
  endfacet
  facet normal -0 0 1
    outer loop
      vertex -23.7742 5.62907 10
      vertex -18.4952 5.41066 10
      vertex -17.7436 6.12926 10
    endloop
  endfacet
  facet normal 0 0 1
    outer loop
      vertex -19.5163 3.44325 10
      vertex -22.6876 3.88698 10
      vertex -22.3333 2.77742 10
    endloop
  endfacet
  facet normal -0 0 1
    outer loop
      vertex -24.4972 6.25209 10
      vertex -17.7436 6.12926 10
      vertex -16.8503 6.64253 10
    endloop
  endfacet
  facet normal -0 -0 1
    outer loop
      vertex -26.2659 6.96413 10
      vertex -15.8154 6.95048 10
      vertex -39.8936 12.8634 10
    endloop
  endfacet
  facet normal 0 0 1
    outer loop
      vertex -19.0908 4.50825 10
      vertex -23.1679 4.83751 10
      vertex -22.6876 3.88698 10
    endloop
  endfacet
  facet normal 0 0 1
    outer loop
      vertex -18.4952 5.41066 10
      vertex -23.7742 5.62907 10
      vertex -23.1679 4.83751 10
    endloop
  endfacet
  facet normal 0 0 1
    outer loop
      vertex -17.7436 6.12926 10
      vertex -24.4972 6.25209 10
      vertex -23.7742 5.62907 10
    endloop
  endfacet
  facet normal 0 0 1
    outer loop
      vertex -16.8503 6.64253 10
      vertex -25.3278 6.69713 10
      vertex -24.4972 6.25209 10
    endloop
  endfacet
  facet normal 0 -0 1
    outer loop
      vertex -25.3278 6.69713 10
      vertex -15.8154 6.95048 10
      vertex -26.2659 6.96413 10
    endloop
  endfacet
  facet normal 0 0 1
    outer loop
      vertex -15.8154 6.95048 10
      vertex -25.3278 6.69713 10
      vertex -16.8503 6.64253 10
    endloop
  endfacet
  facet normal 0 0 1
    outer loop
      vertex -26.2659 6.96413 10
      vertex -39.8936 12.8634 10
      vertex -27.3114 7.05315 10
    endloop
  endfacet
  facet normal 0 0 1
    outer loop
      vertex -27.3114 7.05315 10
      vertex -39.8936 12.8634 10
      vertex -28.488 6.95048 10
    endloop
  endfacet
  facet normal 0 0 1
    outer loop
      vertex -32.4054 -0.819534 10
      vertex -39.8936 12.8634 10
      vertex -33.019 -8.7635 10
    endloop
  endfacet
  facet normal 0 0 1
    outer loop
      vertex -39.8936 12.8634 10
      vertex -32.5293 0.825393 10
      vertex -32.4442 2.21562 10
    endloop
  endfacet
  facet normal 0 0 1
    outer loop
      vertex -33.019 -8.7635 10
      vertex -39.8936 12.8634 10
      vertex -34.0607 -13.89 10
    endloop
  endfacet
  facet normal 0 0 1
    outer loop
      vertex -32.1889 3.44325 10
      vertex -39.8936 12.8634 10
      vertex -32.4442 2.21562 10
    endloop
  endfacet
  facet normal 0 0 1
    outer loop
      vertex -31.7635 4.50825 10
      vertex -39.8936 12.8634 10
      vertex -32.1889 3.44325 10
    endloop
  endfacet
  facet normal 0 0 1
    outer loop
      vertex -31.1678 5.41066 10
      vertex -39.8936 12.8634 10
      vertex -31.7635 4.50825 10
    endloop
  endfacet
  facet normal 0 0 1
    outer loop
      vertex -30.4163 6.12926 10
      vertex -39.8936 12.8634 10
      vertex -31.1678 5.41066 10
    endloop
  endfacet
  facet normal 0 0 1
    outer loop
      vertex -29.523 6.64253 10
      vertex -39.8936 12.8634 10
      vertex -30.4163 6.12926 10
    endloop
  endfacet
  facet normal 0 0 1
    outer loop
      vertex -28.488 6.95048 10
      vertex -39.8936 12.8634 10
      vertex -29.523 6.64253 10
    endloop
  endfacet
  facet normal -0 0 1
    outer loop
      vertex -85 50 10
      vertex -39.8936 12.8634 10
      vertex 65 50 10
    endloop
  endfacet
  facet normal 0 0 1
    outer loop
      vertex -55.0395 -1.25581 10
      vertex -43.8583 12.8634 10
      vertex -55 0 10
    endloop
  endfacet
  facet normal 0 0 1
    outer loop
      vertex -43.8583 12.8634 10
      vertex -55.0395 1.25581 10
      vertex -55 0 10
    endloop
  endfacet
  facet normal 0 0 1
    outer loop
      vertex -43.8583 12.8634 10
      vertex -55.1577 2.50666 10
      vertex -55.0395 1.25581 10
    endloop
  endfacet
  facet normal 0 0 1
    outer loop
      vertex -43.8583 12.8634 10
      vertex -55.3543 3.74763 10
      vertex -55.1577 2.50666 10
    endloop
  endfacet
  facet normal 0 0 1
    outer loop
      vertex -43.8583 12.8634 10
      vertex -55.6283 4.9738 10
      vertex -55.3543 3.74763 10
    endloop
  endfacet
  facet normal 0 0 1
    outer loop
      vertex -43.8583 12.8634 10
      vertex -55.9789 6.18034 10
      vertex -55.6283 4.9738 10
    endloop
  endfacet
  facet normal 0 0 1
    outer loop
      vertex -43.8583 12.8634 10
      vertex -56.4045 7.36249 10
      vertex -55.9789 6.18034 10
    endloop
  endfacet
  facet normal 0 0 1
    outer loop
      vertex -43.8583 12.8634 10
      vertex -56.9035 8.51558 10
      vertex -56.4045 7.36249 10
    endloop
  endfacet
  facet normal 0 0 1
    outer loop
      vertex -39.8936 12.8634 10
      vertex -85 50 10
      vertex -43.8583 12.8634 10
    endloop
  endfacet
  facet normal 0 0 1
    outer loop
      vertex -43.8583 12.8634 10
      vertex -57.4739 9.63507 10
      vertex -56.9035 8.51558 10
    endloop
  endfacet
  facet normal 0 0 1
    outer loop
      vertex -43.8583 12.8634 10
      vertex -58.1134 10.7165 10
      vertex -57.4739 9.63507 10
    endloop
  endfacet
  facet normal 0 0 1
    outer loop
      vertex -43.8583 12.8634 10
      vertex -58.8197 11.7557 10
      vertex -58.1134 10.7165 10
    endloop
  endfacet
  facet normal 0 0 1
    outer loop
      vertex -43.8583 12.8634 10
      vertex -59.5897 12.7485 10
      vertex -58.8197 11.7557 10
    endloop
  endfacet
  facet normal 0 0 1
    outer loop
      vertex -43.8583 12.8634 10
      vertex -60.4206 13.6909 10
      vertex -59.5897 12.7485 10
    endloop
  endfacet
  facet normal 0 0 1
    outer loop
      vertex -43.8583 12.8634 10
      vertex -61.3091 14.5794 10
      vertex -60.4206 13.6909 10
    endloop
  endfacet
  facet normal 0 0 1
    outer loop
      vertex -43.8583 12.8634 10
      vertex -62.2515 15.4103 10
      vertex -61.3091 14.5794 10
    endloop
  endfacet
  facet normal -0 -0 1
    outer loop
      vertex -65.3649 17.5261 10
      vertex -43.8583 12.8634 10
      vertex -85 50 10
    endloop
  endfacet
  facet normal 0 0 1
    outer loop
      vertex -43.8583 12.8634 10
      vertex -63.2443 16.1803 10
      vertex -62.2515 15.4103 10
    endloop
  endfacet
  facet normal 0 0 1
    outer loop
      vertex -43.8583 12.8634 10
      vertex -64.2835 16.8866 10
      vertex -63.2443 16.1803 10
    endloop
  endfacet
  facet normal 0 0 1
    outer loop
      vertex -43.8583 12.8634 10
      vertex -65.3649 17.5261 10
      vertex -64.2835 16.8866 10
    endloop
  endfacet
  facet normal 0 0 1
    outer loop
      vertex -65.3649 17.5261 10
      vertex -85 50 10
      vertex -66.4844 18.0965 10
    endloop
  endfacet
  facet normal 0 0 1
    outer loop
      vertex -66.4844 18.0965 10
      vertex -85 50 10
      vertex -67.6375 18.5955 10
    endloop
  endfacet
  facet normal 0 0 1
    outer loop
      vertex -67.6375 18.5955 10
      vertex -85 50 10
      vertex -68.8197 19.0211 10
    endloop
  endfacet
  facet normal 0 0 1
    outer loop
      vertex -68.8197 19.0211 10
      vertex -85 50 10
      vertex -70.0262 19.3717 10
    endloop
  endfacet
  facet normal 0 0 1
    outer loop
      vertex -70.0262 19.3717 10
      vertex -85 50 10
      vertex -71.2524 19.6457 10
    endloop
  endfacet
  facet normal 0 0 1
    outer loop
      vertex -71.2524 19.6457 10
      vertex -85 50 10
      vertex -72.4933 19.8423 10
    endloop
  endfacet
  facet normal 0 0 1
    outer loop
      vertex -72.4933 19.8423 10
      vertex -85 50 10
      vertex -73.7442 19.9605 10
    endloop
  endfacet
  facet normal 0 0 1
    outer loop
      vertex -73.7442 19.9605 10
      vertex -85 50 10
      vertex -75 20 10
    endloop
  endfacet
  facet normal 0 0 1
    outer loop
      vertex -75 20 10
      vertex -85 50 10
      vertex -76.2558 19.9605 10
    endloop
  endfacet
  facet normal 0 0 1
    outer loop
      vertex -76.2558 19.9605 10
      vertex -85 50 10
      vertex -77.5067 19.8423 10
    endloop
  endfacet
  facet normal 0 0 1
    outer loop
      vertex -77.5067 19.8423 10
      vertex -85 50 10
      vertex -78.7476 19.6457 10
    endloop
  endfacet
  facet normal 0 0 1
    outer loop
      vertex -85 50 10
      vertex -79.9738 19.3717 10
      vertex -78.7476 19.6457 10
    endloop
  endfacet
  facet normal 0 0 1
    outer loop
      vertex -85 50 10
      vertex -81.1803 19.0211 10
      vertex -79.9738 19.3717 10
    endloop
  endfacet
  facet normal 0 0 1
    outer loop
      vertex -85 50 10
      vertex -82.3625 18.5955 10
      vertex -81.1803 19.0211 10
    endloop
  endfacet
  facet normal 0 0 1
    outer loop
      vertex -85 50 10
      vertex -83.5156 18.0965 10
      vertex -82.3625 18.5955 10
    endloop
  endfacet
  facet normal 0 0 1
    outer loop
      vertex -85 50 10
      vertex -84.6351 17.5261 10
      vertex -83.5156 18.0965 10
    endloop
  endfacet
  facet normal 0 0 1
    outer loop
      vertex -84.6351 17.5261 10
      vertex -85 50 10
      vertex -85 17.3103 10
    endloop
  endfacet
  facet normal -0 0 1
    outer loop
      vertex -41.9442 8.32545 10
      vertex -41.6366 7.43281 10
      vertex -41.876 8.74324 10
    endloop
  endfacet
  facet normal -0 0 1
    outer loop
      vertex -42.0041 7.97172 10
      vertex -41.6366 7.43281 10
      vertex -41.9442 8.32545 10
    endloop
  endfacet
  facet normal -0 0 1
    outer loop
      vertex -42.0696 7.59431 10
      vertex -41.6366 7.43281 10
      vertex -42.0041 7.97172 10
    endloop
  endfacet
  facet normal 0 0 1
    outer loop
      vertex -42.1409 7.19319 10
      vertex -41.6366 7.43281 10
      vertex -42.0696 7.59431 10
    endloop
  endfacet
  facet normal 0 0 1
    outer loop
      vertex -42.2177 6.76839 10
      vertex -41.6366 7.43281 10
      vertex -42.1409 7.19319 10
    endloop
  endfacet
  facet normal 0 0 1
    outer loop
      vertex -41.6366 7.43281 10
      vertex -42.2177 6.76839 10
      vertex -41.1469 4.85066 10
    endloop
  endfacet
  facet normal -0 0 1
    outer loop
      vertex -42.4 5.84041 10
      vertex -41.1469 4.85066 10
      vertex -42.2177 6.76839 10
    endloop
  endfacet
  facet normal 0 0 1
    outer loop
      vertex -42.7873 3.92982 10
      vertex -41.1469 4.85066 10
      vertex -42.4 5.84041 10
    endloop
  endfacet
  facet normal 0 0 1
    outer loop
      vertex -43.3798 1.0366 10
      vertex -41.1469 4.85066 10
      vertex -42.7873 3.92982 10
    endloop
  endfacet
  facet normal 0 0 1
    outer loop
      vertex -41.1469 4.85066 10
      vertex -43.3798 1.0366 10
      vertex -39.5633 -2.83925 10
    endloop
  endfacet
  facet normal 0 0 1
    outer loop
      vertex -39.5633 -2.83925 10
      vertex -43.3798 1.0366 10
      vertex -44.1773 -2.83925 10
    endloop
  endfacet
  facet normal -0 0 1
    outer loop
      vertex -4.02103 0.792006 10
      vertex 0.506806 -0.1353 10
      vertex 0.360798 0.875167 10
    endloop
  endfacet
  facet normal -0 0 1
    outer loop
      vertex -3.82411 1.64284 10
      vertex 0.360798 0.875167 10
      vertex 0.147864 1.73018 10
    endloop
  endfacet
  facet normal -0 0 1
    outer loop
      vertex -3.55532 2.36314 10
      vertex 0.147864 1.73018 10
      vertex -0.131994 2.42979 10
    endloop
  endfacet
  facet normal 0 0 1
    outer loop
      vertex -3.55532 2.36314 10
      vertex -0.131994 2.42979 10
      vertex -0.472296 2.97392 10
    endloop
  endfacet
  facet normal 0 0 1
    outer loop
      vertex -3.21818 2.93645 10
      vertex -0.472296 2.97392 10
      vertex -0.866741 3.36259 10
    endloop
  endfacet
  facet normal 0 0 1
    outer loop
      vertex -1.81803 3.67354 10
      vertex -0.866741 3.36259 10
      vertex -1.31531 3.59581 10
    endloop
  endfacet
  facet normal 0 0 1
    outer loop
      vertex -2.81625 3.34593 10
      vertex -0.866741 3.36259 10
      vertex -1.81803 3.67354 10
    endloop
  endfacet
  facet normal 0 0 1
    outer loop
      vertex -2.81625 3.34593 10
      vertex -1.81803 3.67354 10
      vertex -2.34953 3.59166 10
    endloop
  endfacet
  facet normal 0 0 1
    outer loop
      vertex -0.866741 3.36259 10
      vertex -2.81625 3.34593 10
      vertex -3.21818 2.93645 10
    endloop
  endfacet
  facet normal 0 0 1
    outer loop
      vertex -0.472296 2.97392 10
      vertex -3.21818 2.93645 10
      vertex -3.55532 2.36314 10
    endloop
  endfacet
  facet normal 0 0 1
    outer loop
      vertex 0.147864 1.73018 10
      vertex -3.55532 2.36314 10
      vertex -3.82411 1.64284 10
    endloop
  endfacet
  facet normal 0 0 1
    outer loop
      vertex 0.360798 0.875167 10
      vertex -3.82411 1.64284 10
      vertex -4.02103 0.792006 10
    endloop
  endfacet
  facet normal 0 0 1
    outer loop
      vertex 0.506806 -0.1353 10
      vertex -4.02103 0.792006 10
      vertex -4.14601 -0.189346 10
    endloop
  endfacet
  facet normal 0 0 1
    outer loop
      vertex 0.506806 -0.1353 10
      vertex -4.14601 -0.189346 10
      vertex 0.585871 -1.30122 10
    endloop
  endfacet
  facet normal 0 0 1
    outer loop
      vertex 0.585871 -1.30122 10
      vertex -4.14601 -0.189346 10
      vertex -4.1991 -1.30122 10
    endloop
  endfacet
  facet normal -0 0 1
    outer loop
      vertex 29.3938 -0.695999 10
      vertex 34.3581 -1.90773 10
      vertex 34.2428 -0.499161 10
    endloop
  endfacet
  facet normal 0 0 1
    outer loop
      vertex 34.3581 -1.90773 10
      vertex 29.2667 -2.10402 10
      vertex 34.3966 -3.54176 10
    endloop
  endfacet
  facet normal -0 0 1
    outer loop
      vertex 29.6057 0.511458 10
      vertex 34.2428 -0.499161 10
      vertex 34.0505 0.683944 10
    endloop
  endfacet
  facet normal -0 0 1
    outer loop
      vertex 29.9022 1.51839 10
      vertex 34.0505 0.683944 10
      vertex 33.7814 1.64159 10
    endloop
  endfacet
  facet normal 0 0 1
    outer loop
      vertex 34.3966 -3.54176 10
      vertex 29.2667 -2.10402 10
      vertex 29.2244 -3.71257 10
    endloop
  endfacet
  facet normal -0 0 1
    outer loop
      vertex 30.28 2.31169 10
      vertex 33.7814 1.64159 10
      vertex 33.4318 2.381 10
    endloop
  endfacet
  facet normal -0 0 1
    outer loop
      vertex 30.7354 2.87834 10
      vertex 33.4318 2.381 10
      vertex 32.9982 2.90913 10
    endloop
  endfacet
  facet normal 0 -0 1
    outer loop
      vertex 29.266 -5.25533 10
      vertex 34.3966 -3.54176 10
      vertex 29.2244 -3.71257 10
    endloop
  endfacet
  facet normal 0 0 1
    outer loop
      vertex 31.8789 3.33168 10
      vertex 32.9982 2.90913 10
      vertex 32.4805 3.22603 10
    endloop
  endfacet
  facet normal 0 0 1
    outer loop
      vertex 32.9982 2.90913 10
      vertex 31.8789 3.33168 10
      vertex 30.7354 2.87834 10
    endloop
  endfacet
  facet normal 0 0 1
    outer loop
      vertex 34.3966 -3.54176 10
      vertex 29.266 -5.25533 10
      vertex 34.2378 -6.6403 10
    endloop
  endfacet
  facet normal 0 0 1
    outer loop
      vertex 30.7354 2.87834 10
      vertex 31.8789 3.33168 10
      vertex 31.2683 3.21834 10
    endloop
  endfacet
  facet normal 0 -0 1
    outer loop
      vertex 29.5992 -7.7997 10
      vertex 34.2378 -6.6403 10
      vertex 29.391 -6.61772 10
    endloop
  endfacet
  facet normal 0 0 1
    outer loop
      vertex 33.4318 2.381 10
      vertex 30.7354 2.87834 10
      vertex 30.28 2.31169 10
    endloop
  endfacet
  facet normal 0 0 1
    outer loop
      vertex 34.2378 -6.6403 10
      vertex 29.5992 -7.7997 10
      vertex 33.7615 -8.8535 10
    endloop
  endfacet
  facet normal 0 0 1
    outer loop
      vertex 33.7814 1.64159 10
      vertex 30.28 2.31169 10
      vertex 29.9022 1.51839 10
    endloop
  endfacet
  facet normal -0 -0 1
    outer loop
      vertex 29.8908 -8.80128 10
      vertex 33.7615 -8.8535 10
      vertex 29.5992 -7.7997 10
    endloop
  endfacet
  facet normal 0 0 1
    outer loop
      vertex 34.0505 0.683944 10
      vertex 29.9022 1.51839 10
      vertex 29.6057 0.511458 10
    endloop
  endfacet
  facet normal 0 -0 1
    outer loop
      vertex 30.2636 -9.59877 10
      vertex 33.7615 -8.8535 10
      vertex 29.8908 -8.80128 10
    endloop
  endfacet
  facet normal 0 0 1
    outer loop
      vertex 34.2428 -0.499161 10
      vertex 29.6057 0.511458 10
      vertex 29.3938 -0.695999 10
    endloop
  endfacet
  facet normal 0 0 1
    outer loop
      vertex 33.7615 -8.8535 10
      vertex 30.2636 -9.59877 10
      vertex 32.9676 -10.1814 10
    endloop
  endfacet
  facet normal 0 0 1
    outer loop
      vertex 34.3581 -1.90773 10
      vertex 29.3938 -0.695999 10
      vertex 29.2667 -2.10402 10
    endloop
  endfacet
  facet normal -0 -0 1
    outer loop
      vertex 29.391 -6.61772 10
      vertex 34.2378 -6.6403 10
      vertex 29.266 -5.25533 10
    endloop
  endfacet
  facet normal -0 -0 1
    outer loop
      vertex 30.7154 -10.1684 10
      vertex 32.9676 -10.1814 10
      vertex 30.2636 -9.59877 10
    endloop
  endfacet
  facet normal 0 0 1
    outer loop
      vertex 32.9676 -10.1814 10
      vertex 30.7154 -10.1684 10
      vertex 31.8561 -10.6241 10
    endloop
  endfacet
  facet normal 0 0 1
    outer loop
      vertex 31.8561 -10.6241 10
      vertex 30.7154 -10.1684 10
      vertex 31.2462 -10.5102 10
    endloop
  endfacet
  facet normal -0 0 1
    outer loop
      vertex 55.4931 0.792006 10
      vertex 60.021 -0.1353 10
      vertex 59.875 0.875167 10
    endloop
  endfacet
  facet normal -0 0 1
    outer loop
      vertex 55.69 1.64284 10
      vertex 59.875 0.875167 10
      vertex 59.662 1.73018 10
    endloop
  endfacet
  facet normal -0 0 1
    outer loop
      vertex 55.9589 2.36314 10
      vertex 59.662 1.73018 10
      vertex 59.3822 2.42979 10
    endloop
  endfacet
  facet normal 0 0 1
    outer loop
      vertex 55.9589 2.36314 10
      vertex 59.3822 2.42979 10
      vertex 59.0419 2.97392 10
    endloop
  endfacet
  facet normal 0 0 1
    outer loop
      vertex 56.296 2.93645 10
      vertex 59.0419 2.97392 10
      vertex 58.6474 3.36259 10
    endloop
  endfacet
  facet normal 0 0 1
    outer loop
      vertex 57.6961 3.67354 10
      vertex 58.6474 3.36259 10
      vertex 58.1989 3.59581 10
    endloop
  endfacet
  facet normal 0 0 1
    outer loop
      vertex 56.6979 3.34593 10
      vertex 58.6474 3.36259 10
      vertex 57.6961 3.67354 10
    endloop
  endfacet
  facet normal 0 0 1
    outer loop
      vertex 56.6979 3.34593 10
      vertex 57.6961 3.67354 10
      vertex 57.1646 3.59166 10
    endloop
  endfacet
  facet normal 0 0 1
    outer loop
      vertex 58.6474 3.36259 10
      vertex 56.6979 3.34593 10
      vertex 56.296 2.93645 10
    endloop
  endfacet
  facet normal 0 0 1
    outer loop
      vertex 59.0419 2.97392 10
      vertex 56.296 2.93645 10
      vertex 55.9589 2.36314 10
    endloop
  endfacet
  facet normal 0 0 1
    outer loop
      vertex 59.662 1.73018 10
      vertex 55.9589 2.36314 10
      vertex 55.69 1.64284 10
    endloop
  endfacet
  facet normal 0 0 1
    outer loop
      vertex 59.875 0.875167 10
      vertex 55.69 1.64284 10
      vertex 55.4931 0.792006 10
    endloop
  endfacet
  facet normal 0 0 1
    outer loop
      vertex 60.021 -0.1353 10
      vertex 55.4931 0.792006 10
      vertex 55.3682 -0.189346 10
    endloop
  endfacet
  facet normal 0 0 1
    outer loop
      vertex 60.021 -0.1353 10
      vertex 55.3682 -0.189346 10
      vertex 60.1 -1.30122 10
    endloop
  endfacet
  facet normal 0 0 1
    outer loop
      vertex 60.1 -1.30122 10
      vertex 55.3682 -0.189346 10
      vertex 55.3151 -1.30122 10
    endloop
  endfacet
  facet normal 0 0 -1
    outer loop
      vertex -60.4206 13.6909 -10
      vertex -60 45 -10
      vertex -59.5897 12.7485 -10
    endloop
  endfacet
  facet normal 0 0 -1
    outer loop
      vertex -61.3091 14.5794 -10
      vertex -60 45 -10
      vertex -60.4206 13.6909 -10
    endloop
  endfacet
  facet normal 0 0 -1
    outer loop
      vertex -62.2515 15.4103 -10
      vertex -60 45 -10
      vertex -61.3091 14.5794 -10
    endloop
  endfacet
  facet normal 0 0 -1
    outer loop
      vertex -63.2443 16.1803 -10
      vertex -60 45 -10
      vertex -62.2515 15.4103 -10
    endloop
  endfacet
  facet normal 0 0 -1
    outer loop
      vertex -64.2835 16.8866 -10
      vertex -60 45 -10
      vertex -63.2443 16.1803 -10
    endloop
  endfacet
  facet normal 0 0 -1
    outer loop
      vertex -65.3649 17.5261 -10
      vertex -60 45 -10
      vertex -64.2835 16.8866 -10
    endloop
  endfacet
  facet normal 0 0 -1
    outer loop
      vertex -66.4844 18.0965 -10
      vertex -60 45 -10
      vertex -65.3649 17.5261 -10
    endloop
  endfacet
  facet normal 0 0 -1
    outer loop
      vertex -67.6375 18.5955 -10
      vertex -60 45 -10
      vertex -66.4844 18.0965 -10
    endloop
  endfacet
  facet normal 0 0 -1
    outer loop
      vertex -68.8197 19.0211 -10
      vertex -60 45 -10
      vertex -67.6375 18.5955 -10
    endloop
  endfacet
  facet normal 0 0 -1
    outer loop
      vertex -70.0262 19.3717 -10
      vertex -60 45 -10
      vertex -68.8197 19.0211 -10
    endloop
  endfacet
  facet normal 0 0 -1
    outer loop
      vertex -71.2524 19.6457 -10
      vertex -60 45 -10
      vertex -70.0262 19.3717 -10
    endloop
  endfacet
  facet normal 0 0 -1
    outer loop
      vertex -75 45 -10
      vertex -71.2524 19.6457 -10
      vertex -72.4933 19.8423 -10
    endloop
  endfacet
  facet normal 0 0 -1
    outer loop
      vertex -75 45 -10
      vertex -72.4933 19.8423 -10
      vertex -73.7442 19.9605 -10
    endloop
  endfacet
  facet normal 0 0 -1
    outer loop
      vertex -75 45 -10
      vertex -73.7442 19.9605 -10
      vertex -75 20 -10
    endloop
  endfacet
  facet normal 0 0 -1
    outer loop
      vertex -71.2524 19.6457 -10
      vertex -75 45 -10
      vertex -60 45 -10
    endloop
  endfacet
  facet normal 0 0 -1
    outer loop
      vertex -76.2558 19.9605 -10
      vertex -75 45 -10
      vertex -75 20 -10
    endloop
  endfacet
  facet normal 0 0 -1
    outer loop
      vertex -77.5067 19.8423 -10
      vertex -75 45 -10
      vertex -76.2558 19.9605 -10
    endloop
  endfacet
  facet normal 0 0 -1
    outer loop
      vertex -78.7476 19.6457 -10
      vertex -75 45 -10
      vertex -77.5067 19.8423 -10
    endloop
  endfacet
  facet normal 0 0 -1
    outer loop
      vertex -79.9738 19.3717 -10
      vertex -75 45 -10
      vertex -78.7476 19.6457 -10
    endloop
  endfacet
  facet normal 0 0 -1
    outer loop
      vertex -81.1803 19.0211 -10
      vertex -75 45 -10
      vertex -79.9738 19.3717 -10
    endloop
  endfacet
  facet normal -0 0 -1
    outer loop
      vertex -75 45 -10
      vertex -81.1803 19.0211 -10
      vertex -85 50 -10
    endloop
  endfacet
  facet normal 0 0 -1
    outer loop
      vertex -85 50 -10
      vertex -81.1803 19.0211 -10
      vertex -82.3625 18.5955 -10
    endloop
  endfacet
  facet normal 0 0 -1
    outer loop
      vertex -85 50 -10
      vertex -82.3625 18.5955 -10
      vertex -83.5156 18.0965 -10
    endloop
  endfacet
  facet normal 0 0 -1
    outer loop
      vertex -85 50 -10
      vertex -83.5156 18.0965 -10
      vertex -84.6351 17.5261 -10
    endloop
  endfacet
  facet normal 0 0 -1
    outer loop
      vertex -85 50 -10
      vertex -84.6351 17.5261 -10
      vertex -85 17.3103 -10
    endloop
  endfacet
  facet normal 0 0 -1
    outer loop
      vertex -75 45 -10
      vertex -85 50 -10
      vertex -75 50 -10
    endloop
  endfacet
  facet normal 0 0 -1
    outer loop
      vertex 65 -50 -10
      vertex 85 -30 -10
      vertex 84.9605 -31.2558 -10
    endloop
  endfacet
  facet normal 0 0 -1
    outer loop
      vertex 85 -30 -10
      vertex 45 45 -10
      vertex 85 30 -10
    endloop
  endfacet
  facet normal 0 0 -1
    outer loop
      vertex 65 -50 -10
      vertex 84.9605 -31.2558 -10
      vertex 84.8423 -32.5067 -10
    endloop
  endfacet
  facet normal 0 -0 -1
    outer loop
      vertex 65 50 -10
      vertex 85 30 -10
      vertex 45 45 -10
    endloop
  endfacet
  facet normal 0 0 -1
    outer loop
      vertex 65 -50 -10
      vertex 84.8423 -32.5067 -10
      vertex 84.6457 -33.7476 -10
    endloop
  endfacet
  facet normal 0 0 -1
    outer loop
      vertex 85 30 -10
      vertex 65 50 -10
      vertex 84.9605 31.2558 -10
    endloop
  endfacet
  facet normal 0 0 -1
    outer loop
      vertex 65 -50 -10
      vertex 84.6457 -33.7476 -10
      vertex 84.3717 -34.9738 -10
    endloop
  endfacet
  facet normal 0 0 -1
    outer loop
      vertex 84.9605 31.2558 -10
      vertex 65 50 -10
      vertex 84.8423 32.5067 -10
    endloop
  endfacet
  facet normal 0 0 -1
    outer loop
      vertex 65 -50 -10
      vertex 84.3717 -34.9738 -10
      vertex 84.0211 -36.1803 -10
    endloop
  endfacet
  facet normal 0 0 -1
    outer loop
      vertex 84.8423 32.5067 -10
      vertex 65 50 -10
      vertex 84.6457 33.7476 -10
    endloop
  endfacet
  facet normal 0 0 -1
    outer loop
      vertex 65 -50 -10
      vertex 84.0211 -36.1803 -10
      vertex 83.5955 -37.3625 -10
    endloop
  endfacet
  facet normal 0 0 -1
    outer loop
      vertex 84.6457 33.7476 -10
      vertex 65 50 -10
      vertex 84.3717 34.9738 -10
    endloop
  endfacet
  facet normal 0 0 -1
    outer loop
      vertex 65 -50 -10
      vertex 83.5955 -37.3625 -10
      vertex 83.0965 -38.5156 -10
    endloop
  endfacet
  facet normal 0 0 -1
    outer loop
      vertex 84.3717 34.9738 -10
      vertex 65 50 -10
      vertex 84.0211 36.1803 -10
    endloop
  endfacet
  facet normal 0 0 -1
    outer loop
      vertex 65 -50 -10
      vertex 83.0965 -38.5156 -10
      vertex 82.5261 -39.6351 -10
    endloop
  endfacet
  facet normal 0 0 -1
    outer loop
      vertex 84.0211 36.1803 -10
      vertex 65 50 -10
      vertex 83.5955 37.3625 -10
    endloop
  endfacet
  facet normal 0 0 -1
    outer loop
      vertex 65 -50 -10
      vertex 82.5261 -39.6351 -10
      vertex 81.8866 -40.7165 -10
    endloop
  endfacet
  facet normal 0 0 -1
    outer loop
      vertex 83.5955 37.3625 -10
      vertex 65 50 -10
      vertex 83.0965 38.5156 -10
    endloop
  endfacet
  facet normal 0 0 -1
    outer loop
      vertex 65 -50 -10
      vertex 81.8866 -40.7165 -10
      vertex 81.1803 -41.7557 -10
    endloop
  endfacet
  facet normal 0 0 -1
    outer loop
      vertex 83.0965 38.5156 -10
      vertex 65 50 -10
      vertex 82.5261 39.6351 -10
    endloop
  endfacet
  facet normal 0 0 -1
    outer loop
      vertex 65 -50 -10
      vertex 81.1803 -41.7557 -10
      vertex 80.4103 -42.7485 -10
    endloop
  endfacet
  facet normal 0 0 -1
    outer loop
      vertex 82.5261 39.6351 -10
      vertex 65 50 -10
      vertex 81.8866 40.7165 -10
    endloop
  endfacet
  facet normal 0 0 -1
    outer loop
      vertex 65 -50 -10
      vertex 80.4103 -42.7485 -10
      vertex 79.5794 -43.6909 -10
    endloop
  endfacet
  facet normal 0 0 -1
    outer loop
      vertex 81.8866 40.7165 -10
      vertex 65 50 -10
      vertex 81.1803 41.7557 -10
    endloop
  endfacet
  facet normal 0 0 -1
    outer loop
      vertex 65 -50 -10
      vertex 79.5794 -43.6909 -10
      vertex 78.6909 -44.5794 -10
    endloop
  endfacet
  facet normal 0 0 -1
    outer loop
      vertex 81.1803 41.7557 -10
      vertex 65 50 -10
      vertex 80.4103 42.7485 -10
    endloop
  endfacet
  facet normal 0 0 -1
    outer loop
      vertex 65 -50 -10
      vertex 78.6909 -44.5794 -10
      vertex 77.7485 -45.4103 -10
    endloop
  endfacet
  facet normal 0 0 -1
    outer loop
      vertex 80.4103 42.7485 -10
      vertex 65 50 -10
      vertex 79.5794 43.6909 -10
    endloop
  endfacet
  facet normal 0 0 -1
    outer loop
      vertex 65 -50 -10
      vertex 77.7485 -45.4103 -10
      vertex 76.7557 -46.1803 -10
    endloop
  endfacet
  facet normal 0 0 -1
    outer loop
      vertex 79.5794 43.6909 -10
      vertex 65 50 -10
      vertex 78.6909 44.5794 -10
    endloop
  endfacet
  facet normal 0 0 -1
    outer loop
      vertex 65 -50 -10
      vertex 76.7557 -46.1803 -10
      vertex 75.7165 -46.8866 -10
    endloop
  endfacet
  facet normal 0 0 -1
    outer loop
      vertex 78.6909 44.5794 -10
      vertex 65 50 -10
      vertex 77.7485 45.4103 -10
    endloop
  endfacet
  facet normal 0 0 -1
    outer loop
      vertex 65 -50 -10
      vertex 75.7165 -46.8866 -10
      vertex 74.6351 -47.5261 -10
    endloop
  endfacet
  facet normal 0 0 -1
    outer loop
      vertex 77.7485 45.4103 -10
      vertex 65 50 -10
      vertex 76.7557 46.1803 -10
    endloop
  endfacet
  facet normal 0 0 -1
    outer loop
      vertex 65 -50 -10
      vertex 74.6351 -47.5261 -10
      vertex 73.5156 -48.0965 -10
    endloop
  endfacet
  facet normal 0 0 -1
    outer loop
      vertex 76.7557 46.1803 -10
      vertex 65 50 -10
      vertex 75.7165 46.8866 -10
    endloop
  endfacet
  facet normal 0 0 -1
    outer loop
      vertex 65 -50 -10
      vertex 73.5156 -48.0965 -10
      vertex 72.3625 -48.5955 -10
    endloop
  endfacet
  facet normal 0 0 -1
    outer loop
      vertex 75.7165 46.8866 -10
      vertex 65 50 -10
      vertex 74.6351 47.5261 -10
    endloop
  endfacet
  facet normal 0 0 -1
    outer loop
      vertex 65 -50 -10
      vertex 72.3625 -48.5955 -10
      vertex 71.1803 -49.0211 -10
    endloop
  endfacet
  facet normal 0 0 -1
    outer loop
      vertex 74.6351 47.5261 -10
      vertex 65 50 -10
      vertex 73.5156 48.0965 -10
    endloop
  endfacet
  facet normal 0 0 -1
    outer loop
      vertex 65 -50 -10
      vertex 71.1803 -49.0211 -10
      vertex 69.9738 -49.3717 -10
    endloop
  endfacet
  facet normal 0 0 -1
    outer loop
      vertex 73.5156 48.0965 -10
      vertex 65 50 -10
      vertex 72.3625 48.5955 -10
    endloop
  endfacet
  facet normal 0 0 -1
    outer loop
      vertex 65 -50 -10
      vertex 69.9738 -49.3717 -10
      vertex 68.7476 -49.6457 -10
    endloop
  endfacet
  facet normal 0 0 -1
    outer loop
      vertex 72.3625 48.5955 -10
      vertex 65 50 -10
      vertex 71.1803 49.0211 -10
    endloop
  endfacet
  facet normal 0 0 -1
    outer loop
      vertex 65 -50 -10
      vertex 68.7476 -49.6457 -10
      vertex 67.5067 -49.8423 -10
    endloop
  endfacet
  facet normal 0 0 -1
    outer loop
      vertex 71.1803 49.0211 -10
      vertex 65 50 -10
      vertex 69.9738 49.3717 -10
    endloop
  endfacet
  facet normal 0 0 -1
    outer loop
      vertex 65 -50 -10
      vertex 67.5067 -49.8423 -10
      vertex 66.2558 -49.9605 -10
    endloop
  endfacet
  facet normal 0 0 -1
    outer loop
      vertex 69.9738 49.3717 -10
      vertex 65 50 -10
      vertex 68.7476 49.6457 -10
    endloop
  endfacet
  facet normal -0 0 -1
    outer loop
      vertex 85 -30 -10
      vertex 65 -50 -10
      vertex 45 45 -10
    endloop
  endfacet
  facet normal 0 0 -1
    outer loop
      vertex 68.7476 49.6457 -10
      vertex 65 50 -10
      vertex 67.5067 49.8423 -10
    endloop
  endfacet
  facet normal 0 0 -1
    outer loop
      vertex 67.5067 49.8423 -10
      vertex 65 50 -10
      vertex 66.2558 49.9605 -10
    endloop
  endfacet
  facet normal 0 0 -1
    outer loop
      vertex 65 -50 -10
      vertex 30 45 -10
      vertex 45 45 -10
    endloop
  endfacet
  facet normal 0 0 -1
    outer loop
      vertex -55.0395 1.25581 -10
      vertex 30 45 -10
      vertex -55 0 -10
    endloop
  endfacet
  facet normal 0 0 -1
    outer loop
      vertex -55.3543 -3.74763 -10
      vertex 30 45 -10
      vertex 65 -50 -10
    endloop
  endfacet
  facet normal 0 0 -1
    outer loop
      vertex 30 45 -10
      vertex -55.0395 -1.25581 -10
      vertex -55 0 -10
    endloop
  endfacet
  facet normal 0 0 -1
    outer loop
      vertex 30 45 -10
      vertex -55.1577 -2.50666 -10
      vertex -55.0395 -1.25581 -10
    endloop
  endfacet
  facet normal 0 0 -1
    outer loop
      vertex 30 45 -10
      vertex -55.3543 -3.74763 -10
      vertex -55.1577 -2.50666 -10
    endloop
  endfacet
  facet normal 0 0 -1
    outer loop
      vertex 65 -50 -10
      vertex -55.6283 -4.9738 -10
      vertex -55.3543 -3.74763 -10
    endloop
  endfacet
  facet normal 0 0 -1
    outer loop
      vertex 65 -50 -10
      vertex -55.9789 -6.18034 -10
      vertex -55.6283 -4.9738 -10
    endloop
  endfacet
  facet normal 0 0 -1
    outer loop
      vertex 65 -50 -10
      vertex -56.4045 -7.36249 -10
      vertex -55.9789 -6.18034 -10
    endloop
  endfacet
  facet normal 0 0 -1
    outer loop
      vertex 65 -50 -10
      vertex -56.9035 -8.51558 -10
      vertex -56.4045 -7.36249 -10
    endloop
  endfacet
  facet normal 0 0 -1
    outer loop
      vertex 65 -50 -10
      vertex -57.4739 -9.63507 -10
      vertex -56.9035 -8.51558 -10
    endloop
  endfacet
  facet normal 0 0 -1
    outer loop
      vertex 65 -50 -10
      vertex -58.1134 -10.7165 -10
      vertex -57.4739 -9.63507 -10
    endloop
  endfacet
  facet normal 0 0 -1
    outer loop
      vertex 65 -50 -10
      vertex -58.8197 -11.7557 -10
      vertex -58.1134 -10.7165 -10
    endloop
  endfacet
  facet normal 0 0 -1
    outer loop
      vertex 65 -50 -10
      vertex -59.5897 -12.7485 -10
      vertex -58.8197 -11.7557 -10
    endloop
  endfacet
  facet normal 0 0 -1
    outer loop
      vertex 65 -50 -10
      vertex -60.4206 -13.6909 -10
      vertex -59.5897 -12.7485 -10
    endloop
  endfacet
  facet normal 0 0 -1
    outer loop
      vertex 65 -50 -10
      vertex -61.3091 -14.5794 -10
      vertex -60.4206 -13.6909 -10
    endloop
  endfacet
  facet normal 0 0 -1
    outer loop
      vertex 65 -50 -10
      vertex -62.2515 -15.4103 -10
      vertex -61.3091 -14.5794 -10
    endloop
  endfacet
  facet normal 0 0 -1
    outer loop
      vertex -85 -50 -10
      vertex -62.2515 -15.4103 -10
      vertex 65 -50 -10
    endloop
  endfacet
  facet normal 0 0 -1
    outer loop
      vertex -62.2515 -15.4103 -10
      vertex -85 -50 -10
      vertex -63.2443 -16.1803 -10
    endloop
  endfacet
  facet normal 0 0 -1
    outer loop
      vertex -63.2443 -16.1803 -10
      vertex -85 -50 -10
      vertex -64.2835 -16.8866 -10
    endloop
  endfacet
  facet normal 0 0 -1
    outer loop
      vertex -64.2835 -16.8866 -10
      vertex -85 -50 -10
      vertex -65.3649 -17.5261 -10
    endloop
  endfacet
  facet normal 0 0 -1
    outer loop
      vertex -65.3649 -17.5261 -10
      vertex -85 -50 -10
      vertex -66.4844 -18.0965 -10
    endloop
  endfacet
  facet normal 0 0 -1
    outer loop
      vertex -66.4844 -18.0965 -10
      vertex -85 -50 -10
      vertex -67.6375 -18.5955 -10
    endloop
  endfacet
  facet normal 0 0 -1
    outer loop
      vertex -67.6375 -18.5955 -10
      vertex -85 -50 -10
      vertex -68.8197 -19.0211 -10
    endloop
  endfacet
  facet normal 0 0 -1
    outer loop
      vertex -68.8197 -19.0211 -10
      vertex -85 -50 -10
      vertex -70.0262 -19.3717 -10
    endloop
  endfacet
  facet normal 0 0 -1
    outer loop
      vertex -70.0262 -19.3717 -10
      vertex -85 -50 -10
      vertex -71.2524 -19.6457 -10
    endloop
  endfacet
  facet normal 0 0 -1
    outer loop
      vertex -71.2524 -19.6457 -10
      vertex -85 -50 -10
      vertex -72.4933 -19.8423 -10
    endloop
  endfacet
  facet normal 0 0 -1
    outer loop
      vertex -72.4933 -19.8423 -10
      vertex -85 -50 -10
      vertex -73.7442 -19.9605 -10
    endloop
  endfacet
  facet normal 0 0 -1
    outer loop
      vertex -73.7442 -19.9605 -10
      vertex -85 -50 -10
      vertex -75 -20 -10
    endloop
  endfacet
  facet normal -0 0 -1
    outer loop
      vertex -75 -20 -10
      vertex -85 -50 -10
      vertex -76.2558 -19.9605 -10
    endloop
  endfacet
  facet normal -0 0 -1
    outer loop
      vertex -76.2558 -19.9605 -10
      vertex -85 -50 -10
      vertex -77.5067 -19.8423 -10
    endloop
  endfacet
  facet normal -0 0 -1
    outer loop
      vertex -77.5067 -19.8423 -10
      vertex -85 -50 -10
      vertex -78.7476 -19.6457 -10
    endloop
  endfacet
  facet normal 0 0 -1
    outer loop
      vertex -85 -50 -10
      vertex -79.9738 -19.3717 -10
      vertex -78.7476 -19.6457 -10
    endloop
  endfacet
  facet normal 0 0 -1
    outer loop
      vertex -85 -50 -10
      vertex -81.1803 -19.0211 -10
      vertex -79.9738 -19.3717 -10
    endloop
  endfacet
  facet normal 0 0 -1
    outer loop
      vertex -85 -50 -10
      vertex -82.3625 -18.5955 -10
      vertex -81.1803 -19.0211 -10
    endloop
  endfacet
  facet normal 0 0 -1
    outer loop
      vertex -85 -50 -10
      vertex -83.5156 -18.0965 -10
      vertex -82.3625 -18.5955 -10
    endloop
  endfacet
  facet normal 0 0 -1
    outer loop
      vertex -85 -50 -10
      vertex -84.6351 -17.5261 -10
      vertex -83.5156 -18.0965 -10
    endloop
  endfacet
  facet normal -0 0 -1
    outer loop
      vertex -84.6351 -17.5261 -10
      vertex -85 -50 -10
      vertex -85 -17.3103 -10
    endloop
  endfacet
  facet normal -0 0 -1
    outer loop
      vertex 65 50 -10
      vertex 45 45 -10
      vertex 45 50 -10
    endloop
  endfacet
  facet normal 0 0 -1
    outer loop
      vertex -55.1577 2.50666 -10
      vertex 30 45 -10
      vertex -55.0395 1.25581 -10
    endloop
  endfacet
  facet normal 0 0 -1
    outer loop
      vertex -55.3543 3.74763 -10
      vertex 30 45 -10
      vertex -55.1577 2.50666 -10
    endloop
  endfacet
  facet normal 0 0 -1
    outer loop
      vertex -55.6283 4.9738 -10
      vertex 30 45 -10
      vertex -55.3543 3.74763 -10
    endloop
  endfacet
  facet normal 0 0 -1
    outer loop
      vertex -55.9789 6.18034 -10
      vertex 30 45 -10
      vertex -55.6283 4.9738 -10
    endloop
  endfacet
  facet normal 0 0 -1
    outer loop
      vertex -56.4045 7.36249 -10
      vertex 30 45 -10
      vertex -55.9789 6.18034 -10
    endloop
  endfacet
  facet normal 0 0 -1
    outer loop
      vertex -56.9035 8.51558 -10
      vertex 30 45 -10
      vertex -56.4045 7.36249 -10
    endloop
  endfacet
  facet normal 0 0 -1
    outer loop
      vertex -60 45 -10
      vertex 30 45 -10
      vertex -56.9035 8.51558 -10
    endloop
  endfacet
  facet normal 0 0 -1
    outer loop
      vertex -60 45 -10
      vertex -56.9035 8.51558 -10
      vertex -57.4739 9.63507 -10
    endloop
  endfacet
  facet normal 0 0 -1
    outer loop
      vertex -60 45 -10
      vertex -57.4739 9.63507 -10
      vertex -58.1134 10.7165 -10
    endloop
  endfacet
  facet normal 0 0 -1
    outer loop
      vertex -60 45 -10
      vertex -58.1134 10.7165 -10
      vertex -58.8197 11.7557 -10
    endloop
  endfacet
  facet normal 0 0 -1
    outer loop
      vertex -60 45 -10
      vertex -58.8197 11.7557 -10
      vertex -59.5897 12.7485 -10
    endloop
  endfacet
  facet normal 0 0 -1
    outer loop
      vertex 30 45 -10
      vertex -60 45 -10
      vertex 30 50 -10
    endloop
  endfacet
  facet normal -0 0 -1
    outer loop
      vertex 30 50 -10
      vertex -60 45 -10
      vertex -60 50 -10
    endloop
  endfacet
  facet normal -1 0 0
    outer loop
      vertex -85 17.3103 -10
      vertex -85 50 10
      vertex -85 50 -10
    endloop
  endfacet
  facet normal -1 -0 0
    outer loop
      vertex -85 50 10
      vertex -85 17.3103 -10
      vertex -85 17.3103 10
    endloop
  endfacet
  facet normal -1 0 0
    outer loop
      vertex -85 -50 -10
      vertex -85 -17.3103 10
      vertex -85 -17.3103 -10
    endloop
  endfacet
  facet normal -1 -0 0
    outer loop
      vertex -85 -17.3103 10
      vertex -85 -50 -10
      vertex -85 -50 10
    endloop
  endfacet
  facet normal 0 1 -0
    outer loop
      vertex 30 50 -10
      vertex -60 50 0
      vertex 30 50 0
    endloop
  endfacet
  facet normal 0 1 0
    outer loop
      vertex -60 50 0
      vertex 30 50 -10
      vertex -60 50 -10
    endloop
  endfacet
  facet normal 0 1 0
    outer loop
      vertex 30 50 0
      vertex 65 50 10
      vertex 45 50 0
    endloop
  endfacet
  facet normal 0 1 -0
    outer loop
      vertex 65 50 -10
      vertex 45 50 0
      vertex 65 50 10
    endloop
  endfacet
  facet normal 0 1 0
    outer loop
      vertex 45 50 0
      vertex 65 50 -10
      vertex 45 50 -10
    endloop
  endfacet
  facet normal 0 1 0
    outer loop
      vertex 65 50 10
      vertex 30 50 0
      vertex -85 50 10
    endloop
  endfacet
  facet normal 0 1 -0
    outer loop
      vertex -60 50 0
      vertex -85 50 10
      vertex 30 50 0
    endloop
  endfacet
  facet normal 0 1 -0
    outer loop
      vertex -75 50 0
      vertex -85 50 10
      vertex -60 50 0
    endloop
  endfacet
  facet normal 0 1 0
    outer loop
      vertex -85 50 -10
      vertex -75 50 0
      vertex -75 50 -10
    endloop
  endfacet
  facet normal 0 1 0
    outer loop
      vertex -75 50 0
      vertex -85 50 -10
      vertex -85 50 10
    endloop
  endfacet
  facet normal 0 -1 0
    outer loop
      vertex -85 -50 -10
      vertex 65 -50 10
      vertex -85 -50 10
    endloop
  endfacet
  facet normal 0 -1 -0
    outer loop
      vertex 65 -50 10
      vertex -85 -50 -10
      vertex 65 -50 -10
    endloop
  endfacet
  facet normal 0.453982 -0.891011 0
    outer loop
      vertex 73.5156 -48.0965 -10
      vertex 74.6351 -47.5261 10
      vertex 73.5156 -48.0965 10
    endloop
  endfacet
  facet normal 0.453982 -0.891011 0
    outer loop
      vertex 74.6351 -47.5261 10
      vertex 73.5156 -48.0965 -10
      vertex 74.6351 -47.5261 -10
    endloop
  endfacet
  facet normal 0.707107 -0.707107 0
    outer loop
      vertex 78.6909 -44.5794 -10
      vertex 79.5794 -43.6909 10
      vertex 78.6909 -44.5794 10
    endloop
  endfacet
  facet normal 0.707107 -0.707107 0
    outer loop
      vertex 79.5794 -43.6909 10
      vertex 78.6909 -44.5794 -10
      vertex 79.5794 -43.6909 -10
    endloop
  endfacet
  facet normal 0.891011 -0.453982 0
    outer loop
      vertex 82.5261 -39.6351 10
      vertex 83.0965 -38.5156 -10
      vertex 83.0965 -38.5156 10
    endloop
  endfacet
  facet normal 0.891011 -0.453982 0
    outer loop
      vertex 83.0965 -38.5156 -10
      vertex 82.5261 -39.6351 10
      vertex 82.5261 -39.6351 -10
    endloop
  endfacet
  facet normal 0.790191 -0.61286 0
    outer loop
      vertex 80.4103 -42.7485 10
      vertex 81.1803 -41.7557 -10
      vertex 81.1803 -41.7557 10
    endloop
  endfacet
  facet normal 0.790191 -0.61286 0
    outer loop
      vertex 81.1803 -41.7557 -10
      vertex 80.4103 -42.7485 10
      vertex 80.4103 -42.7485 -10
    endloop
  endfacet
  facet normal 0.0314385 -0.999506 0
    outer loop
      vertex 65 -50 -10
      vertex 66.2558 -49.9605 10
      vertex 65 -50 10
    endloop
  endfacet
  facet normal 0.0314385 -0.999506 0
    outer loop
      vertex 66.2558 -49.9605 10
      vertex 65 -50 -10
      vertex 66.2558 -49.9605 -10
    endloop
  endfacet
  facet normal 0.0940729 -0.995565 0
    outer loop
      vertex 66.2558 -49.9605 -10
      vertex 67.5067 -49.8423 10
      vertex 66.2558 -49.9605 10
    endloop
  endfacet
  facet normal 0.0940729 -0.995565 0
    outer loop
      vertex 67.5067 -49.8423 10
      vertex 66.2558 -49.9605 -10
      vertex 67.5067 -49.8423 -10
    endloop
  endfacet
  facet normal 0.279049 -0.960277 0
    outer loop
      vertex 69.9738 -49.3717 -10
      vertex 71.1803 -49.0211 10
      vertex 69.9738 -49.3717 10
    endloop
  endfacet
  facet normal 0.279049 -0.960277 0
    outer loop
      vertex 71.1803 -49.0211 10
      vertex 69.9738 -49.3717 -10
      vertex 71.1803 -49.0211 -10
    endloop
  endfacet
  facet normal 0.999506 -0.0314385 0
    outer loop
      vertex 84.9605 -31.2558 10
      vertex 85 -30 -10
      vertex 85 -30 10
    endloop
  endfacet
  facet normal 0.999506 -0.0314385 0
    outer loop
      vertex 85 -30 -10
      vertex 84.9605 -31.2558 10
      vertex 84.9605 -31.2558 -10
    endloop
  endfacet
  facet normal 0.218076 -0.975932 0
    outer loop
      vertex 68.7476 -49.6457 -10
      vertex 69.9738 -49.3717 10
      vertex 68.7476 -49.6457 10
    endloop
  endfacet
  facet normal 0.218076 -0.975932 0
    outer loop
      vertex 69.9738 -49.3717 10
      vertex 68.7476 -49.6457 -10
      vertex 69.9738 -49.3717 -10
    endloop
  endfacet
  facet normal 0.940885 -0.338725 0
    outer loop
      vertex 83.5955 -37.3625 10
      vertex 84.0211 -36.1803 -10
      vertex 84.0211 -36.1803 10
    endloop
  endfacet
  facet normal 0.940885 -0.338725 0
    outer loop
      vertex 84.0211 -36.1803 -10
      vertex 83.5955 -37.3625 10
      vertex 83.5955 -37.3625 -10
    endloop
  endfacet
  facet normal 0.397154 -0.917752 0
    outer loop
      vertex 72.3625 -48.5955 -10
      vertex 73.5156 -48.0965 10
      vertex 72.3625 -48.5955 10
    endloop
  endfacet
  facet normal 0.397154 -0.917752 0
    outer loop
      vertex 73.5156 -48.0965 10
      vertex 72.3625 -48.5955 -10
      vertex 73.5156 -48.0965 -10
    endloop
  endfacet
  facet normal 0.66134 -0.750086 0
    outer loop
      vertex 77.7485 -45.4103 -10
      vertex 78.6909 -44.5794 10
      vertex 77.7485 -45.4103 10
    endloop
  endfacet
  facet normal 0.66134 -0.750086 0
    outer loop
      vertex 78.6909 -44.5794 10
      vertex 77.7485 -45.4103 -10
      vertex 78.6909 -44.5794 -10
    endloop
  endfacet
  facet normal 0.960277 -0.279049 0
    outer loop
      vertex 84.0211 -36.1803 10
      vertex 84.3717 -34.9738 -10
      vertex 84.3717 -34.9738 10
    endloop
  endfacet
  facet normal 0.960277 -0.279049 0
    outer loop
      vertex 84.3717 -34.9738 -10
      vertex 84.0211 -36.1803 10
      vertex 84.0211 -36.1803 -10
    endloop
  endfacet
  facet normal 0.975932 -0.218076 0
    outer loop
      vertex 84.3717 -34.9738 10
      vertex 84.6457 -33.7476 -10
      vertex 84.6457 -33.7476 10
    endloop
  endfacet
  facet normal 0.975932 -0.218076 0
    outer loop
      vertex 84.6457 -33.7476 -10
      vertex 84.3717 -34.9738 10
      vertex 84.3717 -34.9738 -10
    endloop
  endfacet
  facet normal 0.338725 -0.940885 0
    outer loop
      vertex 71.1803 -49.0211 -10
      vertex 72.3625 -48.5955 10
      vertex 71.1803 -49.0211 10
    endloop
  endfacet
  facet normal 0.338725 -0.940885 0
    outer loop
      vertex 72.3625 -48.5955 10
      vertex 71.1803 -49.0211 -10
      vertex 72.3625 -48.5955 -10
    endloop
  endfacet
  facet normal 0.860755 -0.509019 0
    outer loop
      vertex 81.8866 -40.7165 10
      vertex 82.5261 -39.6351 -10
      vertex 82.5261 -39.6351 10
    endloop
  endfacet
  facet normal 0.860755 -0.509019 0
    outer loop
      vertex 82.5261 -39.6351 -10
      vertex 81.8866 -40.7165 10
      vertex 81.8866 -40.7165 -10
    endloop
  endfacet
  facet normal 0.827058 -0.562116 0
    outer loop
      vertex 81.1803 -41.7557 10
      vertex 81.8866 -40.7165 -10
      vertex 81.8866 -40.7165 10
    endloop
  endfacet
  facet normal 0.827058 -0.562116 0
    outer loop
      vertex 81.8866 -40.7165 -10
      vertex 81.1803 -41.7557 10
      vertex 81.1803 -41.7557 -10
    endloop
  endfacet
  facet normal 0.995565 -0.0940729 0
    outer loop
      vertex 84.8423 -32.5067 10
      vertex 84.9605 -31.2558 -10
      vertex 84.9605 -31.2558 10
    endloop
  endfacet
  facet normal 0.995565 -0.0940729 0
    outer loop
      vertex 84.9605 -31.2558 -10
      vertex 84.8423 -32.5067 10
      vertex 84.8423 -32.5067 -10
    endloop
  endfacet
  facet normal 0.987681 -0.156482 0
    outer loop
      vertex 84.6457 -33.7476 10
      vertex 84.8423 -32.5067 -10
      vertex 84.8423 -32.5067 10
    endloop
  endfacet
  facet normal 0.987681 -0.156482 0
    outer loop
      vertex 84.8423 -32.5067 -10
      vertex 84.6457 -33.7476 10
      vertex 84.6457 -33.7476 -10
    endloop
  endfacet
  facet normal 0.750086 -0.66134 0
    outer loop
      vertex 79.5794 -43.6909 10
      vertex 80.4103 -42.7485 -10
      vertex 80.4103 -42.7485 10
    endloop
  endfacet
  facet normal 0.750086 -0.66134 0
    outer loop
      vertex 80.4103 -42.7485 -10
      vertex 79.5794 -43.6909 10
      vertex 79.5794 -43.6909 -10
    endloop
  endfacet
  facet normal 0.562116 -0.827058 0
    outer loop
      vertex 75.7165 -46.8866 -10
      vertex 76.7557 -46.1803 10
      vertex 75.7165 -46.8866 10
    endloop
  endfacet
  facet normal 0.562116 -0.827058 0
    outer loop
      vertex 76.7557 -46.1803 10
      vertex 75.7165 -46.8866 -10
      vertex 76.7557 -46.1803 -10
    endloop
  endfacet
  facet normal 0.156482 -0.987681 0
    outer loop
      vertex 67.5067 -49.8423 -10
      vertex 68.7476 -49.6457 10
      vertex 67.5067 -49.8423 10
    endloop
  endfacet
  facet normal 0.156482 -0.987681 0
    outer loop
      vertex 68.7476 -49.6457 10
      vertex 67.5067 -49.8423 -10
      vertex 68.7476 -49.6457 -10
    endloop
  endfacet
  facet normal 0.509019 -0.860755 0
    outer loop
      vertex 74.6351 -47.5261 -10
      vertex 75.7165 -46.8866 10
      vertex 74.6351 -47.5261 10
    endloop
  endfacet
  facet normal 0.509019 -0.860755 0
    outer loop
      vertex 75.7165 -46.8866 10
      vertex 74.6351 -47.5261 -10
      vertex 75.7165 -46.8866 -10
    endloop
  endfacet
  facet normal 0.61286 -0.790191 0
    outer loop
      vertex 76.7557 -46.1803 -10
      vertex 77.7485 -45.4103 10
      vertex 76.7557 -46.1803 10
    endloop
  endfacet
  facet normal 0.61286 -0.790191 0
    outer loop
      vertex 77.7485 -45.4103 10
      vertex 76.7557 -46.1803 -10
      vertex 77.7485 -45.4103 -10
    endloop
  endfacet
  facet normal 0.917752 -0.397154 0
    outer loop
      vertex 83.0965 -38.5156 10
      vertex 83.5955 -37.3625 -10
      vertex 83.5955 -37.3625 10
    endloop
  endfacet
  facet normal 0.917752 -0.397154 0
    outer loop
      vertex 83.5955 -37.3625 -10
      vertex 83.0965 -38.5156 10
      vertex 83.0965 -38.5156 -10
    endloop
  endfacet
  facet normal 0.995565 0.0940729 0
    outer loop
      vertex 84.9605 31.2558 10
      vertex 84.8423 32.5067 -10
      vertex 84.8423 32.5067 10
    endloop
  endfacet
  facet normal 0.995565 0.0940729 0
    outer loop
      vertex 84.8423 32.5067 -10
      vertex 84.9605 31.2558 10
      vertex 84.9605 31.2558 -10
    endloop
  endfacet
  facet normal 0.999506 0.0314385 0
    outer loop
      vertex 85 30 10
      vertex 84.9605 31.2558 -10
      vertex 84.9605 31.2558 10
    endloop
  endfacet
  facet normal 0.999506 0.0314385 0
    outer loop
      vertex 84.9605 31.2558 -10
      vertex 85 30 10
      vertex 85 30 -10
    endloop
  endfacet
  facet normal 0.156482 0.987681 -0
    outer loop
      vertex 68.7476 49.6457 -10
      vertex 67.5067 49.8423 10
      vertex 68.7476 49.6457 10
    endloop
  endfacet
  facet normal 0.156482 0.987681 0
    outer loop
      vertex 67.5067 49.8423 10
      vertex 68.7476 49.6457 -10
      vertex 67.5067 49.8423 -10
    endloop
  endfacet
  facet normal 0.960277 0.279049 0
    outer loop
      vertex 84.3717 34.9738 10
      vertex 84.0211 36.1803 -10
      vertex 84.0211 36.1803 10
    endloop
  endfacet
  facet normal 0.960277 0.279049 0
    outer loop
      vertex 84.0211 36.1803 -10
      vertex 84.3717 34.9738 10
      vertex 84.3717 34.9738 -10
    endloop
  endfacet
  facet normal 0.562116 0.827058 -0
    outer loop
      vertex 76.7557 46.1803 -10
      vertex 75.7165 46.8866 10
      vertex 76.7557 46.1803 10
    endloop
  endfacet
  facet normal 0.562116 0.827058 0
    outer loop
      vertex 75.7165 46.8866 10
      vertex 76.7557 46.1803 -10
      vertex 75.7165 46.8866 -10
    endloop
  endfacet
  facet normal 0.860755 0.509019 0
    outer loop
      vertex 82.5261 39.6351 10
      vertex 81.8866 40.7165 -10
      vertex 81.8866 40.7165 10
    endloop
  endfacet
  facet normal 0.860755 0.509019 0
    outer loop
      vertex 81.8866 40.7165 -10
      vertex 82.5261 39.6351 10
      vertex 82.5261 39.6351 -10
    endloop
  endfacet
  facet normal 0.61286 0.790191 -0
    outer loop
      vertex 77.7485 45.4103 -10
      vertex 76.7557 46.1803 10
      vertex 77.7485 45.4103 10
    endloop
  endfacet
  facet normal 0.61286 0.790191 0
    outer loop
      vertex 76.7557 46.1803 10
      vertex 77.7485 45.4103 -10
      vertex 76.7557 46.1803 -10
    endloop
  endfacet
  facet normal 0.509019 0.860755 -0
    outer loop
      vertex 75.7165 46.8866 -10
      vertex 74.6351 47.5261 10
      vertex 75.7165 46.8866 10
    endloop
  endfacet
  facet normal 0.509019 0.860755 0
    outer loop
      vertex 74.6351 47.5261 10
      vertex 75.7165 46.8866 -10
      vertex 74.6351 47.5261 -10
    endloop
  endfacet
  facet normal 0.707107 0.707107 -0
    outer loop
      vertex 79.5794 43.6909 -10
      vertex 78.6909 44.5794 10
      vertex 79.5794 43.6909 10
    endloop
  endfacet
  facet normal 0.707107 0.707107 0
    outer loop
      vertex 78.6909 44.5794 10
      vertex 79.5794 43.6909 -10
      vertex 78.6909 44.5794 -10
    endloop
  endfacet
  facet normal 0.750086 0.66134 0
    outer loop
      vertex 80.4103 42.7485 10
      vertex 79.5794 43.6909 -10
      vertex 79.5794 43.6909 10
    endloop
  endfacet
  facet normal 0.750086 0.66134 0
    outer loop
      vertex 79.5794 43.6909 -10
      vertex 80.4103 42.7485 10
      vertex 80.4103 42.7485 -10
    endloop
  endfacet
  facet normal 0.917752 0.397154 0
    outer loop
      vertex 83.5955 37.3625 10
      vertex 83.0965 38.5156 -10
      vertex 83.0965 38.5156 10
    endloop
  endfacet
  facet normal 0.917752 0.397154 0
    outer loop
      vertex 83.0965 38.5156 -10
      vertex 83.5955 37.3625 10
      vertex 83.5955 37.3625 -10
    endloop
  endfacet
  facet normal 0.891011 0.453982 0
    outer loop
      vertex 83.0965 38.5156 10
      vertex 82.5261 39.6351 -10
      vertex 82.5261 39.6351 10
    endloop
  endfacet
  facet normal 0.891011 0.453982 0
    outer loop
      vertex 82.5261 39.6351 -10
      vertex 83.0965 38.5156 10
      vertex 83.0965 38.5156 -10
    endloop
  endfacet
  facet normal 0.0940729 0.995565 -0
    outer loop
      vertex 67.5067 49.8423 -10
      vertex 66.2558 49.9605 10
      vertex 67.5067 49.8423 10
    endloop
  endfacet
  facet normal 0.0940729 0.995565 0
    outer loop
      vertex 66.2558 49.9605 10
      vertex 67.5067 49.8423 -10
      vertex 66.2558 49.9605 -10
    endloop
  endfacet
  facet normal 0.453982 0.891011 -0
    outer loop
      vertex 74.6351 47.5261 -10
      vertex 73.5156 48.0965 10
      vertex 74.6351 47.5261 10
    endloop
  endfacet
  facet normal 0.453982 0.891011 0
    outer loop
      vertex 73.5156 48.0965 10
      vertex 74.6351 47.5261 -10
      vertex 73.5156 48.0965 -10
    endloop
  endfacet
  facet normal 0.66134 0.750086 -0
    outer loop
      vertex 78.6909 44.5794 -10
      vertex 77.7485 45.4103 10
      vertex 78.6909 44.5794 10
    endloop
  endfacet
  facet normal 0.66134 0.750086 0
    outer loop
      vertex 77.7485 45.4103 10
      vertex 78.6909 44.5794 -10
      vertex 77.7485 45.4103 -10
    endloop
  endfacet
  facet normal 0.218076 0.975932 -0
    outer loop
      vertex 69.9738 49.3717 -10
      vertex 68.7476 49.6457 10
      vertex 69.9738 49.3717 10
    endloop
  endfacet
  facet normal 0.218076 0.975932 0
    outer loop
      vertex 68.7476 49.6457 10
      vertex 69.9738 49.3717 -10
      vertex 68.7476 49.6457 -10
    endloop
  endfacet
  facet normal 0.790191 0.61286 0
    outer loop
      vertex 81.1803 41.7557 10
      vertex 80.4103 42.7485 -10
      vertex 80.4103 42.7485 10
    endloop
  endfacet
  facet normal 0.790191 0.61286 0
    outer loop
      vertex 80.4103 42.7485 -10
      vertex 81.1803 41.7557 10
      vertex 81.1803 41.7557 -10
    endloop
  endfacet
  facet normal 0.827058 0.562116 0
    outer loop
      vertex 81.8866 40.7165 10
      vertex 81.1803 41.7557 -10
      vertex 81.1803 41.7557 10
    endloop
  endfacet
  facet normal 0.827058 0.562116 0
    outer loop
      vertex 81.1803 41.7557 -10
      vertex 81.8866 40.7165 10
      vertex 81.8866 40.7165 -10
    endloop
  endfacet
  facet normal 0.397154 0.917752 -0
    outer loop
      vertex 73.5156 48.0965 -10
      vertex 72.3625 48.5955 10
      vertex 73.5156 48.0965 10
    endloop
  endfacet
  facet normal 0.397154 0.917752 0
    outer loop
      vertex 72.3625 48.5955 10
      vertex 73.5156 48.0965 -10
      vertex 72.3625 48.5955 -10
    endloop
  endfacet
  facet normal 0.975932 0.218076 0
    outer loop
      vertex 84.6457 33.7476 10
      vertex 84.3717 34.9738 -10
      vertex 84.3717 34.9738 10
    endloop
  endfacet
  facet normal 0.975932 0.218076 0
    outer loop
      vertex 84.3717 34.9738 -10
      vertex 84.6457 33.7476 10
      vertex 84.6457 33.7476 -10
    endloop
  endfacet
  facet normal 0.940885 0.338725 0
    outer loop
      vertex 84.0211 36.1803 10
      vertex 83.5955 37.3625 -10
      vertex 83.5955 37.3625 10
    endloop
  endfacet
  facet normal 0.940885 0.338725 0
    outer loop
      vertex 83.5955 37.3625 -10
      vertex 84.0211 36.1803 10
      vertex 84.0211 36.1803 -10
    endloop
  endfacet
  facet normal 0.987681 0.156482 0
    outer loop
      vertex 84.8423 32.5067 10
      vertex 84.6457 33.7476 -10
      vertex 84.6457 33.7476 10
    endloop
  endfacet
  facet normal 0.987681 0.156482 0
    outer loop
      vertex 84.6457 33.7476 -10
      vertex 84.8423 32.5067 10
      vertex 84.8423 32.5067 -10
    endloop
  endfacet
  facet normal 0.0314385 0.999506 -0
    outer loop
      vertex 66.2558 49.9605 -10
      vertex 65 50 10
      vertex 66.2558 49.9605 10
    endloop
  endfacet
  facet normal 0.0314385 0.999506 0
    outer loop
      vertex 65 50 10
      vertex 66.2558 49.9605 -10
      vertex 65 50 -10
    endloop
  endfacet
  facet normal 0.279049 0.960277 -0
    outer loop
      vertex 71.1803 49.0211 -10
      vertex 69.9738 49.3717 10
      vertex 71.1803 49.0211 10
    endloop
  endfacet
  facet normal 0.279049 0.960277 0
    outer loop
      vertex 69.9738 49.3717 10
      vertex 71.1803 49.0211 -10
      vertex 69.9738 49.3717 -10
    endloop
  endfacet
  facet normal 0.338725 0.940885 -0
    outer loop
      vertex 72.3625 48.5955 -10
      vertex 71.1803 49.0211 10
      vertex 72.3625 48.5955 10
    endloop
  endfacet
  facet normal 0.338725 0.940885 0
    outer loop
      vertex 71.1803 49.0211 10
      vertex 72.3625 48.5955 -10
      vertex 71.1803 49.0211 -10
    endloop
  endfacet
  facet normal -0.995565 -0.0940767 0
    outer loop
      vertex -55.0395 1.25581 -10
      vertex -55.1577 2.50666 10
      vertex -55.1577 2.50666 -10
    endloop
  endfacet
  facet normal -0.995565 -0.0940767 0
    outer loop
      vertex -55.1577 2.50666 10
      vertex -55.0395 1.25581 -10
      vertex -55.0395 1.25581 10
    endloop
  endfacet
  facet normal -0.999506 -0.0314383 0
    outer loop
      vertex -55 0 -10
      vertex -55.0395 1.25581 10
      vertex -55.0395 1.25581 -10
    endloop
  endfacet
  facet normal -0.999506 -0.0314383 0
    outer loop
      vertex -55.0395 1.25581 10
      vertex -55 0 -10
      vertex -55 0 10
    endloop
  endfacet
  facet normal -0.940881 0.338738 0
    outer loop
      vertex -56.4045 -7.36249 -10
      vertex -55.9789 -6.18034 10
      vertex -55.9789 -6.18034 -10
    endloop
  endfacet
  facet normal -0.940881 0.338738 0
    outer loop
      vertex -55.9789 -6.18034 10
      vertex -56.4045 -7.36249 -10
      vertex -56.4045 -7.36249 10
    endloop
  endfacet
  facet normal -0.338725 0.940885 0
    outer loop
      vertex -67.6375 -18.5955 -10
      vertex -68.8197 -19.0211 10
      vertex -67.6375 -18.5955 10
    endloop
  endfacet
  facet normal -0.338725 0.940885 0
    outer loop
      vertex -68.8197 -19.0211 10
      vertex -67.6375 -18.5955 -10
      vertex -68.8197 -19.0211 -10
    endloop
  endfacet
  facet normal -0.397154 -0.917752 0
    outer loop
      vertex -67.6375 18.5955 -10
      vertex -66.4844 18.0965 10
      vertex -67.6375 18.5955 10
    endloop
  endfacet
  facet normal -0.397154 -0.917752 -0
    outer loop
      vertex -66.4844 18.0965 10
      vertex -67.6375 18.5955 -10
      vertex -66.4844 18.0965 -10
    endloop
  endfacet
  facet normal -0.61286 0.790191 0
    outer loop
      vertex -62.2515 -15.4103 -10
      vertex -63.2443 -16.1803 10
      vertex -62.2515 -15.4103 10
    endloop
  endfacet
  facet normal -0.61286 0.790191 0
    outer loop
      vertex -63.2443 -16.1803 10
      vertex -62.2515 -15.4103 -10
      vertex -63.2443 -16.1803 -10
    endloop
  endfacet
  facet normal -0.975931 0.218081 0
    outer loop
      vertex -55.6283 -4.9738 -10
      vertex -55.3543 -3.74763 10
      vertex -55.3543 -3.74763 -10
    endloop
  endfacet
  facet normal -0.975931 0.218081 0
    outer loop
      vertex -55.3543 -3.74763 10
      vertex -55.6283 -4.9738 -10
      vertex -55.6283 -4.9738 10
    endloop
  endfacet
  facet normal -0.860762 0.509008 0
    outer loop
      vertex -58.1134 -10.7165 -10
      vertex -57.4739 -9.63507 10
      vertex -57.4739 -9.63507 -10
    endloop
  endfacet
  facet normal -0.860762 0.509008 0
    outer loop
      vertex -57.4739 -9.63507 10
      vertex -58.1134 -10.7165 -10
      vertex -58.1134 -10.7165 10
    endloop
  endfacet
  facet normal -0.0314385 0.999506 0
    outer loop
      vertex -73.7442 -19.9605 -10
      vertex -75 -20 10
      vertex -73.7442 -19.9605 10
    endloop
  endfacet
  facet normal -0.0314385 0.999506 0
    outer loop
      vertex -75 -20 10
      vertex -73.7442 -19.9605 -10
      vertex -75 -20 -10
    endloop
  endfacet
  facet normal 0.218076 -0.975932 0
    outer loop
      vertex -79.9738 19.3717 -10
      vertex -78.7476 19.6457 10
      vertex -79.9738 19.3717 10
    endloop
  endfacet
  facet normal 0.218076 -0.975932 0
    outer loop
      vertex -78.7476 19.6457 10
      vertex -79.9738 19.3717 -10
      vertex -78.7476 19.6457 -10
    endloop
  endfacet
  facet normal 0.397154 0.917752 -0
    outer loop
      vertex -82.3625 -18.5955 -10
      vertex -83.5156 -18.0965 10
      vertex -82.3625 -18.5955 10
    endloop
  endfacet
  facet normal 0.397154 0.917752 0
    outer loop
      vertex -83.5156 -18.0965 10
      vertex -82.3625 -18.5955 -10
      vertex -83.5156 -18.0965 -10
    endloop
  endfacet
  facet normal -0.156482 0.987681 0
    outer loop
      vertex -71.2524 -19.6457 -10
      vertex -72.4933 -19.8423 10
      vertex -71.2524 -19.6457 10
    endloop
  endfacet
  facet normal -0.156482 0.987681 0
    outer loop
      vertex -72.4933 -19.8423 10
      vertex -71.2524 -19.6457 -10
      vertex -72.4933 -19.8423 -10
    endloop
  endfacet
  facet normal -0.790191 0.61286 0
    outer loop
      vertex -59.5897 -12.7485 -10
      vertex -58.8197 -11.7557 10
      vertex -58.8197 -11.7557 -10
    endloop
  endfacet
  facet normal -0.790191 0.61286 0
    outer loop
      vertex -58.8197 -11.7557 10
      vertex -59.5897 -12.7485 -10
      vertex -59.5897 -12.7485 10
    endloop
  endfacet
  facet normal 0.0314385 0.999506 -0
    outer loop
      vertex -75 -20 -10
      vertex -76.2558 -19.9605 10
      vertex -75 -20 10
    endloop
  endfacet
  facet normal 0.0314385 0.999506 0
    outer loop
      vertex -76.2558 -19.9605 10
      vertex -75 -20 -10
      vertex -76.2558 -19.9605 -10
    endloop
  endfacet
  facet normal -0.960279 0.279041 0
    outer loop
      vertex -55.9789 -6.18034 -10
      vertex -55.6283 -4.9738 10
      vertex -55.6283 -4.9738 -10
    endloop
  endfacet
  facet normal -0.960279 0.279041 0
    outer loop
      vertex -55.6283 -4.9738 10
      vertex -55.9789 -6.18034 -10
      vertex -55.9789 -6.18034 10
    endloop
  endfacet
  facet normal -0.999506 0.0314383 0
    outer loop
      vertex -55.0395 -1.25581 -10
      vertex -55 0 10
      vertex -55 0 -10
    endloop
  endfacet
  facet normal -0.999506 0.0314383 0
    outer loop
      vertex -55 0 10
      vertex -55.0395 -1.25581 -10
      vertex -55.0395 -1.25581 10
    endloop
  endfacet
  facet normal -0.562116 -0.827058 0
    outer loop
      vertex -64.2835 16.8866 -10
      vertex -63.2443 16.1803 10
      vertex -64.2835 16.8866 10
    endloop
  endfacet
  facet normal -0.562116 -0.827058 -0
    outer loop
      vertex -63.2443 16.1803 10
      vertex -64.2835 16.8866 -10
      vertex -63.2443 16.1803 -10
    endloop
  endfacet
  facet normal -0.509019 0.860755 0
    outer loop
      vertex -64.2835 -16.8866 -10
      vertex -65.3649 -17.5261 10
      vertex -64.2835 -16.8866 10
    endloop
  endfacet
  facet normal -0.509019 0.860755 0
    outer loop
      vertex -65.3649 -17.5261 10
      vertex -64.2835 -16.8866 -10
      vertex -65.3649 -17.5261 -10
    endloop
  endfacet
  facet normal -0.66134 -0.750086 0
    outer loop
      vertex -62.2515 15.4103 -10
      vertex -61.3091 14.5794 10
      vertex -62.2515 15.4103 10
    endloop
  endfacet
  facet normal -0.66134 -0.750086 -0
    outer loop
      vertex -61.3091 14.5794 10
      vertex -62.2515 15.4103 -10
      vertex -61.3091 14.5794 -10
    endloop
  endfacet
  facet normal -0.860762 -0.509008 0
    outer loop
      vertex -57.4739 9.63507 -10
      vertex -58.1134 10.7165 10
      vertex -58.1134 10.7165 -10
    endloop
  endfacet
  facet normal -0.860762 -0.509008 0
    outer loop
      vertex -58.1134 10.7165 10
      vertex -57.4739 9.63507 -10
      vertex -57.4739 9.63507 10
    endloop
  endfacet
  facet normal -0.509019 -0.860755 0
    outer loop
      vertex -65.3649 17.5261 -10
      vertex -64.2835 16.8866 10
      vertex -65.3649 17.5261 10
    endloop
  endfacet
  facet normal -0.509019 -0.860755 -0
    outer loop
      vertex -64.2835 16.8866 10
      vertex -65.3649 17.5261 -10
      vertex -64.2835 16.8866 -10
    endloop
  endfacet
  facet normal -0.279049 -0.960277 0
    outer loop
      vertex -70.0262 19.3717 -10
      vertex -68.8197 19.0211 10
      vertex -70.0262 19.3717 10
    endloop
  endfacet
  facet normal -0.279049 -0.960277 -0
    outer loop
      vertex -68.8197 19.0211 10
      vertex -70.0262 19.3717 -10
      vertex -68.8197 19.0211 -10
    endloop
  endfacet
  facet normal -0.790191 -0.61286 0
    outer loop
      vertex -58.8197 11.7557 -10
      vertex -59.5897 12.7485 10
      vertex -59.5897 12.7485 -10
    endloop
  endfacet
  facet normal -0.790191 -0.61286 0
    outer loop
      vertex -59.5897 12.7485 10
      vertex -58.8197 11.7557 -10
      vertex -58.8197 11.7557 10
    endloop
  endfacet
  facet normal 0.279049 0.960277 -0
    outer loop
      vertex -79.9738 -19.3717 -10
      vertex -81.1803 -19.0211 10
      vertex -79.9738 -19.3717 10
    endloop
  endfacet
  facet normal 0.279049 0.960277 0
    outer loop
      vertex -81.1803 -19.0211 10
      vertex -79.9738 -19.3717 -10
      vertex -81.1803 -19.0211 -10
    endloop
  endfacet
  facet normal -0.562116 0.827058 0
    outer loop
      vertex -63.2443 -16.1803 -10
      vertex -64.2835 -16.8866 10
      vertex -63.2443 -16.1803 10
    endloop
  endfacet
  facet normal -0.562116 0.827058 0
    outer loop
      vertex -64.2835 -16.8866 10
      vertex -63.2443 -16.1803 -10
      vertex -64.2835 -16.8866 -10
    endloop
  endfacet
  facet normal -0.279049 0.960277 0
    outer loop
      vertex -68.8197 -19.0211 -10
      vertex -70.0262 -19.3717 10
      vertex -68.8197 -19.0211 10
    endloop
  endfacet
  facet normal -0.279049 0.960277 0
    outer loop
      vertex -70.0262 -19.3717 10
      vertex -68.8197 -19.0211 -10
      vertex -70.0262 -19.3717 -10
    endloop
  endfacet
  facet normal 0.0940729 0.995565 -0
    outer loop
      vertex -76.2558 -19.9605 -10
      vertex -77.5067 -19.8423 10
      vertex -76.2558 -19.9605 10
    endloop
  endfacet
  facet normal 0.0940729 0.995565 0
    outer loop
      vertex -77.5067 -19.8423 10
      vertex -76.2558 -19.9605 -10
      vertex -77.5067 -19.8423 -10
    endloop
  endfacet
  facet normal 0.279049 -0.960277 0
    outer loop
      vertex -81.1803 19.0211 -10
      vertex -79.9738 19.3717 10
      vertex -81.1803 19.0211 10
    endloop
  endfacet
  facet normal 0.279049 -0.960277 0
    outer loop
      vertex -79.9738 19.3717 10
      vertex -81.1803 19.0211 -10
      vertex -79.9738 19.3717 -10
    endloop
  endfacet
  facet normal 0.0314385 -0.999506 0
    outer loop
      vertex -76.2558 19.9605 -10
      vertex -75 20 10
      vertex -76.2558 19.9605 10
    endloop
  endfacet
  facet normal 0.0314385 -0.999506 0
    outer loop
      vertex -75 20 10
      vertex -76.2558 19.9605 -10
      vertex -75 20 -10
    endloop
  endfacet
  facet normal -0.707107 0.707107 0
    outer loop
      vertex -60.4206 -13.6909 -10
      vertex -61.3091 -14.5794 10
      vertex -60.4206 -13.6909 10
    endloop
  endfacet
  facet normal -0.707107 0.707107 0
    outer loop
      vertex -61.3091 -14.5794 10
      vertex -60.4206 -13.6909 -10
      vertex -61.3091 -14.5794 -10
    endloop
  endfacet
  facet normal -0.0314385 -0.999506 0
    outer loop
      vertex -75 20 -10
      vertex -73.7442 19.9605 10
      vertex -75 20 10
    endloop
  endfacet
  facet normal -0.0314385 -0.999506 -0
    outer loop
      vertex -73.7442 19.9605 10
      vertex -75 20 -10
      vertex -73.7442 19.9605 -10
    endloop
  endfacet
  facet normal -0.827058 0.562116 0
    outer loop
      vertex -58.8197 -11.7557 -10
      vertex -58.1134 -10.7165 10
      vertex -58.1134 -10.7165 -10
    endloop
  endfacet
  facet normal -0.827058 0.562116 0
    outer loop
      vertex -58.1134 -10.7165 10
      vertex -58.8197 -11.7557 -10
      vertex -58.8197 -11.7557 10
    endloop
  endfacet
  facet normal 0.156482 0.987681 -0
    outer loop
      vertex -77.5067 -19.8423 -10
      vertex -78.7476 -19.6457 10
      vertex -77.5067 -19.8423 10
    endloop
  endfacet
  facet normal 0.156482 0.987681 0
    outer loop
      vertex -78.7476 -19.6457 10
      vertex -77.5067 -19.8423 -10
      vertex -78.7476 -19.6457 -10
    endloop
  endfacet
  facet normal -0.156482 -0.987681 0
    outer loop
      vertex -72.4933 19.8423 -10
      vertex -71.2524 19.6457 10
      vertex -72.4933 19.8423 10
    endloop
  endfacet
  facet normal -0.156482 -0.987681 -0
    outer loop
      vertex -71.2524 19.6457 10
      vertex -72.4933 19.8423 -10
      vertex -71.2524 19.6457 -10
    endloop
  endfacet
  facet normal -0.66134 0.750086 0
    outer loop
      vertex -61.3091 -14.5794 -10
      vertex -62.2515 -15.4103 10
      vertex -61.3091 -14.5794 10
    endloop
  endfacet
  facet normal -0.66134 0.750086 0
    outer loop
      vertex -62.2515 -15.4103 10
      vertex -61.3091 -14.5794 -10
      vertex -62.2515 -15.4103 -10
    endloop
  endfacet
  facet normal -0.453982 -0.891011 0
    outer loop
      vertex -66.4844 18.0965 -10
      vertex -65.3649 17.5261 10
      vertex -66.4844 18.0965 10
    endloop
  endfacet
  facet normal -0.453982 -0.891011 -0
    outer loop
      vertex -65.3649 17.5261 10
      vertex -66.4844 18.0965 -10
      vertex -65.3649 17.5261 -10
    endloop
  endfacet
  facet normal -0.995565 0.0940767 0
    outer loop
      vertex -55.1577 -2.50666 -10
      vertex -55.0395 -1.25581 10
      vertex -55.0395 -1.25581 -10
    endloop
  endfacet
  facet normal -0.995565 0.0940767 0
    outer loop
      vertex -55.0395 -1.25581 10
      vertex -55.1577 -2.50666 -10
      vertex -55.1577 -2.50666 10
    endloop
  endfacet
  facet normal -0.975931 -0.218081 0
    outer loop
      vertex -55.3543 3.74763 -10
      vertex -55.6283 4.9738 10
      vertex -55.6283 4.9738 -10
    endloop
  endfacet
  facet normal -0.975931 -0.218081 0
    outer loop
      vertex -55.6283 4.9738 10
      vertex -55.3543 3.74763 -10
      vertex -55.3543 3.74763 10
    endloop
  endfacet
  facet normal -0.917751 -0.397157 0
    outer loop
      vertex -56.4045 7.36249 -10
      vertex -56.9035 8.51558 10
      vertex -56.9035 8.51558 -10
    endloop
  endfacet
  facet normal -0.917751 -0.397157 0
    outer loop
      vertex -56.9035 8.51558 10
      vertex -56.4045 7.36249 -10
      vertex -56.4045 7.36249 10
    endloop
  endfacet
  facet normal -0.891009 0.453985 0
    outer loop
      vertex -57.4739 -9.63507 -10
      vertex -56.9035 -8.51558 10
      vertex -56.9035 -8.51558 -10
    endloop
  endfacet
  facet normal -0.891009 0.453985 0
    outer loop
      vertex -56.9035 -8.51558 10
      vertex -57.4739 -9.63507 -10
      vertex -57.4739 -9.63507 10
    endloop
  endfacet
  facet normal -0.453982 0.891011 0
    outer loop
      vertex -65.3649 -17.5261 -10
      vertex -66.4844 -18.0965 10
      vertex -65.3649 -17.5261 10
    endloop
  endfacet
  facet normal -0.453982 0.891011 0
    outer loop
      vertex -66.4844 -18.0965 10
      vertex -65.3649 -17.5261 -10
      vertex -66.4844 -18.0965 -10
    endloop
  endfacet
  facet normal -0.891009 -0.453985 0
    outer loop
      vertex -56.9035 8.51558 -10
      vertex -57.4739 9.63507 10
      vertex -57.4739 9.63507 -10
    endloop
  endfacet
  facet normal -0.891009 -0.453985 0
    outer loop
      vertex -57.4739 9.63507 10
      vertex -56.9035 8.51558 -10
      vertex -56.9035 8.51558 10
    endloop
  endfacet
  facet normal -0.960279 -0.279041 0
    outer loop
      vertex -55.6283 4.9738 -10
      vertex -55.9789 6.18034 10
      vertex -55.9789 6.18034 -10
    endloop
  endfacet
  facet normal -0.960279 -0.279041 0
    outer loop
      vertex -55.9789 6.18034 10
      vertex -55.6283 4.9738 -10
      vertex -55.6283 4.9738 10
    endloop
  endfacet
  facet normal 0.156482 -0.987681 0
    outer loop
      vertex -78.7476 19.6457 -10
      vertex -77.5067 19.8423 10
      vertex -78.7476 19.6457 10
    endloop
  endfacet
  facet normal 0.156482 -0.987681 0
    outer loop
      vertex -77.5067 19.8423 10
      vertex -78.7476 19.6457 -10
      vertex -77.5067 19.8423 -10
    endloop
  endfacet
  facet normal -0.397154 0.917752 0
    outer loop
      vertex -66.4844 -18.0965 -10
      vertex -67.6375 -18.5955 10
      vertex -66.4844 -18.0965 10
    endloop
  endfacet
  facet normal -0.397154 0.917752 0
    outer loop
      vertex -67.6375 -18.5955 10
      vertex -66.4844 -18.0965 -10
      vertex -67.6375 -18.5955 -10
    endloop
  endfacet
  facet normal 0.0940729 -0.995565 0
    outer loop
      vertex -77.5067 19.8423 -10
      vertex -76.2558 19.9605 10
      vertex -77.5067 19.8423 10
    endloop
  endfacet
  facet normal 0.0940729 -0.995565 0
    outer loop
      vertex -76.2558 19.9605 10
      vertex -77.5067 19.8423 -10
      vertex -76.2558 19.9605 -10
    endloop
  endfacet
  facet normal 0.509039 0.860743 -0
    outer loop
      vertex -84.6351 -17.5261 -10
      vertex -85 -17.3103 10
      vertex -84.6351 -17.5261 10
    endloop
  endfacet
  facet normal 0.509039 0.860743 0
    outer loop
      vertex -85 -17.3103 10
      vertex -84.6351 -17.5261 -10
      vertex -85 -17.3103 -10
    endloop
  endfacet
  facet normal -0.0940729 0.995565 0
    outer loop
      vertex -72.4933 -19.8423 -10
      vertex -73.7442 -19.9605 10
      vertex -72.4933 -19.8423 10
    endloop
  endfacet
  facet normal -0.0940729 0.995565 0
    outer loop
      vertex -73.7442 -19.9605 10
      vertex -72.4933 -19.8423 -10
      vertex -73.7442 -19.9605 -10
    endloop
  endfacet
  facet normal 0.397154 -0.917752 0
    outer loop
      vertex -83.5156 18.0965 -10
      vertex -82.3625 18.5955 10
      vertex -83.5156 18.0965 10
    endloop
  endfacet
  facet normal 0.397154 -0.917752 0
    outer loop
      vertex -82.3625 18.5955 10
      vertex -83.5156 18.0965 -10
      vertex -82.3625 18.5955 -10
    endloop
  endfacet
  facet normal -0.61286 -0.790191 0
    outer loop
      vertex -63.2443 16.1803 -10
      vertex -62.2515 15.4103 10
      vertex -63.2443 16.1803 10
    endloop
  endfacet
  facet normal -0.61286 -0.790191 -0
    outer loop
      vertex -62.2515 15.4103 10
      vertex -63.2443 16.1803 -10
      vertex -62.2515 15.4103 -10
    endloop
  endfacet
  facet normal -0.0940729 -0.995565 0
    outer loop
      vertex -73.7442 19.9605 -10
      vertex -72.4933 19.8423 10
      vertex -73.7442 19.9605 10
    endloop
  endfacet
  facet normal -0.0940729 -0.995565 -0
    outer loop
      vertex -72.4933 19.8423 10
      vertex -73.7442 19.9605 -10
      vertex -72.4933 19.8423 -10
    endloop
  endfacet
  facet normal -0.750086 0.66134 0
    outer loop
      vertex -60.4206 -13.6909 -10
      vertex -59.5897 -12.7485 10
      vertex -59.5897 -12.7485 -10
    endloop
  endfacet
  facet normal -0.750086 0.66134 0
    outer loop
      vertex -59.5897 -12.7485 10
      vertex -60.4206 -13.6909 -10
      vertex -60.4206 -13.6909 10
    endloop
  endfacet
  facet normal -0.218076 0.975932 0
    outer loop
      vertex -70.0262 -19.3717 -10
      vertex -71.2524 -19.6457 10
      vertex -70.0262 -19.3717 10
    endloop
  endfacet
  facet normal -0.218076 0.975932 0
    outer loop
      vertex -71.2524 -19.6457 10
      vertex -70.0262 -19.3717 -10
      vertex -71.2524 -19.6457 -10
    endloop
  endfacet
  facet normal 0.509039 -0.860743 0
    outer loop
      vertex -85 17.3103 -10
      vertex -84.6351 17.5261 10
      vertex -85 17.3103 10
    endloop
  endfacet
  facet normal 0.509039 -0.860743 0
    outer loop
      vertex -84.6351 17.5261 10
      vertex -85 17.3103 -10
      vertex -84.6351 17.5261 -10
    endloop
  endfacet
  facet normal 0.338725 -0.940885 0
    outer loop
      vertex -82.3625 18.5955 -10
      vertex -81.1803 19.0211 10
      vertex -82.3625 18.5955 10
    endloop
  endfacet
  facet normal 0.338725 -0.940885 0
    outer loop
      vertex -81.1803 19.0211 10
      vertex -82.3625 18.5955 -10
      vertex -81.1803 19.0211 -10
    endloop
  endfacet
  facet normal -0.827058 -0.562116 0
    outer loop
      vertex -58.1134 10.7165 -10
      vertex -58.8197 11.7557 10
      vertex -58.8197 11.7557 -10
    endloop
  endfacet
  facet normal -0.827058 -0.562116 0
    outer loop
      vertex -58.8197 11.7557 10
      vertex -58.1134 10.7165 -10
      vertex -58.1134 10.7165 10
    endloop
  endfacet
  facet normal 0.218076 0.975932 -0
    outer loop
      vertex -78.7476 -19.6457 -10
      vertex -79.9738 -19.3717 10
      vertex -78.7476 -19.6457 10
    endloop
  endfacet
  facet normal 0.218076 0.975932 0
    outer loop
      vertex -79.9738 -19.3717 10
      vertex -78.7476 -19.6457 -10
      vertex -79.9738 -19.3717 -10
    endloop
  endfacet
  facet normal -0.940881 -0.338738 0
    outer loop
      vertex -55.9789 6.18034 -10
      vertex -56.4045 7.36249 10
      vertex -56.4045 7.36249 -10
    endloop
  endfacet
  facet normal -0.940881 -0.338738 0
    outer loop
      vertex -56.4045 7.36249 10
      vertex -55.9789 6.18034 -10
      vertex -55.9789 6.18034 10
    endloop
  endfacet
  facet normal -0.707107 -0.707107 0
    outer loop
      vertex -61.3091 14.5794 -10
      vertex -60.4206 13.6909 10
      vertex -61.3091 14.5794 10
    endloop
  endfacet
  facet normal -0.707107 -0.707107 -0
    outer loop
      vertex -60.4206 13.6909 10
      vertex -61.3091 14.5794 -10
      vertex -60.4206 13.6909 -10
    endloop
  endfacet
  facet normal -0.987682 -0.156473 0
    outer loop
      vertex -55.1577 2.50666 -10
      vertex -55.3543 3.74763 10
      vertex -55.3543 3.74763 -10
    endloop
  endfacet
  facet normal -0.987682 -0.156473 0
    outer loop
      vertex -55.3543 3.74763 10
      vertex -55.1577 2.50666 -10
      vertex -55.1577 2.50666 10
    endloop
  endfacet
  facet normal -0.917751 0.397157 0
    outer loop
      vertex -56.9035 -8.51558 -10
      vertex -56.4045 -7.36249 10
      vertex -56.4045 -7.36249 -10
    endloop
  endfacet
  facet normal -0.917751 0.397157 0
    outer loop
      vertex -56.4045 -7.36249 10
      vertex -56.9035 -8.51558 -10
      vertex -56.9035 -8.51558 10
    endloop
  endfacet
  facet normal -0.218076 -0.975932 0
    outer loop
      vertex -71.2524 19.6457 -10
      vertex -70.0262 19.3717 10
      vertex -71.2524 19.6457 10
    endloop
  endfacet
  facet normal -0.218076 -0.975932 -0
    outer loop
      vertex -70.0262 19.3717 10
      vertex -71.2524 19.6457 -10
      vertex -70.0262 19.3717 -10
    endloop
  endfacet
  facet normal -0.750086 -0.66134 0
    outer loop
      vertex -59.5897 12.7485 -10
      vertex -60.4206 13.6909 10
      vertex -60.4206 13.6909 -10
    endloop
  endfacet
  facet normal -0.750086 -0.66134 0
    outer loop
      vertex -60.4206 13.6909 10
      vertex -59.5897 12.7485 -10
      vertex -59.5897 12.7485 10
    endloop
  endfacet
  facet normal -0.338725 -0.940885 0
    outer loop
      vertex -68.8197 19.0211 -10
      vertex -67.6375 18.5955 10
      vertex -68.8197 19.0211 10
    endloop
  endfacet
  facet normal -0.338725 -0.940885 -0
    outer loop
      vertex -67.6375 18.5955 10
      vertex -68.8197 19.0211 -10
      vertex -67.6375 18.5955 -10
    endloop
  endfacet
  facet normal -0.987682 0.156473 0
    outer loop
      vertex -55.3543 -3.74763 -10
      vertex -55.1577 -2.50666 10
      vertex -55.1577 -2.50666 -10
    endloop
  endfacet
  facet normal -0.987682 0.156473 0
    outer loop
      vertex -55.1577 -2.50666 10
      vertex -55.3543 -3.74763 -10
      vertex -55.3543 -3.74763 10
    endloop
  endfacet
  facet normal 0.338725 0.940885 -0
    outer loop
      vertex -81.1803 -19.0211 -10
      vertex -82.3625 -18.5955 10
      vertex -81.1803 -19.0211 10
    endloop
  endfacet
  facet normal 0.338725 0.940885 0
    outer loop
      vertex -82.3625 -18.5955 10
      vertex -81.1803 -19.0211 -10
      vertex -82.3625 -18.5955 -10
    endloop
  endfacet
  facet normal 0.453982 -0.891011 0
    outer loop
      vertex -84.6351 17.5261 -10
      vertex -83.5156 18.0965 10
      vertex -84.6351 17.5261 10
    endloop
  endfacet
  facet normal 0.453982 -0.891011 0
    outer loop
      vertex -83.5156 18.0965 10
      vertex -84.6351 17.5261 -10
      vertex -83.5156 18.0965 -10
    endloop
  endfacet
  facet normal 0.453982 0.891011 -0
    outer loop
      vertex -83.5156 -18.0965 -10
      vertex -84.6351 -17.5261 10
      vertex -83.5156 -18.0965 10
    endloop
  endfacet
  facet normal 0.453982 0.891011 0
    outer loop
      vertex -84.6351 -17.5261 10
      vertex -83.5156 -18.0965 -10
      vertex -84.6351 -17.5261 -10
    endloop
  endfacet
  facet normal -1 0 0
    outer loop
      vertex -60 45 -10
      vertex -60 50 0
      vertex -60 50 -10
    endloop
  endfacet
  facet normal -1 -0 0
    outer loop
      vertex -60 50 0
      vertex -60 45 -10
      vertex -60 45 0
    endloop
  endfacet
  facet normal 0 0 -1
    outer loop
      vertex -75 45 0
      vertex -60 50 0
      vertex -60 45 0
    endloop
  endfacet
  facet normal -0 0 -1
    outer loop
      vertex -60 50 0
      vertex -75 45 0
      vertex -75 50 0
    endloop
  endfacet
  facet normal 1 -0 0
    outer loop
      vertex -75 45 0
      vertex -75 50 -10
      vertex -75 50 0
    endloop
  endfacet
  facet normal 1 0 0
    outer loop
      vertex -75 50 -10
      vertex -75 45 0
      vertex -75 45 -10
    endloop
  endfacet
  facet normal 0 1 -0
    outer loop
      vertex -60 45 -10
      vertex -75 45 0
      vertex -60 45 0
    endloop
  endfacet
  facet normal 0 1 0
    outer loop
      vertex -75 45 0
      vertex -60 45 -10
      vertex -75 45 -10
    endloop
  endfacet
  facet normal -1 0 0
    outer loop
      vertex 45 45 -10
      vertex 45 50 0
      vertex 45 50 -10
    endloop
  endfacet
  facet normal -1 -0 0
    outer loop
      vertex 45 50 0
      vertex 45 45 -10
      vertex 45 45 0
    endloop
  endfacet
  facet normal 0 0 -1
    outer loop
      vertex 30 45 0
      vertex 45 50 0
      vertex 45 45 0
    endloop
  endfacet
  facet normal -0 0 -1
    outer loop
      vertex 45 50 0
      vertex 30 45 0
      vertex 30 50 0
    endloop
  endfacet
  facet normal 1 -0 0
    outer loop
      vertex 30 45 0
      vertex 30 50 -10
      vertex 30 50 0
    endloop
  endfacet
  facet normal 1 0 0
    outer loop
      vertex 30 50 -10
      vertex 30 45 0
      vertex 30 45 -10
    endloop
  endfacet
  facet normal 0 1 -0
    outer loop
      vertex 45 45 -10
      vertex 30 45 0
      vertex 45 45 0
    endloop
  endfacet
  facet normal 0 1 0
    outer loop
      vertex 30 45 0
      vertex 45 45 -10
      vertex 30 45 -10
    endloop
  endfacet
  facet normal -0 0 1
    outer loop
      vertex 46.3184 14.2875 8.001
      vertex 49.5198 10.3571 8.001
      vertex 49.5198 14.2875 8.001
    endloop
  endfacet
  facet normal 0 0 1
    outer loop
      vertex 49.5198 10.3571 8.001
      vertex 46.3184 14.2875 8.001
      vertex 46.3184 10.3571 8.001
    endloop
  endfacet
  facet normal -0 0 1
    outer loop
      vertex 39.9875 14.2875 8.001
      vertex 43.189 -13.89 8.001
      vertex 43.189 14.2875 8.001
    endloop
  endfacet
  facet normal 0 0 1
    outer loop
      vertex 43.189 -13.89 8.001
      vertex 39.9875 14.2875 8.001
      vertex 39.9875 -13.89 8.001
    endloop
  endfacet
  facet normal -0 0 1
    outer loop
      vertex 26.0687 14.2875 8.001
      vertex 29.2701 6.4265 8.001
      vertex 29.2701 14.2875 8.001
    endloop
  endfacet
  facet normal 0 0 1
    outer loop
      vertex 29.2667 -2.10402 8.001
      vertex 26.0687 -9.20003 8.001
      vertex 29.2244 -3.71257 8.001
    endloop
  endfacet
  facet normal 0 0 1
    outer loop
      vertex 29.2244 -3.71257 8.001
      vertex 26.0687 -9.20003 8.001
      vertex 29.2184 -11.8608 8.001
    endloop
  endfacet
  facet normal -0 0 1
    outer loop
      vertex 26.063 -10.5896 8.001
      vertex 29.2184 -11.8608 8.001
      vertex 26.0687 -9.20003 8.001
    endloop
  endfacet
  facet normal -0 0 1
    outer loop
      vertex 26.0459 -11.8345 8.001
      vertex 29.2184 -11.8608 8.001
      vertex 26.063 -10.5896 8.001
    endloop
  endfacet
  facet normal 0 0 1
    outer loop
      vertex 29.2701 6.4265 8.001
      vertex 26.0687 14.2875 8.001
      vertex 29.2244 3.0847 8.001
    endloop
  endfacet
  facet normal 0 0 1
    outer loop
      vertex 29.2184 -11.8608 8.001
      vertex 26.0459 -11.8345 8.001
      vertex 29.196 -12.4091 8.001
    endloop
  endfacet
  facet normal 0 0 1
    outer loop
      vertex 26.0174 -12.9346 8.001
      vertex 29.196 -12.4091 8.001
      vertex 26.0459 -11.8345 8.001
    endloop
  endfacet
  facet normal 0 0 1
    outer loop
      vertex 29.2244 3.0847 8.001
      vertex 26.0687 14.2875 8.001
      vertex 26.0687 -9.20003 8.001
    endloop
  endfacet
  facet normal 0 0 1
    outer loop
      vertex 29.196 -12.4091 8.001
      vertex 26.0174 -12.9346 8.001
      vertex 29.17 -12.9359 8.001
    endloop
  endfacet
  facet normal 0 0 1
    outer loop
      vertex 29.17 -12.9359 8.001
      vertex 26.0174 -12.9346 8.001
      vertex 29.1433 -13.3584 8.001
    endloop
  endfacet
  facet normal 0 0 1
    outer loop
      vertex 29.1433 -13.3584 8.001
      vertex 26.0174 -12.9346 8.001
      vertex 29.1159 -13.6764 8.001
    endloop
  endfacet
  facet normal 0 0 1
    outer loop
      vertex 25.9776 -13.89 8.001
      vertex 29.1159 -13.6764 8.001
      vertex 26.0174 -12.9346 8.001
    endloop
  endfacet
  facet normal 0 0 1
    outer loop
      vertex 29.1159 -13.6764 8.001
      vertex 25.9776 -13.89 8.001
      vertex 29.0878 -13.89 8.001
    endloop
  endfacet
  facet normal -0 0 1
    outer loop
      vertex 34.3581 -1.90773 8.001
      vertex 37.7346 -3.54176 8.001
      vertex 37.6616 -1.15947 8.001
    endloop
  endfacet
  facet normal -0 0 1
    outer loop
      vertex 34.2428 -0.499161 8.001
      vertex 37.6616 -1.15947 8.001
      vertex 37.4426 0.936812 8.001
    endloop
  endfacet
  facet normal 0 0 1
    outer loop
      vertex 37.7346 -3.54176 8.001
      vertex 34.3581 -1.90773 8.001
      vertex 34.3966 -3.54176 8.001
    endloop
  endfacet
  facet normal 0 0 1
    outer loop
      vertex 34.0505 0.683944 8.001
      vertex 37.4426 0.936812 8.001
      vertex 37.0777 2.74708 8.001
    endloop
  endfacet
  facet normal 0 0 1
    outer loop
      vertex 34.2378 -6.6403 8.001
      vertex 37.658 -5.94432 8.001
      vertex 34.3966 -3.54176 8.001
    endloop
  endfacet
  facet normal 0 0 1
    outer loop
      vertex 33.4318 2.381 8.001
      vertex 37.0777 2.74708 8.001
      vertex 36.5668 4.27135 8.001
    endloop
  endfacet
  facet normal 0 0 1
    outer loop
      vertex 37.658 -5.94432 8.001
      vertex 34.2378 -6.6403 8.001
      vertex 37.4284 -8.06322 8.001
    endloop
  endfacet
  facet normal 0 0 1
    outer loop
      vertex 32.9982 2.90913 8.001
      vertex 36.5668 4.27135 8.001
      vertex 35.9193 5.48006 8.001
    endloop
  endfacet
  facet normal 0 0 1
    outer loop
      vertex 33.7615 -8.8535 8.001
      vertex 37.4284 -8.06322 8.001
      vertex 34.2378 -6.6403 8.001
    endloop
  endfacet
  facet normal 0 0 1
    outer loop
      vertex 32.9982 2.90913 8.001
      vertex 35.9193 5.48006 8.001
      vertex 35.1443 6.34343 8.001
    endloop
  endfacet
  facet normal 0 0 1
    outer loop
      vertex 37.4284 -8.06322 8.001
      vertex 33.7615 -8.8535 8.001
      vertex 37.0457 -9.89848 8.001
    endloop
  endfacet
  facet normal 0 0 1
    outer loop
      vertex 37.0457 -9.89848 8.001
      vertex 33.7615 -8.8535 8.001
      vertex 36.5099 -11.4501 8.001
    endloop
  endfacet
  facet normal 0 0 1
    outer loop
      vertex 37.7346 -3.54176 8.001
      vertex 34.3966 -3.54176 8.001
      vertex 37.658 -5.94432 8.001
    endloop
  endfacet
  facet normal 0 0 1
    outer loop
      vertex 37.6616 -1.15947 8.001
      vertex 34.2428 -0.499161 8.001
      vertex 34.3581 -1.90773 8.001
    endloop
  endfacet
  facet normal 0 0 1
    outer loop
      vertex 32.4805 3.22603 8.001
      vertex 35.1443 6.34343 8.001
      vertex 34.2418 6.86143 8.001
    endloop
  endfacet
  facet normal 0 0 1
    outer loop
      vertex 37.4426 0.936812 8.001
      vertex 34.0505 0.683944 8.001
      vertex 34.2428 -0.499161 8.001
    endloop
  endfacet
  facet normal 0 0 1
    outer loop
      vertex 37.0777 2.74708 8.001
      vertex 33.7814 1.64159 8.001
      vertex 34.0505 0.683944 8.001
    endloop
  endfacet
  facet normal 0 0 1
    outer loop
      vertex 37.0777 2.74708 8.001
      vertex 33.4318 2.381 8.001
      vertex 33.7814 1.64159 8.001
    endloop
  endfacet
  facet normal 0 0 1
    outer loop
      vertex 32.4805 3.22603 8.001
      vertex 34.2418 6.86143 8.001
      vertex 33.2118 7.0341 8.001
    endloop
  endfacet
  facet normal 0 0 1
    outer loop
      vertex 36.5668 4.27135 8.001
      vertex 32.9982 2.90913 8.001
      vertex 33.4318 2.381 8.001
    endloop
  endfacet
  facet normal 0 0 1
    outer loop
      vertex 35.1443 6.34343 8.001
      vertex 32.4805 3.22603 8.001
      vertex 32.9982 2.90913 8.001
    endloop
  endfacet
  facet normal -0 0 1
    outer loop
      vertex 31.8932 6.78728 8.001
      vertex 32.4805 3.22603 8.001
      vertex 33.2118 7.0341 8.001
    endloop
  endfacet
  facet normal 0 0 1
    outer loop
      vertex 31.8932 6.78728 8.001
      vertex 31.8789 3.33168 8.001
      vertex 32.4805 3.22603 8.001
    endloop
  endfacet
  facet normal -0 0 1
    outer loop
      vertex 30.7966 6.04677 8.001
      vertex 31.8789 3.33168 8.001
      vertex 31.8932 6.78728 8.001
    endloop
  endfacet
  facet normal -0 0 1
    outer loop
      vertex 29.9223 4.81258 8.001
      vertex 31.8789 3.33168 8.001
      vertex 30.7966 6.04677 8.001
    endloop
  endfacet
  facet normal 0 0 1
    outer loop
      vertex 31.8789 3.33168 8.001
      vertex 29.9223 4.81258 8.001
      vertex 31.2683 3.21834 8.001
    endloop
  endfacet
  facet normal 0 0 1
    outer loop
      vertex 31.2683 3.21834 8.001
      vertex 29.9223 4.81258 8.001
      vertex 30.7354 2.87834 8.001
    endloop
  endfacet
  facet normal -0 0 1
    outer loop
      vertex 29.2701 3.0847 8.001
      vertex 30.7354 2.87834 8.001
      vertex 29.9223 4.81258 8.001
    endloop
  endfacet
  facet normal 0 0 1
    outer loop
      vertex 30.7354 2.87834 8.001
      vertex 29.2701 3.0847 8.001
      vertex 30.28 2.31169 8.001
    endloop
  endfacet
  facet normal 0 0 1
    outer loop
      vertex 30.28 2.31169 8.001
      vertex 29.2701 3.0847 8.001
      vertex 29.9022 1.51839 8.001
    endloop
  endfacet
  facet normal -0 0 1
    outer loop
      vertex 29.2244 3.0847 8.001
      vertex 29.9022 1.51839 8.001
      vertex 29.2701 3.0847 8.001
    endloop
  endfacet
  facet normal 0 0 1
    outer loop
      vertex 29.9022 1.51839 8.001
      vertex 29.2244 3.0847 8.001
      vertex 29.6057 0.511458 8.001
    endloop
  endfacet
  facet normal 0 0 1
    outer loop
      vertex 29.6057 0.511458 8.001
      vertex 29.2244 3.0847 8.001
      vertex 29.3938 -0.695999 8.001
    endloop
  endfacet
  facet normal 0 0 1
    outer loop
      vertex 26.0687 -9.20003 8.001
      vertex 29.3938 -0.695999 8.001
      vertex 29.2244 3.0847 8.001
    endloop
  endfacet
  facet normal 0 0 1
    outer loop
      vertex 29.3938 -0.695999 8.001
      vertex 26.0687 -9.20003 8.001
      vertex 29.2667 -2.10402 8.001
    endloop
  endfacet
  facet normal -0 0 1
    outer loop
      vertex 32.9676 -10.1814 8.001
      vertex 36.5099 -11.4501 8.001
      vertex 33.7615 -8.8535 8.001
    endloop
  endfacet
  facet normal 0 0 1
    outer loop
      vertex 36.5099 -11.4501 8.001
      vertex 32.9676 -10.1814 8.001
      vertex 35.8317 -12.6837 8.001
    endloop
  endfacet
  facet normal 0 0 1
    outer loop
      vertex 35.8317 -12.6837 8.001
      vertex 32.9676 -10.1814 8.001
      vertex 35.0218 -13.5648 8.001
    endloop
  endfacet
  facet normal 0 0 1
    outer loop
      vertex 35.0218 -13.5648 8.001
      vertex 32.9676 -10.1814 8.001
      vertex 34.0801 -14.0934 8.001
    endloop
  endfacet
  facet normal 0 0 1
    outer loop
      vertex 34.0801 -14.0934 8.001
      vertex 32.9676 -10.1814 8.001
      vertex 33.0067 -14.2697 8.001
    endloop
  endfacet
  facet normal -0 0 1
    outer loop
      vertex 31.8561 -10.6241 8.001
      vertex 33.0067 -14.2697 8.001
      vertex 32.9676 -10.1814 8.001
    endloop
  endfacet
  facet normal 0 0 1
    outer loop
      vertex 33.0067 -14.2697 8.001
      vertex 31.8561 -10.6241 8.001
      vertex 32.3737 -14.2103 8.001
    endloop
  endfacet
  facet normal 0 0 1
    outer loop
      vertex 31.8561 -10.6241 8.001
      vertex 31.7849 -14.0324 8.001
      vertex 32.3737 -14.2103 8.001
    endloop
  endfacet
  facet normal 0 0 1
    outer loop
      vertex 30.2889 -12.7936 8.001
      vertex 31.8561 -10.6241 8.001
      vertex 31.2462 -10.5102 8.001
    endloop
  endfacet
  facet normal 0 0 1
    outer loop
      vertex 31.8561 -10.6241 8.001
      vertex 31.2402 -13.7358 8.001
      vertex 31.7849 -14.0324 8.001
    endloop
  endfacet
  facet normal 0 0 1
    outer loop
      vertex 31.8561 -10.6241 8.001
      vertex 30.7396 -13.3205 8.001
      vertex 31.2402 -13.7358 8.001
    endloop
  endfacet
  facet normal 0 0 1
    outer loop
      vertex 29.5541 -11.4264 8.001
      vertex 31.2462 -10.5102 8.001
      vertex 30.7154 -10.1684 8.001
    endloop
  endfacet
  facet normal 0 0 1
    outer loop
      vertex 31.8561 -10.6241 8.001
      vertex 30.2889 -12.7936 8.001
      vertex 30.7396 -13.3205 8.001
    endloop
  endfacet
  facet normal 0 0 1
    outer loop
      vertex 29.2701 -10.5863 8.001
      vertex 30.7154 -10.1684 8.001
      vertex 30.2636 -9.59877 8.001
    endloop
  endfacet
  facet normal 0 0 1
    outer loop
      vertex 31.2462 -10.5102 8.001
      vertex 29.8937 -12.1622 8.001
      vertex 30.2889 -12.7936 8.001
    endloop
  endfacet
  facet normal 0 0 1
    outer loop
      vertex 29.2701 -10.5863 8.001
      vertex 30.2636 -9.59877 8.001
      vertex 29.8908 -8.80128 8.001
    endloop
  endfacet
  facet normal 0 0 1
    outer loop
      vertex 29.2472 -10.5863 8.001
      vertex 29.8908 -8.80128 8.001
      vertex 29.5992 -7.7997 8.001
    endloop
  endfacet
  facet normal 0 0 1
    outer loop
      vertex 31.2462 -10.5102 8.001
      vertex 29.5541 -11.4264 8.001
      vertex 29.8937 -12.1622 8.001
    endloop
  endfacet
  facet normal 0 0 1
    outer loop
      vertex 29.2472 -10.5863 8.001
      vertex 29.5992 -7.7997 8.001
      vertex 29.391 -6.61772 8.001
    endloop
  endfacet
  facet normal 0 0 1
    outer loop
      vertex 30.7154 -10.1684 8.001
      vertex 29.2701 -10.5863 8.001
      vertex 29.5541 -11.4264 8.001
    endloop
  endfacet
  facet normal 0 0 1
    outer loop
      vertex 29.2472 -10.5863 8.001
      vertex 29.391 -6.61772 8.001
      vertex 29.266 -5.25533 8.001
    endloop
  endfacet
  facet normal 0 0 1
    outer loop
      vertex 29.8908 -8.80128 8.001
      vertex 29.2472 -10.5863 8.001
      vertex 29.2701 -10.5863 8.001
    endloop
  endfacet
  facet normal 0 0 1
    outer loop
      vertex 29.2244 -3.71257 8.001
      vertex 29.2472 -10.5863 8.001
      vertex 29.266 -5.25533 8.001
    endloop
  endfacet
  facet normal 0 0 1
    outer loop
      vertex 29.2472 -10.5863 8.001
      vertex 29.2344 -11.3742 8.001
      vertex 29.244 -10.9494 8.001
    endloop
  endfacet
  facet normal 0 0 1
    outer loop
      vertex 29.2184 -11.8608 8.001
      vertex 29.2472 -10.5863 8.001
      vertex 29.2244 -3.71257 8.001
    endloop
  endfacet
  facet normal 0 0 1
    outer loop
      vertex 29.2472 -10.5863 8.001
      vertex 29.2184 -11.8608 8.001
      vertex 29.2344 -11.3742 8.001
    endloop
  endfacet
  facet normal 0 0 1
    outer loop
      vertex -34.0607 -13.89 8.001
      vertex -38.8114 -7.05437 8.001
      vertex -37.3872 -13.89 8.001
    endloop
  endfacet
  facet normal 0 0 1
    outer loop
      vertex -34.0607 -13.89 8.001
      vertex -39.5633 -2.83925 8.001
      vertex -38.8114 -7.05437 8.001
    endloop
  endfacet
  facet normal 0 0 1
    outer loop
      vertex -39.8936 12.8634 8.001
      vertex -39.5633 -2.83925 8.001
      vertex -34.0607 -13.89 8.001
    endloop
  endfacet
  facet normal 0 0 1
    outer loop
      vertex -39.8936 12.8634 8.001
      vertex -41.1469 4.85066 8.001
      vertex -39.5633 -2.83925 8.001
    endloop
  endfacet
  facet normal 0 0 1
    outer loop
      vertex -39.8936 12.8634 8.001
      vertex -41.6366 7.43281 8.001
      vertex -41.1469 4.85066 8.001
    endloop
  endfacet
  facet normal 0 0 1
    outer loop
      vertex -39.8936 12.8634 8.001
      vertex -41.876 8.74324 8.001
      vertex -41.6366 7.43281 8.001
    endloop
  endfacet
  facet normal 0 0 1
    outer loop
      vertex -43.8583 12.8634 8.001
      vertex -41.9442 8.32545 8.001
      vertex -41.876 8.74324 8.001
    endloop
  endfacet
  facet normal 0 0 1
    outer loop
      vertex -41.9442 8.32545 8.001
      vertex -43.8583 12.8634 8.001
      vertex -42.0041 7.97172 8.001
    endloop
  endfacet
  facet normal 0 0 1
    outer loop
      vertex -42.0041 7.97172 8.001
      vertex -43.8583 12.8634 8.001
      vertex -42.0696 7.59431 8.001
    endloop
  endfacet
  facet normal 0 0 1
    outer loop
      vertex -42.0696 7.59431 8.001
      vertex -43.8583 12.8634 8.001
      vertex -42.1409 7.19319 8.001
    endloop
  endfacet
  facet normal 0 0 1
    outer loop
      vertex -42.1409 7.19319 8.001
      vertex -43.8583 12.8634 8.001
      vertex -42.2177 6.76839 8.001
    endloop
  endfacet
  facet normal 0 0 1
    outer loop
      vertex -42.2177 6.76839 8.001
      vertex -43.8583 12.8634 8.001
      vertex -42.4 5.84041 8.001
    endloop
  endfacet
  facet normal 0 0 1
    outer loop
      vertex -42.4 5.84041 8.001
      vertex -43.8583 12.8634 8.001
      vertex -42.7873 3.92982 8.001
    endloop
  endfacet
  facet normal -0 0 1
    outer loop
      vertex -43.8583 12.8634 8.001
      vertex -41.876 8.74324 8.001
      vertex -39.8936 12.8634 8.001
    endloop
  endfacet
  facet normal 0 0 1
    outer loop
      vertex -42.7873 3.92982 8.001
      vertex -43.8583 12.8634 8.001
      vertex -43.3798 1.0366 8.001
    endloop
  endfacet
  facet normal 0 0 1
    outer loop
      vertex -43.8583 12.8634 8.001
      vertex -44.1773 -2.83925 8.001
      vertex -43.3798 1.0366 8.001
    endloop
  endfacet
  facet normal 0 0 1
    outer loop
      vertex -49.7141 -13.89 8.001
      vertex -44.1773 -2.83925 8.001
      vertex -43.8583 12.8634 8.001
    endloop
  endfacet
  facet normal 0 0 1
    outer loop
      vertex -44.1773 -2.83925 8.001
      vertex -49.7141 -13.89 8.001
      vertex -44.9291 -7.05437 8.001
    endloop
  endfacet
  facet normal 0 0 1
    outer loop
      vertex -44.9291 -7.05437 8.001
      vertex -49.7141 -13.89 8.001
      vertex -46.3532 -13.89 8.001
    endloop
  endfacet
  facet normal -0 0 1
    outer loop
      vertex -44.1773 -2.83925 8.001
      vertex -38.8114 -7.05437 8.001
      vertex -39.5633 -2.83925 8.001
    endloop
  endfacet
  facet normal 0 0 1
    outer loop
      vertex -38.8114 -7.05437 8.001
      vertex -44.1773 -2.83925 8.001
      vertex -44.9291 -7.05437 8.001
    endloop
  endfacet
  facet normal 0 0 1
    outer loop
      vertex 8.91794 2.57204 8.001
      vertex 5.80597 2.8481 8.001
      vertex 5.80776 2.05962 8.001
    endloop
  endfacet
  facet normal 0 0 1
    outer loop
      vertex 8.78832 6.39873 8.001
      vertex 5.80062 3.56181 8.001
      vertex 5.80597 2.8481 8.001
    endloop
  endfacet
  facet normal 0 0 1
    outer loop
      vertex 8.78832 6.39873 8.001
      vertex 5.79169 4.20079 8.001
      vertex 5.80062 3.56181 8.001
    endloop
  endfacet
  facet normal 0 0 1
    outer loop
      vertex 8.78832 6.39873 8.001
      vertex 5.7792 4.765 8.001
      vertex 5.79169 4.20079 8.001
    endloop
  endfacet
  facet normal 0 0 1
    outer loop
      vertex 8.78832 6.39873 8.001
      vertex 5.76464 5.2783 8.001
      vertex 5.7792 4.765 8.001
    endloop
  endfacet
  facet normal 0 0 1
    outer loop
      vertex 8.78832 6.39873 8.001
      vertex 5.74937 5.7643 8.001
      vertex 5.76464 5.2783 8.001
    endloop
  endfacet
  facet normal 0 0 1
    outer loop
      vertex 8.78832 6.39873 8.001
      vertex 5.73341 6.22301 8.001
      vertex 5.74937 5.7643 8.001
    endloop
  endfacet
  facet normal 0 -0 1
    outer loop
      vertex 5.73341 6.22301 8.001
      vertex 8.76977 6.65443 8.001
      vertex 5.71671 6.65443 8.001
    endloop
  endfacet
  facet normal 0 0 1
    outer loop
      vertex 16.3056 -1.37303 8.001
      vertex 12.9481 0.00291348 8.001
      vertex 13.0649 -2.36467 8.001
    endloop
  endfacet
  facet normal 0 0 1
    outer loop
      vertex 15.5406 4.53252 8.001
      vertex 12.5978 1.69401 8.001
      vertex 12.9481 0.00291348 8.001
    endloop
  endfacet
  facet normal 0 0 1
    outer loop
      vertex 12.0139 2.70869 8.001
      vertex 13.826 6.77309 8.001
      vertex 12.5521 7.05315 8.001
    endloop
  endfacet
  facet normal 0 0 1
    outer loop
      vertex 15.5406 4.53252 8.001
      vertex 12.0139 2.70869 8.001
      vertex 12.5978 1.69401 8.001
    endloop
  endfacet
  facet normal -0 0 1
    outer loop
      vertex 11.9586 6.98668 8.001
      vertex 12.0139 2.70869 8.001
      vertex 12.5521 7.05315 8.001
    endloop
  endfacet
  facet normal -0 0 1
    outer loop
      vertex 11.4086 6.78728 8.001
      vertex 12.0139 2.70869 8.001
      vertex 11.9586 6.98668 8.001
    endloop
  endfacet
  facet normal 0 0 1
    outer loop
      vertex 11.4086 6.78728 8.001
      vertex 11.1965 3.04689 8.001
      vertex 12.0139 2.70869 8.001
    endloop
  endfacet
  facet normal -0 0 1
    outer loop
      vertex 10.902 6.45497 8.001
      vertex 11.1965 3.04689 8.001
      vertex 11.4086 6.78728 8.001
    endloop
  endfacet
  facet normal -0 0 1
    outer loop
      vertex 10.4388 5.9897 8.001
      vertex 11.1965 3.04689 8.001
      vertex 10.902 6.45497 8.001
    endloop
  endfacet
  facet normal -0 0 1
    outer loop
      vertex 10.0156 5.37743 8.001
      vertex 11.1965 3.04689 8.001
      vertex 10.4388 5.9897 8.001
    endloop
  endfacet
  facet normal -0 0 1
    outer loop
      vertex 9.62859 4.60371 8.001
      vertex 11.1965 3.04689 8.001
      vertex 10.0156 5.37743 8.001
    endloop
  endfacet
  facet normal 0 0 1
    outer loop
      vertex 11.1965 3.04689 8.001
      vertex 9.62859 4.60371 8.001
      vertex 10.7347 2.94365 8.001
    endloop
  endfacet
  facet normal -0 0 1
    outer loop
      vertex 9.27789 3.66856 8.001
      vertex 10.7347 2.94365 8.001
      vertex 9.62859 4.60371 8.001
    endloop
  endfacet
  facet normal 0 0 1
    outer loop
      vertex 10.7347 2.94365 8.001
      vertex 9.27789 3.66856 8.001
      vertex 10.3178 2.63389 8.001
    endloop
  endfacet
  facet normal 0 0 1
    outer loop
      vertex 8.96348 2.57204 8.001
      vertex 10.3178 2.63389 8.001
      vertex 9.27789 3.66856 8.001
    endloop
  endfacet
  facet normal 0 0 1
    outer loop
      vertex 10.3178 2.63389 8.001
      vertex 8.96348 2.57204 8.001
      vertex 9.94569 2.11766 8.001
    endloop
  endfacet
  facet normal 0 0 1
    outer loop
      vertex 9.94569 2.11766 8.001
      vertex 8.96348 2.57204 8.001
      vertex 9.6185 1.39491 8.001
    endloop
  endfacet
  facet normal -0 0 1
    outer loop
      vertex 8.91794 2.57204 8.001
      vertex 9.6185 1.39491 8.001
      vertex 8.96348 2.57204 8.001
    endloop
  endfacet
  facet normal 0 0 1
    outer loop
      vertex 9.6185 1.39491 8.001
      vertex 8.91794 2.57204 8.001
      vertex 9.35192 0.508376 8.001
    endloop
  endfacet
  facet normal -0 0 1
    outer loop
      vertex 5.80776 2.05962 8.001
      vertex 9.35192 0.508376 8.001
      vertex 8.91794 2.57204 8.001
    endloop
  endfacet
  facet normal 0 0 1
    outer loop
      vertex 9.35192 0.508376 8.001
      vertex 5.80776 2.05962 8.001
      vertex 9.16151 -0.499161 8.001
    endloop
  endfacet
  facet normal 0 0 1
    outer loop
      vertex 9.16151 -0.499161 8.001
      vertex 5.80776 2.05962 8.001
      vertex 9.04725 -1.62773 8.001
    endloop
  endfacet
  facet normal 0 0 1
    outer loop
      vertex 9.04725 -1.62773 8.001
      vertex 5.80776 2.05962 8.001
      vertex 9.00916 -2.87733 8.001
    endloop
  endfacet
  facet normal -0 0 1
    outer loop
      vertex 5.80597 2.8481 8.001
      vertex 8.91794 2.57204 8.001
      vertex 8.91439 2.92754 8.001
    endloop
  endfacet
  facet normal 0 0 1
    outer loop
      vertex 5.80597 2.8481 8.001
      vertex 8.91439 2.92754 8.001
      vertex 8.90371 3.40523 8.001
    endloop
  endfacet
  facet normal 0 0 1
    outer loop
      vertex 5.80597 2.8481 8.001
      vertex 8.90371 3.40523 8.001
      vertex 8.88591 4.00511 8.001
    endloop
  endfacet
  facet normal 0 0 1
    outer loop
      vertex 5.80597 2.8481 8.001
      vertex 8.88591 4.00511 8.001
      vertex 8.86099 4.72719 8.001
    endloop
  endfacet
  facet normal 0 0 1
    outer loop
      vertex 5.80597 2.8481 8.001
      vertex 8.86099 4.72719 8.001
      vertex 8.83393 5.4351 8.001
    endloop
  endfacet
  facet normal 0 0 1
    outer loop
      vertex 5.80597 2.8481 8.001
      vertex 8.83393 5.4351 8.001
      vertex 8.80971 5.99229 8.001
    endloop
  endfacet
  facet normal 0 0 1
    outer loop
      vertex 5.80597 2.8481 8.001
      vertex 8.80971 5.99229 8.001
      vertex 8.78832 6.39873 8.001
    endloop
  endfacet
  facet normal 0 0 1
    outer loop
      vertex 5.73341 6.22301 8.001
      vertex 8.78832 6.39873 8.001
      vertex 8.76977 6.65443 8.001
    endloop
  endfacet
  facet normal 0 0 1
    outer loop
      vertex 5.80776 -13.89 8.001
      vertex 9.00916 -2.87733 8.001
      vertex 5.80776 2.05962 8.001
    endloop
  endfacet
  facet normal 0 0 1
    outer loop
      vertex 9.00916 -2.87733 8.001
      vertex 5.80776 -13.89 8.001
      vertex 9.00916 -13.89 8.001
    endloop
  endfacet
  facet normal 0 0 1
    outer loop
      vertex 23.4775 -0.845657 8.001
      vertex 20.1823 0.00291348 8.001
      vertex 20.2991 -2.36467 8.001
    endloop
  endfacet
  facet normal 0 0 1
    outer loop
      vertex 22.532 5.01195 8.001
      vertex 19.832 1.69401 8.001
      vertex 20.1823 0.00291348 8.001
    endloop
  endfacet
  facet normal 0 0 1
    outer loop
      vertex 19.2481 2.70869 8.001
      vertex 20.633 6.92558 8.001
      vertex 19.7864 7.05315 8.001
    endloop
  endfacet
  facet normal 0 0 1
    outer loop
      vertex 22.532 5.01195 8.001
      vertex 19.2481 2.70869 8.001
      vertex 19.832 1.69401 8.001
    endloop
  endfacet
  facet normal -0 0 1
    outer loop
      vertex 19.1384 6.98787 8.001
      vertex 19.2481 2.70869 8.001
      vertex 19.7864 7.05315 8.001
    endloop
  endfacet
  facet normal 0 0 1
    outer loop
      vertex 18.4306 3.04689 8.001
      vertex 19.1384 6.98787 8.001
      vertex 18.5502 6.79204 8.001
    endloop
  endfacet
  facet normal 0 0 1
    outer loop
      vertex 19.1384 6.98787 8.001
      vertex 18.4306 3.04689 8.001
      vertex 19.2481 2.70869 8.001
    endloop
  endfacet
  facet normal -0 0 1
    outer loop
      vertex 18.0219 6.46568 8.001
      vertex 18.4306 3.04689 8.001
      vertex 18.5502 6.79204 8.001
    endloop
  endfacet
  facet normal -0 0 1
    outer loop
      vertex 17.5533 6.00874 8.001
      vertex 18.4306 3.04689 8.001
      vertex 18.0219 6.46568 8.001
    endloop
  endfacet
  facet normal -0 0 1
    outer loop
      vertex 17.1304 5.40242 8.001
      vertex 18.4306 3.04689 8.001
      vertex 17.5533 6.00874 8.001
    endloop
  endfacet
  facet normal -0 0 1
    outer loop
      vertex 16.7388 4.62752 8.001
      vertex 18.4306 3.04689 8.001
      vertex 17.1304 5.40242 8.001
    endloop
  endfacet
  facet normal 0 0 1
    outer loop
      vertex 18.4306 3.04689 8.001
      vertex 16.7388 4.62752 8.001
      vertex 17.9846 2.95256 8.001
    endloop
  endfacet
  facet normal -0 0 1
    outer loop
      vertex 16.3786 3.68404 8.001
      vertex 17.9846 2.95256 8.001
      vertex 16.7388 4.62752 8.001
    endloop
  endfacet
  facet normal 0 0 1
    outer loop
      vertex 17.9846 2.95256 8.001
      vertex 16.3786 3.68404 8.001
      vertex 17.5805 2.66954 8.001
    endloop
  endfacet
  facet normal 0 0 1
    outer loop
      vertex 16.0497 2.57204 8.001
      vertex 17.5805 2.66954 8.001
      vertex 16.3786 3.68404 8.001
    endloop
  endfacet
  facet normal 0 0 1
    outer loop
      vertex 17.5805 2.66954 8.001
      vertex 16.0497 2.57204 8.001
      vertex 17.2185 2.19783 8.001
    endloop
  endfacet
  facet normal 0 0 1
    outer loop
      vertex 17.2185 2.19783 8.001
      vertex 16.0497 2.57204 8.001
      vertex 16.8984 1.53743 8.001
    endloop
  endfacet
  facet normal -0 0 1
    outer loop
      vertex 15.9813 2.57204 8.001
      vertex 16.8984 1.53743 8.001
      vertex 16.0497 2.57204 8.001
    endloop
  endfacet
  facet normal 0 0 1
    outer loop
      vertex 16.8984 1.53743 8.001
      vertex 15.9813 2.57204 8.001
      vertex 16.6332 0.710891 8.001
    endloop
  endfacet
  facet normal 0 0 1
    outer loop
      vertex 12.9481 0.00291348 8.001
      vertex 16.6332 0.710891 8.001
      vertex 15.9813 2.57204 8.001
    endloop
  endfacet
  facet normal 0 0 1
    outer loop
      vertex 16.6332 0.710891 8.001
      vertex 12.9481 0.00291348 8.001
      vertex 16.4356 -0.259262 8.001
    endloop
  endfacet
  facet normal 0 0 1
    outer loop
      vertex 12.9481 0.00291348 8.001
      vertex 16.3056 -1.37303 8.001
      vertex 16.4356 -0.259262 8.001
    endloop
  endfacet
  facet normal 0 0 1
    outer loop
      vertex 16.3056 -1.37303 8.001
      vertex 13.0649 -2.36467 8.001
      vertex 16.2432 -2.63039 8.001
    endloop
  endfacet
  facet normal 0 0 1
    outer loop
      vertex 12.9481 0.00291348 8.001
      vertex 15.9813 2.57204 8.001
      vertex 15.5406 4.53252 8.001
    endloop
  endfacet
  facet normal 0 0 1
    outer loop
      vertex 12.0139 2.70869 8.001
      vertex 14.8221 5.93288 8.001
      vertex 13.826 6.77309 8.001
    endloop
  endfacet
  facet normal 0 0 1
    outer loop
      vertex 14.8221 5.93288 8.001
      vertex 12.0139 2.70869 8.001
      vertex 15.5406 4.53252 8.001
    endloop
  endfacet
  facet normal 0 0 1
    outer loop
      vertex 13.0649 -13.89 8.001
      vertex 16.2432 -2.63039 8.001
      vertex 13.0649 -2.36467 8.001
    endloop
  endfacet
  facet normal 0 0 1
    outer loop
      vertex 16.2432 -2.63039 8.001
      vertex 13.0649 -13.89 8.001
      vertex 16.2432 -13.89 8.001
    endloop
  endfacet
  facet normal -0 0 1
    outer loop
      vertex 20.1823 0.00291348 8.001
      vertex 23.4775 -0.845657 8.001
      vertex 23.4184 0.951705 8.001
    endloop
  endfacet
  facet normal 0 0 1
    outer loop
      vertex 20.1823 0.00291348 8.001
      vertex 23.4184 0.951705 8.001
      vertex 23.2411 2.52708 8.001
    endloop
  endfacet
  facet normal 0 0 1
    outer loop
      vertex 20.1823 0.00291348 8.001
      vertex 23.2411 2.52708 8.001
      vertex 22.9456 3.88051 8.001
    endloop
  endfacet
  facet normal 0 0 1
    outer loop
      vertex 22.0058 5.90498 8.001
      vertex 19.2481 2.70869 8.001
      vertex 22.532 5.01195 8.001
    endloop
  endfacet
  facet normal 0 0 1
    outer loop
      vertex 21.3728 6.54283 8.001
      vertex 19.2481 2.70869 8.001
      vertex 22.0058 5.90498 8.001
    endloop
  endfacet
  facet normal 0 0 1
    outer loop
      vertex 19.2481 2.70869 8.001
      vertex 21.3728 6.54283 8.001
      vertex 20.633 6.92558 8.001
    endloop
  endfacet
  facet normal 0 0 1
    outer loop
      vertex 22.532 5.01195 8.001
      vertex 20.1823 0.00291348 8.001
      vertex 22.9456 3.88051 8.001
    endloop
  endfacet
  facet normal 0 0 1
    outer loop
      vertex 23.4775 -0.845657 8.001
      vertex 20.2991 -2.36467 8.001
      vertex 23.4775 -13.89 8.001
    endloop
  endfacet
  facet normal 0 0 1
    outer loop
      vertex 23.4775 -13.89 8.001
      vertex 20.2991 -2.36467 8.001
      vertex 20.2991 -13.89 8.001
    endloop
  endfacet
  facet normal 0 0 1
    outer loop
      vertex 72.354 2.10927 8.001
      vertex 75.1989 2.77742 8.001
      vertex 74.8446 3.88698 8.001
    endloop
  endfacet
  facet normal 0 0 1
    outer loop
      vertex 71.9181 2.88533 8.001
      vertex 74.8446 3.88698 8.001
      vertex 74.3643 4.83751 8.001
    endloop
  endfacet
  facet normal 0 0 1
    outer loop
      vertex 71.6112 3.15535 8.001
      vertex 74.3643 4.83751 8.001
      vertex 73.758 5.62907 8.001
    endloop
  endfacet
  facet normal 0 0 1
    outer loop
      vertex 71.6112 3.15535 8.001
      vertex 73.758 5.62907 8.001
      vertex 73.035 6.25209 8.001
    endloop
  endfacet
  facet normal 0 0 1
    outer loop
      vertex 74.8446 3.88698 8.001
      vertex 72.161 2.53703 8.001
      vertex 72.354 2.10927 8.001
    endloop
  endfacet
  facet normal 0 0 1
    outer loop
      vertex 75.4271 1.50886 8.001
      vertex 72.4971 1.60197 8.001
      vertex 72.5904 1.01521 8.001
    endloop
  endfacet
  facet normal 0 0 1
    outer loop
      vertex 75.1989 2.77742 8.001
      vertex 72.4971 1.60197 8.001
      vertex 75.4271 1.50886 8.001
    endloop
  endfacet
  facet normal 0 0 1
    outer loop
      vertex 71.2261 3.34819 8.001
      vertex 73.035 6.25209 8.001
      vertex 72.2044 6.69713 8.001
    endloop
  endfacet
  facet normal 0 -0 1
    outer loop
      vertex 72.4971 1.60197 8.001
      vertex 75.1989 2.77742 8.001
      vertex 72.354 2.10927 8.001
    endloop
  endfacet
  facet normal 0 0 1
    outer loop
      vertex 74.8446 3.88698 8.001
      vertex 71.9181 2.88533 8.001
      vertex 72.161 2.53703 8.001
    endloop
  endfacet
  facet normal 0 0 1
    outer loop
      vertex 74.3643 4.83751 8.001
      vertex 71.6112 3.15535 8.001
      vertex 71.9181 2.88533 8.001
    endloop
  endfacet
  facet normal 0 0 1
    outer loop
      vertex 70.7626 3.46388 8.001
      vertex 72.2044 6.69713 8.001
      vertex 71.2664 6.96413 8.001
    endloop
  endfacet
  facet normal 0 0 1
    outer loop
      vertex 73.035 6.25209 8.001
      vertex 71.2261 3.34819 8.001
      vertex 71.6112 3.15535 8.001
    endloop
  endfacet
  facet normal 0 0 1
    outer loop
      vertex 72.2044 6.69713 8.001
      vertex 70.7626 3.46388 8.001
      vertex 71.2261 3.34819 8.001
    endloop
  endfacet
  facet normal 0 0 1
    outer loop
      vertex 70.2208 3.50246 8.001
      vertex 71.2664 6.96413 8.001
      vertex 70.2208 7.05315 8.001
    endloop
  endfacet
  facet normal 0 0 1
    outer loop
      vertex 71.2664 6.96413 8.001
      vertex 70.2208 3.50246 8.001
      vertex 70.7626 3.46388 8.001
    endloop
  endfacet
  facet normal 0 0 1
    outer loop
      vertex 70.2208 7.05315 8.001
      vertex 69.6867 3.47221 8.001
      vertex 70.2208 3.50246 8.001
    endloop
  endfacet
  facet normal -0 0 1
    outer loop
      vertex 69.0442 6.95048 8.001
      vertex 69.6867 3.47221 8.001
      vertex 70.2208 7.05315 8.001
    endloop
  endfacet
  facet normal 0 0 1
    outer loop
      vertex 69.6867 3.47221 8.001
      vertex 69.0442 6.95048 8.001
      vertex 69.2239 3.38142 8.001
    endloop
  endfacet
  facet normal -0 0 1
    outer loop
      vertex 68.0092 6.64253 8.001
      vertex 69.2239 3.38142 8.001
      vertex 69.0442 6.95048 8.001
    endloop
  endfacet
  facet normal 0 0 1
    outer loop
      vertex 69.2239 3.38142 8.001
      vertex 68.0092 6.64253 8.001
      vertex 68.8322 3.23015 8.001
    endloop
  endfacet
  facet normal -0 0 1
    outer loop
      vertex 67.1159 6.12926 8.001
      vertex 68.8322 3.23015 8.001
      vertex 68.0092 6.64253 8.001
    endloop
  endfacet
  facet normal -0 0 1
    outer loop
      vertex 66.3644 5.41066 8.001
      vertex 68.8322 3.23015 8.001
      vertex 67.1159 6.12926 8.001
    endloop
  endfacet
  facet normal 0 0 1
    outer loop
      vertex 68.8322 3.23015 8.001
      vertex 66.3644 5.41066 8.001
      vertex 68.5117 3.01836 8.001
    endloop
  endfacet
  facet normal -0 0 1
    outer loop
      vertex 65.7687 4.50825 8.001
      vertex 68.5117 3.01836 8.001
      vertex 66.3644 5.41066 8.001
    endloop
  endfacet
  facet normal 0 0 1
    outer loop
      vertex 68.5117 3.01836 8.001
      vertex 65.7687 4.50825 8.001
      vertex 68.2626 2.73534 8.001
    endloop
  endfacet
  facet normal -0 0 1
    outer loop
      vertex 65.3433 3.44325 8.001
      vertex 68.2626 2.73534 8.001
      vertex 65.7687 4.50825 8.001
    endloop
  endfacet
  facet normal 0 0 1
    outer loop
      vertex 68.2626 2.73534 8.001
      vertex 65.3433 3.44325 8.001
      vertex 68.0846 2.37044 8.001
    endloop
  endfacet
  facet normal 0 -0 1
    outer loop
      vertex 65.0339 -0.0320892 8.001
      vertex 67.9422 1.39491 8.001
      vertex 65.0029 0.825393 8.001
    endloop
  endfacet
  facet normal 0 -0 1
    outer loop
      vertex 65.1268 -0.819534 8.001
      vertex 67.9422 1.39491 8.001
      vertex 65.0339 -0.0320892 8.001
    endloop
  endfacet
  facet normal 0 0 1
    outer loop
      vertex 65.088 2.21562 8.001
      vertex 68.0846 2.37044 8.001
      vertex 65.3433 3.44325 8.001
    endloop
  endfacet
  facet normal 0 -0 1
    outer loop
      vertex 65.2817 -1.53697 8.001
      vertex 67.9422 1.39491 8.001
      vertex 65.1268 -0.819534 8.001
    endloop
  endfacet
  facet normal 0 -0 1
    outer loop
      vertex 65.4985 -2.18434 8.001
      vertex 67.9422 1.39491 8.001
      vertex 65.2817 -1.53697 8.001
    endloop
  endfacet
  facet normal 0 0 1
    outer loop
      vertex 68.0846 2.37044 8.001
      vertex 65.088 2.21562 8.001
      vertex 67.9778 1.92363 8.001
    endloop
  endfacet
  facet normal 0 -0 1
    outer loop
      vertex 65.7744 -2.76811 8.001
      vertex 67.9422 1.39491 8.001
      vertex 65.4985 -2.18434 8.001
    endloop
  endfacet
  facet normal 0 0 1
    outer loop
      vertex 67.9778 1.92363 8.001
      vertex 65.088 2.21562 8.001
      vertex 67.9422 1.39491 8.001
    endloop
  endfacet
  facet normal 0 -0 1
    outer loop
      vertex 66.1066 -3.29497 8.001
      vertex 67.9422 1.39491 8.001
      vertex 65.7744 -2.76811 8.001
    endloop
  endfacet
  facet normal 0 0 1
    outer loop
      vertex 67.9422 1.39491 8.001
      vertex 66.9396 -4.17793 8.001
      vertex 67.5228 -4.57008 8.001
    endloop
  endfacet
  facet normal 0 0 1
    outer loop
      vertex 67.9422 1.39491 8.001
      vertex 65.088 2.21562 8.001
      vertex 65.0029 0.825393 8.001
    endloop
  endfacet
  facet normal 0 -0 1
    outer loop
      vertex 66.9396 -4.17793 8.001
      vertex 67.9422 1.39491 8.001
      vertex 66.495 -3.76491 8.001
    endloop
  endfacet
  facet normal 0 0 1
    outer loop
      vertex 67.9422 1.39491 8.001
      vertex 66.1066 -3.29497 8.001
      vertex 66.495 -3.76491 8.001
    endloop
  endfacet
  facet normal 0 0 1
    outer loop
      vertex 75.7119 -7.88991 8.001
      vertex 72.7417 -7.91542 8.001
      vertex 72.7727 -8.38353 8.001
    endloop
  endfacet
  facet normal 0 0 1
    outer loop
      vertex 73.4363 -2.47139 8.001
      vertex 72.6488 -7.49831 8.001
      vertex 72.7417 -7.91542 8.001
    endloop
  endfacet
  facet normal 0 0 1
    outer loop
      vertex 73.4363 -2.47139 8.001
      vertex 72.4939 -7.13225 8.001
      vertex 72.6488 -7.49831 8.001
    endloop
  endfacet
  facet normal 0 0 1
    outer loop
      vertex 71.146 -6.04994 8.001
      vertex 72.9585 -2.17302 8.001
      vertex 72.4251 -1.89958 8.001
    endloop
  endfacet
  facet normal 0 0 1
    outer loop
      vertex 73.4363 -2.47139 8.001
      vertex 72.2771 -6.81721 8.001
      vertex 72.4939 -7.13225 8.001
    endloop
  endfacet
  facet normal 0 0 1
    outer loop
      vertex 73.4363 -2.47139 8.001
      vertex 71.9862 -6.53896 8.001
      vertex 72.2771 -6.81721 8.001
    endloop
  endfacet
  facet normal 0 0 1
    outer loop
      vertex 70.5966 -5.83919 8.001
      vertex 72.4251 -1.89958 8.001
      vertex 71.8438 -1.64024 8.001
    endloop
  endfacet
  facet normal 0 0 1
    outer loop
      vertex 73.4363 -2.47139 8.001
      vertex 71.6092 -6.28319 8.001
      vertex 71.9862 -6.53896 8.001
    endloop
  endfacet
  facet normal 0 0 1
    outer loop
      vertex 70.5966 -5.83919 8.001
      vertex 71.8438 -1.64024 8.001
      vertex 71.2219 -1.38445 8.001
    endloop
  endfacet
  facet normal 0 0 1
    outer loop
      vertex 73.4363 -2.47139 8.001
      vertex 71.146 -6.04994 8.001
      vertex 71.6092 -6.28319 8.001
    endloop
  endfacet
  facet normal 0 0 1
    outer loop
      vertex 72.4251 -1.89958 8.001
      vertex 70.5966 -5.83919 8.001
      vertex 71.146 -6.04994 8.001
    endloop
  endfacet
  facet normal 0 0 1
    outer loop
      vertex 69.3513 -5.40071 8.001
      vertex 71.2219 -1.38445 8.001
      vertex 70.5593 -1.13219 8.001
    endloop
  endfacet
  facet normal 0 0 1
    outer loop
      vertex 68.3267 -4.97768 8.001
      vertex 70.5593 -1.13219 8.001
      vertex 69.8562 -0.883469 8.001
    endloop
  endfacet
  facet normal 0 0 1
    outer loop
      vertex 67.5228 -4.57008 8.001
      vertex 69.8562 -0.883469 8.001
      vertex 69.3753 -0.70137 8.001
    endloop
  endfacet
  facet normal 0 0 1
    outer loop
      vertex 71.2219 -1.38445 8.001
      vertex 69.3513 -5.40071 8.001
      vertex 70.5966 -5.83919 8.001
    endloop
  endfacet
  facet normal 0 0 1
    outer loop
      vertex 67.5228 -4.57008 8.001
      vertex 69.3753 -0.70137 8.001
      vertex 68.969 -0.496719 8.001
    endloop
  endfacet
  facet normal 0 0 1
    outer loop
      vertex 67.5228 -4.57008 8.001
      vertex 68.969 -0.496719 8.001
      vertex 68.6376 -0.269455 8.001
    endloop
  endfacet
  facet normal 0 0 1
    outer loop
      vertex 67.5228 -4.57008 8.001
      vertex 68.6376 -0.269455 8.001
      vertex 68.3809 -0.0196686 8.001
    endloop
  endfacet
  facet normal 0 0 1
    outer loop
      vertex 70.5593 -1.13219 8.001
      vertex 68.3267 -4.97768 8.001
      vertex 69.3513 -5.40071 8.001
    endloop
  endfacet
  facet normal 0 0 1
    outer loop
      vertex 67.5228 -4.57008 8.001
      vertex 68.3809 -0.0196686 8.001
      vertex 68.189 0.264571 8.001
    endloop
  endfacet
  facet normal 0 0 1
    outer loop
      vertex 67.5228 -4.57008 8.001
      vertex 68.189 0.264571 8.001
      vertex 68.0519 0.595077 8.001
    endloop
  endfacet
  facet normal 0 0 1
    outer loop
      vertex 67.5228 -4.57008 8.001
      vertex 68.0519 0.595077 8.001
      vertex 67.9696 0.971847 8.001
    endloop
  endfacet
  facet normal 0 0 1
    outer loop
      vertex 67.5228 -4.57008 8.001
      vertex 67.9696 0.971847 8.001
      vertex 67.9422 1.39491 8.001
    endloop
  endfacet
  facet normal 0 0 1
    outer loop
      vertex 69.8562 -0.883469 8.001
      vertex 67.5228 -4.57008 8.001
      vertex 68.3267 -4.97768 8.001
    endloop
  endfacet
  facet normal 0 0 1
    outer loop
      vertex 72.7417 -7.91542 8.001
      vertex 75.7119 -7.88991 8.001
      vertex 75.6866 -7.0468 8.001
    endloop
  endfacet
  facet normal 0 0 1
    outer loop
      vertex 72.7417 -7.91542 8.001
      vertex 75.6866 -7.0468 8.001
      vertex 75.6108 -6.28319 8.001
    endloop
  endfacet
  facet normal 0 0 1
    outer loop
      vertex 72.7417 -7.91542 8.001
      vertex 75.6108 -6.28319 8.001
      vertex 75.4844 -5.59904 8.001
    endloop
  endfacet
  facet normal 0 0 1
    outer loop
      vertex 75.7119 -7.88991 8.001
      vertex 72.7727 -8.38353 8.001
      vertex 75.6204 -9.30037 8.001
    endloop
  endfacet
  facet normal 0 0 1
    outer loop
      vertex 72.7417 -7.91542 8.001
      vertex 75.4844 -5.59904 8.001
      vertex 75.3075 -4.9944 8.001
    endloop
  endfacet
  facet normal 0 0 1
    outer loop
      vertex 72.7417 -7.91542 8.001
      vertex 75.3075 -4.9944 8.001
      vertex 75.0882 -4.45503 8.001
    endloop
  endfacet
  facet normal -0 0 1
    outer loop
      vertex 72.7343 -8.95079 8.001
      vertex 75.6204 -9.30037 8.001
      vertex 72.7727 -8.38353 8.001
    endloop
  endfacet
  facet normal 0 0 1
    outer loop
      vertex 72.7417 -7.91542 8.001
      vertex 75.0882 -4.45503 8.001
      vertex 74.8348 -3.96666 8.001
    endloop
  endfacet
  facet normal 0 0 1
    outer loop
      vertex 72.7417 -7.91542 8.001
      vertex 74.8348 -3.96666 8.001
      vertex 74.5471 -3.52934 8.001
    endloop
  endfacet
  facet normal 0 0 1
    outer loop
      vertex 72.6189 -9.43739 8.001
      vertex 75.6204 -9.30037 8.001
      vertex 72.7343 -8.95079 8.001
    endloop
  endfacet
  facet normal 0 0 1
    outer loop
      vertex 72.7417 -7.91542 8.001
      vertex 74.5471 -3.52934 8.001
      vertex 74.2253 -3.14305 8.001
    endloop
  endfacet
  facet normal 0 0 1
    outer loop
      vertex 72.7417 -7.91542 8.001
      vertex 74.2253 -3.14305 8.001
      vertex 73.8585 -2.79475 8.001
    endloop
  endfacet
  facet normal 0 0 1
    outer loop
      vertex 75.6204 -9.30037 8.001
      vertex 72.6189 -9.43739 8.001
      vertex 75.3459 -10.5506 8.001
    endloop
  endfacet
  facet normal 0 0 1
    outer loop
      vertex 72.7417 -7.91542 8.001
      vertex 73.8585 -2.79475 8.001
      vertex 73.4363 -2.47139 8.001
    endloop
  endfacet
  facet normal 0 0 1
    outer loop
      vertex 71.146 -6.04994 8.001
      vertex 73.4363 -2.47139 8.001
      vertex 72.9585 -2.17302 8.001
    endloop
  endfacet
  facet normal -0 0 1
    outer loop
      vertex 72.4267 -9.84331 8.001
      vertex 75.3459 -10.5506 8.001
      vertex 72.6189 -9.43739 8.001
    endloop
  endfacet
  facet normal 0 0 1
    outer loop
      vertex 75.3459 -10.5506 8.001
      vertex 72.4267 -9.84331 8.001
      vertex 74.8884 -11.6406 8.001
    endloop
  endfacet
  facet normal -0 0 1
    outer loop
      vertex 72.1575 -10.1685 8.001
      vertex 74.8884 -11.6406 8.001
      vertex 72.4267 -9.84331 8.001
    endloop
  endfacet
  facet normal 0 0 1
    outer loop
      vertex 74.8884 -11.6406 8.001
      vertex 72.1575 -10.1685 8.001
      vertex 74.2479 -12.5704 8.001
    endloop
  endfacet
  facet normal -0 0 1
    outer loop
      vertex 71.8043 -10.4177 8.001
      vertex 74.2479 -12.5704 8.001
      vertex 72.1575 -10.1685 8.001
    endloop
  endfacet
  facet normal 0 0 1
    outer loop
      vertex 74.2479 -12.5704 8.001
      vertex 71.8043 -10.4177 8.001
      vertex 73.4458 -13.3138 8.001
    endloop
  endfacet
  facet normal -0 0 1
    outer loop
      vertex 71.36 -10.5957 8.001
      vertex 73.4458 -13.3138 8.001
      vertex 71.8043 -10.4177 8.001
    endloop
  endfacet
  facet normal 0 0 1
    outer loop
      vertex 73.4458 -13.3138 8.001
      vertex 71.36 -10.5957 8.001
      vertex 72.5035 -13.8449 8.001
    endloop
  endfacet
  facet normal 0 0 1
    outer loop
      vertex 72.5035 -13.8449 8.001
      vertex 71.36 -10.5957 8.001
      vertex 71.4208 -14.1635 8.001
    endloop
  endfacet
  facet normal -0 0 1
    outer loop
      vertex 70.8246 -10.7025 8.001
      vertex 71.4208 -14.1635 8.001
      vertex 71.36 -10.5957 8.001
    endloop
  endfacet
  facet normal 0 0 1
    outer loop
      vertex 70.198 -14.2697 8.001
      vertex 70.8246 -10.7025 8.001
      vertex 70.198 -10.7381 8.001
    endloop
  endfacet
  facet normal 0 0 1
    outer loop
      vertex 70.8246 -10.7025 8.001
      vertex 70.198 -14.2697 8.001
      vertex 71.4208 -14.1635 8.001
    endloop
  endfacet
  facet normal 0 0 1
    outer loop
      vertex 69.5233 -10.7001 8.001
      vertex 70.198 -14.2697 8.001
      vertex 70.198 -10.7381 8.001
    endloop
  endfacet
  facet normal 0 0 1
    outer loop
      vertex 69.5233 -10.7001 8.001
      vertex 69.0021 -14.186 8.001
      vertex 70.198 -14.2697 8.001
    endloop
  endfacet
  facet normal 0 0 1
    outer loop
      vertex 68.9576 -10.5862 8.001
      vertex 69.0021 -14.186 8.001
      vertex 69.5233 -10.7001 8.001
    endloop
  endfacet
  facet normal 0 0 1
    outer loop
      vertex 67.0568 -13.5168 8.001
      vertex 68.9576 -10.5862 8.001
      vertex 68.5008 -10.3963 8.001
    endloop
  endfacet
  facet normal 0 0 1
    outer loop
      vertex 66.3074 -12.9313 8.001
      vertex 68.5008 -10.3963 8.001
      vertex 68.1529 -10.1304 8.001
    endloop
  endfacet
  facet normal 0 0 1
    outer loop
      vertex 68.9576 -10.5862 8.001
      vertex 67.9551 -13.9351 8.001
      vertex 69.0021 -14.186 8.001
    endloop
  endfacet
  facet normal 0 0 1
    outer loop
      vertex 65.1838 -11.22 8.001
      vertex 68.1529 -10.1304 8.001
      vertex 67.8813 -9.77327 8.001
    endloop
  endfacet
  facet normal 0 0 1
    outer loop
      vertex 65.1838 -11.22 8.001
      vertex 67.8813 -9.77327 8.001
      vertex 67.6531 -9.30928 8.001
    endloop
  endfacet
  facet normal 0 0 1
    outer loop
      vertex 64.7919 -10.0849 8.001
      vertex 67.6531 -9.30928 8.001
      vertex 67.4683 -8.73851 8.001
    endloop
  endfacet
  facet normal 0 0 1
    outer loop
      vertex 64.5132 -8.7635 8.001
      vertex 67.4683 -8.73851 8.001
      vertex 67.327 -8.06099 8.001
    endloop
  endfacet
  facet normal 0 0 1
    outer loop
      vertex 68.9576 -10.5862 8.001
      vertex 67.0568 -13.5168 8.001
      vertex 67.9551 -13.9351 8.001
    endloop
  endfacet
  facet normal 0 0 1
    outer loop
      vertex 68.5008 -10.3963 8.001
      vertex 66.3074 -12.9313 8.001
      vertex 67.0568 -13.5168 8.001
    endloop
  endfacet
  facet normal 0 0 1
    outer loop
      vertex 68.1529 -10.1304 8.001
      vertex 65.689 -12.1688 8.001
      vertex 66.3074 -12.9313 8.001
    endloop
  endfacet
  facet normal 0 0 1
    outer loop
      vertex 68.1529 -10.1304 8.001
      vertex 65.1838 -11.22 8.001
      vertex 65.689 -12.1688 8.001
    endloop
  endfacet
  facet normal 0 0 1
    outer loop
      vertex 67.6531 -9.30928 8.001
      vertex 64.7919 -10.0849 8.001
      vertex 65.1838 -11.22 8.001
    endloop
  endfacet
  facet normal 0 0 1
    outer loop
      vertex 67.4683 -8.73851 8.001
      vertex 64.5132 -8.7635 8.001
      vertex 64.7919 -10.0849 8.001
    endloop
  endfacet
  facet normal 0 0 1
    outer loop
      vertex -25.1782 2.10927 8.001
      vertex -22.3333 2.77742 8.001
      vertex -22.6876 3.88698 8.001
    endloop
  endfacet
  facet normal 0 0 1
    outer loop
      vertex -25.6141 2.88533 8.001
      vertex -22.6876 3.88698 8.001
      vertex -23.1679 4.83751 8.001
    endloop
  endfacet
  facet normal 0 0 1
    outer loop
      vertex -25.921 3.15535 8.001
      vertex -23.1679 4.83751 8.001
      vertex -23.7742 5.62907 8.001
    endloop
  endfacet
  facet normal 0 0 1
    outer loop
      vertex -25.921 3.15535 8.001
      vertex -23.7742 5.62907 8.001
      vertex -24.4972 6.25209 8.001
    endloop
  endfacet
  facet normal 0 0 1
    outer loop
      vertex -22.6876 3.88698 8.001
      vertex -25.3712 2.53703 8.001
      vertex -25.1782 2.10927 8.001
    endloop
  endfacet
  facet normal 0 0 1
    outer loop
      vertex -22.1051 1.50886 8.001
      vertex -25.0351 1.60197 8.001
      vertex -24.9418 1.01521 8.001
    endloop
  endfacet
  facet normal 0 0 1
    outer loop
      vertex -22.3333 2.77742 8.001
      vertex -25.0351 1.60197 8.001
      vertex -22.1051 1.50886 8.001
    endloop
  endfacet
  facet normal 0 0 1
    outer loop
      vertex -26.3061 3.34819 8.001
      vertex -24.4972 6.25209 8.001
      vertex -25.3278 6.69713 8.001
    endloop
  endfacet
  facet normal 0 -0 1
    outer loop
      vertex -25.0351 1.60197 8.001
      vertex -22.3333 2.77742 8.001
      vertex -25.1782 2.10927 8.001
    endloop
  endfacet
  facet normal 0 0 1
    outer loop
      vertex -22.6876 3.88698 8.001
      vertex -25.6141 2.88533 8.001
      vertex -25.3712 2.53703 8.001
    endloop
  endfacet
  facet normal 0 0 1
    outer loop
      vertex -23.1679 4.83751 8.001
      vertex -25.921 3.15535 8.001
      vertex -25.6141 2.88533 8.001
    endloop
  endfacet
  facet normal 0 0 1
    outer loop
      vertex -26.7696 3.46388 8.001
      vertex -25.3278 6.69713 8.001
      vertex -26.2659 6.96413 8.001
    endloop
  endfacet
  facet normal 0 0 1
    outer loop
      vertex -24.4972 6.25209 8.001
      vertex -26.3061 3.34819 8.001
      vertex -25.921 3.15535 8.001
    endloop
  endfacet
  facet normal 0 0 1
    outer loop
      vertex -25.3278 6.69713 8.001
      vertex -26.7696 3.46388 8.001
      vertex -26.3061 3.34819 8.001
    endloop
  endfacet
  facet normal 0 0 1
    outer loop
      vertex -27.3114 3.50246 8.001
      vertex -26.2659 6.96413 8.001
      vertex -27.3114 7.05315 8.001
    endloop
  endfacet
  facet normal 0 0 1
    outer loop
      vertex -26.2659 6.96413 8.001
      vertex -27.3114 3.50246 8.001
      vertex -26.7696 3.46388 8.001
    endloop
  endfacet
  facet normal 0 0 1
    outer loop
      vertex -27.3114 7.05315 8.001
      vertex -27.8455 3.47221 8.001
      vertex -27.3114 3.50246 8.001
    endloop
  endfacet
  facet normal -0 0 1
    outer loop
      vertex -28.488 6.95048 8.001
      vertex -27.8455 3.47221 8.001
      vertex -27.3114 7.05315 8.001
    endloop
  endfacet
  facet normal 0 0 1
    outer loop
      vertex -27.8455 3.47221 8.001
      vertex -28.488 6.95048 8.001
      vertex -28.3084 3.38142 8.001
    endloop
  endfacet
  facet normal -0 0 1
    outer loop
      vertex -29.523 6.64253 8.001
      vertex -28.3084 3.38142 8.001
      vertex -28.488 6.95048 8.001
    endloop
  endfacet
  facet normal 0 0 1
    outer loop
      vertex -28.3084 3.38142 8.001
      vertex -29.523 6.64253 8.001
      vertex -28.7 3.23015 8.001
    endloop
  endfacet
  facet normal -0 0 1
    outer loop
      vertex -30.4163 6.12926 8.001
      vertex -28.7 3.23015 8.001
      vertex -29.523 6.64253 8.001
    endloop
  endfacet
  facet normal -0 0 1
    outer loop
      vertex -31.1678 5.41066 8.001
      vertex -28.7 3.23015 8.001
      vertex -30.4163 6.12926 8.001
    endloop
  endfacet
  facet normal 0 0 1
    outer loop
      vertex -28.7 3.23015 8.001
      vertex -31.1678 5.41066 8.001
      vertex -29.0205 3.01836 8.001
    endloop
  endfacet
  facet normal -0 0 1
    outer loop
      vertex -31.7635 4.50825 8.001
      vertex -29.0205 3.01836 8.001
      vertex -31.1678 5.41066 8.001
    endloop
  endfacet
  facet normal 0 0 1
    outer loop
      vertex -29.0205 3.01836 8.001
      vertex -31.7635 4.50825 8.001
      vertex -29.2696 2.73534 8.001
    endloop
  endfacet
  facet normal -0 0 1
    outer loop
      vertex -32.1889 3.44325 8.001
      vertex -29.2696 2.73534 8.001
      vertex -31.7635 4.50825 8.001
    endloop
  endfacet
  facet normal 0 0 1
    outer loop
      vertex -29.2696 2.73534 8.001
      vertex -32.1889 3.44325 8.001
      vertex -29.4476 2.37044 8.001
    endloop
  endfacet
  facet normal 0 -0 1
    outer loop
      vertex -32.4983 -0.0320892 8.001
      vertex -29.59 1.39491 8.001
      vertex -32.5293 0.825393 8.001
    endloop
  endfacet
  facet normal 0 -0 1
    outer loop
      vertex -32.4054 -0.819534 8.001
      vertex -29.59 1.39491 8.001
      vertex -32.4983 -0.0320892 8.001
    endloop
  endfacet
  facet normal 0 0 1
    outer loop
      vertex -32.4442 2.21562 8.001
      vertex -29.4476 2.37044 8.001
      vertex -32.1889 3.44325 8.001
    endloop
  endfacet
  facet normal 0 -0 1
    outer loop
      vertex -32.2505 -1.53697 8.001
      vertex -29.59 1.39491 8.001
      vertex -32.4054 -0.819534 8.001
    endloop
  endfacet
  facet normal 0 -0 1
    outer loop
      vertex -32.0337 -2.18434 8.001
      vertex -29.59 1.39491 8.001
      vertex -32.2505 -1.53697 8.001
    endloop
  endfacet
  facet normal 0 0 1
    outer loop
      vertex -29.4476 2.37044 8.001
      vertex -32.4442 2.21562 8.001
      vertex -29.5544 1.92363 8.001
    endloop
  endfacet
  facet normal 0 -0 1
    outer loop
      vertex -31.7578 -2.76811 8.001
      vertex -29.59 1.39491 8.001
      vertex -32.0337 -2.18434 8.001
    endloop
  endfacet
  facet normal 0 0 1
    outer loop
      vertex -29.5544 1.92363 8.001
      vertex -32.4442 2.21562 8.001
      vertex -29.59 1.39491 8.001
    endloop
  endfacet
  facet normal 0 -0 1
    outer loop
      vertex -31.4256 -3.29497 8.001
      vertex -29.59 1.39491 8.001
      vertex -31.7578 -2.76811 8.001
    endloop
  endfacet
  facet normal 0 0 1
    outer loop
      vertex -29.59 1.39491 8.001
      vertex -30.5926 -4.17793 8.001
      vertex -30.0094 -4.57008 8.001
    endloop
  endfacet
  facet normal 0 0 1
    outer loop
      vertex -29.59 1.39491 8.001
      vertex -32.4442 2.21562 8.001
      vertex -32.5293 0.825393 8.001
    endloop
  endfacet
  facet normal 0 -0 1
    outer loop
      vertex -30.5926 -4.17793 8.001
      vertex -29.59 1.39491 8.001
      vertex -31.0372 -3.76491 8.001
    endloop
  endfacet
  facet normal 0 0 1
    outer loop
      vertex -29.59 1.39491 8.001
      vertex -31.4256 -3.29497 8.001
      vertex -31.0372 -3.76491 8.001
    endloop
  endfacet
  facet normal 0 0 1
    outer loop
      vertex -21.8203 -7.88991 8.001
      vertex -24.7905 -7.91542 8.001
      vertex -24.7595 -8.38353 8.001
    endloop
  endfacet
  facet normal 0 0 1
    outer loop
      vertex -24.0959 -2.47139 8.001
      vertex -24.8834 -7.49831 8.001
      vertex -24.7905 -7.91542 8.001
    endloop
  endfacet
  facet normal 0 0 1
    outer loop
      vertex -24.0959 -2.47139 8.001
      vertex -25.0383 -7.13225 8.001
      vertex -24.8834 -7.49831 8.001
    endloop
  endfacet
  facet normal 0 0 1
    outer loop
      vertex -26.3862 -6.04994 8.001
      vertex -24.5737 -2.17302 8.001
      vertex -25.1071 -1.89958 8.001
    endloop
  endfacet
  facet normal 0 0 1
    outer loop
      vertex -24.0959 -2.47139 8.001
      vertex -25.2551 -6.81721 8.001
      vertex -25.0383 -7.13225 8.001
    endloop
  endfacet
  facet normal 0 0 1
    outer loop
      vertex -24.0959 -2.47139 8.001
      vertex -25.546 -6.53896 8.001
      vertex -25.2551 -6.81721 8.001
    endloop
  endfacet
  facet normal 0 0 1
    outer loop
      vertex -26.9356 -5.83919 8.001
      vertex -25.1071 -1.89958 8.001
      vertex -25.6884 -1.64024 8.001
    endloop
  endfacet
  facet normal 0 0 1
    outer loop
      vertex -24.0959 -2.47139 8.001
      vertex -25.923 -6.28319 8.001
      vertex -25.546 -6.53896 8.001
    endloop
  endfacet
  facet normal 0 0 1
    outer loop
      vertex -26.9356 -5.83919 8.001
      vertex -25.6884 -1.64024 8.001
      vertex -26.3103 -1.38445 8.001
    endloop
  endfacet
  facet normal 0 0 1
    outer loop
      vertex -24.0959 -2.47139 8.001
      vertex -26.3862 -6.04994 8.001
      vertex -25.923 -6.28319 8.001
    endloop
  endfacet
  facet normal 0 0 1
    outer loop
      vertex -25.1071 -1.89958 8.001
      vertex -26.9356 -5.83919 8.001
      vertex -26.3862 -6.04994 8.001
    endloop
  endfacet
  facet normal 0 0 1
    outer loop
      vertex -28.1809 -5.40071 8.001
      vertex -26.3103 -1.38445 8.001
      vertex -26.9729 -1.13219 8.001
    endloop
  endfacet
  facet normal 0 0 1
    outer loop
      vertex -29.2055 -4.97768 8.001
      vertex -26.9729 -1.13219 8.001
      vertex -27.676 -0.883469 8.001
    endloop
  endfacet
  facet normal 0 0 1
    outer loop
      vertex -30.0094 -4.57008 8.001
      vertex -27.676 -0.883469 8.001
      vertex -28.1569 -0.70137 8.001
    endloop
  endfacet
  facet normal 0 0 1
    outer loop
      vertex -26.3103 -1.38445 8.001
      vertex -28.1809 -5.40071 8.001
      vertex -26.9356 -5.83919 8.001
    endloop
  endfacet
  facet normal 0 0 1
    outer loop
      vertex -30.0094 -4.57008 8.001
      vertex -28.1569 -0.70137 8.001
      vertex -28.5632 -0.496719 8.001
    endloop
  endfacet
  facet normal 0 0 1
    outer loop
      vertex -30.0094 -4.57008 8.001
      vertex -28.5632 -0.496719 8.001
      vertex -28.8946 -0.269455 8.001
    endloop
  endfacet
  facet normal 0 0 1
    outer loop
      vertex -30.0094 -4.57008 8.001
      vertex -28.8946 -0.269455 8.001
      vertex -29.1513 -0.0196686 8.001
    endloop
  endfacet
  facet normal 0 0 1
    outer loop
      vertex -26.9729 -1.13219 8.001
      vertex -29.2055 -4.97768 8.001
      vertex -28.1809 -5.40071 8.001
    endloop
  endfacet
  facet normal 0 0 1
    outer loop
      vertex -30.0094 -4.57008 8.001
      vertex -29.1513 -0.0196686 8.001
      vertex -29.3432 0.264571 8.001
    endloop
  endfacet
  facet normal 0 0 1
    outer loop
      vertex -30.0094 -4.57008 8.001
      vertex -29.3432 0.264571 8.001
      vertex -29.4803 0.595077 8.001
    endloop
  endfacet
  facet normal 0 0 1
    outer loop
      vertex -30.0094 -4.57008 8.001
      vertex -29.4803 0.595077 8.001
      vertex -29.5626 0.971847 8.001
    endloop
  endfacet
  facet normal 0 0 1
    outer loop
      vertex -30.0094 -4.57008 8.001
      vertex -29.5626 0.971847 8.001
      vertex -29.59 1.39491 8.001
    endloop
  endfacet
  facet normal 0 0 1
    outer loop
      vertex -27.676 -0.883469 8.001
      vertex -30.0094 -4.57008 8.001
      vertex -29.2055 -4.97768 8.001
    endloop
  endfacet
  facet normal 0 0 1
    outer loop
      vertex -24.7905 -7.91542 8.001
      vertex -21.8203 -7.88991 8.001
      vertex -21.8456 -7.0468 8.001
    endloop
  endfacet
  facet normal 0 0 1
    outer loop
      vertex -24.7905 -7.91542 8.001
      vertex -21.8456 -7.0468 8.001
      vertex -21.9214 -6.28319 8.001
    endloop
  endfacet
  facet normal 0 0 1
    outer loop
      vertex -24.7905 -7.91542 8.001
      vertex -21.9214 -6.28319 8.001
      vertex -22.0478 -5.59904 8.001
    endloop
  endfacet
  facet normal 0 0 1
    outer loop
      vertex -21.8203 -7.88991 8.001
      vertex -24.7595 -8.38353 8.001
      vertex -21.9118 -9.30037 8.001
    endloop
  endfacet
  facet normal 0 0 1
    outer loop
      vertex -24.7905 -7.91542 8.001
      vertex -22.0478 -5.59904 8.001
      vertex -22.2247 -4.9944 8.001
    endloop
  endfacet
  facet normal 0 0 1
    outer loop
      vertex -24.7905 -7.91542 8.001
      vertex -22.2247 -4.9944 8.001
      vertex -22.444 -4.45503 8.001
    endloop
  endfacet
  facet normal -0 0 1
    outer loop
      vertex -24.7979 -8.95079 8.001
      vertex -21.9118 -9.30037 8.001
      vertex -24.7595 -8.38353 8.001
    endloop
  endfacet
  facet normal 0 0 1
    outer loop
      vertex -24.7905 -7.91542 8.001
      vertex -22.444 -4.45503 8.001
      vertex -22.6975 -3.96666 8.001
    endloop
  endfacet
  facet normal 0 0 1
    outer loop
      vertex -24.7905 -7.91542 8.001
      vertex -22.6975 -3.96666 8.001
      vertex -22.9851 -3.52934 8.001
    endloop
  endfacet
  facet normal 0 0 1
    outer loop
      vertex -24.9133 -9.43739 8.001
      vertex -21.9118 -9.30037 8.001
      vertex -24.7979 -8.95079 8.001
    endloop
  endfacet
  facet normal 0 0 1
    outer loop
      vertex -24.7905 -7.91542 8.001
      vertex -22.9851 -3.52934 8.001
      vertex -23.307 -3.14305 8.001
    endloop
  endfacet
  facet normal 0 0 1
    outer loop
      vertex -24.7905 -7.91542 8.001
      vertex -23.307 -3.14305 8.001
      vertex -23.6737 -2.79475 8.001
    endloop
  endfacet
  facet normal 0 0 1
    outer loop
      vertex -21.9118 -9.30037 8.001
      vertex -24.9133 -9.43739 8.001
      vertex -22.1863 -10.5506 8.001
    endloop
  endfacet
  facet normal 0 0 1
    outer loop
      vertex -24.7905 -7.91542 8.001
      vertex -23.6737 -2.79475 8.001
      vertex -24.0959 -2.47139 8.001
    endloop
  endfacet
  facet normal 0 0 1
    outer loop
      vertex -26.3862 -6.04994 8.001
      vertex -24.0959 -2.47139 8.001
      vertex -24.5737 -2.17302 8.001
    endloop
  endfacet
  facet normal -0 0 1
    outer loop
      vertex -25.1055 -9.84331 8.001
      vertex -22.1863 -10.5506 8.001
      vertex -24.9133 -9.43739 8.001
    endloop
  endfacet
  facet normal 0 0 1
    outer loop
      vertex -22.1863 -10.5506 8.001
      vertex -25.1055 -9.84331 8.001
      vertex -22.6438 -11.6406 8.001
    endloop
  endfacet
  facet normal -0 0 1
    outer loop
      vertex -25.3747 -10.1685 8.001
      vertex -22.6438 -11.6406 8.001
      vertex -25.1055 -9.84331 8.001
    endloop
  endfacet
  facet normal 0 0 1
    outer loop
      vertex -22.6438 -11.6406 8.001
      vertex -25.3747 -10.1685 8.001
      vertex -23.2843 -12.5704 8.001
    endloop
  endfacet
  facet normal -0 0 1
    outer loop
      vertex -25.7279 -10.4177 8.001
      vertex -23.2843 -12.5704 8.001
      vertex -25.3747 -10.1685 8.001
    endloop
  endfacet
  facet normal 0 0 1
    outer loop
      vertex -23.2843 -12.5704 8.001
      vertex -25.7279 -10.4177 8.001
      vertex -24.0864 -13.3138 8.001
    endloop
  endfacet
  facet normal -0 0 1
    outer loop
      vertex -26.1722 -10.5957 8.001
      vertex -24.0864 -13.3138 8.001
      vertex -25.7279 -10.4177 8.001
    endloop
  endfacet
  facet normal 0 0 1
    outer loop
      vertex -24.0864 -13.3138 8.001
      vertex -26.1722 -10.5957 8.001
      vertex -25.0287 -13.8449 8.001
    endloop
  endfacet
  facet normal 0 0 1
    outer loop
      vertex -25.0287 -13.8449 8.001
      vertex -26.1722 -10.5957 8.001
      vertex -26.1114 -14.1635 8.001
    endloop
  endfacet
  facet normal -0 0 1
    outer loop
      vertex -26.7076 -10.7025 8.001
      vertex -26.1114 -14.1635 8.001
      vertex -26.1722 -10.5957 8.001
    endloop
  endfacet
  facet normal 0 0 1
    outer loop
      vertex -27.3343 -14.2697 8.001
      vertex -26.7076 -10.7025 8.001
      vertex -27.3343 -10.7381 8.001
    endloop
  endfacet
  facet normal 0 0 1
    outer loop
      vertex -26.7076 -10.7025 8.001
      vertex -27.3343 -14.2697 8.001
      vertex -26.1114 -14.1635 8.001
    endloop
  endfacet
  facet normal 0 0 1
    outer loop
      vertex -28.0089 -10.7001 8.001
      vertex -27.3343 -14.2697 8.001
      vertex -27.3343 -10.7381 8.001
    endloop
  endfacet
  facet normal 0 0 1
    outer loop
      vertex -28.0089 -10.7001 8.001
      vertex -28.5301 -14.186 8.001
      vertex -27.3343 -14.2697 8.001
    endloop
  endfacet
  facet normal 0 0 1
    outer loop
      vertex -28.5746 -10.5862 8.001
      vertex -28.5301 -14.186 8.001
      vertex -28.0089 -10.7001 8.001
    endloop
  endfacet
  facet normal 0 0 1
    outer loop
      vertex -30.4754 -13.5168 8.001
      vertex -28.5746 -10.5862 8.001
      vertex -29.0314 -10.3963 8.001
    endloop
  endfacet
  facet normal 0 0 1
    outer loop
      vertex -31.2248 -12.9313 8.001
      vertex -29.0314 -10.3963 8.001
      vertex -29.3793 -10.1304 8.001
    endloop
  endfacet
  facet normal 0 0 1
    outer loop
      vertex -28.5746 -10.5862 8.001
      vertex -29.5771 -13.9351 8.001
      vertex -28.5301 -14.186 8.001
    endloop
  endfacet
  facet normal 0 0 1
    outer loop
      vertex -32.3484 -11.22 8.001
      vertex -29.3793 -10.1304 8.001
      vertex -29.6509 -9.77327 8.001
    endloop
  endfacet
  facet normal 0 0 1
    outer loop
      vertex -32.3484 -11.22 8.001
      vertex -29.6509 -9.77327 8.001
      vertex -29.8791 -9.30928 8.001
    endloop
  endfacet
  facet normal 0 0 1
    outer loop
      vertex -32.7403 -10.0849 8.001
      vertex -29.8791 -9.30928 8.001
      vertex -30.0639 -8.73851 8.001
    endloop
  endfacet
  facet normal 0 0 1
    outer loop
      vertex -33.019 -8.7635 8.001
      vertex -30.0639 -8.73851 8.001
      vertex -30.2052 -8.06099 8.001
    endloop
  endfacet
  facet normal 0 0 1
    outer loop
      vertex -28.5746 -10.5862 8.001
      vertex -30.4754 -13.5168 8.001
      vertex -29.5771 -13.9351 8.001
    endloop
  endfacet
  facet normal 0 0 1
    outer loop
      vertex -29.0314 -10.3963 8.001
      vertex -31.2248 -12.9313 8.001
      vertex -30.4754 -13.5168 8.001
    endloop
  endfacet
  facet normal 0 0 1
    outer loop
      vertex -29.3793 -10.1304 8.001
      vertex -31.8432 -12.1688 8.001
      vertex -31.2248 -12.9313 8.001
    endloop
  endfacet
  facet normal 0 0 1
    outer loop
      vertex -29.3793 -10.1304 8.001
      vertex -32.3484 -11.22 8.001
      vertex -31.8432 -12.1688 8.001
    endloop
  endfacet
  facet normal 0 0 1
    outer loop
      vertex -29.8791 -9.30928 8.001
      vertex -32.7403 -10.0849 8.001
      vertex -32.3484 -11.22 8.001
    endloop
  endfacet
  facet normal 0 0 1
    outer loop
      vertex -30.0639 -8.73851 8.001
      vertex -33.019 -8.7635 8.001
      vertex -32.7403 -10.0849 8.001
    endloop
  endfacet
  facet normal 0 0 1
    outer loop
      vertex -12.5055 2.10927 8.001
      vertex -9.66064 2.77742 8.001
      vertex -10.0149 3.88698 8.001
    endloop
  endfacet
  facet normal 0 0 1
    outer loop
      vertex -12.9414 2.88533 8.001
      vertex -10.0149 3.88698 8.001
      vertex -10.4952 4.83751 8.001
    endloop
  endfacet
  facet normal 0 0 1
    outer loop
      vertex -13.2483 3.15535 8.001
      vertex -10.4952 4.83751 8.001
      vertex -11.1015 5.62907 8.001
    endloop
  endfacet
  facet normal 0 0 1
    outer loop
      vertex -13.2483 3.15535 8.001
      vertex -11.1015 5.62907 8.001
      vertex -11.8245 6.25209 8.001
    endloop
  endfacet
  facet normal 0 0 1
    outer loop
      vertex -10.0149 3.88698 8.001
      vertex -12.6986 2.53703 8.001
      vertex -12.5055 2.10927 8.001
    endloop
  endfacet
  facet normal 0 0 1
    outer loop
      vertex -9.4324 1.50886 8.001
      vertex -12.3624 1.60197 8.001
      vertex -12.2691 1.01521 8.001
    endloop
  endfacet
  facet normal 0 0 1
    outer loop
      vertex -9.66064 2.77742 8.001
      vertex -12.3624 1.60197 8.001
      vertex -9.4324 1.50886 8.001
    endloop
  endfacet
  facet normal 0 0 1
    outer loop
      vertex -13.6335 3.34819 8.001
      vertex -11.8245 6.25209 8.001
      vertex -12.6551 6.69713 8.001
    endloop
  endfacet
  facet normal 0 -0 1
    outer loop
      vertex -12.3624 1.60197 8.001
      vertex -9.66064 2.77742 8.001
      vertex -12.5055 2.10927 8.001
    endloop
  endfacet
  facet normal 0 0 1
    outer loop
      vertex -10.0149 3.88698 8.001
      vertex -12.9414 2.88533 8.001
      vertex -12.6986 2.53703 8.001
    endloop
  endfacet
  facet normal 0 0 1
    outer loop
      vertex -10.4952 4.83751 8.001
      vertex -13.2483 3.15535 8.001
      vertex -12.9414 2.88533 8.001
    endloop
  endfacet
  facet normal 0 0 1
    outer loop
      vertex -14.0969 3.46388 8.001
      vertex -12.6551 6.69713 8.001
      vertex -13.5932 6.96413 8.001
    endloop
  endfacet
  facet normal 0 0 1
    outer loop
      vertex -11.8245 6.25209 8.001
      vertex -13.6335 3.34819 8.001
      vertex -13.2483 3.15535 8.001
    endloop
  endfacet
  facet normal 0 0 1
    outer loop
      vertex -12.6551 6.69713 8.001
      vertex -14.0969 3.46388 8.001
      vertex -13.6335 3.34819 8.001
    endloop
  endfacet
  facet normal 0 0 1
    outer loop
      vertex -14.6387 3.50246 8.001
      vertex -13.5932 6.96413 8.001
      vertex -14.6387 7.05315 8.001
    endloop
  endfacet
  facet normal 0 0 1
    outer loop
      vertex -13.5932 6.96413 8.001
      vertex -14.6387 3.50246 8.001
      vertex -14.0969 3.46388 8.001
    endloop
  endfacet
  facet normal 0 0 1
    outer loop
      vertex -14.6387 7.05315 8.001
      vertex -15.1728 3.47221 8.001
      vertex -14.6387 3.50246 8.001
    endloop
  endfacet
  facet normal -0 0 1
    outer loop
      vertex -15.8154 6.95048 8.001
      vertex -15.1728 3.47221 8.001
      vertex -14.6387 7.05315 8.001
    endloop
  endfacet
  facet normal 0 0 1
    outer loop
      vertex -15.1728 3.47221 8.001
      vertex -15.8154 6.95048 8.001
      vertex -15.6357 3.38142 8.001
    endloop
  endfacet
  facet normal -0 0 1
    outer loop
      vertex -16.8503 6.64253 8.001
      vertex -15.6357 3.38142 8.001
      vertex -15.8154 6.95048 8.001
    endloop
  endfacet
  facet normal 0 0 1
    outer loop
      vertex -15.6357 3.38142 8.001
      vertex -16.8503 6.64253 8.001
      vertex -16.0273 3.23015 8.001
    endloop
  endfacet
  facet normal -0 0 1
    outer loop
      vertex -17.7436 6.12926 8.001
      vertex -16.0273 3.23015 8.001
      vertex -16.8503 6.64253 8.001
    endloop
  endfacet
  facet normal -0 0 1
    outer loop
      vertex -18.4952 5.41066 8.001
      vertex -16.0273 3.23015 8.001
      vertex -17.7436 6.12926 8.001
    endloop
  endfacet
  facet normal 0 0 1
    outer loop
      vertex -16.0273 3.23015 8.001
      vertex -18.4952 5.41066 8.001
      vertex -16.3478 3.01836 8.001
    endloop
  endfacet
  facet normal -0 0 1
    outer loop
      vertex -19.0908 4.50825 8.001
      vertex -16.3478 3.01836 8.001
      vertex -18.4952 5.41066 8.001
    endloop
  endfacet
  facet normal 0 0 1
    outer loop
      vertex -16.3478 3.01836 8.001
      vertex -19.0908 4.50825 8.001
      vertex -16.5969 2.73534 8.001
    endloop
  endfacet
  facet normal -0 0 1
    outer loop
      vertex -19.5163 3.44325 8.001
      vertex -16.5969 2.73534 8.001
      vertex -19.0908 4.50825 8.001
    endloop
  endfacet
  facet normal 0 0 1
    outer loop
      vertex -16.5969 2.73534 8.001
      vertex -19.5163 3.44325 8.001
      vertex -16.7749 2.37044 8.001
    endloop
  endfacet
  facet normal 0 -0 1
    outer loop
      vertex -19.8257 -0.0320892 8.001
      vertex -16.9173 1.39491 8.001
      vertex -19.8566 0.825393 8.001
    endloop
  endfacet
  facet normal 0 -0 1
    outer loop
      vertex -19.7327 -0.819534 8.001
      vertex -16.9173 1.39491 8.001
      vertex -19.8257 -0.0320892 8.001
    endloop
  endfacet
  facet normal 0 0 1
    outer loop
      vertex -19.7715 2.21562 8.001
      vertex -16.7749 2.37044 8.001
      vertex -19.5163 3.44325 8.001
    endloop
  endfacet
  facet normal 0 -0 1
    outer loop
      vertex -19.5778 -1.53697 8.001
      vertex -16.9173 1.39491 8.001
      vertex -19.7327 -0.819534 8.001
    endloop
  endfacet
  facet normal 0 -0 1
    outer loop
      vertex -19.361 -2.18434 8.001
      vertex -16.9173 1.39491 8.001
      vertex -19.5778 -1.53697 8.001
    endloop
  endfacet
  facet normal 0 0 1
    outer loop
      vertex -16.7749 2.37044 8.001
      vertex -19.7715 2.21562 8.001
      vertex -16.8817 1.92363 8.001
    endloop
  endfacet
  facet normal 0 -0 1
    outer loop
      vertex -19.0851 -2.76811 8.001
      vertex -16.9173 1.39491 8.001
      vertex -19.361 -2.18434 8.001
    endloop
  endfacet
  facet normal 0 0 1
    outer loop
      vertex -16.8817 1.92363 8.001
      vertex -19.7715 2.21562 8.001
      vertex -16.9173 1.39491 8.001
    endloop
  endfacet
  facet normal 0 -0 1
    outer loop
      vertex -18.753 -3.29497 8.001
      vertex -16.9173 1.39491 8.001
      vertex -19.0851 -2.76811 8.001
    endloop
  endfacet
  facet normal 0 0 1
    outer loop
      vertex -16.9173 1.39491 8.001
      vertex -17.9199 -4.17793 8.001
      vertex -17.3367 -4.57008 8.001
    endloop
  endfacet
  facet normal 0 0 1
    outer loop
      vertex -16.9173 1.39491 8.001
      vertex -19.7715 2.21562 8.001
      vertex -19.8566 0.825393 8.001
    endloop
  endfacet
  facet normal 0 -0 1
    outer loop
      vertex -17.9199 -4.17793 8.001
      vertex -16.9173 1.39491 8.001
      vertex -18.3646 -3.76491 8.001
    endloop
  endfacet
  facet normal 0 0 1
    outer loop
      vertex -16.9173 1.39491 8.001
      vertex -18.753 -3.29497 8.001
      vertex -18.3646 -3.76491 8.001
    endloop
  endfacet
  facet normal 0 0 1
    outer loop
      vertex -9.14765 -7.88991 8.001
      vertex -12.1178 -7.91542 8.001
      vertex -12.0868 -8.38353 8.001
    endloop
  endfacet
  facet normal 0 0 1
    outer loop
      vertex -11.4232 -2.47139 8.001
      vertex -12.2107 -7.49831 8.001
      vertex -12.1178 -7.91542 8.001
    endloop
  endfacet
  facet normal 0 0 1
    outer loop
      vertex -11.4232 -2.47139 8.001
      vertex -12.3656 -7.13225 8.001
      vertex -12.2107 -7.49831 8.001
    endloop
  endfacet
  facet normal 0 0 1
    outer loop
      vertex -13.7135 -6.04994 8.001
      vertex -11.901 -2.17302 8.001
      vertex -12.4344 -1.89958 8.001
    endloop
  endfacet
  facet normal 0 0 1
    outer loop
      vertex -11.4232 -2.47139 8.001
      vertex -12.5824 -6.81721 8.001
      vertex -12.3656 -7.13225 8.001
    endloop
  endfacet
  facet normal 0 0 1
    outer loop
      vertex -11.4232 -2.47139 8.001
      vertex -12.8733 -6.53896 8.001
      vertex -12.5824 -6.81721 8.001
    endloop
  endfacet
  facet normal 0 0 1
    outer loop
      vertex -14.2629 -5.83919 8.001
      vertex -12.4344 -1.89958 8.001
      vertex -13.0157 -1.64024 8.001
    endloop
  endfacet
  facet normal 0 0 1
    outer loop
      vertex -11.4232 -2.47139 8.001
      vertex -13.2503 -6.28319 8.001
      vertex -12.8733 -6.53896 8.001
    endloop
  endfacet
  facet normal 0 0 1
    outer loop
      vertex -14.2629 -5.83919 8.001
      vertex -13.0157 -1.64024 8.001
      vertex -13.6377 -1.38445 8.001
    endloop
  endfacet
  facet normal 0 0 1
    outer loop
      vertex -11.4232 -2.47139 8.001
      vertex -13.7135 -6.04994 8.001
      vertex -13.2503 -6.28319 8.001
    endloop
  endfacet
  facet normal 0 0 1
    outer loop
      vertex -12.4344 -1.89958 8.001
      vertex -14.2629 -5.83919 8.001
      vertex -13.7135 -6.04994 8.001
    endloop
  endfacet
  facet normal 0 0 1
    outer loop
      vertex -15.5082 -5.40071 8.001
      vertex -13.6377 -1.38445 8.001
      vertex -14.3002 -1.13219 8.001
    endloop
  endfacet
  facet normal 0 0 1
    outer loop
      vertex -16.5328 -4.97768 8.001
      vertex -14.3002 -1.13219 8.001
      vertex -15.0033 -0.883469 8.001
    endloop
  endfacet
  facet normal 0 0 1
    outer loop
      vertex -17.3367 -4.57008 8.001
      vertex -15.0033 -0.883469 8.001
      vertex -15.4843 -0.70137 8.001
    endloop
  endfacet
  facet normal 0 0 1
    outer loop
      vertex -13.6377 -1.38445 8.001
      vertex -15.5082 -5.40071 8.001
      vertex -14.2629 -5.83919 8.001
    endloop
  endfacet
  facet normal 0 0 1
    outer loop
      vertex -17.3367 -4.57008 8.001
      vertex -15.4843 -0.70137 8.001
      vertex -15.8905 -0.496719 8.001
    endloop
  endfacet
  facet normal 0 0 1
    outer loop
      vertex -17.3367 -4.57008 8.001
      vertex -15.8905 -0.496719 8.001
      vertex -16.2219 -0.269455 8.001
    endloop
  endfacet
  facet normal 0 0 1
    outer loop
      vertex -17.3367 -4.57008 8.001
      vertex -16.2219 -0.269455 8.001
      vertex -16.4787 -0.0196686 8.001
    endloop
  endfacet
  facet normal 0 0 1
    outer loop
      vertex -14.3002 -1.13219 8.001
      vertex -16.5328 -4.97768 8.001
      vertex -15.5082 -5.40071 8.001
    endloop
  endfacet
  facet normal 0 0 1
    outer loop
      vertex -17.3367 -4.57008 8.001
      vertex -16.4787 -0.0196686 8.001
      vertex -16.6706 0.264571 8.001
    endloop
  endfacet
  facet normal 0 0 1
    outer loop
      vertex -17.3367 -4.57008 8.001
      vertex -16.6706 0.264571 8.001
      vertex -16.8076 0.595077 8.001
    endloop
  endfacet
  facet normal 0 0 1
    outer loop
      vertex -17.3367 -4.57008 8.001
      vertex -16.8076 0.595077 8.001
      vertex -16.8899 0.971847 8.001
    endloop
  endfacet
  facet normal 0 0 1
    outer loop
      vertex -17.3367 -4.57008 8.001
      vertex -16.8899 0.971847 8.001
      vertex -16.9173 1.39491 8.001
    endloop
  endfacet
  facet normal 0 0 1
    outer loop
      vertex -15.0033 -0.883469 8.001
      vertex -17.3367 -4.57008 8.001
      vertex -16.5328 -4.97768 8.001
    endloop
  endfacet
  facet normal 0 0 1
    outer loop
      vertex -12.1178 -7.91542 8.001
      vertex -9.14765 -7.88991 8.001
      vertex -9.17292 -7.0468 8.001
    endloop
  endfacet
  facet normal 0 0 1
    outer loop
      vertex -12.1178 -7.91542 8.001
      vertex -9.17292 -7.0468 8.001
      vertex -9.24874 -6.28319 8.001
    endloop
  endfacet
  facet normal 0 0 1
    outer loop
      vertex -12.1178 -7.91542 8.001
      vertex -9.24874 -6.28319 8.001
      vertex -9.3751 -5.59904 8.001
    endloop
  endfacet
  facet normal 0 0 1
    outer loop
      vertex -9.14765 -7.88991 8.001
      vertex -12.0868 -8.38353 8.001
      vertex -9.23915 -9.30037 8.001
    endloop
  endfacet
  facet normal 0 0 1
    outer loop
      vertex -12.1178 -7.91542 8.001
      vertex -9.3751 -5.59904 8.001
      vertex -9.55202 -4.9944 8.001
    endloop
  endfacet
  facet normal 0 0 1
    outer loop
      vertex -12.1178 -7.91542 8.001
      vertex -9.55202 -4.9944 8.001
      vertex -9.77131 -4.45503 8.001
    endloop
  endfacet
  facet normal -0 0 1
    outer loop
      vertex -12.1253 -8.95079 8.001
      vertex -9.23915 -9.30037 8.001
      vertex -12.0868 -8.38353 8.001
    endloop
  endfacet
  facet normal 0 0 1
    outer loop
      vertex -12.1178 -7.91542 8.001
      vertex -9.77131 -4.45503 8.001
      vertex -10.0248 -3.96666 8.001
    endloop
  endfacet
  facet normal 0 0 1
    outer loop
      vertex -12.1178 -7.91542 8.001
      vertex -10.0248 -3.96666 8.001
      vertex -10.3124 -3.52934 8.001
    endloop
  endfacet
  facet normal 0 0 1
    outer loop
      vertex -12.2406 -9.43739 8.001
      vertex -9.23915 -9.30037 8.001
      vertex -12.1253 -8.95079 8.001
    endloop
  endfacet
  facet normal 0 0 1
    outer loop
      vertex -12.1178 -7.91542 8.001
      vertex -10.3124 -3.52934 8.001
      vertex -10.6343 -3.14305 8.001
    endloop
  endfacet
  facet normal 0 0 1
    outer loop
      vertex -12.1178 -7.91542 8.001
      vertex -10.6343 -3.14305 8.001
      vertex -11.001 -2.79475 8.001
    endloop
  endfacet
  facet normal 0 0 1
    outer loop
      vertex -9.23915 -9.30037 8.001
      vertex -12.2406 -9.43739 8.001
      vertex -9.51362 -10.5506 8.001
    endloop
  endfacet
  facet normal 0 0 1
    outer loop
      vertex -12.1178 -7.91542 8.001
      vertex -11.001 -2.79475 8.001
      vertex -11.4232 -2.47139 8.001
    endloop
  endfacet
  facet normal 0 0 1
    outer loop
      vertex -13.7135 -6.04994 8.001
      vertex -11.4232 -2.47139 8.001
      vertex -11.901 -2.17302 8.001
    endloop
  endfacet
  facet normal -0 0 1
    outer loop
      vertex -12.4329 -9.84331 8.001
      vertex -9.51362 -10.5506 8.001
      vertex -12.2406 -9.43739 8.001
    endloop
  endfacet
  facet normal 0 0 1
    outer loop
      vertex -9.51362 -10.5506 8.001
      vertex -12.4329 -9.84331 8.001
      vertex -9.97111 -11.6406 8.001
    endloop
  endfacet
  facet normal -0 0 1
    outer loop
      vertex -12.702 -10.1685 8.001
      vertex -9.97111 -11.6406 8.001
      vertex -12.4329 -9.84331 8.001
    endloop
  endfacet
  facet normal 0 0 1
    outer loop
      vertex -9.97111 -11.6406 8.001
      vertex -12.702 -10.1685 8.001
      vertex -10.6116 -12.5704 8.001
    endloop
  endfacet
  facet normal -0 0 1
    outer loop
      vertex -13.0552 -10.4177 8.001
      vertex -10.6116 -12.5704 8.001
      vertex -12.702 -10.1685 8.001
    endloop
  endfacet
  facet normal 0 0 1
    outer loop
      vertex -10.6116 -12.5704 8.001
      vertex -13.0552 -10.4177 8.001
      vertex -11.4137 -13.3138 8.001
    endloop
  endfacet
  facet normal -0 0 1
    outer loop
      vertex -13.4995 -10.5957 8.001
      vertex -11.4137 -13.3138 8.001
      vertex -13.0552 -10.4177 8.001
    endloop
  endfacet
  facet normal 0 0 1
    outer loop
      vertex -11.4137 -13.3138 8.001
      vertex -13.4995 -10.5957 8.001
      vertex -12.3561 -13.8449 8.001
    endloop
  endfacet
  facet normal 0 0 1
    outer loop
      vertex -12.3561 -13.8449 8.001
      vertex -13.4995 -10.5957 8.001
      vertex -13.4387 -14.1635 8.001
    endloop
  endfacet
  facet normal -0 0 1
    outer loop
      vertex -14.035 -10.7025 8.001
      vertex -13.4387 -14.1635 8.001
      vertex -13.4995 -10.5957 8.001
    endloop
  endfacet
  facet normal 0 0 1
    outer loop
      vertex -14.6616 -14.2697 8.001
      vertex -14.035 -10.7025 8.001
      vertex -14.6616 -10.7381 8.001
    endloop
  endfacet
  facet normal 0 0 1
    outer loop
      vertex -14.035 -10.7025 8.001
      vertex -14.6616 -14.2697 8.001
      vertex -13.4387 -14.1635 8.001
    endloop
  endfacet
  facet normal 0 0 1
    outer loop
      vertex -15.3362 -10.7001 8.001
      vertex -14.6616 -14.2697 8.001
      vertex -14.6616 -10.7381 8.001
    endloop
  endfacet
  facet normal 0 0 1
    outer loop
      vertex -15.3362 -10.7001 8.001
      vertex -15.8574 -14.186 8.001
      vertex -14.6616 -14.2697 8.001
    endloop
  endfacet
  facet normal 0 0 1
    outer loop
      vertex -15.902 -10.5862 8.001
      vertex -15.8574 -14.186 8.001
      vertex -15.3362 -10.7001 8.001
    endloop
  endfacet
  facet normal 0 0 1
    outer loop
      vertex -17.8027 -13.5168 8.001
      vertex -15.902 -10.5862 8.001
      vertex -16.3588 -10.3963 8.001
    endloop
  endfacet
  facet normal 0 0 1
    outer loop
      vertex -18.5521 -12.9313 8.001
      vertex -16.3588 -10.3963 8.001
      vertex -16.7066 -10.1304 8.001
    endloop
  endfacet
  facet normal 0 0 1
    outer loop
      vertex -15.902 -10.5862 8.001
      vertex -16.9045 -13.9351 8.001
      vertex -15.8574 -14.186 8.001
    endloop
  endfacet
  facet normal 0 0 1
    outer loop
      vertex -19.6757 -11.22 8.001
      vertex -16.7066 -10.1304 8.001
      vertex -16.9782 -9.77327 8.001
    endloop
  endfacet
  facet normal 0 0 1
    outer loop
      vertex -19.6757 -11.22 8.001
      vertex -16.9782 -9.77327 8.001
      vertex -17.2064 -9.30928 8.001
    endloop
  endfacet
  facet normal 0 0 1
    outer loop
      vertex -20.0676 -10.0849 8.001
      vertex -17.2064 -9.30928 8.001
      vertex -17.3912 -8.73851 8.001
    endloop
  endfacet
  facet normal 0 0 1
    outer loop
      vertex -20.3464 -8.7635 8.001
      vertex -17.3912 -8.73851 8.001
      vertex -17.5325 -8.06099 8.001
    endloop
  endfacet
  facet normal 0 0 1
    outer loop
      vertex -15.902 -10.5862 8.001
      vertex -17.8027 -13.5168 8.001
      vertex -16.9045 -13.9351 8.001
    endloop
  endfacet
  facet normal 0 0 1
    outer loop
      vertex -16.3588 -10.3963 8.001
      vertex -18.5521 -12.9313 8.001
      vertex -17.8027 -13.5168 8.001
    endloop
  endfacet
  facet normal 0 0 1
    outer loop
      vertex -16.7066 -10.1304 8.001
      vertex -19.1705 -12.1688 8.001
      vertex -18.5521 -12.9313 8.001
    endloop
  endfacet
  facet normal 0 0 1
    outer loop
      vertex -16.7066 -10.1304 8.001
      vertex -19.6757 -11.22 8.001
      vertex -19.1705 -12.1688 8.001
    endloop
  endfacet
  facet normal 0 0 1
    outer loop
      vertex -17.2064 -9.30928 8.001
      vertex -20.0676 -10.0849 8.001
      vertex -19.6757 -11.22 8.001
    endloop
  endfacet
  facet normal 0 0 1
    outer loop
      vertex -17.3912 -8.73851 8.001
      vertex -20.3464 -8.7635 8.001
      vertex -20.0676 -10.0849 8.001
    endloop
  endfacet
  facet normal 0 0 1
    outer loop
      vertex -0.866741 3.36259 8.001
      vertex 1.50438 5.38399 8.001
      vertex 0.56875 6.3007 8.001
    endloop
  endfacet
  facet normal 0 0 1
    outer loop
      vertex 1.50438 5.38399 8.001
      vertex 0.506806 -0.1353 8.001
      vertex 0.585871 -1.30122 8.001
    endloop
  endfacet
  facet normal 0 0 1
    outer loop
      vertex 1.50438 5.38399 8.001
      vertex 0.360798 0.875167 8.001
      vertex 0.506806 -0.1353 8.001
    endloop
  endfacet
  facet normal 0 0 1
    outer loop
      vertex 1.50438 5.38399 8.001
      vertex 0.147864 1.73018 8.001
      vertex 0.360798 0.875167 8.001
    endloop
  endfacet
  facet normal 0 0 1
    outer loop
      vertex 1.50438 5.38399 8.001
      vertex -0.131994 2.42979 8.001
      vertex 0.147864 1.73018 8.001
    endloop
  endfacet
  facet normal 0 0 1
    outer loop
      vertex 1.50438 5.38399 8.001
      vertex -0.472296 2.97392 8.001
      vertex -0.131994 2.42979 8.001
    endloop
  endfacet
  facet normal 0 0 1
    outer loop
      vertex -1.31531 3.59581 8.001
      vertex 0.56875 6.3007 8.001
      vertex -0.523546 6.85075 8.001
    endloop
  endfacet
  facet normal 0 0 1
    outer loop
      vertex 1.50438 5.38399 8.001
      vertex -0.866741 3.36259 8.001
      vertex -0.472296 2.97392 8.001
    endloop
  endfacet
  facet normal 0 0 1
    outer loop
      vertex 0.56875 6.3007 8.001
      vertex -1.31531 3.59581 8.001
      vertex -0.866741 3.36259 8.001
    endloop
  endfacet
  facet normal 0 0 1
    outer loop
      vertex -1.81803 3.67354 8.001
      vertex -0.523546 6.85075 8.001
      vertex -1.77251 7.0341 8.001
    endloop
  endfacet
  facet normal 0 0 1
    outer loop
      vertex -0.523546 6.85075 8.001
      vertex -1.81803 3.67354 8.001
      vertex -1.31531 3.59581 8.001
    endloop
  endfacet
  facet normal -0 0 1
    outer loop
      vertex -3.08334 6.8632 8.001
      vertex -1.81803 3.67354 8.001
      vertex -1.77251 7.0341 8.001
    endloop
  endfacet
  facet normal 0 0 1
    outer loop
      vertex -1.81803 3.67354 8.001
      vertex -3.08334 6.8632 8.001
      vertex -2.34953 3.59166 8.001
    endloop
  endfacet
  facet normal -0 0 1
    outer loop
      vertex -4.2361 6.35054 8.001
      vertex -2.34953 3.59166 8.001
      vertex -3.08334 6.8632 8.001
    endloop
  endfacet
  facet normal 0 0 1
    outer loop
      vertex -2.34953 3.59166 8.001
      vertex -4.2361 6.35054 8.001
      vertex -2.81625 3.34593 8.001
    endloop
  endfacet
  facet normal -0 0 1
    outer loop
      vertex -5.2308 5.49611 8.001
      vertex -2.81625 3.34593 8.001
      vertex -4.2361 6.35054 8.001
    endloop
  endfacet
  facet normal 0 0 1
    outer loop
      vertex -2.81625 3.34593 8.001
      vertex -5.2308 5.49611 8.001
      vertex -3.21818 2.93645 8.001
    endloop
  endfacet
  facet normal -0 0 1
    outer loop
      vertex -6.06743 4.29991 8.001
      vertex -3.21818 2.93645 8.001
      vertex -5.2308 5.49611 8.001
    endloop
  endfacet
  facet normal 0 0 1
    outer loop
      vertex -3.82411 1.64284 8.001
      vertex -6.73033 2.78566 8.001
      vertex -4.02103 0.792006 8.001
    endloop
  endfacet
  facet normal 0 0 1
    outer loop
      vertex -3.55532 2.36314 8.001
      vertex -6.73033 2.78566 8.001
      vertex -3.82411 1.64284 8.001
    endloop
  endfacet
  facet normal -0 0 1
    outer loop
      vertex -6.73033 2.78566 8.001
      vertex -3.55532 2.36314 8.001
      vertex -6.06743 4.29991 8.001
    endloop
  endfacet
  facet normal 0 0 1
    outer loop
      vertex -3.21818 2.93645 8.001
      vertex -6.06743 4.29991 8.001
      vertex -3.55532 2.36314 8.001
    endloop
  endfacet
  facet normal 0 0 1
    outer loop
      vertex 0.585871 -1.30122 8.001
      vertex 3.68464 -4.49126 8.001
      vertex 3.59706 -1.83241 8.001
    endloop
  endfacet
  facet normal -0 0 1
    outer loop
      vertex 0.585871 -1.30122 8.001
      vertex 3.59706 -1.83241 8.001
      vertex 3.33432 0.485824 8.001
    endloop
  endfacet
  facet normal 0 0 1
    outer loop
      vertex 0.585871 -1.30122 8.001
      vertex 3.33432 0.485824 8.001
      vertex 2.89641 2.46348 8.001
    endloop
  endfacet
  facet normal 0 0 1
    outer loop
      vertex 0.585871 -1.30122 8.001
      vertex 2.89641 2.46348 8.001
      vertex 2.28335 4.10054 8.001
    endloop
  endfacet
  facet normal 0 0 1
    outer loop
      vertex 0.585871 -1.30122 8.001
      vertex 2.28335 4.10054 8.001
      vertex 1.50438 5.38399 8.001
    endloop
  endfacet
  facet normal 0 0 1
    outer loop
      vertex 3.68464 -4.49126 8.001
      vertex 0.585871 -1.30122 8.001
      vertex 3.68464 -4.64302 8.001
    endloop
  endfacet
  facet normal 0 0 1
    outer loop
      vertex -4.22178 -4.64302 8.001
      vertex 0.585871 -1.30122 8.001
      vertex -4.1991 -1.30122 8.001
    endloop
  endfacet
  facet normal 0 0 1
    outer loop
      vertex 0.585871 -1.30122 8.001
      vertex -4.22178 -4.64302 8.001
      vertex 3.68464 -4.64302 8.001
    endloop
  endfacet
  facet normal -0 0 1
    outer loop
      vertex 0.182801 -9.32231 8.001
      vertex 2.67849 -11.1296 8.001
      vertex 3.50236 -8.68733 8.001
    endloop
  endfacet
  facet normal 0 0 1
    outer loop
      vertex 0.182801 -9.32231 8.001
      vertex 3.50236 -8.68733 8.001
      vertex 0.483222 -8.25081 8.001
    endloop
  endfacet
  facet normal -0 0 1
    outer loop
      vertex -0.274285 -10.0877 8.001
      vertex 2.67849 -11.1296 8.001
      vertex 0.182801 -9.32231 8.001
    endloop
  endfacet
  facet normal 0 0 1
    outer loop
      vertex 2.67849 -11.1296 8.001
      vertex -0.274285 -10.0877 8.001
      vertex 1.51715 -12.8741 8.001
    endloop
  endfacet
  facet normal -0 0 1
    outer loop
      vertex -0.888037 -10.5469 8.001
      vertex 1.51715 -12.8741 8.001
      vertex -0.274285 -10.0877 8.001
    endloop
  endfacet
  facet normal 0 0 1
    outer loop
      vertex 1.51715 -12.8741 8.001
      vertex -0.888037 -10.5469 8.001
      vertex 0.0182991 -13.9208 8.001
    endloop
  endfacet
  facet normal -0 0 1
    outer loop
      vertex -1.65843 -10.7 8.001
      vertex 0.0182991 -13.9208 8.001
      vertex -0.888037 -10.5469 8.001
    endloop
  endfacet
  facet normal 0 0 1
    outer loop
      vertex -1.65843 -10.7 8.001
      vertex -1.81803 -14.2697 8.001
      vertex 0.0182991 -13.9208 8.001
    endloop
  endfacet
  facet normal 0 0 1
    outer loop
      vertex -2.2384 -10.6044 8.001
      vertex -1.81803 -14.2697 8.001
      vertex -1.65843 -10.7 8.001
    endloop
  endfacet
  facet normal 0 0 1
    outer loop
      vertex -4.27596 -13.5838 8.001
      vertex -2.2384 -10.6044 8.001
      vertex -2.74788 -10.3179 8.001
    endloop
  endfacet
  facet normal 0 0 1
    outer loop
      vertex -2.2384 -10.6044 8.001
      vertex -3.12745 -14.0982 8.001
      vertex -1.81803 -14.2697 8.001
    endloop
  endfacet
  facet normal 0 0 1
    outer loop
      vertex -5.26356 -12.7264 8.001
      vertex -2.74788 -10.3179 8.001
      vertex -3.18685 -9.84035 8.001
    endloop
  endfacet
  facet normal 0 0 1
    outer loop
      vertex -6.09028 -11.526 8.001
      vertex -3.18685 -9.84035 8.001
      vertex -3.55532 -9.17174 8.001
    endloop
  endfacet
  facet normal 0 0 1
    outer loop
      vertex -6.74318 -9.99687 8.001
      vertex -3.55532 -9.17174 8.001
      vertex -3.84689 -8.31551 8.001
    endloop
  endfacet
  facet normal -0 0 1
    outer loop
      vertex -7.20953 -8.15331 8.001
      vertex -3.84689 -8.31551 8.001
      vertex -4.05516 -7.27528 8.001
    endloop
  endfacet
  facet normal 0 0 1
    outer loop
      vertex -2.2384 -10.6044 8.001
      vertex -4.27596 -13.5838 8.001
      vertex -3.12745 -14.0982 8.001
    endloop
  endfacet
  facet normal 0 0 1
    outer loop
      vertex -7.48936 -5.99525 8.001
      vertex -4.05516 -7.27528 8.001
      vertex -4.18013 -6.05113 8.001
    endloop
  endfacet
  facet normal -0 0 1
    outer loop
      vertex -7.48936 -5.99525 8.001
      vertex -4.18013 -6.05113 8.001
      vertex -4.22178 -4.64302 8.001
    endloop
  endfacet
  facet normal 0 0 1
    outer loop
      vertex -7.48793 -1.12566 8.001
      vertex -4.14601 -0.189346 8.001
      vertex -7.20382 0.977157 8.001
    endloop
  endfacet
  facet normal -0 0 1
    outer loop
      vertex -7.20382 0.977157 8.001
      vertex -4.02103 0.792006 8.001
      vertex -6.73033 2.78566 8.001
    endloop
  endfacet
  facet normal 0 -0 1
    outer loop
      vertex -7.48936 -5.99525 8.001
      vertex -4.22178 -4.64302 8.001
      vertex -7.58261 -3.52272 8.001
    endloop
  endfacet
  facet normal 0 0 1
    outer loop
      vertex -4.02103 0.792006 8.001
      vertex -7.20382 0.977157 8.001
      vertex -4.14601 -0.189346 8.001
    endloop
  endfacet
  facet normal 0 0 1
    outer loop
      vertex -4.05516 -7.27528 8.001
      vertex -7.48936 -5.99525 8.001
      vertex -7.20953 -8.15331 8.001
    endloop
  endfacet
  facet normal 0 0 1
    outer loop
      vertex -4.14601 -0.189346 8.001
      vertex -7.48793 -1.12566 8.001
      vertex -4.1991 -1.30122 8.001
    endloop
  endfacet
  facet normal 0 0 1
    outer loop
      vertex -3.84689 -8.31551 8.001
      vertex -7.20953 -8.15331 8.001
      vertex -6.74318 -9.99687 8.001
    endloop
  endfacet
  facet normal 0 0 1
    outer loop
      vertex -7.58261 -3.52272 8.001
      vertex -4.1991 -1.30122 8.001
      vertex -7.48793 -1.12566 8.001
    endloop
  endfacet
  facet normal 0 0 1
    outer loop
      vertex -3.55532 -9.17174 8.001
      vertex -6.74318 -9.99687 8.001
      vertex -6.09028 -11.526 8.001
    endloop
  endfacet
  facet normal 0 0 1
    outer loop
      vertex -4.1991 -1.30122 8.001
      vertex -7.58261 -3.52272 8.001
      vertex -4.22178 -4.64302 8.001
    endloop
  endfacet
  facet normal 0 0 1
    outer loop
      vertex -3.18685 -9.84035 8.001
      vertex -6.09028 -11.526 8.001
      vertex -5.26356 -12.7264 8.001
    endloop
  endfacet
  facet normal 0 0 1
    outer loop
      vertex -2.74788 -10.3179 8.001
      vertex -5.26356 -12.7264 8.001
      vertex -4.27596 -13.5838 8.001
    endloop
  endfacet
  facet normal 0 0 1
    outer loop
      vertex 58.6474 3.36259 8.001
      vertex 61.0185 5.38399 8.001
      vertex 60.0829 6.3007 8.001
    endloop
  endfacet
  facet normal 0 0 1
    outer loop
      vertex 61.0185 5.38399 8.001
      vertex 60.021 -0.1353 8.001
      vertex 60.1 -1.30122 8.001
    endloop
  endfacet
  facet normal 0 0 1
    outer loop
      vertex 61.0185 5.38399 8.001
      vertex 59.875 0.875167 8.001
      vertex 60.021 -0.1353 8.001
    endloop
  endfacet
  facet normal 0 0 1
    outer loop
      vertex 61.0185 5.38399 8.001
      vertex 59.662 1.73018 8.001
      vertex 59.875 0.875167 8.001
    endloop
  endfacet
  facet normal 0 0 1
    outer loop
      vertex 61.0185 5.38399 8.001
      vertex 59.3822 2.42979 8.001
      vertex 59.662 1.73018 8.001
    endloop
  endfacet
  facet normal 0 0 1
    outer loop
      vertex 61.0185 5.38399 8.001
      vertex 59.0419 2.97392 8.001
      vertex 59.3822 2.42979 8.001
    endloop
  endfacet
  facet normal 0 0 1
    outer loop
      vertex 58.1989 3.59581 8.001
      vertex 60.0829 6.3007 8.001
      vertex 58.9906 6.85075 8.001
    endloop
  endfacet
  facet normal 0 0 1
    outer loop
      vertex 61.0185 5.38399 8.001
      vertex 58.6474 3.36259 8.001
      vertex 59.0419 2.97392 8.001
    endloop
  endfacet
  facet normal 0 0 1
    outer loop
      vertex 60.0829 6.3007 8.001
      vertex 58.1989 3.59581 8.001
      vertex 58.6474 3.36259 8.001
    endloop
  endfacet
  facet normal 0 0 1
    outer loop
      vertex 57.6961 3.67354 8.001
      vertex 58.9906 6.85075 8.001
      vertex 57.7417 7.0341 8.001
    endloop
  endfacet
  facet normal 0 0 1
    outer loop
      vertex 58.9906 6.85075 8.001
      vertex 57.6961 3.67354 8.001
      vertex 58.1989 3.59581 8.001
    endloop
  endfacet
  facet normal -0 0 1
    outer loop
      vertex 56.4308 6.8632 8.001
      vertex 57.6961 3.67354 8.001
      vertex 57.7417 7.0341 8.001
    endloop
  endfacet
  facet normal 0 0 1
    outer loop
      vertex 57.6961 3.67354 8.001
      vertex 56.4308 6.8632 8.001
      vertex 57.1646 3.59166 8.001
    endloop
  endfacet
  facet normal -0 0 1
    outer loop
      vertex 55.2781 6.35054 8.001
      vertex 57.1646 3.59166 8.001
      vertex 56.4308 6.8632 8.001
    endloop
  endfacet
  facet normal 0 0 1
    outer loop
      vertex 57.1646 3.59166 8.001
      vertex 55.2781 6.35054 8.001
      vertex 56.6979 3.34593 8.001
    endloop
  endfacet
  facet normal -0 0 1
    outer loop
      vertex 54.2834 5.49611 8.001
      vertex 56.6979 3.34593 8.001
      vertex 55.2781 6.35054 8.001
    endloop
  endfacet
  facet normal 0 0 1
    outer loop
      vertex 56.6979 3.34593 8.001
      vertex 54.2834 5.49611 8.001
      vertex 56.296 2.93645 8.001
    endloop
  endfacet
  facet normal -0 0 1
    outer loop
      vertex 53.4467 4.29991 8.001
      vertex 56.296 2.93645 8.001
      vertex 54.2834 5.49611 8.001
    endloop
  endfacet
  facet normal 0 0 1
    outer loop
      vertex 55.69 1.64284 8.001
      vertex 52.7838 2.78566 8.001
      vertex 55.4931 0.792006 8.001
    endloop
  endfacet
  facet normal 0 0 1
    outer loop
      vertex 55.9589 2.36314 8.001
      vertex 52.7838 2.78566 8.001
      vertex 55.69 1.64284 8.001
    endloop
  endfacet
  facet normal -0 0 1
    outer loop
      vertex 52.7838 2.78566 8.001
      vertex 55.9589 2.36314 8.001
      vertex 53.4467 4.29991 8.001
    endloop
  endfacet
  facet normal 0 0 1
    outer loop
      vertex 56.296 2.93645 8.001
      vertex 53.4467 4.29991 8.001
      vertex 55.9589 2.36314 8.001
    endloop
  endfacet
  facet normal 0 0 1
    outer loop
      vertex 60.1 -1.30122 8.001
      vertex 63.1988 -4.49126 8.001
      vertex 63.1112 -1.83241 8.001
    endloop
  endfacet
  facet normal -0 0 1
    outer loop
      vertex 60.1 -1.30122 8.001
      vertex 63.1112 -1.83241 8.001
      vertex 62.8485 0.485824 8.001
    endloop
  endfacet
  facet normal 0 0 1
    outer loop
      vertex 60.1 -1.30122 8.001
      vertex 62.8485 0.485824 8.001
      vertex 62.4106 2.46348 8.001
    endloop
  endfacet
  facet normal 0 0 1
    outer loop
      vertex 60.1 -1.30122 8.001
      vertex 62.4106 2.46348 8.001
      vertex 61.7975 4.10054 8.001
    endloop
  endfacet
  facet normal 0 0 1
    outer loop
      vertex 60.1 -1.30122 8.001
      vertex 61.7975 4.10054 8.001
      vertex 61.0185 5.38399 8.001
    endloop
  endfacet
  facet normal 0 0 1
    outer loop
      vertex 63.1988 -4.49126 8.001
      vertex 60.1 -1.30122 8.001
      vertex 63.1988 -4.64302 8.001
    endloop
  endfacet
  facet normal 0 0 1
    outer loop
      vertex 55.2924 -4.64302 8.001
      vertex 60.1 -1.30122 8.001
      vertex 55.3151 -1.30122 8.001
    endloop
  endfacet
  facet normal 0 0 1
    outer loop
      vertex 60.1 -1.30122 8.001
      vertex 55.2924 -4.64302 8.001
      vertex 63.1988 -4.64302 8.001
    endloop
  endfacet
  facet normal -0 0 1
    outer loop
      vertex 59.697 -9.32231 8.001
      vertex 62.1927 -11.1296 8.001
      vertex 63.0165 -8.68733 8.001
    endloop
  endfacet
  facet normal 0 0 1
    outer loop
      vertex 59.697 -9.32231 8.001
      vertex 63.0165 -8.68733 8.001
      vertex 59.9974 -8.25081 8.001
    endloop
  endfacet
  facet normal -0 0 1
    outer loop
      vertex 59.2399 -10.0877 8.001
      vertex 62.1927 -11.1296 8.001
      vertex 59.697 -9.32231 8.001
    endloop
  endfacet
  facet normal 0 0 1
    outer loop
      vertex 62.1927 -11.1296 8.001
      vertex 59.2399 -10.0877 8.001
      vertex 61.0313 -12.8741 8.001
    endloop
  endfacet
  facet normal -0 0 1
    outer loop
      vertex 58.6261 -10.5469 8.001
      vertex 61.0313 -12.8741 8.001
      vertex 59.2399 -10.0877 8.001
    endloop
  endfacet
  facet normal 0 0 1
    outer loop
      vertex 61.0313 -12.8741 8.001
      vertex 58.6261 -10.5469 8.001
      vertex 59.5325 -13.9208 8.001
    endloop
  endfacet
  facet normal -0 0 1
    outer loop
      vertex 57.8557 -10.7 8.001
      vertex 59.5325 -13.9208 8.001
      vertex 58.6261 -10.5469 8.001
    endloop
  endfacet
  facet normal 0 0 1
    outer loop
      vertex 57.8557 -10.7 8.001
      vertex 57.6961 -14.2697 8.001
      vertex 59.5325 -13.9208 8.001
    endloop
  endfacet
  facet normal 0 0 1
    outer loop
      vertex 57.2758 -10.6044 8.001
      vertex 57.6961 -14.2697 8.001
      vertex 57.8557 -10.7 8.001
    endloop
  endfacet
  facet normal 0 0 1
    outer loop
      vertex 55.2382 -13.5838 8.001
      vertex 57.2758 -10.6044 8.001
      vertex 56.7663 -10.3179 8.001
    endloop
  endfacet
  facet normal 0 0 1
    outer loop
      vertex 57.2758 -10.6044 8.001
      vertex 56.3867 -14.0982 8.001
      vertex 57.6961 -14.2697 8.001
    endloop
  endfacet
  facet normal 0 0 1
    outer loop
      vertex 54.2506 -12.7264 8.001
      vertex 56.7663 -10.3179 8.001
      vertex 56.3273 -9.84035 8.001
    endloop
  endfacet
  facet normal 0 0 1
    outer loop
      vertex 53.4239 -11.526 8.001
      vertex 56.3273 -9.84035 8.001
      vertex 55.9589 -9.17174 8.001
    endloop
  endfacet
  facet normal 0 0 1
    outer loop
      vertex 52.771 -9.99687 8.001
      vertex 55.9589 -9.17174 8.001
      vertex 55.6673 -8.31551 8.001
    endloop
  endfacet
  facet normal -0 0 1
    outer loop
      vertex 52.3046 -8.15331 8.001
      vertex 55.6673 -8.31551 8.001
      vertex 55.459 -7.27528 8.001
    endloop
  endfacet
  facet normal 0 0 1
    outer loop
      vertex 57.2758 -10.6044 8.001
      vertex 55.2382 -13.5838 8.001
      vertex 56.3867 -14.0982 8.001
    endloop
  endfacet
  facet normal 0 0 1
    outer loop
      vertex 52.0248 -5.99525 8.001
      vertex 55.459 -7.27528 8.001
      vertex 55.334 -6.05113 8.001
    endloop
  endfacet
  facet normal -0 0 1
    outer loop
      vertex 52.0248 -5.99525 8.001
      vertex 55.334 -6.05113 8.001
      vertex 55.2924 -4.64302 8.001
    endloop
  endfacet
  facet normal 0 0 1
    outer loop
      vertex 52.0262 -1.12566 8.001
      vertex 55.3682 -0.189346 8.001
      vertex 52.3103 0.977157 8.001
    endloop
  endfacet
  facet normal -0 0 1
    outer loop
      vertex 52.3103 0.977157 8.001
      vertex 55.4931 0.792006 8.001
      vertex 52.7838 2.78566 8.001
    endloop
  endfacet
  facet normal 0 -0 1
    outer loop
      vertex 52.0248 -5.99525 8.001
      vertex 55.2924 -4.64302 8.001
      vertex 51.9315 -3.52272 8.001
    endloop
  endfacet
  facet normal 0 0 1
    outer loop
      vertex 55.4931 0.792006 8.001
      vertex 52.3103 0.977157 8.001
      vertex 55.3682 -0.189346 8.001
    endloop
  endfacet
  facet normal 0 0 1
    outer loop
      vertex 55.459 -7.27528 8.001
      vertex 52.0248 -5.99525 8.001
      vertex 52.3046 -8.15331 8.001
    endloop
  endfacet
  facet normal 0 0 1
    outer loop
      vertex 55.3682 -0.189346 8.001
      vertex 52.0262 -1.12566 8.001
      vertex 55.3151 -1.30122 8.001
    endloop
  endfacet
  facet normal 0 0 1
    outer loop
      vertex 55.6673 -8.31551 8.001
      vertex 52.3046 -8.15331 8.001
      vertex 52.771 -9.99687 8.001
    endloop
  endfacet
  facet normal 0 0 1
    outer loop
      vertex 51.9315 -3.52272 8.001
      vertex 55.3151 -1.30122 8.001
      vertex 52.0262 -1.12566 8.001
    endloop
  endfacet
  facet normal 0 0 1
    outer loop
      vertex 55.9589 -9.17174 8.001
      vertex 52.771 -9.99687 8.001
      vertex 53.4239 -11.526 8.001
    endloop
  endfacet
  facet normal 0 0 1
    outer loop
      vertex 55.3151 -1.30122 8.001
      vertex 51.9315 -3.52272 8.001
      vertex 55.2924 -4.64302 8.001
    endloop
  endfacet
  facet normal 0 0 1
    outer loop
      vertex 56.3273 -9.84035 8.001
      vertex 53.4239 -11.526 8.001
      vertex 54.2506 -12.7264 8.001
    endloop
  endfacet
  facet normal 0 0 1
    outer loop
      vertex 56.7663 -10.3179 8.001
      vertex 54.2506 -12.7264 8.001
      vertex 55.2382 -13.5838 8.001
    endloop
  endfacet
  facet normal -0 0 1
    outer loop
      vertex 46.3184 6.65443 8.001
      vertex 49.5198 -13.89 8.001
      vertex 49.5198 6.65443 8.001
    endloop
  endfacet
  facet normal 0 0 1
    outer loop
      vertex 49.5198 -13.89 8.001
      vertex 46.3184 6.65443 8.001
      vertex 46.3184 -13.89 8.001
    endloop
  endfacet
  facet normal 0 -1 0
    outer loop
      vertex 46.3184 14.2875 8.001
      vertex 49.5198 14.2875 10
      vertex 46.3184 14.2875 10
    endloop
  endfacet
  facet normal 0 -1 -0
    outer loop
      vertex 49.5198 14.2875 10
      vertex 46.3184 14.2875 8.001
      vertex 49.5198 14.2875 8.001
    endloop
  endfacet
  facet normal 1 -0 0
    outer loop
      vertex 46.3184 10.3571 10
      vertex 46.3184 14.2875 8.001
      vertex 46.3184 14.2875 10
    endloop
  endfacet
  facet normal 1 0 0
    outer loop
      vertex 46.3184 14.2875 8.001
      vertex 46.3184 10.3571 10
      vertex 46.3184 10.3571 8.001
    endloop
  endfacet
  facet normal 0 1 -0
    outer loop
      vertex 49.5198 10.3571 8.001
      vertex 46.3184 10.3571 10
      vertex 49.5198 10.3571 10
    endloop
  endfacet
  facet normal 0 1 0
    outer loop
      vertex 46.3184 10.3571 10
      vertex 49.5198 10.3571 8.001
      vertex 46.3184 10.3571 8.001
    endloop
  endfacet
  facet normal -1 0 0
    outer loop
      vertex 49.5198 10.3571 8.001
      vertex 49.5198 14.2875 10
      vertex 49.5198 14.2875 8.001
    endloop
  endfacet
  facet normal -1 -0 0
    outer loop
      vertex 49.5198 14.2875 10
      vertex 49.5198 10.3571 8.001
      vertex 49.5198 10.3571 10
    endloop
  endfacet
  facet normal 0 -1 0
    outer loop
      vertex 39.9875 14.2875 8.001
      vertex 43.189 14.2875 10
      vertex 39.9875 14.2875 10
    endloop
  endfacet
  facet normal 0 -1 -0
    outer loop
      vertex 43.189 14.2875 10
      vertex 39.9875 14.2875 8.001
      vertex 43.189 14.2875 8.001
    endloop
  endfacet
  facet normal 1 -0 0
    outer loop
      vertex 39.9875 -13.89 10
      vertex 39.9875 14.2875 8.001
      vertex 39.9875 14.2875 10
    endloop
  endfacet
  facet normal 1 0 0
    outer loop
      vertex 39.9875 14.2875 8.001
      vertex 39.9875 -13.89 10
      vertex 39.9875 -13.89 8.001
    endloop
  endfacet
  facet normal 0 1 -0
    outer loop
      vertex 43.189 -13.89 8.001
      vertex 39.9875 -13.89 10
      vertex 43.189 -13.89 10
    endloop
  endfacet
  facet normal 0 1 0
    outer loop
      vertex 39.9875 -13.89 10
      vertex 43.189 -13.89 8.001
      vertex 39.9875 -13.89 8.001
    endloop
  endfacet
  facet normal -1 0 0
    outer loop
      vertex 43.189 -13.89 8.001
      vertex 43.189 14.2875 10
      vertex 43.189 14.2875 8.001
    endloop
  endfacet
  facet normal -1 -0 0
    outer loop
      vertex 43.189 14.2875 10
      vertex 43.189 -13.89 8.001
      vertex 43.189 -13.89 10
    endloop
  endfacet
  facet normal -0.489483 0.872013 0
    outer loop
      vertex 35.0218 -13.5648 8.001
      vertex 34.0801 -14.0934 10
      vertex 35.0218 -13.5648 10
    endloop
  endfacet
  facet normal -0.489483 0.872013 0
    outer loop
      vertex 34.0801 -14.0934 10
      vertex 35.0218 -13.5648 8.001
      vertex 34.0801 -14.0934 8.001
    endloop
  endfacet
  facet normal -0.736227 0.676734 0
    outer loop
      vertex 35.0218 -13.5648 8.001
      vertex 35.8317 -12.6837 10
      vertex 35.8317 -12.6837 8.001
    endloop
  endfacet
  facet normal -0.736227 0.676734 0
    outer loop
      vertex 35.8317 -12.6837 10
      vertex 35.0218 -13.5648 8.001
      vertex 35.0218 -13.5648 10
    endloop
  endfacet
  facet normal -0.8763 0.481766 0
    outer loop
      vertex 35.8317 -12.6837 8.001
      vertex 36.5099 -11.4501 10
      vertex 36.5099 -11.4501 8.001
    endloop
  endfacet
  facet normal -0.8763 0.481766 0
    outer loop
      vertex 36.5099 -11.4501 10
      vertex 35.8317 -12.6837 8.001
      vertex 35.8317 -12.6837 10
    endloop
  endfacet
  facet normal -0.94523 0.326404 0
    outer loop
      vertex 36.5099 -11.4501 8.001
      vertex 37.0457 -9.89848 10
      vertex 37.0457 -9.89848 8.001
    endloop
  endfacet
  facet normal -0.94523 0.326404 0
    outer loop
      vertex 37.0457 -9.89848 10
      vertex 36.5099 -11.4501 8.001
      vertex 36.5099 -11.4501 10
    endloop
  endfacet
  facet normal -0.978943 0.204135 0
    outer loop
      vertex 37.0457 -9.89848 8.001
      vertex 37.4284 -8.06322 10
      vertex 37.4284 -8.06322 8.001
    endloop
  endfacet
  facet normal -0.978943 0.204135 0
    outer loop
      vertex 37.4284 -8.06322 10
      vertex 37.0457 -9.89848 8.001
      vertex 37.0457 -9.89848 10
    endloop
  endfacet
  facet normal -0.99418 0.107728 0
    outer loop
      vertex 37.4284 -8.06322 8.001
      vertex 37.658 -5.94432 10
      vertex 37.658 -5.94432 8.001
    endloop
  endfacet
  facet normal -0.99418 0.107728 0
    outer loop
      vertex 37.658 -5.94432 10
      vertex 37.4284 -8.06322 8.001
      vertex 37.4284 -8.06322 10
    endloop
  endfacet
  facet normal -0.999492 0.0318665 0
    outer loop
      vertex 37.658 -5.94432 8.001
      vertex 37.7346 -3.54176 10
      vertex 37.7346 -3.54176 8.001
    endloop
  endfacet
  facet normal -0.999492 0.0318665 0
    outer loop
      vertex 37.7346 -3.54176 10
      vertex 37.658 -5.94432 8.001
      vertex 37.658 -5.94432 10
    endloop
  endfacet
  facet normal -0.999531 -0.0306284 0
    outer loop
      vertex 37.7346 -3.54176 8.001
      vertex 37.6616 -1.15947 10
      vertex 37.6616 -1.15947 8.001
    endloop
  endfacet
  facet normal -0.999531 -0.0306284 0
    outer loop
      vertex 37.6616 -1.15947 10
      vertex 37.7346 -3.54176 8.001
      vertex 37.7346 -3.54176 10
    endloop
  endfacet
  facet normal -0.994587 -0.103905 0
    outer loop
      vertex 37.6616 -1.15947 8.001
      vertex 37.4426 0.936812 10
      vertex 37.4426 0.936812 8.001
    endloop
  endfacet
  facet normal -0.994587 -0.103905 0
    outer loop
      vertex 37.4426 0.936812 10
      vertex 37.6616 -1.15947 8.001
      vertex 37.6616 -1.15947 10
    endloop
  endfacet
  facet normal -0.980283 -0.197598 0
    outer loop
      vertex 37.4426 0.936812 8.001
      vertex 37.0777 2.74708 10
      vertex 37.0777 2.74708 8.001
    endloop
  endfacet
  facet normal -0.980283 -0.197598 0
    outer loop
      vertex 37.0777 2.74708 10
      vertex 37.4426 0.936812 8.001
      vertex 37.4426 0.936812 10
    endloop
  endfacet
  facet normal -0.948158 -0.3178 0
    outer loop
      vertex 37.0777 2.74708 8.001
      vertex 36.5668 4.27135 10
      vertex 36.5668 4.27135 8.001
    endloop
  endfacet
  facet normal -0.948158 -0.3178 0
    outer loop
      vertex 36.5668 4.27135 10
      vertex 37.0777 2.74708 8.001
      vertex 37.0777 2.74708 10
    endloop
  endfacet
  facet normal -0.881487 -0.472208 0
    outer loop
      vertex 36.5668 4.27135 8.001
      vertex 35.9193 5.48006 10
      vertex 35.9193 5.48006 8.001
    endloop
  endfacet
  facet normal -0.881487 -0.472208 0
    outer loop
      vertex 35.9193 5.48006 10
      vertex 36.5668 4.27135 8.001
      vertex 36.5668 4.27135 10
    endloop
  endfacet
  facet normal -0.744165 -0.667996 0
    outer loop
      vertex 35.9193 5.48006 8.001
      vertex 35.1443 6.34343 10
      vertex 35.1443 6.34343 8.001
    endloop
  endfacet
  facet normal -0.744165 -0.667996 0
    outer loop
      vertex 35.1443 6.34343 10
      vertex 35.9193 5.48006 8.001
      vertex 35.9193 5.48006 10
    endloop
  endfacet
  facet normal -0.497794 -0.867295 0
    outer loop
      vertex 34.2418 6.86143 8.001
      vertex 35.1443 6.34343 10
      vertex 34.2418 6.86143 10
    endloop
  endfacet
  facet normal -0.497794 -0.867295 -0
    outer loop
      vertex 35.1443 6.34343 10
      vertex 34.2418 6.86143 8.001
      vertex 35.1443 6.34343 8.001
    endloop
  endfacet
  facet normal -0.165334 -0.986238 0
    outer loop
      vertex 33.2118 7.0341 8.001
      vertex 34.2418 6.86143 10
      vertex 33.2118 7.0341 10
    endloop
  endfacet
  facet normal -0.165334 -0.986238 -0
    outer loop
      vertex 34.2418 6.86143 10
      vertex 33.2118 7.0341 8.001
      vertex 34.2418 6.86143 8.001
    endloop
  endfacet
  facet normal 0.183988 -0.982929 0
    outer loop
      vertex 31.8932 6.78728 8.001
      vertex 33.2118 7.0341 10
      vertex 31.8932 6.78728 10
    endloop
  endfacet
  facet normal 0.183988 -0.982929 0
    outer loop
      vertex 33.2118 7.0341 10
      vertex 31.8932 6.78728 8.001
      vertex 33.2118 7.0341 8.001
    endloop
  endfacet
  facet normal 0.559631 -0.828742 0
    outer loop
      vertex 30.7966 6.04677 8.001
      vertex 31.8932 6.78728 10
      vertex 30.7966 6.04677 10
    endloop
  endfacet
  facet normal 0.559631 -0.828742 0
    outer loop
      vertex 31.8932 6.78728 10
      vertex 30.7966 6.04677 8.001
      vertex 31.8932 6.78728 8.001
    endloop
  endfacet
  facet normal 0.815999 -0.578053 0
    outer loop
      vertex 29.9223 4.81258 10
      vertex 30.7966 6.04677 8.001
      vertex 30.7966 6.04677 10
    endloop
  endfacet
  facet normal 0.815999 -0.578053 0
    outer loop
      vertex 30.7966 6.04677 8.001
      vertex 29.9223 4.81258 10
      vertex 29.9223 4.81258 8.001
    endloop
  endfacet
  facet normal 0.935571 -0.353138 0
    outer loop
      vertex 29.2701 3.0847 10
      vertex 29.9223 4.81258 8.001
      vertex 29.9223 4.81258 10
    endloop
  endfacet
  facet normal 0.935571 -0.353138 0
    outer loop
      vertex 29.9223 4.81258 8.001
      vertex 29.2701 3.0847 10
      vertex 29.2701 3.0847 8.001
    endloop
  endfacet
  facet normal 0 -1 0
    outer loop
      vertex 29.2244 3.0847 8.001
      vertex 29.2701 3.0847 10
      vertex 29.2244 3.0847 10
    endloop
  endfacet
  facet normal 0 -1 -0
    outer loop
      vertex 29.2701 3.0847 10
      vertex 29.2244 3.0847 8.001
      vertex 29.2701 3.0847 8.001
    endloop
  endfacet
  facet normal -0.999907 0.013674 0
    outer loop
      vertex 29.2244 3.0847 8.001
      vertex 29.2701 6.4265 10
      vertex 29.2701 6.4265 8.001
    endloop
  endfacet
  facet normal -0.999907 0.013674 0
    outer loop
      vertex 29.2701 6.4265 10
      vertex 29.2244 3.0847 8.001
      vertex 29.2244 3.0847 10
    endloop
  endfacet
  facet normal -1 0 0
    outer loop
      vertex 29.2701 6.4265 8.001
      vertex 29.2701 14.2875 10
      vertex 29.2701 14.2875 8.001
    endloop
  endfacet
  facet normal -1 -0 0
    outer loop
      vertex 29.2701 14.2875 10
      vertex 29.2701 6.4265 8.001
      vertex 29.2701 6.4265 10
    endloop
  endfacet
  facet normal 0 -1 0
    outer loop
      vertex 26.0687 14.2875 8.001
      vertex 29.2701 14.2875 10
      vertex 26.0687 14.2875 10
    endloop
  endfacet
  facet normal 0 -1 -0
    outer loop
      vertex 29.2701 14.2875 10
      vertex 26.0687 14.2875 8.001
      vertex 29.2701 14.2875 8.001
    endloop
  endfacet
  facet normal 1 -0 0
    outer loop
      vertex 26.0687 -9.20003 10
      vertex 26.0687 14.2875 8.001
      vertex 26.0687 14.2875 10
    endloop
  endfacet
  facet normal 1 0 0
    outer loop
      vertex 26.0687 14.2875 8.001
      vertex 26.0687 -9.20003 10
      vertex 26.0687 -9.20003 8.001
    endloop
  endfacet
  facet normal 0.999992 -0.00410195 0
    outer loop
      vertex 26.063 -10.5896 10
      vertex 26.0687 -9.20003 8.001
      vertex 26.0687 -9.20003 10
    endloop
  endfacet
  facet normal 0.999992 -0.00410195 0
    outer loop
      vertex 26.0687 -9.20003 8.001
      vertex 26.063 -10.5896 10
      vertex 26.063 -10.5896 8.001
    endloop
  endfacet
  facet normal 0.999906 -0.0137347 0
    outer loop
      vertex 26.0459 -11.8345 10
      vertex 26.063 -10.5896 8.001
      vertex 26.063 -10.5896 10
    endloop
  endfacet
  facet normal 0.999906 -0.0137347 0
    outer loop
      vertex 26.063 -10.5896 8.001
      vertex 26.0459 -11.8345 10
      vertex 26.0459 -11.8345 8.001
    endloop
  endfacet
  facet normal 0.999665 -0.025898 0
    outer loop
      vertex 26.0174 -12.9346 10
      vertex 26.0459 -11.8345 8.001
      vertex 26.0459 -11.8345 10
    endloop
  endfacet
  facet normal 0.999665 -0.025898 0
    outer loop
      vertex 26.0459 -11.8345 8.001
      vertex 26.0174 -12.9346 10
      vertex 26.0174 -12.9346 8.001
    endloop
  endfacet
  facet normal 0.999133 -0.0416218 0
    outer loop
      vertex 25.9776 -13.89 10
      vertex 26.0174 -12.9346 8.001
      vertex 26.0174 -12.9346 10
    endloop
  endfacet
  facet normal 0.999133 -0.0416218 0
    outer loop
      vertex 26.0174 -12.9346 8.001
      vertex 25.9776 -13.89 10
      vertex 25.9776 -13.89 8.001
    endloop
  endfacet
  facet normal 0 1 -0
    outer loop
      vertex 29.0878 -13.89 8.001
      vertex 25.9776 -13.89 10
      vertex 29.0878 -13.89 10
    endloop
  endfacet
  facet normal 0 1 0
    outer loop
      vertex 25.9776 -13.89 10
      vertex 29.0878 -13.89 8.001
      vertex 25.9776 -13.89 8.001
    endloop
  endfacet
  facet normal -0.991457 0.13043 0
    outer loop
      vertex 29.0878 -13.89 8.001
      vertex 29.1159 -13.6764 10
      vertex 29.1159 -13.6764 8.001
    endloop
  endfacet
  facet normal -0.991457 0.13043 0
    outer loop
      vertex 29.1159 -13.6764 10
      vertex 29.0878 -13.89 8.001
      vertex 29.0878 -13.89 10
    endloop
  endfacet
  facet normal -0.996308 0.0858454 0
    outer loop
      vertex 29.1159 -13.6764 8.001
      vertex 29.1433 -13.3584 10
      vertex 29.1433 -13.3584 8.001
    endloop
  endfacet
  facet normal -0.996308 0.0858454 0
    outer loop
      vertex 29.1433 -13.3584 10
      vertex 29.1159 -13.6764 8.001
      vertex 29.1159 -13.6764 10
    endloop
  endfacet
  facet normal -0.998009 0.0630695 0
    outer loop
      vertex 29.1433 -13.3584 8.001
      vertex 29.17 -12.9359 10
      vertex 29.17 -12.9359 8.001
    endloop
  endfacet
  facet normal -0.998009 0.0630695 0
    outer loop
      vertex 29.17 -12.9359 10
      vertex 29.1433 -13.3584 8.001
      vertex 29.1433 -13.3584 10
    endloop
  endfacet
  facet normal -0.998784 0.0492946 0
    outer loop
      vertex 29.17 -12.9359 8.001
      vertex 29.196 -12.4091 10
      vertex 29.196 -12.4091 8.001
    endloop
  endfacet
  facet normal -0.998784 0.0492946 0
    outer loop
      vertex 29.196 -12.4091 10
      vertex 29.17 -12.9359 8.001
      vertex 29.17 -12.9359 10
    endloop
  endfacet
  facet normal -0.999167 0.0408195 0
    outer loop
      vertex 29.196 -12.4091 8.001
      vertex 29.2184 -11.8608 10
      vertex 29.2184 -11.8608 8.001
    endloop
  endfacet
  facet normal -0.999167 0.0408195 0
    outer loop
      vertex 29.2184 -11.8608 10
      vertex 29.196 -12.4091 8.001
      vertex 29.196 -12.4091 10
    endloop
  endfacet
  facet normal -0.99946 0.0328635 0
    outer loop
      vertex 29.2184 -11.8608 8.001
      vertex 29.2344 -11.3742 10
      vertex 29.2344 -11.3742 8.001
    endloop
  endfacet
  facet normal -0.99946 0.0328635 0
    outer loop
      vertex 29.2344 -11.3742 10
      vertex 29.2184 -11.8608 8.001
      vertex 29.2184 -11.8608 10
    endloop
  endfacet
  facet normal -0.999745 0.0225931 0
    outer loop
      vertex 29.2344 -11.3742 8.001
      vertex 29.244 -10.9494 10
      vertex 29.244 -10.9494 8.001
    endloop
  endfacet
  facet normal -0.999745 0.0225931 0
    outer loop
      vertex 29.244 -10.9494 10
      vertex 29.2344 -11.3742 8.001
      vertex 29.2344 -11.3742 10
    endloop
  endfacet
  facet normal -0.999961 0.00881266 0
    outer loop
      vertex 29.244 -10.9494 8.001
      vertex 29.2472 -10.5863 10
      vertex 29.2472 -10.5863 8.001
    endloop
  endfacet
  facet normal -0.999961 0.00881266 0
    outer loop
      vertex 29.2472 -10.5863 10
      vertex 29.244 -10.9494 8.001
      vertex 29.244 -10.9494 10
    endloop
  endfacet
  facet normal 0 1 -0
    outer loop
      vertex 29.2701 -10.5863 8.001
      vertex 29.2472 -10.5863 10
      vertex 29.2701 -10.5863 10
    endloop
  endfacet
  facet normal 0 1 0
    outer loop
      vertex 29.2472 -10.5863 10
      vertex 29.2701 -10.5863 8.001
      vertex 29.2472 -10.5863 8.001
    endloop
  endfacet
  facet normal 0.947333 0.320251 0
    outer loop
      vertex 29.5541 -11.4264 10
      vertex 29.2701 -10.5863 8.001
      vertex 29.2701 -10.5863 10
    endloop
  endfacet
  facet normal 0.947333 0.320251 0
    outer loop
      vertex 29.2701 -10.5863 8.001
      vertex 29.5541 -11.4264 10
      vertex 29.5541 -11.4264 8.001
    endloop
  endfacet
  facet normal 0.907959 0.419058 0
    outer loop
      vertex 29.8937 -12.1622 10
      vertex 29.5541 -11.4264 8.001
      vertex 29.5541 -11.4264 10
    endloop
  endfacet
  facet normal 0.907959 0.419058 0
    outer loop
      vertex 29.5541 -11.4264 8.001
      vertex 29.8937 -12.1622 10
      vertex 29.8937 -12.1622 8.001
    endloop
  endfacet
  facet normal 0.847651 0.530554 0
    outer loop
      vertex 30.2889 -12.7936 10
      vertex 29.8937 -12.1622 8.001
      vertex 29.8937 -12.1622 10
    endloop
  endfacet
  facet normal 0.847651 0.530554 0
    outer loop
      vertex 29.8937 -12.1622 8.001
      vertex 30.2889 -12.7936 10
      vertex 30.2889 -12.7936 8.001
    endloop
  endfacet
  facet normal 0.759918 0.650019 0
    outer loop
      vertex 30.7396 -13.3205 10
      vertex 30.2889 -12.7936 8.001
      vertex 30.2889 -12.7936 10
    endloop
  endfacet
  facet normal 0.759918 0.650019 0
    outer loop
      vertex 30.2889 -12.7936 8.001
      vertex 30.7396 -13.3205 10
      vertex 30.7396 -13.3205 8.001
    endloop
  endfacet
  facet normal 0.638489 0.769631 -0
    outer loop
      vertex 31.2402 -13.7358 8.001
      vertex 30.7396 -13.3205 10
      vertex 31.2402 -13.7358 10
    endloop
  endfacet
  facet normal 0.638489 0.769631 0
    outer loop
      vertex 30.7396 -13.3205 10
      vertex 31.2402 -13.7358 8.001
      vertex 30.7396 -13.3205 8.001
    endloop
  endfacet
  facet normal 0.478219 0.87824 -0
    outer loop
      vertex 31.7849 -14.0324 8.001
      vertex 31.2402 -13.7358 10
      vertex 31.7849 -14.0324 10
    endloop
  endfacet
  facet normal 0.478219 0.87824 0
    outer loop
      vertex 31.2402 -13.7358 10
      vertex 31.7849 -14.0324 8.001
      vertex 31.2402 -13.7358 8.001
    endloop
  endfacet
  facet normal 0.289227 0.957261 -0
    outer loop
      vertex 32.3737 -14.2103 8.001
      vertex 31.7849 -14.0324 10
      vertex 32.3737 -14.2103 10
    endloop
  endfacet
  facet normal 0.289227 0.957261 0
    outer loop
      vertex 31.7849 -14.0324 10
      vertex 32.3737 -14.2103 8.001
      vertex 31.7849 -14.0324 8.001
    endloop
  endfacet
  facet normal 0.0934284 0.995626 -0
    outer loop
      vertex 33.0067 -14.2697 8.001
      vertex 32.3737 -14.2103 10
      vertex 33.0067 -14.2697 10
    endloop
  endfacet
  facet normal 0.0934284 0.995626 0
    outer loop
      vertex 32.3737 -14.2103 10
      vertex 33.0067 -14.2697 8.001
      vertex 32.3737 -14.2103 8.001
    endloop
  endfacet
  facet normal -0.162073 0.986779 0
    outer loop
      vertex 34.0801 -14.0934 8.001
      vertex 33.0067 -14.2697 10
      vertex 34.0801 -14.0934 10
    endloop
  endfacet
  facet normal -0.162073 0.986779 0
    outer loop
      vertex 33.0067 -14.2697 10
      vertex 34.0801 -14.0934 8.001
      vertex 33.0067 -14.2697 8.001
    endloop
  endfacet
  facet normal -0.541398 -0.840767 0
    outer loop
      vertex 30.7154 -10.1684 8.001
      vertex 31.2462 -10.5102 10
      vertex 30.7154 -10.1684 10
    endloop
  endfacet
  facet normal -0.541398 -0.840767 -0
    outer loop
      vertex 31.2462 -10.5102 10
      vertex 30.7154 -10.1684 8.001
      vertex 31.2462 -10.5102 8.001
    endloop
  endfacet
  facet normal -0.783481 -0.621415 0
    outer loop
      vertex 30.7154 -10.1684 8.001
      vertex 30.2636 -9.59877 10
      vertex 30.2636 -9.59877 8.001
    endloop
  endfacet
  facet normal -0.783481 -0.621415 0
    outer loop
      vertex 30.2636 -9.59877 10
      vertex 30.7154 -10.1684 8.001
      vertex 30.7154 -10.1684 10
    endloop
  endfacet
  facet normal -0.905905 -0.423481 0
    outer loop
      vertex 30.2636 -9.59877 8.001
      vertex 29.8908 -8.80128 10
      vertex 29.8908 -8.80128 8.001
    endloop
  endfacet
  facet normal -0.905905 -0.423481 0
    outer loop
      vertex 29.8908 -8.80128 10
      vertex 30.2636 -9.59877 8.001
      vertex 30.2636 -9.59877 10
    endloop
  endfacet
  facet normal -0.960136 -0.279534 0
    outer loop
      vertex 29.8908 -8.80128 8.001
      vertex 29.5992 -7.7997 10
      vertex 29.5992 -7.7997 8.001
    endloop
  endfacet
  facet normal -0.960136 -0.279534 0
    outer loop
      vertex 29.5992 -7.7997 10
      vertex 29.8908 -8.80128 8.001
      vertex 29.8908 -8.80128 10
    endloop
  endfacet
  facet normal -0.984838 -0.173474 0
    outer loop
      vertex 29.5992 -7.7997 8.001
      vertex 29.391 -6.61772 10
      vertex 29.391 -6.61772 8.001
    endloop
  endfacet
  facet normal -0.984838 -0.173474 0
    outer loop
      vertex 29.391 -6.61772 10
      vertex 29.5992 -7.7997 8.001
      vertex 29.5992 -7.7997 10
    endloop
  endfacet
  facet normal -0.995817 -0.0913668 0
    outer loop
      vertex 29.391 -6.61772 8.001
      vertex 29.266 -5.25533 10
      vertex 29.266 -5.25533 8.001
    endloop
  endfacet
  facet normal -0.995817 -0.0913668 0
    outer loop
      vertex 29.266 -5.25533 10
      vertex 29.391 -6.61772 8.001
      vertex 29.391 -6.61772 10
    endloop
  endfacet
  facet normal -0.999637 -0.0269549 0
    outer loop
      vertex 29.266 -5.25533 8.001
      vertex 29.2244 -3.71257 10
      vertex 29.2244 -3.71257 8.001
    endloop
  endfacet
  facet normal -0.999637 -0.0269549 0
    outer loop
      vertex 29.2244 -3.71257 10
      vertex 29.266 -5.25533 8.001
      vertex 29.266 -5.25533 10
    endloop
  endfacet
  facet normal -0.999654 0.0262879 0
    outer loop
      vertex 29.2244 -3.71257 8.001
      vertex 29.2667 -2.10402 10
      vertex 29.2667 -2.10402 8.001
    endloop
  endfacet
  facet normal -0.999654 0.0262879 0
    outer loop
      vertex 29.2667 -2.10402 10
      vertex 29.2244 -3.71257 8.001
      vertex 29.2244 -3.71257 10
    endloop
  endfacet
  facet normal -0.995951 0.089903 0
    outer loop
      vertex 29.2667 -2.10402 8.001
      vertex 29.3938 -0.695999 10
      vertex 29.3938 -0.695999 8.001
    endloop
  endfacet
  facet normal -0.995951 0.089903 0
    outer loop
      vertex 29.3938 -0.695999 10
      vertex 29.2667 -2.10402 8.001
      vertex 29.2667 -2.10402 10
    endloop
  endfacet
  facet normal -0.984948 0.172851 0
    outer loop
      vertex 29.3938 -0.695999 8.001
      vertex 29.6057 0.511458 10
      vertex 29.6057 0.511458 8.001
    endloop
  endfacet
  facet normal -0.984948 0.172851 0
    outer loop
      vertex 29.6057 0.511458 10
      vertex 29.3938 -0.695999 8.001
      vertex 29.3938 -0.695999 10
    endloop
  endfacet
  facet normal -0.959277 0.282468 0
    outer loop
      vertex 29.6057 0.511458 8.001
      vertex 29.9022 1.51839 10
      vertex 29.9022 1.51839 8.001
    endloop
  endfacet
  facet normal -0.959277 0.282468 0
    outer loop
      vertex 29.9022 1.51839 10
      vertex 29.6057 0.511458 8.001
      vertex 29.6057 0.511458 10
    endloop
  endfacet
  facet normal -0.902844 0.429969 0
    outer loop
      vertex 29.9022 1.51839 8.001
      vertex 30.28 2.31169 10
      vertex 30.28 2.31169 8.001
    endloop
  endfacet
  facet normal -0.902844 0.429969 0
    outer loop
      vertex 30.28 2.31169 10
      vertex 29.9022 1.51839 8.001
      vertex 29.9022 1.51839 10
    endloop
  endfacet
  facet normal -0.779471 0.626438 0
    outer loop
      vertex 30.28 2.31169 8.001
      vertex 30.7354 2.87834 10
      vertex 30.7354 2.87834 8.001
    endloop
  endfacet
  facet normal -0.779471 0.626438 0
    outer loop
      vertex 30.7354 2.87834 10
      vertex 30.28 2.31169 8.001
      vertex 30.28 2.31169 10
    endloop
  endfacet
  facet normal -0.537868 0.843029 0
    outer loop
      vertex 31.2683 3.21834 8.001
      vertex 30.7354 2.87834 10
      vertex 31.2683 3.21834 10
    endloop
  endfacet
  facet normal -0.537868 0.843029 0
    outer loop
      vertex 30.7354 2.87834 10
      vertex 31.2683 3.21834 8.001
      vertex 30.7354 2.87834 8.001
    endloop
  endfacet
  facet normal -0.182503 0.983205 0
    outer loop
      vertex 31.8789 3.33168 8.001
      vertex 31.2683 3.21834 10
      vertex 31.8789 3.33168 10
    endloop
  endfacet
  facet normal -0.182503 0.983205 0
    outer loop
      vertex 31.2683 3.21834 10
      vertex 31.8789 3.33168 8.001
      vertex 31.2683 3.21834 8.001
    endloop
  endfacet
  facet normal 0.172968 0.984927 -0
    outer loop
      vertex 32.4805 3.22603 8.001
      vertex 31.8789 3.33168 10
      vertex 32.4805 3.22603 10
    endloop
  endfacet
  facet normal 0.172968 0.984927 0
    outer loop
      vertex 31.8789 3.33168 10
      vertex 32.4805 3.22603 8.001
      vertex 31.8789 3.33168 8.001
    endloop
  endfacet
  facet normal 0.522083 0.852895 -0
    outer loop
      vertex 32.9982 2.90913 8.001
      vertex 32.4805 3.22603 10
      vertex 32.9982 2.90913 10
    endloop
  endfacet
  facet normal 0.522083 0.852895 0
    outer loop
      vertex 32.4805 3.22603 10
      vertex 32.9982 2.90913 8.001
      vertex 32.4805 3.22603 8.001
    endloop
  endfacet
  facet normal 0.772885 0.634546 0
    outer loop
      vertex 33.4318 2.381 10
      vertex 32.9982 2.90913 8.001
      vertex 32.9982 2.90913 10
    endloop
  endfacet
  facet normal 0.772885 0.634546 0
    outer loop
      vertex 32.9982 2.90913 8.001
      vertex 33.4318 2.381 10
      vertex 33.4318 2.381 8.001
    endloop
  endfacet
  facet normal 0.904044 0.42744 0
    outer loop
      vertex 33.7814 1.64159 10
      vertex 33.4318 2.381 8.001
      vertex 33.4318 2.381 10
    endloop
  endfacet
  facet normal 0.904044 0.42744 0
    outer loop
      vertex 33.4318 2.381 8.001
      vertex 33.7814 1.64159 10
      vertex 33.7814 1.64159 8.001
    endloop
  endfacet
  facet normal 0.962713 0.270524 0
    outer loop
      vertex 34.0505 0.683944 10
      vertex 33.7814 1.64159 8.001
      vertex 33.7814 1.64159 10
    endloop
  endfacet
  facet normal 0.962713 0.270524 0
    outer loop
      vertex 33.7814 1.64159 8.001
      vertex 34.0505 0.683944 10
      vertex 34.0505 0.683944 8.001
    endloop
  endfacet
  facet normal 0.987047 0.160433 0
    outer loop
      vertex 34.2428 -0.499161 10
      vertex 34.0505 0.683944 8.001
      vertex 34.0505 0.683944 10
    endloop
  endfacet
  facet normal 0.987047 0.160433 0
    outer loop
      vertex 34.0505 0.683944 8.001
      vertex 34.2428 -0.499161 10
      vertex 34.2428 -0.499161 8.001
    endloop
  endfacet
  facet normal 0.996667 0.0815833 0
    outer loop
      vertex 34.3581 -1.90773 10
      vertex 34.2428 -0.499161 8.001
      vertex 34.2428 -0.499161 10
    endloop
  endfacet
  facet normal 0.996667 0.0815833 0
    outer loop
      vertex 34.2428 -0.499161 8.001
      vertex 34.3581 -1.90773 10
      vertex 34.3581 -1.90773 8.001
    endloop
  endfacet
  facet normal 0.999723 0.0235548 0
    outer loop
      vertex 34.3966 -3.54176 10
      vertex 34.3581 -1.90773 8.001
      vertex 34.3581 -1.90773 10
    endloop
  endfacet
  facet normal 0.999723 0.0235548 0
    outer loop
      vertex 34.3581 -1.90773 8.001
      vertex 34.3966 -3.54176 10
      vertex 34.3966 -3.54176 8.001
    endloop
  endfacet
  facet normal 0.998689 -0.0511828 0
    outer loop
      vertex 34.2378 -6.6403 10
      vertex 34.3966 -3.54176 8.001
      vertex 34.3966 -3.54176 10
    endloop
  endfacet
  facet normal 0.998689 -0.0511828 0
    outer loop
      vertex 34.3966 -3.54176 8.001
      vertex 34.2378 -6.6403 10
      vertex 34.2378 -6.6403 8.001
    endloop
  endfacet
  facet normal 0.977617 -0.210392 0
    outer loop
      vertex 33.7615 -8.8535 10
      vertex 34.2378 -6.6403 8.001
      vertex 34.2378 -6.6403 10
    endloop
  endfacet
  facet normal 0.977617 -0.210392 0
    outer loop
      vertex 34.2378 -6.6403 8.001
      vertex 33.7615 -8.8535 10
      vertex 33.7615 -8.8535 8.001
    endloop
  endfacet
  facet normal 0.858302 -0.513145 0
    outer loop
      vertex 32.9676 -10.1814 10
      vertex 33.7615 -8.8535 8.001
      vertex 33.7615 -8.8535 10
    endloop
  endfacet
  facet normal 0.858302 -0.513145 0
    outer loop
      vertex 33.7615 -8.8535 8.001
      vertex 32.9676 -10.1814 10
      vertex 32.9676 -10.1814 8.001
    endloop
  endfacet
  facet normal 0.370021 -0.929023 0
    outer loop
      vertex 31.8561 -10.6241 8.001
      vertex 32.9676 -10.1814 10
      vertex 31.8561 -10.6241 10
    endloop
  endfacet
  facet normal 0.370021 -0.929023 0
    outer loop
      vertex 32.9676 -10.1814 10
      vertex 31.8561 -10.6241 8.001
      vertex 32.9676 -10.1814 8.001
    endloop
  endfacet
  facet normal -0.183578 -0.983005 0
    outer loop
      vertex 31.2462 -10.5102 8.001
      vertex 31.8561 -10.6241 10
      vertex 31.2462 -10.5102 10
    endloop
  endfacet
  facet normal -0.183578 -0.983005 -0
    outer loop
      vertex 31.8561 -10.6241 10
      vertex 31.2462 -10.5102 8.001
      vertex 31.8561 -10.6241 8.001
    endloop
  endfacet
  facet normal 0 1 -0
    outer loop
      vertex -38.8114 -7.05437 8.001
      vertex -44.9291 -7.05437 10
      vertex -38.8114 -7.05437 10
    endloop
  endfacet
  facet normal 0 1 0
    outer loop
      vertex -44.9291 -7.05437 10
      vertex -38.8114 -7.05437 8.001
      vertex -44.9291 -7.05437 8.001
    endloop
  endfacet
  facet normal 0.978977 0.203969 0
    outer loop
      vertex -37.3872 -13.89 10
      vertex -38.8114 -7.05437 8.001
      vertex -38.8114 -7.05437 10
    endloop
  endfacet
  facet normal 0.978977 0.203969 0
    outer loop
      vertex -38.8114 -7.05437 8.001
      vertex -37.3872 -13.89 10
      vertex -37.3872 -13.89 8.001
    endloop
  endfacet
  facet normal 0 1 -0
    outer loop
      vertex -34.0607 -13.89 8.001
      vertex -37.3872 -13.89 10
      vertex -34.0607 -13.89 10
    endloop
  endfacet
  facet normal 0 1 0
    outer loop
      vertex -37.3872 -13.89 10
      vertex -34.0607 -13.89 8.001
      vertex -37.3872 -13.89 8.001
    endloop
  endfacet
  facet normal -0.977048 -0.21302 0
    outer loop
      vertex -34.0607 -13.89 8.001
      vertex -39.8936 12.8634 10
      vertex -39.8936 12.8634 8.001
    endloop
  endfacet
  facet normal -0.977048 -0.21302 0
    outer loop
      vertex -39.8936 12.8634 10
      vertex -34.0607 -13.89 8.001
      vertex -34.0607 -13.89 10
    endloop
  endfacet
  facet normal 0 -1 0
    outer loop
      vertex -43.8583 12.8634 8.001
      vertex -39.8936 12.8634 10
      vertex -43.8583 12.8634 10
    endloop
  endfacet
  facet normal 0 -1 -0
    outer loop
      vertex -39.8936 12.8634 10
      vertex -43.8583 12.8634 8.001
      vertex -39.8936 12.8634 8.001
    endloop
  endfacet
  facet normal 0.976873 -0.213819 0
    outer loop
      vertex -49.7141 -13.89 10
      vertex -43.8583 12.8634 8.001
      vertex -43.8583 12.8634 10
    endloop
  endfacet
  facet normal 0.976873 -0.213819 0
    outer loop
      vertex -43.8583 12.8634 8.001
      vertex -49.7141 -13.89 10
      vertex -49.7141 -13.89 8.001
    endloop
  endfacet
  facet normal 0 1 -0
    outer loop
      vertex -46.3532 -13.89 8.001
      vertex -49.7141 -13.89 10
      vertex -46.3532 -13.89 10
    endloop
  endfacet
  facet normal 0 1 0
    outer loop
      vertex -49.7141 -13.89 10
      vertex -46.3532 -13.89 8.001
      vertex -49.7141 -13.89 8.001
    endloop
  endfacet
  facet normal -0.97898 0.203956 0
    outer loop
      vertex -46.3532 -13.89 8.001
      vertex -44.9291 -7.05437 10
      vertex -44.9291 -7.05437 8.001
    endloop
  endfacet
  facet normal -0.97898 0.203956 0
    outer loop
      vertex -44.9291 -7.05437 10
      vertex -46.3532 -13.89 8.001
      vertex -46.3532 -13.89 10
    endloop
  endfacet
  facet normal -0.97948 0.201539 0
    outer loop
      vertex -44.1773 -2.83925 8.001
      vertex -43.3798 1.0366 10
      vertex -43.3798 1.0366 8.001
    endloop
  endfacet
  facet normal -0.97948 0.201539 0
    outer loop
      vertex -43.3798 1.0366 10
      vertex -44.1773 -2.83925 8.001
      vertex -44.1773 -2.83925 10
    endloop
  endfacet
  facet normal -0.979668 0.200625 0
    outer loop
      vertex -43.3798 1.0366 8.001
      vertex -42.7873 3.92982 10
      vertex -42.7873 3.92982 8.001
    endloop
  endfacet
  facet normal -0.979668 0.200625 0
    outer loop
      vertex -42.7873 3.92982 10
      vertex -43.3798 1.0366 8.001
      vertex -43.3798 1.0366 10
    endloop
  endfacet
  facet normal -0.980066 0.198671 0
    outer loop
      vertex -42.7873 3.92982 8.001
      vertex -42.4 5.84041 10
      vertex -42.4 5.84041 8.001
    endloop
  endfacet
  facet normal -0.980066 0.198671 0
    outer loop
      vertex -42.4 5.84041 10
      vertex -42.7873 3.92982 8.001
      vertex -42.7873 3.92982 10
    endloop
  endfacet
  facet normal -0.981245 0.192764 0
    outer loop
      vertex -42.4 5.84041 8.001
      vertex -42.2177 6.76839 10
      vertex -42.2177 6.76839 8.001
    endloop
  endfacet
  facet normal -0.981245 0.192764 0
    outer loop
      vertex -42.2177 6.76839 10
      vertex -42.4 5.84041 8.001
      vertex -42.4 5.84041 10
    endloop
  endfacet
  facet normal -0.984047 0.177907 0
    outer loop
      vertex -42.2177 6.76839 8.001
      vertex -42.1409 7.19319 10
      vertex -42.1409 7.19319 8.001
    endloop
  endfacet
  facet normal -0.984047 0.177907 0
    outer loop
      vertex -42.1409 7.19319 10
      vertex -42.2177 6.76839 8.001
      vertex -42.2177 6.76839 10
    endloop
  endfacet
  facet normal -0.984567 0.175009 0
    outer loop
      vertex -42.1409 7.19319 8.001
      vertex -42.0696 7.59431 10
      vertex -42.0696 7.59431 8.001
    endloop
  endfacet
  facet normal -0.984567 0.175009 0
    outer loop
      vertex -42.0696 7.59431 10
      vertex -42.1409 7.19319 8.001
      vertex -42.1409 7.19319 10
    endloop
  endfacet
  facet normal -0.985272 0.170995 0
    outer loop
      vertex -42.0696 7.59431 8.001
      vertex -42.0041 7.97172 10
      vertex -42.0041 7.97172 8.001
    endloop
  endfacet
  facet normal -0.985272 0.170995 0
    outer loop
      vertex -42.0041 7.97172 10
      vertex -42.0696 7.59431 8.001
      vertex -42.0696 7.59431 10
    endloop
  endfacet
  facet normal -0.985963 0.166961 0
    outer loop
      vertex -42.0041 7.97172 8.001
      vertex -41.9442 8.32545 10
      vertex -41.9442 8.32545 8.001
    endloop
  endfacet
  facet normal -0.985963 0.166961 0
    outer loop
      vertex -41.9442 8.32545 10
      vertex -42.0041 7.97172 8.001
      vertex -42.0041 7.97172 10
    endloop
  endfacet
  facet normal -0.986937 0.161107 0
    outer loop
      vertex -41.9442 8.32545 8.001
      vertex -41.876 8.74324 10
      vertex -41.876 8.74324 8.001
    endloop
  endfacet
  facet normal -0.986937 0.161107 0
    outer loop
      vertex -41.876 8.74324 10
      vertex -41.9442 8.32545 8.001
      vertex -41.9442 8.32545 10
    endloop
  endfacet
  facet normal 0.983719 0.179714 0
    outer loop
      vertex -41.6366 7.43281 10
      vertex -41.876 8.74324 8.001
      vertex -41.876 8.74324 10
    endloop
  endfacet
  facet normal 0.983719 0.179714 0
    outer loop
      vertex -41.876 8.74324 8.001
      vertex -41.6366 7.43281 10
      vertex -41.6366 7.43281 8.001
    endloop
  endfacet
  facet normal 0.982488 0.186327 0
    outer loop
      vertex -41.1469 4.85066 10
      vertex -41.6366 7.43281 8.001
      vertex -41.6366 7.43281 10
    endloop
  endfacet
  facet normal 0.982488 0.186327 0
    outer loop
      vertex -41.6366 7.43281 8.001
      vertex -41.1469 4.85066 10
      vertex -41.1469 4.85066 8.001
    endloop
  endfacet
  facet normal 0.979447 0.2017 0
    outer loop
      vertex -39.5633 -2.83925 10
      vertex -41.1469 4.85066 8.001
      vertex -41.1469 4.85066 10
    endloop
  endfacet
  facet normal 0.979447 0.2017 0
    outer loop
      vertex -41.1469 4.85066 8.001
      vertex -39.5633 -2.83925 10
      vertex -39.5633 -2.83925 8.001
    endloop
  endfacet
  facet normal 0 -1 0
    outer loop
      vertex -44.1773 -2.83925 8.001
      vertex -39.5633 -2.83925 10
      vertex -44.1773 -2.83925 10
    endloop
  endfacet
  facet normal 0 -1 -0
    outer loop
      vertex -39.5633 -2.83925 10
      vertex -44.1773 -2.83925 8.001
      vertex -39.5633 -2.83925 8.001
    endloop
  endfacet
  facet normal -0.999536 0.0304676 0
    outer loop
      vertex 9.00916 -2.87733 8.001
      vertex 9.04725 -1.62773 10
      vertex 9.04725 -1.62773 8.001
    endloop
  endfacet
  facet normal -0.999536 0.0304676 0
    outer loop
      vertex 9.04725 -1.62773 10
      vertex 9.00916 -2.87733 8.001
      vertex 9.00916 -2.87733 10
    endloop
  endfacet
  facet normal -0.994914 0.100728 0
    outer loop
      vertex 9.04725 -1.62773 8.001
      vertex 9.16151 -0.499161 10
      vertex 9.16151 -0.499161 8.001
    endloop
  endfacet
  facet normal -0.994914 0.100728 0
    outer loop
      vertex 9.16151 -0.499161 10
      vertex 9.04725 -1.62773 8.001
      vertex 9.04725 -1.62773 10
    endloop
  endfacet
  facet normal -0.982607 0.185699 0
    outer loop
      vertex 9.16151 -0.499161 8.001
      vertex 9.35192 0.508376 10
      vertex 9.35192 0.508376 8.001
    endloop
  endfacet
  facet normal -0.982607 0.185699 0
    outer loop
      vertex 9.35192 0.508376 10
      vertex 9.16151 -0.499161 8.001
      vertex 9.16151 -0.499161 10
    endloop
  endfacet
  facet normal -0.957642 0.287962 0
    outer loop
      vertex 9.35192 0.508376 8.001
      vertex 9.6185 1.39491 10
      vertex 9.6185 1.39491 8.001
    endloop
  endfacet
  facet normal -0.957642 0.287962 0
    outer loop
      vertex 9.6185 1.39491 10
      vertex 9.35192 0.508376 8.001
      vertex 9.35192 0.508376 10
    endloop
  endfacet
  facet normal -0.910998 0.41241 0
    outer loop
      vertex 9.6185 1.39491 8.001
      vertex 9.94569 2.11766 10
      vertex 9.94569 2.11766 8.001
    endloop
  endfacet
  facet normal -0.910998 0.41241 0
    outer loop
      vertex 9.94569 2.11766 10
      vertex 9.6185 1.39491 8.001
      vertex 9.6185 1.39491 10
    endloop
  endfacet
  facet normal -0.811218 0.584744 0
    outer loop
      vertex 9.94569 2.11766 8.001
      vertex 10.3178 2.63389 10
      vertex 10.3178 2.63389 8.001
    endloop
  endfacet
  facet normal -0.811218 0.584744 0
    outer loop
      vertex 10.3178 2.63389 10
      vertex 9.94569 2.11766 8.001
      vertex 9.94569 2.11766 10
    endloop
  endfacet
  facet normal -0.596402 0.802686 0
    outer loop
      vertex 10.7347 2.94365 8.001
      vertex 10.3178 2.63389 10
      vertex 10.7347 2.94365 10
    endloop
  endfacet
  facet normal -0.596402 0.802686 0
    outer loop
      vertex 10.3178 2.63389 10
      vertex 10.7347 2.94365 8.001
      vertex 10.3178 2.63389 8.001
    endloop
  endfacet
  facet normal -0.218174 0.97591 0
    outer loop
      vertex 11.1965 3.04689 8.001
      vertex 10.7347 2.94365 10
      vertex 11.1965 3.04689 10
    endloop
  endfacet
  facet normal -0.218174 0.97591 0
    outer loop
      vertex 10.7347 2.94365 10
      vertex 11.1965 3.04689 8.001
      vertex 10.7347 2.94365 8.001
    endloop
  endfacet
  facet normal 0.382319 0.924031 -0
    outer loop
      vertex 12.0139 2.70869 8.001
      vertex 11.1965 3.04689 10
      vertex 12.0139 2.70869 10
    endloop
  endfacet
  facet normal 0.382319 0.924031 0
    outer loop
      vertex 11.1965 3.04689 10
      vertex 12.0139 2.70869 8.001
      vertex 11.1965 3.04689 8.001
    endloop
  endfacet
  facet normal 0.866737 0.498766 0
    outer loop
      vertex 12.5978 1.69401 10
      vertex 12.0139 2.70869 8.001
      vertex 12.0139 2.70869 10
    endloop
  endfacet
  facet normal 0.866737 0.498766 0
    outer loop
      vertex 12.0139 2.70869 8.001
      vertex 12.5978 1.69401 10
      vertex 12.5978 1.69401 8.001
    endloop
  endfacet
  facet normal 0.979212 0.202838 0
    outer loop
      vertex 12.9481 0.00291348 10
      vertex 12.5978 1.69401 8.001
      vertex 12.5978 1.69401 10
    endloop
  endfacet
  facet normal 0.979212 0.202838 0
    outer loop
      vertex 12.5978 1.69401 8.001
      vertex 12.9481 0.00291348 10
      vertex 12.9481 0.00291348 8.001
    endloop
  endfacet
  facet normal 0.998785 0.0492731 0
    outer loop
      vertex 13.0649 -2.36467 10
      vertex 12.9481 0.00291348 8.001
      vertex 12.9481 0.00291348 10
    endloop
  endfacet
  facet normal 0.998785 0.0492731 0
    outer loop
      vertex 12.9481 0.00291348 8.001
      vertex 13.0649 -2.36467 10
      vertex 13.0649 -2.36467 8.001
    endloop
  endfacet
  facet normal 1 -0 0
    outer loop
      vertex 13.0649 -13.89 10
      vertex 13.0649 -2.36467 8.001
      vertex 13.0649 -2.36467 10
    endloop
  endfacet
  facet normal 1 0 0
    outer loop
      vertex 13.0649 -2.36467 8.001
      vertex 13.0649 -13.89 10
      vertex 13.0649 -13.89 8.001
    endloop
  endfacet
  facet normal 0 1 -0
    outer loop
      vertex 16.2432 -13.89 8.001
      vertex 13.0649 -13.89 10
      vertex 16.2432 -13.89 10
    endloop
  endfacet
  facet normal 0 1 0
    outer loop
      vertex 13.0649 -13.89 10
      vertex 16.2432 -13.89 8.001
      vertex 13.0649 -13.89 8.001
    endloop
  endfacet
  facet normal -1 0 0
    outer loop
      vertex 16.2432 -13.89 8.001
      vertex 16.2432 -2.63039 10
      vertex 16.2432 -2.63039 8.001
    endloop
  endfacet
  facet normal -1 -0 0
    outer loop
      vertex 16.2432 -2.63039 10
      vertex 16.2432 -13.89 8.001
      vertex 16.2432 -13.89 10
    endloop
  endfacet
  facet normal -0.998771 0.0495668 0
    outer loop
      vertex 16.2432 -2.63039 8.001
      vertex 16.3056 -1.37303 10
      vertex 16.3056 -1.37303 8.001
    endloop
  endfacet
  facet normal -0.998771 0.0495668 0
    outer loop
      vertex 16.3056 -1.37303 10
      vertex 16.2432 -2.63039 8.001
      vertex 16.2432 -2.63039 10
    endloop
  endfacet
  facet normal -0.993257 0.115934 0
    outer loop
      vertex 16.3056 -1.37303 8.001
      vertex 16.4356 -0.259262 10
      vertex 16.4356 -0.259262 8.001
    endloop
  endfacet
  facet normal -0.993257 0.115934 0
    outer loop
      vertex 16.4356 -0.259262 10
      vertex 16.3056 -1.37303 8.001
      vertex 16.3056 -1.37303 10
    endloop
  endfacet
  facet normal -0.979881 0.199581 0
    outer loop
      vertex 16.4356 -0.259262 8.001
      vertex 16.6332 0.710891 10
      vertex 16.6332 0.710891 8.001
    endloop
  endfacet
  facet normal -0.979881 0.199581 0
    outer loop
      vertex 16.6332 0.710891 10
      vertex 16.4356 -0.259262 8.001
      vertex 16.4356 -0.259262 10
    endloop
  endfacet
  facet normal -0.952187 0.305515 0
    outer loop
      vertex 16.6332 0.710891 8.001
      vertex 16.8984 1.53743 10
      vertex 16.8984 1.53743 8.001
    endloop
  endfacet
  facet normal -0.952187 0.305515 0
    outer loop
      vertex 16.8984 1.53743 10
      vertex 16.6332 0.710891 8.001
      vertex 16.6332 0.710891 10
    endloop
  endfacet
  facet normal -0.899864 0.43617 0
    outer loop
      vertex 16.8984 1.53743 8.001
      vertex 17.2185 2.19783 10
      vertex 17.2185 2.19783 8.001
    endloop
  endfacet
  facet normal -0.899864 0.43617 0
    outer loop
      vertex 17.2185 2.19783 10
      vertex 16.8984 1.53743 8.001
      vertex 16.8984 1.53743 10
    endloop
  endfacet
  facet normal -0.793317 0.608808 0
    outer loop
      vertex 17.2185 2.19783 8.001
      vertex 17.5805 2.66954 10
      vertex 17.5805 2.66954 8.001
    endloop
  endfacet
  facet normal -0.793317 0.608808 0
    outer loop
      vertex 17.5805 2.66954 10
      vertex 17.2185 2.19783 8.001
      vertex 17.2185 2.19783 10
    endloop
  endfacet
  facet normal -0.573666 0.819089 0
    outer loop
      vertex 17.9846 2.95256 8.001
      vertex 17.5805 2.66954 10
      vertex 17.9846 2.95256 10
    endloop
  endfacet
  facet normal -0.573666 0.819089 0
    outer loop
      vertex 17.5805 2.66954 10
      vertex 17.9846 2.95256 8.001
      vertex 17.5805 2.66954 8.001
    endloop
  endfacet
  facet normal -0.206925 0.978357 0
    outer loop
      vertex 18.4306 3.04689 8.001
      vertex 17.9846 2.95256 10
      vertex 18.4306 3.04689 10
    endloop
  endfacet
  facet normal -0.206925 0.978357 0
    outer loop
      vertex 17.9846 2.95256 10
      vertex 18.4306 3.04689 8.001
      vertex 17.9846 2.95256 8.001
    endloop
  endfacet
  facet normal 0.382279 0.924047 -0
    outer loop
      vertex 19.2481 2.70869 8.001
      vertex 18.4306 3.04689 10
      vertex 19.2481 2.70869 10
    endloop
  endfacet
  facet normal 0.382279 0.924047 0
    outer loop
      vertex 18.4306 3.04689 10
      vertex 19.2481 2.70869 8.001
      vertex 18.4306 3.04689 8.001
    endloop
  endfacet
  facet normal 0.866737 0.498766 0
    outer loop
      vertex 19.832 1.69401 10
      vertex 19.2481 2.70869 8.001
      vertex 19.2481 2.70869 10
    endloop
  endfacet
  facet normal 0.866737 0.498766 0
    outer loop
      vertex 19.2481 2.70869 8.001
      vertex 19.832 1.69401 10
      vertex 19.832 1.69401 8.001
    endloop
  endfacet
  facet normal 0.979212 0.202838 0
    outer loop
      vertex 20.1823 0.00291348 10
      vertex 19.832 1.69401 8.001
      vertex 19.832 1.69401 10
    endloop
  endfacet
  facet normal 0.979212 0.202838 0
    outer loop
      vertex 19.832 1.69401 8.001
      vertex 20.1823 0.00291348 10
      vertex 20.1823 0.00291348 8.001
    endloop
  endfacet
  facet normal 0.998785 0.0492731 0
    outer loop
      vertex 20.2991 -2.36467 10
      vertex 20.1823 0.00291348 8.001
      vertex 20.1823 0.00291348 10
    endloop
  endfacet
  facet normal 0.998785 0.0492731 0
    outer loop
      vertex 20.1823 0.00291348 8.001
      vertex 20.2991 -2.36467 10
      vertex 20.2991 -2.36467 8.001
    endloop
  endfacet
  facet normal 1 -0 0
    outer loop
      vertex 20.2991 -13.89 10
      vertex 20.2991 -2.36467 8.001
      vertex 20.2991 -2.36467 10
    endloop
  endfacet
  facet normal 1 0 0
    outer loop
      vertex 20.2991 -2.36467 8.001
      vertex 20.2991 -13.89 10
      vertex 20.2991 -13.89 8.001
    endloop
  endfacet
  facet normal 0 1 -0
    outer loop
      vertex 23.4775 -13.89 8.001
      vertex 20.2991 -13.89 10
      vertex 23.4775 -13.89 10
    endloop
  endfacet
  facet normal 0 1 0
    outer loop
      vertex 20.2991 -13.89 10
      vertex 23.4775 -13.89 8.001
      vertex 20.2991 -13.89 8.001
    endloop
  endfacet
  facet normal -1 0 0
    outer loop
      vertex 23.4775 -13.89 8.001
      vertex 23.4775 -0.845657 10
      vertex 23.4775 -0.845657 8.001
    endloop
  endfacet
  facet normal -1 -0 0
    outer loop
      vertex 23.4775 -0.845657 10
      vertex 23.4775 -13.89 8.001
      vertex 23.4775 -13.89 10
    endloop
  endfacet
  facet normal -0.99946 -0.0328638 0
    outer loop
      vertex 23.4775 -0.845657 8.001
      vertex 23.4184 0.951705 10
      vertex 23.4184 0.951705 8.001
    endloop
  endfacet
  facet normal -0.99946 -0.0328638 0
    outer loop
      vertex 23.4184 0.951705 10
      vertex 23.4775 -0.845657 8.001
      vertex 23.4775 -0.845657 10
    endloop
  endfacet
  facet normal -0.993726 -0.111839 0
    outer loop
      vertex 23.4184 0.951705 8.001
      vertex 23.2411 2.52708 10
      vertex 23.2411 2.52708 8.001
    endloop
  endfacet
  facet normal -0.993726 -0.111839 0
    outer loop
      vertex 23.2411 2.52708 10
      vertex 23.4184 0.951705 8.001
      vertex 23.4184 0.951705 10
    endloop
  endfacet
  facet normal -0.976985 -0.213309 0
    outer loop
      vertex 23.2411 2.52708 8.001
      vertex 22.9456 3.88051 10
      vertex 22.9456 3.88051 8.001
    endloop
  endfacet
  facet normal -0.976985 -0.213309 0
    outer loop
      vertex 22.9456 3.88051 10
      vertex 23.2411 2.52708 8.001
      vertex 23.2411 2.52708 10
    endloop
  endfacet
  facet normal -0.939214 -0.343332 0
    outer loop
      vertex 22.9456 3.88051 8.001
      vertex 22.532 5.01195 10
      vertex 22.532 5.01195 8.001
    endloop
  endfacet
  facet normal -0.939214 -0.343332 0
    outer loop
      vertex 22.532 5.01195 10
      vertex 22.9456 3.88051 8.001
      vertex 22.9456 3.88051 10
    endloop
  endfacet
  facet normal -0.861559 -0.507657 0
    outer loop
      vertex 22.532 5.01195 8.001
      vertex 22.0058 5.90498 10
      vertex 22.0058 5.90498 8.001
    endloop
  endfacet
  facet normal -0.861559 -0.507657 0
    outer loop
      vertex 22.0058 5.90498 10
      vertex 22.532 5.01195 8.001
      vertex 22.532 5.01195 10
    endloop
  endfacet
  facet normal -0.7098 -0.704403 0
    outer loop
      vertex 22.0058 5.90498 8.001
      vertex 21.3728 6.54283 10
      vertex 21.3728 6.54283 8.001
    endloop
  endfacet
  facet normal -0.7098 -0.704403 0
    outer loop
      vertex 21.3728 6.54283 10
      vertex 22.0058 5.90498 8.001
      vertex 22.0058 5.90498 10
    endloop
  endfacet
  facet normal -0.459513 -0.888171 0
    outer loop
      vertex 20.633 6.92558 8.001
      vertex 21.3728 6.54283 10
      vertex 20.633 6.92558 10
    endloop
  endfacet
  facet normal -0.459513 -0.888171 -0
    outer loop
      vertex 21.3728 6.54283 10
      vertex 20.633 6.92558 8.001
      vertex 21.3728 6.54283 8.001
    endloop
  endfacet
  facet normal -0.149003 -0.988837 0
    outer loop
      vertex 19.7864 7.05315 8.001
      vertex 20.633 6.92558 10
      vertex 19.7864 7.05315 10
    endloop
  endfacet
  facet normal -0.149003 -0.988837 -0
    outer loop
      vertex 20.633 6.92558 10
      vertex 19.7864 7.05315 8.001
      vertex 20.633 6.92558 8.001
    endloop
  endfacet
  facet normal 0.100233 -0.994964 0
    outer loop
      vertex 19.1384 6.98787 8.001
      vertex 19.7864 7.05315 10
      vertex 19.1384 6.98787 10
    endloop
  endfacet
  facet normal 0.100233 -0.994964 0
    outer loop
      vertex 19.7864 7.05315 10
      vertex 19.1384 6.98787 8.001
      vertex 19.7864 7.05315 8.001
    endloop
  endfacet
  facet normal 0.315884 -0.948798 0
    outer loop
      vertex 18.5502 6.79204 8.001
      vertex 19.1384 6.98787 10
      vertex 18.5502 6.79204 10
    endloop
  endfacet
  facet normal 0.315884 -0.948798 0
    outer loop
      vertex 19.1384 6.98787 10
      vertex 18.5502 6.79204 8.001
      vertex 19.1384 6.98787 8.001
    endloop
  endfacet
  facet normal 0.525559 -0.850757 0
    outer loop
      vertex 18.0219 6.46568 8.001
      vertex 18.5502 6.79204 10
      vertex 18.0219 6.46568 10
    endloop
  endfacet
  facet normal 0.525559 -0.850757 0
    outer loop
      vertex 18.5502 6.79204 10
      vertex 18.0219 6.46568 8.001
      vertex 18.5502 6.79204 8.001
    endloop
  endfacet
  facet normal 0.698143 -0.715958 0
    outer loop
      vertex 17.5533 6.00874 8.001
      vertex 18.0219 6.46568 10
      vertex 17.5533 6.00874 10
    endloop
  endfacet
  facet normal 0.698143 -0.715958 0
    outer loop
      vertex 18.0219 6.46568 10
      vertex 17.5533 6.00874 8.001
      vertex 18.0219 6.46568 8.001
    endloop
  endfacet
  facet normal 0.820199 -0.572078 0
    outer loop
      vertex 17.1304 5.40242 10
      vertex 17.5533 6.00874 8.001
      vertex 17.5533 6.00874 10
    endloop
  endfacet
  facet normal 0.820199 -0.572078 0
    outer loop
      vertex 17.5533 6.00874 8.001
      vertex 17.1304 5.40242 10
      vertex 17.1304 5.40242 8.001
    endloop
  endfacet
  facet normal 0.892507 -0.451033 0
    outer loop
      vertex 16.7388 4.62752 10
      vertex 17.1304 5.40242 8.001
      vertex 17.1304 5.40242 10
    endloop
  endfacet
  facet normal 0.892507 -0.451033 0
    outer loop
      vertex 17.1304 5.40242 8.001
      vertex 16.7388 4.62752 10
      vertex 16.7388 4.62752 8.001
    endloop
  endfacet
  facet normal 0.934231 -0.356669 0
    outer loop
      vertex 16.3786 3.68404 10
      vertex 16.7388 4.62752 8.001
      vertex 16.7388 4.62752 10
    endloop
  endfacet
  facet normal 0.934231 -0.356669 0
    outer loop
      vertex 16.7388 4.62752 8.001
      vertex 16.3786 3.68404 10
      vertex 16.3786 3.68404 8.001
    endloop
  endfacet
  facet normal 0.958935 -0.283627 0
    outer loop
      vertex 16.0497 2.57204 10
      vertex 16.3786 3.68404 8.001
      vertex 16.3786 3.68404 10
    endloop
  endfacet
  facet normal 0.958935 -0.283627 0
    outer loop
      vertex 16.3786 3.68404 8.001
      vertex 16.0497 2.57204 10
      vertex 16.0497 2.57204 8.001
    endloop
  endfacet
  facet normal 0 -1 0
    outer loop
      vertex 15.9813 2.57204 8.001
      vertex 16.0497 2.57204 10
      vertex 15.9813 2.57204 10
    endloop
  endfacet
  facet normal 0 -1 -0
    outer loop
      vertex 16.0497 2.57204 10
      vertex 15.9813 2.57204 8.001
      vertex 16.0497 2.57204 8.001
    endloop
  endfacet
  facet normal -0.975653 -0.219319 0
    outer loop
      vertex 15.9813 2.57204 8.001
      vertex 15.5406 4.53252 10
      vertex 15.5406 4.53252 8.001
    endloop
  endfacet
  facet normal -0.975653 -0.219319 0
    outer loop
      vertex 15.5406 4.53252 10
      vertex 15.9813 2.57204 8.001
      vertex 15.9813 2.57204 10
    endloop
  endfacet
  facet normal -0.889723 -0.456501 0
    outer loop
      vertex 15.5406 4.53252 8.001
      vertex 14.8221 5.93288 10
      vertex 14.8221 5.93288 8.001
    endloop
  endfacet
  facet normal -0.889723 -0.456501 0
    outer loop
      vertex 14.8221 5.93288 10
      vertex 15.5406 4.53252 8.001
      vertex 15.5406 4.53252 10
    endloop
  endfacet
  facet normal -0.644759 -0.764386 0
    outer loop
      vertex 13.826 6.77309 8.001
      vertex 14.8221 5.93288 10
      vertex 13.826 6.77309 10
    endloop
  endfacet
  facet normal -0.644759 -0.764386 -0
    outer loop
      vertex 14.8221 5.93288 10
      vertex 13.826 6.77309 8.001
      vertex 14.8221 5.93288 8.001
    endloop
  endfacet
  facet normal -0.214717 -0.976676 0
    outer loop
      vertex 12.5521 7.05315 8.001
      vertex 13.826 6.77309 10
      vertex 12.5521 7.05315 10
    endloop
  endfacet
  facet normal -0.214717 -0.976676 -0
    outer loop
      vertex 13.826 6.77309 10
      vertex 12.5521 7.05315 8.001
      vertex 13.826 6.77309 8.001
    endloop
  endfacet
  facet normal 0.111301 -0.993787 0
    outer loop
      vertex 11.9586 6.98668 8.001
      vertex 12.5521 7.05315 10
      vertex 11.9586 6.98668 10
    endloop
  endfacet
  facet normal 0.111301 -0.993787 0
    outer loop
      vertex 12.5521 7.05315 10
      vertex 11.9586 6.98668 8.001
      vertex 12.5521 7.05315 8.001
    endloop
  endfacet
  facet normal 0.340837 -0.940122 0
    outer loop
      vertex 11.4086 6.78728 8.001
      vertex 11.9586 6.98668 10
      vertex 11.4086 6.78728 10
    endloop
  endfacet
  facet normal 0.340837 -0.940122 0
    outer loop
      vertex 11.9586 6.98668 10
      vertex 11.4086 6.78728 8.001
      vertex 11.9586 6.98668 8.001
    endloop
  endfacet
  facet normal 0.548488 -0.836159 0
    outer loop
      vertex 10.902 6.45497 8.001
      vertex 11.4086 6.78728 10
      vertex 10.902 6.45497 10
    endloop
  endfacet
  facet normal 0.548488 -0.836159 0
    outer loop
      vertex 11.4086 6.78728 10
      vertex 10.902 6.45497 8.001
      vertex 11.4086 6.78728 8.001
    endloop
  endfacet
  facet normal 0.708681 -0.705529 0
    outer loop
      vertex 10.4388 5.9897 10
      vertex 10.902 6.45497 8.001
      vertex 10.902 6.45497 10
    endloop
  endfacet
  facet normal 0.708681 -0.705529 0
    outer loop
      vertex 10.902 6.45497 8.001
      vertex 10.4388 5.9897 10
      vertex 10.4388 5.9897 8.001
    endloop
  endfacet
  facet normal 0.822619 -0.568593 0
    outer loop
      vertex 10.0156 5.37743 10
      vertex 10.4388 5.9897 8.001
      vertex 10.4388 5.9897 10
    endloop
  endfacet
  facet normal 0.822619 -0.568593 0
    outer loop
      vertex 10.4388 5.9897 8.001
      vertex 10.0156 5.37743 10
      vertex 10.0156 5.37743 8.001
    endloop
  endfacet
  facet normal 0.894358 -0.447352 0
    outer loop
      vertex 9.62859 4.60371 10
      vertex 10.0156 5.37743 8.001
      vertex 10.0156 5.37743 10
    endloop
  endfacet
  facet normal 0.894358 -0.447352 0
    outer loop
      vertex 10.0156 5.37743 8.001
      vertex 9.62859 4.60371 10
      vertex 9.62859 4.60371 8.001
    endloop
  endfacet
  facet normal 0.936323 -0.35114 0
    outer loop
      vertex 9.27789 3.66856 10
      vertex 9.62859 4.60371 8.001
      vertex 9.62859 4.60371 10
    endloop
  endfacet
  facet normal 0.936323 -0.35114 0
    outer loop
      vertex 9.62859 4.60371 8.001
      vertex 9.27789 3.66856 10
      vertex 9.27789 3.66856 8.001
    endloop
  endfacet
  facet normal 0.961264 -0.275628 0
    outer loop
      vertex 8.96348 2.57204 10
      vertex 9.27789 3.66856 8.001
      vertex 9.27789 3.66856 10
    endloop
  endfacet
  facet normal 0.961264 -0.275628 0
    outer loop
      vertex 9.27789 3.66856 8.001
      vertex 8.96348 2.57204 10
      vertex 8.96348 2.57204 8.001
    endloop
  endfacet
  facet normal 0 -1 0
    outer loop
      vertex 8.91794 2.57204 8.001
      vertex 8.96348 2.57204 10
      vertex 8.91794 2.57204 10
    endloop
  endfacet
  facet normal 0 -1 -0
    outer loop
      vertex 8.96348 2.57204 10
      vertex 8.91794 2.57204 8.001
      vertex 8.96348 2.57204 8.001
    endloop
  endfacet
  facet normal -0.99995 -0.00998544 0
    outer loop
      vertex 8.91794 2.57204 8.001
      vertex 8.91439 2.92754 10
      vertex 8.91439 2.92754 8.001
    endloop
  endfacet
  facet normal -0.99995 -0.00998544 0
    outer loop
      vertex 8.91439 2.92754 10
      vertex 8.91794 2.57204 8.001
      vertex 8.91794 2.57204 10
    endloop
  endfacet
  facet normal -0.99975 -0.022352 0
    outer loop
      vertex 8.91439 2.92754 8.001
      vertex 8.90371 3.40523 10
      vertex 8.90371 3.40523 8.001
    endloop
  endfacet
  facet normal -0.99975 -0.022352 0
    outer loop
      vertex 8.90371 3.40523 10
      vertex 8.91439 2.92754 8.001
      vertex 8.91439 2.92754 10
    endloop
  endfacet
  facet normal -0.99956 -0.0296595 0
    outer loop
      vertex 8.90371 3.40523 8.001
      vertex 8.88591 4.00511 10
      vertex 8.88591 4.00511 8.001
    endloop
  endfacet
  facet normal -0.99956 -0.0296595 0
    outer loop
      vertex 8.88591 4.00511 10
      vertex 8.90371 3.40523 8.001
      vertex 8.90371 3.40523 10
    endloop
  endfacet
  facet normal -0.999405 -0.0344909 0
    outer loop
      vertex 8.88591 4.00511 8.001
      vertex 8.86099 4.72719 10
      vertex 8.86099 4.72719 8.001
    endloop
  endfacet
  facet normal -0.999405 -0.0344909 0
    outer loop
      vertex 8.86099 4.72719 10
      vertex 8.88591 4.00511 8.001
      vertex 8.88591 4.00511 10
    endloop
  endfacet
  facet normal -0.99927 -0.0381973 0
    outer loop
      vertex 8.86099 4.72719 8.001
      vertex 8.83393 5.4351 10
      vertex 8.83393 5.4351 8.001
    endloop
  endfacet
  facet normal -0.99927 -0.0381973 0
    outer loop
      vertex 8.83393 5.4351 10
      vertex 8.86099 4.72719 8.001
      vertex 8.86099 4.72719 10
    endloop
  endfacet
  facet normal -0.999057 -0.0434271 0
    outer loop
      vertex 8.83393 5.4351 8.001
      vertex 8.80971 5.99229 10
      vertex 8.80971 5.99229 8.001
    endloop
  endfacet
  facet normal -0.999057 -0.0434271 0
    outer loop
      vertex 8.80971 5.99229 10
      vertex 8.83393 5.4351 8.001
      vertex 8.83393 5.4351 10
    endloop
  endfacet
  facet normal -0.998618 -0.052555 0
    outer loop
      vertex 8.80971 5.99229 8.001
      vertex 8.78832 6.39873 10
      vertex 8.78832 6.39873 8.001
    endloop
  endfacet
  facet normal -0.998618 -0.052555 0
    outer loop
      vertex 8.78832 6.39873 10
      vertex 8.80971 5.99229 8.001
      vertex 8.80971 5.99229 10
    endloop
  endfacet
  facet normal -0.997379 -0.0723558 0
    outer loop
      vertex 8.78832 6.39873 8.001
      vertex 8.76977 6.65443 10
      vertex 8.76977 6.65443 8.001
    endloop
  endfacet
  facet normal -0.997379 -0.0723558 0
    outer loop
      vertex 8.76977 6.65443 10
      vertex 8.78832 6.39873 8.001
      vertex 8.78832 6.39873 10
    endloop
  endfacet
  facet normal 0 -1 0
    outer loop
      vertex 5.71671 6.65443 8.001
      vertex 8.76977 6.65443 10
      vertex 5.71671 6.65443 10
    endloop
  endfacet
  facet normal 0 -1 -0
    outer loop
      vertex 8.76977 6.65443 10
      vertex 5.71671 6.65443 8.001
      vertex 8.76977 6.65443 8.001
    endloop
  endfacet
  facet normal 0.999252 0.0386804 0
    outer loop
      vertex 5.73341 6.22301 10
      vertex 5.71671 6.65443 8.001
      vertex 5.71671 6.65443 10
    endloop
  endfacet
  facet normal 0.999252 0.0386804 0
    outer loop
      vertex 5.71671 6.65443 8.001
      vertex 5.73341 6.22301 10
      vertex 5.73341 6.22301 8.001
    endloop
  endfacet
  facet normal 0.999395 0.0347722 0
    outer loop
      vertex 5.74937 5.7643 10
      vertex 5.73341 6.22301 8.001
      vertex 5.73341 6.22301 10
    endloop
  endfacet
  facet normal 0.999395 0.0347722 0
    outer loop
      vertex 5.73341 6.22301 8.001
      vertex 5.74937 5.7643 10
      vertex 5.74937 5.7643 8.001
    endloop
  endfacet
  facet normal 0.999507 0.0314043 0
    outer loop
      vertex 5.76464 5.2783 10
      vertex 5.74937 5.7643 8.001
      vertex 5.74937 5.7643 10
    endloop
  endfacet
  facet normal 0.999507 0.0314043 0
    outer loop
      vertex 5.74937 5.7643 8.001
      vertex 5.76464 5.2783 10
      vertex 5.76464 5.2783 8.001
    endloop
  endfacet
  facet normal 0.999598 0.0283541 0
    outer loop
      vertex 5.7792 4.765 10
      vertex 5.76464 5.2783 8.001
      vertex 5.76464 5.2783 10
    endloop
  endfacet
  facet normal 0.999598 0.0283541 0
    outer loop
      vertex 5.76464 5.2783 8.001
      vertex 5.7792 4.765 10
      vertex 5.7792 4.765 8.001
    endloop
  endfacet
  facet normal 0.999755 0.0221317 0
    outer loop
      vertex 5.79169 4.20079 10
      vertex 5.7792 4.765 8.001
      vertex 5.7792 4.765 10
    endloop
  endfacet
  facet normal 0.999755 0.0221317 0
    outer loop
      vertex 5.7792 4.765 8.001
      vertex 5.79169 4.20079 10
      vertex 5.79169 4.20079 8.001
    endloop
  endfacet
  facet normal 0.999902 0.013974 0
    outer loop
      vertex 5.80062 3.56181 10
      vertex 5.79169 4.20079 8.001
      vertex 5.79169 4.20079 10
    endloop
  endfacet
  facet normal 0.999902 0.013974 0
    outer loop
      vertex 5.79169 4.20079 8.001
      vertex 5.80062 3.56181 10
      vertex 5.80062 3.56181 8.001
    endloop
  endfacet
  facet normal 0.999972 0.00749583 0
    outer loop
      vertex 5.80597 2.8481 10
      vertex 5.80062 3.56181 8.001
      vertex 5.80062 3.56181 10
    endloop
  endfacet
  facet normal 0.999972 0.00749583 0
    outer loop
      vertex 5.80062 3.56181 8.001
      vertex 5.80597 2.8481 10
      vertex 5.80597 2.8481 8.001
    endloop
  endfacet
  facet normal 0.999997 0.00227018 0
    outer loop
      vertex 5.80776 2.05962 10
      vertex 5.80597 2.8481 8.001
      vertex 5.80597 2.8481 10
    endloop
  endfacet
  facet normal 0.999997 0.00227018 0
    outer loop
      vertex 5.80597 2.8481 8.001
      vertex 5.80776 2.05962 10
      vertex 5.80776 2.05962 8.001
    endloop
  endfacet
  facet normal 1 -0 0
    outer loop
      vertex 5.80776 -13.89 10
      vertex 5.80776 2.05962 8.001
      vertex 5.80776 2.05962 10
    endloop
  endfacet
  facet normal 1 0 0
    outer loop
      vertex 5.80776 2.05962 8.001
      vertex 5.80776 -13.89 10
      vertex 5.80776 -13.89 8.001
    endloop
  endfacet
  facet normal 0 1 -0
    outer loop
      vertex 9.00916 -13.89 8.001
      vertex 5.80776 -13.89 10
      vertex 9.00916 -13.89 10
    endloop
  endfacet
  facet normal 0 1 0
    outer loop
      vertex 5.80776 -13.89 10
      vertex 9.00916 -13.89 8.001
      vertex 5.80776 -13.89 8.001
    endloop
  endfacet
  facet normal -1 0 0
    outer loop
      vertex 9.00916 -13.89 8.001
      vertex 9.00916 -2.87733 10
      vertex 9.00916 -2.87733 8.001
    endloop
  endfacet
  facet normal -1 -0 0
    outer loop
      vertex 9.00916 -2.87733 10
      vertex 9.00916 -13.89 8.001
      vertex 9.00916 -13.89 10
    endloop
  endfacet
  facet normal -0.282296 0.959327 0
    outer loop
      vertex 72.5035 -13.8449 8.001
      vertex 71.4208 -14.1635 10
      vertex 72.5035 -13.8449 10
    endloop
  endfacet
  facet normal -0.282296 0.959327 0
    outer loop
      vertex 71.4208 -14.1635 10
      vertex 72.5035 -13.8449 8.001
      vertex 71.4208 -14.1635 8.001
    endloop
  endfacet
  facet normal -0.491003 0.871158 0
    outer loop
      vertex 73.4458 -13.3138 8.001
      vertex 72.5035 -13.8449 10
      vertex 73.4458 -13.3138 10
    endloop
  endfacet
  facet normal -0.491003 0.871158 0
    outer loop
      vertex 72.5035 -13.8449 10
      vertex 73.4458 -13.3138 8.001
      vertex 72.5035 -13.8449 8.001
    endloop
  endfacet
  facet normal -0.67976 0.733435 0
    outer loop
      vertex 74.2479 -12.5704 8.001
      vertex 73.4458 -13.3138 10
      vertex 74.2479 -12.5704 10
    endloop
  endfacet
  facet normal -0.67976 0.733435 0
    outer loop
      vertex 73.4458 -13.3138 10
      vertex 74.2479 -12.5704 8.001
      vertex 73.4458 -13.3138 8.001
    endloop
  endfacet
  facet normal -0.82352 0.567288 0
    outer loop
      vertex 74.2479 -12.5704 8.001
      vertex 74.8884 -11.6406 10
      vertex 74.8884 -11.6406 8.001
    endloop
  endfacet
  facet normal -0.82352 0.567288 0
    outer loop
      vertex 74.8884 -11.6406 10
      vertex 74.2479 -12.5704 8.001
      vertex 74.2479 -12.5704 10
    endloop
  endfacet
  facet normal -0.922073 0.387017 0
    outer loop
      vertex 74.8884 -11.6406 8.001
      vertex 75.3459 -10.5506 10
      vertex 75.3459 -10.5506 8.001
    endloop
  endfacet
  facet normal -0.922073 0.387017 0
    outer loop
      vertex 75.3459 -10.5506 10
      vertex 74.8884 -11.6406 8.001
      vertex 74.8884 -11.6406 10
    endloop
  endfacet
  facet normal -0.976735 0.214451 0
    outer loop
      vertex 75.3459 -10.5506 8.001
      vertex 75.6204 -9.30037 10
      vertex 75.6204 -9.30037 8.001
    endloop
  endfacet
  facet normal -0.976735 0.214451 0
    outer loop
      vertex 75.6204 -9.30037 10
      vertex 75.3459 -10.5506 8.001
      vertex 75.3459 -10.5506 10
    endloop
  endfacet
  facet normal -0.997902 0.0647364 0
    outer loop
      vertex 75.6204 -9.30037 8.001
      vertex 75.7119 -7.88991 10
      vertex 75.7119 -7.88991 8.001
    endloop
  endfacet
  facet normal -0.997902 0.0647364 0
    outer loop
      vertex 75.7119 -7.88991 10
      vertex 75.6204 -9.30037 8.001
      vertex 75.6204 -9.30037 10
    endloop
  endfacet
  facet normal -0.99955 -0.0299944 0
    outer loop
      vertex 75.7119 -7.88991 8.001
      vertex 75.6866 -7.0468 10
      vertex 75.6866 -7.0468 8.001
    endloop
  endfacet
  facet normal -0.99955 -0.0299944 0
    outer loop
      vertex 75.6866 -7.0468 10
      vertex 75.7119 -7.88991 8.001
      vertex 75.7119 -7.88991 10
    endloop
  endfacet
  facet normal -0.995109 -0.0987799 0
    outer loop
      vertex 75.6866 -7.0468 8.001
      vertex 75.6108 -6.28319 10
      vertex 75.6108 -6.28319 8.001
    endloop
  endfacet
  facet normal -0.995109 -0.0987799 0
    outer loop
      vertex 75.6108 -6.28319 10
      vertex 75.6866 -7.0468 8.001
      vertex 75.6866 -7.0468 10
    endloop
  endfacet
  facet normal -0.983358 -0.18168 0
    outer loop
      vertex 75.6108 -6.28319 8.001
      vertex 75.4844 -5.59904 10
      vertex 75.4844 -5.59904 8.001
    endloop
  endfacet
  facet normal -0.983358 -0.18168 0
    outer loop
      vertex 75.4844 -5.59904 10
      vertex 75.6108 -6.28319 8.001
      vertex 75.6108 -6.28319 10
    endloop
  endfacet
  facet normal -0.959766 -0.2808 0
    outer loop
      vertex 75.4844 -5.59904 8.001
      vertex 75.3075 -4.9944 10
      vertex 75.3075 -4.9944 8.001
    endloop
  endfacet
  facet normal -0.959766 -0.2808 0
    outer loop
      vertex 75.3075 -4.9944 10
      vertex 75.4844 -5.59904 8.001
      vertex 75.4844 -5.59904 10
    endloop
  endfacet
  facet normal -0.926358 -0.376644 0
    outer loop
      vertex 75.3075 -4.9944 8.001
      vertex 75.0882 -4.45503 10
      vertex 75.0882 -4.45503 8.001
    endloop
  endfacet
  facet normal -0.926358 -0.376644 0
    outer loop
      vertex 75.0882 -4.45503 10
      vertex 75.3075 -4.9944 8.001
      vertex 75.3075 -4.9944 10
    endloop
  endfacet
  facet normal -0.887627 -0.460562 0
    outer loop
      vertex 75.0882 -4.45503 8.001
      vertex 74.8348 -3.96666 10
      vertex 74.8348 -3.96666 8.001
    endloop
  endfacet
  facet normal -0.887627 -0.460562 0
    outer loop
      vertex 74.8348 -3.96666 10
      vertex 75.0882 -4.45503 8.001
      vertex 75.0882 -4.45503 10
    endloop
  endfacet
  facet normal -0.835426 -0.549602 0
    outer loop
      vertex 74.8348 -3.96666 8.001
      vertex 74.5471 -3.52934 10
      vertex 74.5471 -3.52934 8.001
    endloop
  endfacet
  facet normal -0.835426 -0.549602 0
    outer loop
      vertex 74.5471 -3.52934 10
      vertex 74.8348 -3.96666 8.001
      vertex 74.8348 -3.96666 10
    endloop
  endfacet
  facet normal -0.768327 -0.640057 0
    outer loop
      vertex 74.5471 -3.52934 8.001
      vertex 74.2253 -3.14305 10
      vertex 74.2253 -3.14305 8.001
    endloop
  endfacet
  facet normal -0.768327 -0.640057 0
    outer loop
      vertex 74.2253 -3.14305 10
      vertex 74.5471 -3.52934 8.001
      vertex 74.5471 -3.52934 10
    endloop
  endfacet
  facet normal -0.688583 -0.725157 0
    outer loop
      vertex 73.8585 -2.79475 8.001
      vertex 74.2253 -3.14305 10
      vertex 73.8585 -2.79475 10
    endloop
  endfacet
  facet normal -0.688583 -0.725157 -0
    outer loop
      vertex 74.2253 -3.14305 10
      vertex 73.8585 -2.79475 8.001
      vertex 74.2253 -3.14305 8.001
    endloop
  endfacet
  facet normal -0.608045 -0.793903 0
    outer loop
      vertex 73.4363 -2.47139 8.001
      vertex 73.8585 -2.79475 10
      vertex 73.4363 -2.47139 10
    endloop
  endfacet
  facet normal -0.608045 -0.793903 -0
    outer loop
      vertex 73.8585 -2.79475 10
      vertex 73.4363 -2.47139 8.001
      vertex 73.8585 -2.79475 8.001
    endloop
  endfacet
  facet normal -0.529673 -0.848202 0
    outer loop
      vertex 72.9585 -2.17302 8.001
      vertex 73.4363 -2.47139 10
      vertex 72.9585 -2.17302 10
    endloop
  endfacet
  facet normal -0.529673 -0.848202 -0
    outer loop
      vertex 73.4363 -2.47139 10
      vertex 72.9585 -2.17302 8.001
      vertex 73.4363 -2.47139 8.001
    endloop
  endfacet
  facet normal -0.456187 -0.889884 0
    outer loop
      vertex 72.4251 -1.89958 8.001
      vertex 72.9585 -2.17302 10
      vertex 72.4251 -1.89958 10
    endloop
  endfacet
  facet normal -0.456187 -0.889884 -0
    outer loop
      vertex 72.9585 -2.17302 10
      vertex 72.4251 -1.89958 8.001
      vertex 72.9585 -2.17302 8.001
    endloop
  endfacet
  facet normal -0.40743 -0.913237 0
    outer loop
      vertex 71.8438 -1.64024 8.001
      vertex 72.4251 -1.89958 10
      vertex 71.8438 -1.64024 10
    endloop
  endfacet
  facet normal -0.40743 -0.913237 -0
    outer loop
      vertex 72.4251 -1.89958 10
      vertex 71.8438 -1.64024 8.001
      vertex 72.4251 -1.89958 8.001
    endloop
  endfacet
  facet normal -0.380386 -0.924828 0
    outer loop
      vertex 71.2219 -1.38445 8.001
      vertex 71.8438 -1.64024 10
      vertex 71.2219 -1.38445 10
    endloop
  endfacet
  facet normal -0.380386 -0.924828 -0
    outer loop
      vertex 71.8438 -1.64024 10
      vertex 71.2219 -1.38445 8.001
      vertex 71.8438 -1.64024 8.001
    endloop
  endfacet
  facet normal -0.355799 -0.934562 0
    outer loop
      vertex 70.5593 -1.13219 8.001
      vertex 71.2219 -1.38445 10
      vertex 70.5593 -1.13219 10
    endloop
  endfacet
  facet normal -0.355799 -0.934562 -0
    outer loop
      vertex 71.2219 -1.38445 10
      vertex 70.5593 -1.13219 8.001
      vertex 71.2219 -1.38445 8.001
    endloop
  endfacet
  facet normal -0.333497 -0.942751 0
    outer loop
      vertex 69.8562 -0.883469 8.001
      vertex 70.5593 -1.13219 10
      vertex 69.8562 -0.883469 10
    endloop
  endfacet
  facet normal -0.333497 -0.942751 -0
    outer loop
      vertex 70.5593 -1.13219 10
      vertex 69.8562 -0.883469 8.001
      vertex 70.5593 -1.13219 8.001
    endloop
  endfacet
  facet normal -0.354125 -0.935198 0
    outer loop
      vertex 69.3753 -0.70137 8.001
      vertex 69.8562 -0.883469 10
      vertex 69.3753 -0.70137 10
    endloop
  endfacet
  facet normal -0.354125 -0.935198 -0
    outer loop
      vertex 69.8562 -0.883469 10
      vertex 69.3753 -0.70137 8.001
      vertex 69.8562 -0.883469 8.001
    endloop
  endfacet
  facet normal -0.449851 -0.893104 0
    outer loop
      vertex 68.969 -0.496719 8.001
      vertex 69.3753 -0.70137 10
      vertex 68.969 -0.496719 10
    endloop
  endfacet
  facet normal -0.449851 -0.893104 -0
    outer loop
      vertex 69.3753 -0.70137 10
      vertex 68.969 -0.496719 8.001
      vertex 69.3753 -0.70137 8.001
    endloop
  endfacet
  facet normal -0.565559 -0.824708 0
    outer loop
      vertex 68.6376 -0.269455 8.001
      vertex 68.969 -0.496719 10
      vertex 68.6376 -0.269455 10
    endloop
  endfacet
  facet normal -0.565559 -0.824708 -0
    outer loop
      vertex 68.969 -0.496719 10
      vertex 68.6376 -0.269455 8.001
      vertex 68.969 -0.496719 8.001
    endloop
  endfacet
  facet normal -0.69739 -0.716692 0
    outer loop
      vertex 68.3809 -0.0196686 8.001
      vertex 68.6376 -0.269455 10
      vertex 68.3809 -0.0196686 10
    endloop
  endfacet
  facet normal -0.69739 -0.716692 -0
    outer loop
      vertex 68.6376 -0.269455 10
      vertex 68.3809 -0.0196686 8.001
      vertex 68.6376 -0.269455 8.001
    endloop
  endfacet
  facet normal -0.828797 -0.55955 0
    outer loop
      vertex 68.3809 -0.0196686 8.001
      vertex 68.189 0.264571 10
      vertex 68.189 0.264571 8.001
    endloop
  endfacet
  facet normal -0.828797 -0.55955 0
    outer loop
      vertex 68.189 0.264571 10
      vertex 68.3809 -0.0196686 8.001
      vertex 68.3809 -0.0196686 10
    endloop
  endfacet
  facet normal -0.923682 -0.38316 0
    outer loop
      vertex 68.189 0.264571 8.001
      vertex 68.0519 0.595077 10
      vertex 68.0519 0.595077 8.001
    endloop
  endfacet
  facet normal -0.923682 -0.38316 0
    outer loop
      vertex 68.0519 0.595077 10
      vertex 68.189 0.264571 8.001
      vertex 68.189 0.264571 10
    endloop
  endfacet
  facet normal -0.976964 -0.213404 0
    outer loop
      vertex 68.0519 0.595077 8.001
      vertex 67.9696 0.971847 10
      vertex 67.9696 0.971847 8.001
    endloop
  endfacet
  facet normal -0.976964 -0.213404 0
    outer loop
      vertex 67.9696 0.971847 10
      vertex 68.0519 0.595077 8.001
      vertex 68.0519 0.595077 10
    endloop
  endfacet
  facet normal -0.997909 -0.0646304 0
    outer loop
      vertex 67.9696 0.971847 8.001
      vertex 67.9422 1.39491 10
      vertex 67.9422 1.39491 8.001
    endloop
  endfacet
  facet normal -0.997909 -0.0646304 0
    outer loop
      vertex 67.9422 1.39491 10
      vertex 67.9696 0.971847 8.001
      vertex 67.9696 0.971847 10
    endloop
  endfacet
  facet normal -0.997741 0.0671803 0
    outer loop
      vertex 67.9422 1.39491 8.001
      vertex 67.9778 1.92363 10
      vertex 67.9778 1.92363 8.001
    endloop
  endfacet
  facet normal -0.997741 0.0671803 0
    outer loop
      vertex 67.9778 1.92363 10
      vertex 67.9422 1.39491 8.001
      vertex 67.9422 1.39491 10
    endloop
  endfacet
  facet normal -0.972601 0.232479 0
    outer loop
      vertex 67.9778 1.92363 8.001
      vertex 68.0846 2.37044 10
      vertex 68.0846 2.37044 8.001
    endloop
  endfacet
  facet normal -0.972601 0.232479 0
    outer loop
      vertex 68.0846 2.37044 10
      vertex 67.9778 1.92363 8.001
      vertex 67.9778 1.92363 10
    endloop
  endfacet
  facet normal -0.898768 0.438424 0
    outer loop
      vertex 68.0846 2.37044 8.001
      vertex 68.2626 2.73534 10
      vertex 68.2626 2.73534 8.001
    endloop
  endfacet
  facet normal -0.898768 0.438424 0
    outer loop
      vertex 68.2626 2.73534 10
      vertex 68.0846 2.37044 8.001
      vertex 68.0846 2.37044 10
    endloop
  endfacet
  facet normal -0.750658 0.660691 0
    outer loop
      vertex 68.2626 2.73534 8.001
      vertex 68.5117 3.01836 10
      vertex 68.5117 3.01836 8.001
    endloop
  endfacet
  facet normal -0.750658 0.660691 0
    outer loop
      vertex 68.5117 3.01836 10
      vertex 68.2626 2.73534 8.001
      vertex 68.2626 2.73534 10
    endloop
  endfacet
  facet normal -0.551314 0.834298 0
    outer loop
      vertex 68.8322 3.23015 8.001
      vertex 68.5117 3.01836 10
      vertex 68.8322 3.23015 10
    endloop
  endfacet
  facet normal -0.551314 0.834298 0
    outer loop
      vertex 68.5117 3.01836 10
      vertex 68.8322 3.23015 8.001
      vertex 68.5117 3.01836 8.001
    endloop
  endfacet
  facet normal -0.360257 0.932853 0
    outer loop
      vertex 69.2239 3.38142 8.001
      vertex 68.8322 3.23015 10
      vertex 69.2239 3.38142 10
    endloop
  endfacet
  facet normal -0.360257 0.932853 0
    outer loop
      vertex 68.8322 3.23015 10
      vertex 69.2239 3.38142 8.001
      vertex 68.8322 3.23015 8.001
    endloop
  endfacet
  facet normal -0.192506 0.981296 0
    outer loop
      vertex 69.6867 3.47221 8.001
      vertex 69.2239 3.38142 10
      vertex 69.6867 3.47221 10
    endloop
  endfacet
  facet normal -0.192506 0.981296 0
    outer loop
      vertex 69.2239 3.38142 10
      vertex 69.6867 3.47221 8.001
      vertex 69.2239 3.38142 8.001
    endloop
  endfacet
  facet normal -0.0565467 0.9984 0
    outer loop
      vertex 70.2208 3.50246 8.001
      vertex 69.6867 3.47221 10
      vertex 70.2208 3.50246 10
    endloop
  endfacet
  facet normal -0.0565467 0.9984 0
    outer loop
      vertex 69.6867 3.47221 10
      vertex 70.2208 3.50246 8.001
      vertex 69.6867 3.47221 8.001
    endloop
  endfacet
  facet normal 0.0710272 0.997474 -0
    outer loop
      vertex 70.7626 3.46388 8.001
      vertex 70.2208 3.50246 10
      vertex 70.7626 3.46388 10
    endloop
  endfacet
  facet normal 0.0710272 0.997474 0
    outer loop
      vertex 70.2208 3.50246 10
      vertex 70.7626 3.46388 8.001
      vertex 70.2208 3.50246 8.001
    endloop
  endfacet
  facet normal 0.242171 0.970234 -0
    outer loop
      vertex 71.2261 3.34819 8.001
      vertex 70.7626 3.46388 10
      vertex 71.2261 3.34819 10
    endloop
  endfacet
  facet normal 0.242171 0.970234 0
    outer loop
      vertex 70.7626 3.46388 10
      vertex 71.2261 3.34819 8.001
      vertex 70.7626 3.46388 8.001
    endloop
  endfacet
  facet normal 0.447752 0.894158 -0
    outer loop
      vertex 71.6112 3.15535 8.001
      vertex 71.2261 3.34819 10
      vertex 71.6112 3.15535 10
    endloop
  endfacet
  facet normal 0.447752 0.894158 0
    outer loop
      vertex 71.2261 3.34819 10
      vertex 71.6112 3.15535 8.001
      vertex 71.2261 3.34819 8.001
    endloop
  endfacet
  facet normal 0.660556 0.750777 -0
    outer loop
      vertex 71.9181 2.88533 8.001
      vertex 71.6112 3.15535 10
      vertex 71.9181 2.88533 10
    endloop
  endfacet
  facet normal 0.660556 0.750777 0
    outer loop
      vertex 71.6112 3.15535 10
      vertex 71.9181 2.88533 8.001
      vertex 71.6112 3.15535 8.001
    endloop
  endfacet
  facet normal 0.820237 0.572023 0
    outer loop
      vertex 72.161 2.53703 10
      vertex 71.9181 2.88533 8.001
      vertex 71.9181 2.88533 10
    endloop
  endfacet
  facet normal 0.820237 0.572023 0
    outer loop
      vertex 71.9181 2.88533 8.001
      vertex 72.161 2.53703 10
      vertex 72.161 2.53703 8.001
    endloop
  endfacet
  facet normal 0.911516 0.411265 0
    outer loop
      vertex 72.354 2.10927 10
      vertex 72.161 2.53703 8.001
      vertex 72.161 2.53703 10
    endloop
  endfacet
  facet normal 0.911516 0.411265 0
    outer loop
      vertex 72.161 2.53703 8.001
      vertex 72.354 2.10927 10
      vertex 72.354 2.10927 8.001
    endloop
  endfacet
  facet normal 0.962442 0.271487 0
    outer loop
      vertex 72.4971 1.60197 10
      vertex 72.354 2.10927 8.001
      vertex 72.354 2.10927 10
    endloop
  endfacet
  facet normal 0.962442 0.271487 0
    outer loop
      vertex 72.354 2.10927 8.001
      vertex 72.4971 1.60197 10
      vertex 72.4971 1.60197 8.001
    endloop
  endfacet
  facet normal 0.987593 0.157036 0
    outer loop
      vertex 72.5904 1.01521 10
      vertex 72.4971 1.60197 8.001
      vertex 72.4971 1.60197 10
    endloop
  endfacet
  facet normal 0.987593 0.157036 0
    outer loop
      vertex 72.4971 1.60197 8.001
      vertex 72.5904 1.01521 10
      vertex 72.5904 1.01521 8.001
    endloop
  endfacet
  facet normal -0.171446 0.985194 0
    outer loop
      vertex 75.4271 1.50886 8.001
      vertex 72.5904 1.01521 10
      vertex 75.4271 1.50886 10
    endloop
  endfacet
  facet normal -0.171446 0.985194 0
    outer loop
      vertex 72.5904 1.01521 10
      vertex 75.4271 1.50886 8.001
      vertex 72.5904 1.01521 8.001
    endloop
  endfacet
  facet normal -0.984202 -0.177047 0
    outer loop
      vertex 75.4271 1.50886 8.001
      vertex 75.1989 2.77742 10
      vertex 75.1989 2.77742 8.001
    endloop
  endfacet
  facet normal -0.984202 -0.177047 0
    outer loop
      vertex 75.1989 2.77742 10
      vertex 75.4271 1.50886 8.001
      vertex 75.4271 1.50886 10
    endloop
  endfacet
  facet normal -0.952613 -0.304184 0
    outer loop
      vertex 75.1989 2.77742 8.001
      vertex 74.8446 3.88698 10
      vertex 74.8446 3.88698 8.001
    endloop
  endfacet
  facet normal -0.952613 -0.304184 0
    outer loop
      vertex 74.8446 3.88698 10
      vertex 75.1989 2.77742 8.001
      vertex 75.1989 2.77742 10
    endloop
  endfacet
  facet normal -0.892528 -0.450992 0
    outer loop
      vertex 74.8446 3.88698 8.001
      vertex 74.3643 4.83751 10
      vertex 74.3643 4.83751 8.001
    endloop
  endfacet
  facet normal -0.892528 -0.450992 0
    outer loop
      vertex 74.3643 4.83751 10
      vertex 74.8446 3.88698 8.001
      vertex 74.8446 3.88698 10
    endloop
  endfacet
  facet normal -0.793879 -0.608076 0
    outer loop
      vertex 74.3643 4.83751 8.001
      vertex 73.758 5.62907 10
      vertex 73.758 5.62907 8.001
    endloop
  endfacet
  facet normal -0.793879 -0.608076 0
    outer loop
      vertex 73.758 5.62907 10
      vertex 74.3643 4.83751 8.001
      vertex 74.3643 4.83751 10
    endloop
  endfacet
  facet normal -0.652786 -0.757543 0
    outer loop
      vertex 73.035 6.25209 8.001
      vertex 73.758 5.62907 10
      vertex 73.035 6.25209 10
    endloop
  endfacet
  facet normal -0.652786 -0.757543 -0
    outer loop
      vertex 73.758 5.62907 10
      vertex 73.035 6.25209 8.001
      vertex 73.758 5.62907 8.001
    endloop
  endfacet
  facet normal -0.472284 -0.881447 0
    outer loop
      vertex 72.2044 6.69713 8.001
      vertex 73.035 6.25209 10
      vertex 72.2044 6.69713 10
    endloop
  endfacet
  facet normal -0.472284 -0.881447 -0
    outer loop
      vertex 73.035 6.25209 10
      vertex 72.2044 6.69713 8.001
      vertex 73.035 6.25209 8.001
    endloop
  endfacet
  facet normal -0.273773 -0.961794 0
    outer loop
      vertex 71.2664 6.96413 8.001
      vertex 72.2044 6.69713 10
      vertex 71.2664 6.96413 10
    endloop
  endfacet
  facet normal -0.273773 -0.961794 -0
    outer loop
      vertex 72.2044 6.69713 10
      vertex 71.2664 6.96413 8.001
      vertex 72.2044 6.69713 8.001
    endloop
  endfacet
  facet normal -0.0848308 -0.996395 0
    outer loop
      vertex 70.2208 7.05315 8.001
      vertex 71.2664 6.96413 10
      vertex 70.2208 7.05315 10
    endloop
  endfacet
  facet normal -0.0848308 -0.996395 -0
    outer loop
      vertex 71.2664 6.96413 10
      vertex 70.2208 7.05315 8.001
      vertex 71.2664 6.96413 8.001
    endloop
  endfacet
  facet normal 0.0869296 -0.996214 0
    outer loop
      vertex 69.0442 6.95048 8.001
      vertex 70.2208 7.05315 10
      vertex 69.0442 6.95048 10
    endloop
  endfacet
  facet normal 0.0869296 -0.996214 0
    outer loop
      vertex 70.2208 7.05315 10
      vertex 69.0442 6.95048 8.001
      vertex 70.2208 7.05315 8.001
    endloop
  endfacet
  facet normal 0.285181 -0.958474 0
    outer loop
      vertex 68.0092 6.64253 8.001
      vertex 69.0442 6.95048 10
      vertex 68.0092 6.64253 10
    endloop
  endfacet
  facet normal 0.285181 -0.958474 0
    outer loop
      vertex 69.0442 6.95048 10
      vertex 68.0092 6.64253 8.001
      vertex 69.0442 6.95048 8.001
    endloop
  endfacet
  facet normal 0.498196 -0.867065 0
    outer loop
      vertex 67.1159 6.12926 8.001
      vertex 68.0092 6.64253 10
      vertex 67.1159 6.12926 10
    endloop
  endfacet
  facet normal 0.498196 -0.867065 0
    outer loop
      vertex 68.0092 6.64253 10
      vertex 67.1159 6.12926 8.001
      vertex 68.0092 6.64253 8.001
    endloop
  endfacet
  facet normal 0.691109 -0.72275 0
    outer loop
      vertex 66.3644 5.41066 8.001
      vertex 67.1159 6.12926 10
      vertex 66.3644 5.41066 10
    endloop
  endfacet
  facet normal 0.691109 -0.72275 0
    outer loop
      vertex 67.1159 6.12926 10
      vertex 66.3644 5.41066 8.001
      vertex 67.1159 6.12926 8.001
    endloop
  endfacet
  facet normal 0.834563 -0.550913 0
    outer loop
      vertex 65.7687 4.50825 10
      vertex 66.3644 5.41066 8.001
      vertex 66.3644 5.41066 10
    endloop
  endfacet
  facet normal 0.834563 -0.550913 0
    outer loop
      vertex 66.3644 5.41066 8.001
      vertex 65.7687 4.50825 10
      vertex 65.7687 4.50825 8.001
    endloop
  endfacet
  facet normal 0.928657 -0.37094 0
    outer loop
      vertex 65.3433 3.44325 10
      vertex 65.7687 4.50825 8.001
      vertex 65.7687 4.50825 10
    endloop
  endfacet
  facet normal 0.928657 -0.37094 0
    outer loop
      vertex 65.7687 4.50825 8.001
      vertex 65.3433 3.44325 10
      vertex 65.3433 3.44325 8.001
    endloop
  endfacet
  facet normal 0.979053 -0.203606 0
    outer loop
      vertex 65.088 2.21562 10
      vertex 65.3433 3.44325 8.001
      vertex 65.3433 3.44325 10
    endloop
  endfacet
  facet normal 0.979053 -0.203606 0
    outer loop
      vertex 65.3433 3.44325 8.001
      vertex 65.088 2.21562 10
      vertex 65.088 2.21562 8.001
    endloop
  endfacet
  facet normal 0.998132 -0.0610987 0
    outer loop
      vertex 65.0029 0.825393 10
      vertex 65.088 2.21562 8.001
      vertex 65.088 2.21562 10
    endloop
  endfacet
  facet normal 0.998132 -0.0610987 0
    outer loop
      vertex 65.088 2.21562 8.001
      vertex 65.0029 0.825393 10
      vertex 65.0029 0.825393 8.001
    endloop
  endfacet
  facet normal 0.999347 0.0361288 0
    outer loop
      vertex 65.0339 -0.0320892 10
      vertex 65.0029 0.825393 8.001
      vertex 65.0029 0.825393 10
    endloop
  endfacet
  facet normal 0.999347 0.0361288 0
    outer loop
      vertex 65.0029 0.825393 8.001
      vertex 65.0339 -0.0320892 10
      vertex 65.0339 -0.0320892 8.001
    endloop
  endfacet
  facet normal 0.993113 0.117164 0
    outer loop
      vertex 65.1268 -0.819534 10
      vertex 65.0339 -0.0320892 8.001
      vertex 65.0339 -0.0320892 10
    endloop
  endfacet
  facet normal 0.993113 0.117164 0
    outer loop
      vertex 65.0339 -0.0320892 8.001
      vertex 65.1268 -0.819534 10
      vertex 65.1268 -0.819534 8.001
    endloop
  endfacet
  facet normal 0.977476 0.211045 0
    outer loop
      vertex 65.2817 -1.53697 10
      vertex 65.1268 -0.819534 8.001
      vertex 65.1268 -0.819534 10
    endloop
  endfacet
  facet normal 0.977476 0.211045 0
    outer loop
      vertex 65.1268 -0.819534 8.001
      vertex 65.2817 -1.53697 10
      vertex 65.2817 -1.53697 8.001
    endloop
  endfacet
  facet normal 0.948239 0.317559 0
    outer loop
      vertex 65.4985 -2.18434 10
      vertex 65.2817 -1.53697 8.001
      vertex 65.2817 -1.53697 10
    endloop
  endfacet
  facet normal 0.948239 0.317559 0
    outer loop
      vertex 65.2817 -1.53697 8.001
      vertex 65.4985 -2.18434 10
      vertex 65.4985 -2.18434 8.001
    endloop
  endfacet
  facet normal 0.904111 0.427299 0
    outer loop
      vertex 65.7744 -2.76811 10
      vertex 65.4985 -2.18434 8.001
      vertex 65.4985 -2.18434 10
    endloop
  endfacet
  facet normal 0.904111 0.427299 0
    outer loop
      vertex 65.4985 -2.18434 8.001
      vertex 65.7744 -2.76811 10
      vertex 65.7744 -2.76811 8.001
    endloop
  endfacet
  facet normal 0.84589 0.533357 0
    outer loop
      vertex 66.1066 -3.29497 10
      vertex 65.7744 -2.76811 8.001
      vertex 65.7744 -2.76811 10
    endloop
  endfacet
  facet normal 0.84589 0.533357 0
    outer loop
      vertex 65.7744 -2.76811 8.001
      vertex 66.1066 -3.29497 10
      vertex 66.1066 -3.29497 8.001
    endloop
  endfacet
  facet normal 0.77081 0.637065 0
    outer loop
      vertex 66.495 -3.76491 10
      vertex 66.1066 -3.29497 8.001
      vertex 66.1066 -3.29497 10
    endloop
  endfacet
  facet normal 0.77081 0.637065 0
    outer loop
      vertex 66.1066 -3.29497 8.001
      vertex 66.495 -3.76491 10
      vertex 66.495 -3.76491 8.001
    endloop
  endfacet
  facet normal 0.680608 0.732648 -0
    outer loop
      vertex 66.9396 -4.17793 8.001
      vertex 66.495 -3.76491 10
      vertex 66.9396 -4.17793 10
    endloop
  endfacet
  facet normal 0.680608 0.732648 0
    outer loop
      vertex 66.495 -3.76491 10
      vertex 66.9396 -4.17793 8.001
      vertex 66.495 -3.76491 8.001
    endloop
  endfacet
  facet normal 0.557996 0.829844 -0
    outer loop
      vertex 67.5228 -4.57008 8.001
      vertex 66.9396 -4.17793 10
      vertex 67.5228 -4.57008 10
    endloop
  endfacet
  facet normal 0.557996 0.829844 0
    outer loop
      vertex 66.9396 -4.17793 10
      vertex 67.5228 -4.57008 8.001
      vertex 66.9396 -4.17793 8.001
    endloop
  endfacet
  facet normal 0.452221 0.891906 -0
    outer loop
      vertex 68.3267 -4.97768 8.001
      vertex 67.5228 -4.57008 10
      vertex 68.3267 -4.97768 10
    endloop
  endfacet
  facet normal 0.452221 0.891906 0
    outer loop
      vertex 67.5228 -4.57008 10
      vertex 68.3267 -4.97768 8.001
      vertex 67.5228 -4.57008 8.001
    endloop
  endfacet
  facet normal 0.381626 0.924317 -0
    outer loop
      vertex 69.3513 -5.40071 8.001
      vertex 68.3267 -4.97768 10
      vertex 69.3513 -5.40071 10
    endloop
  endfacet
  facet normal 0.381626 0.924317 0
    outer loop
      vertex 68.3267 -4.97768 10
      vertex 69.3513 -5.40071 8.001
      vertex 68.3267 -4.97768 8.001
    endloop
  endfacet
  facet normal 0.332121 0.943237 -0
    outer loop
      vertex 70.5966 -5.83919 8.001
      vertex 69.3513 -5.40071 10
      vertex 70.5966 -5.83919 10
    endloop
  endfacet
  facet normal 0.332121 0.943237 0
    outer loop
      vertex 69.3513 -5.40071 10
      vertex 70.5966 -5.83919 8.001
      vertex 69.3513 -5.40071 8.001
    endloop
  endfacet
  facet normal 0.358153 0.933663 -0
    outer loop
      vertex 71.146 -6.04994 8.001
      vertex 70.5966 -5.83919 10
      vertex 71.146 -6.04994 10
    endloop
  endfacet
  facet normal 0.358153 0.933663 0
    outer loop
      vertex 70.5966 -5.83919 10
      vertex 71.146 -6.04994 8.001
      vertex 70.5966 -5.83919 8.001
    endloop
  endfacet
  facet normal 0.449757 0.893151 -0
    outer loop
      vertex 71.6092 -6.28319 8.001
      vertex 71.146 -6.04994 10
      vertex 71.6092 -6.28319 10
    endloop
  endfacet
  facet normal 0.449757 0.893151 0
    outer loop
      vertex 71.146 -6.04994 10
      vertex 71.6092 -6.28319 8.001
      vertex 71.146 -6.04994 8.001
    endloop
  endfacet
  facet normal 0.561424 0.827528 -0
    outer loop
      vertex 71.9862 -6.53896 8.001
      vertex 71.6092 -6.28319 10
      vertex 71.9862 -6.53896 10
    endloop
  endfacet
  facet normal 0.561424 0.827528 0
    outer loop
      vertex 71.6092 -6.28319 10
      vertex 71.9862 -6.53896 8.001
      vertex 71.6092 -6.28319 8.001
    endloop
  endfacet
  facet normal 0.69122 0.722645 -0
    outer loop
      vertex 72.2771 -6.81721 8.001
      vertex 71.9862 -6.53896 10
      vertex 72.2771 -6.81721 10
    endloop
  endfacet
  facet normal 0.69122 0.722645 0
    outer loop
      vertex 71.9862 -6.53896 10
      vertex 72.2771 -6.81721 8.001
      vertex 71.9862 -6.53896 8.001
    endloop
  endfacet
  facet normal 0.823785 0.566902 0
    outer loop
      vertex 72.4939 -7.13225 10
      vertex 72.2771 -6.81721 8.001
      vertex 72.2771 -6.81721 10
    endloop
  endfacet
  facet normal 0.823785 0.566902 0
    outer loop
      vertex 72.2771 -6.81721 8.001
      vertex 72.4939 -7.13225 10
      vertex 72.4939 -7.13225 8.001
    endloop
  endfacet
  facet normal 0.920942 0.389701 0
    outer loop
      vertex 72.6488 -7.49831 10
      vertex 72.4939 -7.13225 8.001
      vertex 72.4939 -7.13225 10
    endloop
  endfacet
  facet normal 0.920942 0.389701 0
    outer loop
      vertex 72.4939 -7.13225 8.001
      vertex 72.6488 -7.49831 10
      vertex 72.6488 -7.49831 8.001
    endloop
  endfacet
  facet normal 0.976083 0.217396 0
    outer loop
      vertex 72.7417 -7.91542 10
      vertex 72.6488 -7.49831 8.001
      vertex 72.6488 -7.49831 10
    endloop
  endfacet
  facet normal 0.976083 0.217396 0
    outer loop
      vertex 72.6488 -7.49831 8.001
      vertex 72.7417 -7.91542 10
      vertex 72.7417 -7.91542 8.001
    endloop
  endfacet
  facet normal 0.997814 0.066079 0
    outer loop
      vertex 72.7727 -8.38353 10
      vertex 72.7417 -7.91542 8.001
      vertex 72.7417 -7.91542 10
    endloop
  endfacet
  facet normal 0.997814 0.066079 0
    outer loop
      vertex 72.7417 -7.91542 8.001
      vertex 72.7727 -8.38353 10
      vertex 72.7727 -8.38353 8.001
    endloop
  endfacet
  facet normal 0.997717 -0.0675393 0
    outer loop
      vertex 72.7343 -8.95079 10
      vertex 72.7727 -8.38353 8.001
      vertex 72.7727 -8.38353 10
    endloop
  endfacet
  facet normal 0.997717 -0.0675393 0
    outer loop
      vertex 72.7727 -8.38353 8.001
      vertex 72.7343 -8.95079 10
      vertex 72.7343 -8.95079 8.001
    endloop
  endfacet
  facet normal 0.973012 -0.230755 0
    outer loop
      vertex 72.6189 -9.43739 10
      vertex 72.7343 -8.95079 8.001
      vertex 72.7343 -8.95079 10
    endloop
  endfacet
  facet normal 0.973012 -0.230755 0
    outer loop
      vertex 72.7343 -8.95079 8.001
      vertex 72.6189 -9.43739 10
      vertex 72.6189 -9.43739 8.001
    endloop
  endfacet
  facet normal 0.903805 -0.427945 0
    outer loop
      vertex 72.4267 -9.84331 10
      vertex 72.6189 -9.43739 8.001
      vertex 72.6189 -9.43739 10
    endloop
  endfacet
  facet normal 0.903805 -0.427945 0
    outer loop
      vertex 72.6189 -9.43739 8.001
      vertex 72.4267 -9.84331 10
      vertex 72.4267 -9.84331 8.001
    endloop
  endfacet
  facet normal 0.770304 -0.637676 0
    outer loop
      vertex 72.1575 -10.1685 10
      vertex 72.4267 -9.84331 8.001
      vertex 72.4267 -9.84331 10
    endloop
  endfacet
  facet normal 0.770304 -0.637676 0
    outer loop
      vertex 72.4267 -9.84331 8.001
      vertex 72.1575 -10.1685 10
      vertex 72.1575 -10.1685 8.001
    endloop
  endfacet
  facet normal 0.576502 -0.817096 0
    outer loop
      vertex 71.8043 -10.4177 8.001
      vertex 72.1575 -10.1685 10
      vertex 71.8043 -10.4177 10
    endloop
  endfacet
  facet normal 0.576502 -0.817096 0
    outer loop
      vertex 72.1575 -10.1685 10
      vertex 71.8043 -10.4177 8.001
      vertex 72.1575 -10.1685 8.001
    endloop
  endfacet
  facet normal 0.371895 -0.928275 0
    outer loop
      vertex 71.36 -10.5957 8.001
      vertex 71.8043 -10.4177 10
      vertex 71.36 -10.5957 10
    endloop
  endfacet
  facet normal 0.371895 -0.928275 0
    outer loop
      vertex 71.8043 -10.4177 10
      vertex 71.36 -10.5957 8.001
      vertex 71.8043 -10.4177 8.001
    endloop
  endfacet
  facet normal 0.195623 -0.980679 0
    outer loop
      vertex 70.8246 -10.7025 8.001
      vertex 71.36 -10.5957 10
      vertex 70.8246 -10.7025 10
    endloop
  endfacet
  facet normal 0.195623 -0.980679 0
    outer loop
      vertex 71.36 -10.5957 10
      vertex 70.8246 -10.7025 8.001
      vertex 71.36 -10.5957 8.001
    endloop
  endfacet
  facet normal 0.0567231 -0.99839 0
    outer loop
      vertex 70.198 -10.7381 8.001
      vertex 70.8246 -10.7025 10
      vertex 70.198 -10.7381 10
    endloop
  endfacet
  facet normal 0.0567231 -0.99839 0
    outer loop
      vertex 70.8246 -10.7025 10
      vertex 70.198 -10.7381 8.001
      vertex 70.8246 -10.7025 8.001
    endloop
  endfacet
  facet normal -0.0562322 -0.998418 0
    outer loop
      vertex 69.5233 -10.7001 8.001
      vertex 70.198 -10.7381 10
      vertex 69.5233 -10.7001 10
    endloop
  endfacet
  facet normal -0.0562322 -0.998418 -0
    outer loop
      vertex 70.198 -10.7381 10
      vertex 69.5233 -10.7001 8.001
      vertex 70.198 -10.7381 8.001
    endloop
  endfacet
  facet normal -0.197382 -0.980327 0
    outer loop
      vertex 68.9576 -10.5862 8.001
      vertex 69.5233 -10.7001 10
      vertex 68.9576 -10.5862 10
    endloop
  endfacet
  facet normal -0.197382 -0.980327 -0
    outer loop
      vertex 69.5233 -10.7001 10
      vertex 68.9576 -10.5862 8.001
      vertex 69.5233 -10.7001 8.001
    endloop
  endfacet
  facet normal -0.383869 -0.923388 0
    outer loop
      vertex 68.5008 -10.3963 8.001
      vertex 68.9576 -10.5862 10
      vertex 68.5008 -10.3963 10
    endloop
  endfacet
  facet normal -0.383869 -0.923388 -0
    outer loop
      vertex 68.9576 -10.5862 10
      vertex 68.5008 -10.3963 8.001
      vertex 68.9576 -10.5862 8.001
    endloop
  endfacet
  facet normal -0.607247 -0.794513 0
    outer loop
      vertex 68.1529 -10.1304 8.001
      vertex 68.5008 -10.3963 10
      vertex 68.1529 -10.1304 10
    endloop
  endfacet
  facet normal -0.607247 -0.794513 -0
    outer loop
      vertex 68.5008 -10.3963 10
      vertex 68.1529 -10.1304 8.001
      vertex 68.5008 -10.3963 8.001
    endloop
  endfacet
  facet normal -0.795968 -0.605339 0
    outer loop
      vertex 68.1529 -10.1304 8.001
      vertex 67.8813 -9.77327 10
      vertex 67.8813 -9.77327 8.001
    endloop
  endfacet
  facet normal -0.795968 -0.605339 0
    outer loop
      vertex 67.8813 -9.77327 10
      vertex 68.1529 -10.1304 8.001
      vertex 68.1529 -10.1304 10
    endloop
  endfacet
  facet normal -0.897344 -0.441332 0
    outer loop
      vertex 67.8813 -9.77327 8.001
      vertex 67.6531 -9.30928 10
      vertex 67.6531 -9.30928 8.001
    endloop
  endfacet
  facet normal -0.897344 -0.441332 0
    outer loop
      vertex 67.6531 -9.30928 10
      vertex 67.8813 -9.77327 8.001
      vertex 67.8813 -9.77327 10
    endloop
  endfacet
  facet normal -0.951377 -0.30803 0
    outer loop
      vertex 67.6531 -9.30928 8.001
      vertex 67.4683 -8.73851 10
      vertex 67.4683 -8.73851 8.001
    endloop
  endfacet
  facet normal -0.951377 -0.30803 0
    outer loop
      vertex 67.4683 -8.73851 10
      vertex 67.6531 -9.30928 8.001
      vertex 67.6531 -9.30928 10
    endloop
  endfacet
  facet normal -0.978937 -0.204162 0
    outer loop
      vertex 67.4683 -8.73851 8.001
      vertex 67.327 -8.06099 10
      vertex 67.327 -8.06099 8.001
    endloop
  endfacet
  facet normal -0.978937 -0.204162 0
    outer loop
      vertex 67.327 -8.06099 10
      vertex 67.4683 -8.73851 8.001
      vertex 67.4683 -8.73851 10
    endloop
  endfacet
  facet normal 0.242231 -0.970219 0
    outer loop
      vertex 64.5132 -8.7635 8.001
      vertex 67.327 -8.06099 10
      vertex 64.5132 -8.7635 10
    endloop
  endfacet
  facet normal 0.242231 -0.970219 0
    outer loop
      vertex 67.327 -8.06099 10
      vertex 64.5132 -8.7635 8.001
      vertex 67.327 -8.06099 8.001
    endloop
  endfacet
  facet normal 0.978474 0.206372 0
    outer loop
      vertex 64.7919 -10.0849 10
      vertex 64.5132 -8.7635 8.001
      vertex 64.5132 -8.7635 10
    endloop
  endfacet
  facet normal 0.978474 0.206372 0
    outer loop
      vertex 64.5132 -8.7635 8.001
      vertex 64.7919 -10.0849 10
      vertex 64.7919 -10.0849 8.001
    endloop
  endfacet
  facet normal 0.945248 0.326353 0
    outer loop
      vertex 65.1838 -11.22 10
      vertex 64.7919 -10.0849 8.001
      vertex 64.7919 -10.0849 10
    endloop
  endfacet
  facet normal 0.945248 0.326353 0
    outer loop
      vertex 64.7919 -10.0849 8.001
      vertex 65.1838 -11.22 10
      vertex 65.1838 -11.22 8.001
    endloop
  endfacet
  facet normal 0.882672 0.469989 0
    outer loop
      vertex 65.689 -12.1688 10
      vertex 65.1838 -11.22 8.001
      vertex 65.1838 -11.22 10
    endloop
  endfacet
  facet normal 0.882672 0.469989 0
    outer loop
      vertex 65.1838 -11.22 8.001
      vertex 65.689 -12.1688 10
      vertex 65.689 -12.1688 8.001
    endloop
  endfacet
  facet normal 0.776678 0.629898 0
    outer loop
      vertex 66.3074 -12.9313 10
      vertex 65.689 -12.1688 8.001
      vertex 65.689 -12.1688 10
    endloop
  endfacet
  facet normal 0.776678 0.629898 0
    outer loop
      vertex 65.689 -12.1688 8.001
      vertex 66.3074 -12.9313 10
      vertex 66.3074 -12.9313 8.001
    endloop
  endfacet
  facet normal 0.615664 0.788008 -0
    outer loop
      vertex 67.0568 -13.5168 8.001
      vertex 66.3074 -12.9313 10
      vertex 67.0568 -13.5168 10
    endloop
  endfacet
  facet normal 0.615664 0.788008 0
    outer loop
      vertex 66.3074 -12.9313 10
      vertex 67.0568 -13.5168 8.001
      vertex 66.3074 -12.9313 8.001
    endloop
  endfacet
  facet normal 0.422134 0.906533 -0
    outer loop
      vertex 67.9551 -13.9351 8.001
      vertex 67.0568 -13.5168 10
      vertex 67.9551 -13.9351 10
    endloop
  endfacet
  facet normal 0.422134 0.906533 0
    outer loop
      vertex 67.0568 -13.5168 10
      vertex 67.9551 -13.9351 8.001
      vertex 67.0568 -13.5168 8.001
    endloop
  endfacet
  facet normal 0.233039 0.972467 -0
    outer loop
      vertex 69.0021 -14.186 8.001
      vertex 67.9551 -13.9351 10
      vertex 69.0021 -14.186 10
    endloop
  endfacet
  facet normal 0.233039 0.972467 0
    outer loop
      vertex 67.9551 -13.9351 10
      vertex 69.0021 -14.186 8.001
      vertex 67.9551 -13.9351 8.001
    endloop
  endfacet
  facet normal 0.0698183 0.99756 -0
    outer loop
      vertex 70.198 -14.2697 8.001
      vertex 69.0021 -14.186 10
      vertex 70.198 -14.2697 10
    endloop
  endfacet
  facet normal 0.0698183 0.99756 0
    outer loop
      vertex 69.0021 -14.186 10
      vertex 70.198 -14.2697 8.001
      vertex 69.0021 -14.186 8.001
    endloop
  endfacet
  facet normal -0.0865241 0.99625 0
    outer loop
      vertex 71.4208 -14.1635 8.001
      vertex 70.198 -14.2697 10
      vertex 71.4208 -14.1635 10
    endloop
  endfacet
  facet normal -0.0865241 0.99625 0
    outer loop
      vertex 70.198 -14.2697 10
      vertex 71.4208 -14.1635 8.001
      vertex 70.198 -14.2697 8.001
    endloop
  endfacet
  facet normal -0.282296 0.959327 0
    outer loop
      vertex -25.0287 -13.8449 8.001
      vertex -26.1114 -14.1635 10
      vertex -25.0287 -13.8449 10
    endloop
  endfacet
  facet normal -0.282296 0.959327 0
    outer loop
      vertex -26.1114 -14.1635 10
      vertex -25.0287 -13.8449 8.001
      vertex -26.1114 -14.1635 8.001
    endloop
  endfacet
  facet normal -0.491003 0.871158 0
    outer loop
      vertex -24.0864 -13.3138 8.001
      vertex -25.0287 -13.8449 10
      vertex -24.0864 -13.3138 10
    endloop
  endfacet
  facet normal -0.491003 0.871158 0
    outer loop
      vertex -25.0287 -13.8449 10
      vertex -24.0864 -13.3138 8.001
      vertex -25.0287 -13.8449 8.001
    endloop
  endfacet
  facet normal -0.67976 0.733435 0
    outer loop
      vertex -23.2843 -12.5704 8.001
      vertex -24.0864 -13.3138 10
      vertex -23.2843 -12.5704 10
    endloop
  endfacet
  facet normal -0.67976 0.733435 0
    outer loop
      vertex -24.0864 -13.3138 10
      vertex -23.2843 -12.5704 8.001
      vertex -24.0864 -13.3138 8.001
    endloop
  endfacet
  facet normal -0.82352 0.567288 0
    outer loop
      vertex -23.2843 -12.5704 8.001
      vertex -22.6438 -11.6406 10
      vertex -22.6438 -11.6406 8.001
    endloop
  endfacet
  facet normal -0.82352 0.567288 0
    outer loop
      vertex -22.6438 -11.6406 10
      vertex -23.2843 -12.5704 8.001
      vertex -23.2843 -12.5704 10
    endloop
  endfacet
  facet normal -0.922073 0.387017 0
    outer loop
      vertex -22.6438 -11.6406 8.001
      vertex -22.1863 -10.5506 10
      vertex -22.1863 -10.5506 8.001
    endloop
  endfacet
  facet normal -0.922073 0.387017 0
    outer loop
      vertex -22.1863 -10.5506 10
      vertex -22.6438 -11.6406 8.001
      vertex -22.6438 -11.6406 10
    endloop
  endfacet
  facet normal -0.976735 0.214451 0
    outer loop
      vertex -22.1863 -10.5506 8.001
      vertex -21.9118 -9.30037 10
      vertex -21.9118 -9.30037 8.001
    endloop
  endfacet
  facet normal -0.976735 0.214451 0
    outer loop
      vertex -21.9118 -9.30037 10
      vertex -22.1863 -10.5506 8.001
      vertex -22.1863 -10.5506 10
    endloop
  endfacet
  facet normal -0.997902 0.0647364 0
    outer loop
      vertex -21.9118 -9.30037 8.001
      vertex -21.8203 -7.88991 10
      vertex -21.8203 -7.88991 8.001
    endloop
  endfacet
  facet normal -0.997902 0.0647364 0
    outer loop
      vertex -21.8203 -7.88991 10
      vertex -21.9118 -9.30037 8.001
      vertex -21.9118 -9.30037 10
    endloop
  endfacet
  facet normal -0.99955 -0.0299944 0
    outer loop
      vertex -21.8203 -7.88991 8.001
      vertex -21.8456 -7.0468 10
      vertex -21.8456 -7.0468 8.001
    endloop
  endfacet
  facet normal -0.99955 -0.0299944 0
    outer loop
      vertex -21.8456 -7.0468 10
      vertex -21.8203 -7.88991 8.001
      vertex -21.8203 -7.88991 10
    endloop
  endfacet
  facet normal -0.995109 -0.0987799 0
    outer loop
      vertex -21.8456 -7.0468 8.001
      vertex -21.9214 -6.28319 10
      vertex -21.9214 -6.28319 8.001
    endloop
  endfacet
  facet normal -0.995109 -0.0987799 0
    outer loop
      vertex -21.9214 -6.28319 10
      vertex -21.8456 -7.0468 8.001
      vertex -21.8456 -7.0468 10
    endloop
  endfacet
  facet normal -0.983358 -0.18168 0
    outer loop
      vertex -21.9214 -6.28319 8.001
      vertex -22.0478 -5.59904 10
      vertex -22.0478 -5.59904 8.001
    endloop
  endfacet
  facet normal -0.983358 -0.18168 0
    outer loop
      vertex -22.0478 -5.59904 10
      vertex -21.9214 -6.28319 8.001
      vertex -21.9214 -6.28319 10
    endloop
  endfacet
  facet normal -0.959766 -0.2808 0
    outer loop
      vertex -22.0478 -5.59904 8.001
      vertex -22.2247 -4.9944 10
      vertex -22.2247 -4.9944 8.001
    endloop
  endfacet
  facet normal -0.959766 -0.2808 0
    outer loop
      vertex -22.2247 -4.9944 10
      vertex -22.0478 -5.59904 8.001
      vertex -22.0478 -5.59904 10
    endloop
  endfacet
  facet normal -0.926358 -0.376644 0
    outer loop
      vertex -22.2247 -4.9944 8.001
      vertex -22.444 -4.45503 10
      vertex -22.444 -4.45503 8.001
    endloop
  endfacet
  facet normal -0.926358 -0.376644 0
    outer loop
      vertex -22.444 -4.45503 10
      vertex -22.2247 -4.9944 8.001
      vertex -22.2247 -4.9944 10
    endloop
  endfacet
  facet normal -0.887553 -0.460705 0
    outer loop
      vertex -22.444 -4.45503 8.001
      vertex -22.6975 -3.96666 10
      vertex -22.6975 -3.96666 8.001
    endloop
  endfacet
  facet normal -0.887553 -0.460705 0
    outer loop
      vertex -22.6975 -3.96666 10
      vertex -22.444 -4.45503 8.001
      vertex -22.444 -4.45503 10
    endloop
  endfacet
  facet normal -0.835514 -0.549469 0
    outer loop
      vertex -22.6975 -3.96666 8.001
      vertex -22.9851 -3.52934 10
      vertex -22.9851 -3.52934 8.001
    endloop
  endfacet
  facet normal -0.835514 -0.549469 0
    outer loop
      vertex -22.9851 -3.52934 10
      vertex -22.6975 -3.96666 8.001
      vertex -22.6975 -3.96666 10
    endloop
  endfacet
  facet normal -0.768229 -0.640175 0
    outer loop
      vertex -22.9851 -3.52934 8.001
      vertex -23.307 -3.14305 10
      vertex -23.307 -3.14305 8.001
    endloop
  endfacet
  facet normal -0.768229 -0.640175 0
    outer loop
      vertex -23.307 -3.14305 10
      vertex -22.9851 -3.52934 8.001
      vertex -22.9851 -3.52934 10
    endloop
  endfacet
  facet normal -0.688682 -0.725064 0
    outer loop
      vertex -23.6737 -2.79475 8.001
      vertex -23.307 -3.14305 10
      vertex -23.6737 -2.79475 10
    endloop
  endfacet
  facet normal -0.688682 -0.725064 -0
    outer loop
      vertex -23.307 -3.14305 10
      vertex -23.6737 -2.79475 8.001
      vertex -23.307 -3.14305 8.001
    endloop
  endfacet
  facet normal -0.608045 -0.793903 0
    outer loop
      vertex -24.0959 -2.47139 8.001
      vertex -23.6737 -2.79475 10
      vertex -24.0959 -2.47139 10
    endloop
  endfacet
  facet normal -0.608045 -0.793903 -0
    outer loop
      vertex -23.6737 -2.79475 10
      vertex -24.0959 -2.47139 8.001
      vertex -23.6737 -2.79475 8.001
    endloop
  endfacet
  facet normal -0.529673 -0.848202 0
    outer loop
      vertex -24.5737 -2.17302 8.001
      vertex -24.0959 -2.47139 10
      vertex -24.5737 -2.17302 10
    endloop
  endfacet
  facet normal -0.529673 -0.848202 -0
    outer loop
      vertex -24.0959 -2.47139 10
      vertex -24.5737 -2.17302 8.001
      vertex -24.0959 -2.47139 8.001
    endloop
  endfacet
  facet normal -0.456187 -0.889884 0
    outer loop
      vertex -25.1071 -1.89958 8.001
      vertex -24.5737 -2.17302 10
      vertex -25.1071 -1.89958 10
    endloop
  endfacet
  facet normal -0.456187 -0.889884 -0
    outer loop
      vertex -24.5737 -2.17302 10
      vertex -25.1071 -1.89958 8.001
      vertex -24.5737 -2.17302 8.001
    endloop
  endfacet
  facet normal -0.40743 -0.913237 0
    outer loop
      vertex -25.6884 -1.64024 8.001
      vertex -25.1071 -1.89958 10
      vertex -25.6884 -1.64024 10
    endloop
  endfacet
  facet normal -0.40743 -0.913237 -0
    outer loop
      vertex -25.1071 -1.89958 10
      vertex -25.6884 -1.64024 8.001
      vertex -25.1071 -1.89958 8.001
    endloop
  endfacet
  facet normal -0.380386 -0.924828 0
    outer loop
      vertex -26.3103 -1.38445 8.001
      vertex -25.6884 -1.64024 10
      vertex -26.3103 -1.38445 10
    endloop
  endfacet
  facet normal -0.380386 -0.924828 -0
    outer loop
      vertex -25.6884 -1.64024 10
      vertex -26.3103 -1.38445 8.001
      vertex -25.6884 -1.64024 8.001
    endloop
  endfacet
  facet normal -0.355799 -0.934562 0
    outer loop
      vertex -26.9729 -1.13219 8.001
      vertex -26.3103 -1.38445 10
      vertex -26.9729 -1.13219 10
    endloop
  endfacet
  facet normal -0.355799 -0.934562 -0
    outer loop
      vertex -26.3103 -1.38445 10
      vertex -26.9729 -1.13219 8.001
      vertex -26.3103 -1.38445 8.001
    endloop
  endfacet
  facet normal -0.333497 -0.942751 0
    outer loop
      vertex -27.676 -0.883469 8.001
      vertex -26.9729 -1.13219 10
      vertex -27.676 -0.883469 10
    endloop
  endfacet
  facet normal -0.333497 -0.942751 -0
    outer loop
      vertex -26.9729 -1.13219 10
      vertex -27.676 -0.883469 8.001
      vertex -26.9729 -1.13219 8.001
    endloop
  endfacet
  facet normal -0.354125 -0.935198 0
    outer loop
      vertex -28.1569 -0.70137 8.001
      vertex -27.676 -0.883469 10
      vertex -28.1569 -0.70137 10
    endloop
  endfacet
  facet normal -0.354125 -0.935198 -0
    outer loop
      vertex -27.676 -0.883469 10
      vertex -28.1569 -0.70137 8.001
      vertex -27.676 -0.883469 8.001
    endloop
  endfacet
  facet normal -0.449851 -0.893104 0
    outer loop
      vertex -28.5632 -0.496719 8.001
      vertex -28.1569 -0.70137 10
      vertex -28.5632 -0.496719 10
    endloop
  endfacet
  facet normal -0.449851 -0.893104 -0
    outer loop
      vertex -28.1569 -0.70137 10
      vertex -28.5632 -0.496719 8.001
      vertex -28.1569 -0.70137 8.001
    endloop
  endfacet
  facet normal -0.565559 -0.824708 0
    outer loop
      vertex -28.8946 -0.269455 8.001
      vertex -28.5632 -0.496719 10
      vertex -28.8946 -0.269455 10
    endloop
  endfacet
  facet normal -0.565559 -0.824708 -0
    outer loop
      vertex -28.5632 -0.496719 10
      vertex -28.8946 -0.269455 8.001
      vertex -28.5632 -0.496719 8.001
    endloop
  endfacet
  facet normal -0.69739 -0.716692 0
    outer loop
      vertex -29.1513 -0.0196686 8.001
      vertex -28.8946 -0.269455 10
      vertex -29.1513 -0.0196686 10
    endloop
  endfacet
  facet normal -0.69739 -0.716692 -0
    outer loop
      vertex -28.8946 -0.269455 10
      vertex -29.1513 -0.0196686 8.001
      vertex -28.8946 -0.269455 8.001
    endloop
  endfacet
  facet normal -0.828797 -0.55955 0
    outer loop
      vertex -29.1513 -0.0196686 8.001
      vertex -29.3432 0.264571 10
      vertex -29.3432 0.264571 8.001
    endloop
  endfacet
  facet normal -0.828797 -0.55955 0
    outer loop
      vertex -29.3432 0.264571 10
      vertex -29.1513 -0.0196686 8.001
      vertex -29.1513 -0.0196686 10
    endloop
  endfacet
  facet normal -0.923682 -0.38316 0
    outer loop
      vertex -29.3432 0.264571 8.001
      vertex -29.4803 0.595077 10
      vertex -29.4803 0.595077 8.001
    endloop
  endfacet
  facet normal -0.923682 -0.38316 0
    outer loop
      vertex -29.4803 0.595077 10
      vertex -29.3432 0.264571 8.001
      vertex -29.3432 0.264571 10
    endloop
  endfacet
  facet normal -0.976964 -0.213404 0
    outer loop
      vertex -29.4803 0.595077 8.001
      vertex -29.5626 0.971847 10
      vertex -29.5626 0.971847 8.001
    endloop
  endfacet
  facet normal -0.976964 -0.213404 0
    outer loop
      vertex -29.5626 0.971847 10
      vertex -29.4803 0.595077 8.001
      vertex -29.4803 0.595077 10
    endloop
  endfacet
  facet normal -0.997909 -0.0646304 0
    outer loop
      vertex -29.5626 0.971847 8.001
      vertex -29.59 1.39491 10
      vertex -29.59 1.39491 8.001
    endloop
  endfacet
  facet normal -0.997909 -0.0646304 0
    outer loop
      vertex -29.59 1.39491 10
      vertex -29.5626 0.971847 8.001
      vertex -29.5626 0.971847 10
    endloop
  endfacet
  facet normal -0.997741 0.0671803 0
    outer loop
      vertex -29.59 1.39491 8.001
      vertex -29.5544 1.92363 10
      vertex -29.5544 1.92363 8.001
    endloop
  endfacet
  facet normal -0.997741 0.0671803 0
    outer loop
      vertex -29.5544 1.92363 10
      vertex -29.59 1.39491 8.001
      vertex -29.59 1.39491 10
    endloop
  endfacet
  facet normal -0.972601 0.232479 0
    outer loop
      vertex -29.5544 1.92363 8.001
      vertex -29.4476 2.37044 10
      vertex -29.4476 2.37044 8.001
    endloop
  endfacet
  facet normal -0.972601 0.232479 0
    outer loop
      vertex -29.4476 2.37044 10
      vertex -29.5544 1.92363 8.001
      vertex -29.5544 1.92363 10
    endloop
  endfacet
  facet normal -0.898768 0.438424 0
    outer loop
      vertex -29.4476 2.37044 8.001
      vertex -29.2696 2.73534 10
      vertex -29.2696 2.73534 8.001
    endloop
  endfacet
  facet normal -0.898768 0.438424 0
    outer loop
      vertex -29.2696 2.73534 10
      vertex -29.4476 2.37044 8.001
      vertex -29.4476 2.37044 10
    endloop
  endfacet
  facet normal -0.750658 0.660691 0
    outer loop
      vertex -29.2696 2.73534 8.001
      vertex -29.0205 3.01836 10
      vertex -29.0205 3.01836 8.001
    endloop
  endfacet
  facet normal -0.750658 0.660691 0
    outer loop
      vertex -29.0205 3.01836 10
      vertex -29.2696 2.73534 8.001
      vertex -29.2696 2.73534 10
    endloop
  endfacet
  facet normal -0.551314 0.834298 0
    outer loop
      vertex -28.7 3.23015 8.001
      vertex -29.0205 3.01836 10
      vertex -28.7 3.23015 10
    endloop
  endfacet
  facet normal -0.551314 0.834298 0
    outer loop
      vertex -29.0205 3.01836 10
      vertex -28.7 3.23015 8.001
      vertex -29.0205 3.01836 8.001
    endloop
  endfacet
  facet normal -0.360337 0.932822 0
    outer loop
      vertex -28.3084 3.38142 8.001
      vertex -28.7 3.23015 10
      vertex -28.3084 3.38142 10
    endloop
  endfacet
  facet normal -0.360337 0.932822 0
    outer loop
      vertex -28.7 3.23015 10
      vertex -28.3084 3.38142 8.001
      vertex -28.7 3.23015 8.001
    endloop
  endfacet
  facet normal -0.192466 0.981304 0
    outer loop
      vertex -27.8455 3.47221 8.001
      vertex -28.3084 3.38142 10
      vertex -27.8455 3.47221 10
    endloop
  endfacet
  facet normal -0.192466 0.981304 0
    outer loop
      vertex -28.3084 3.38142 10
      vertex -27.8455 3.47221 8.001
      vertex -28.3084 3.38142 8.001
    endloop
  endfacet
  facet normal -0.0565467 0.9984 0
    outer loop
      vertex -27.3114 3.50246 8.001
      vertex -27.8455 3.47221 10
      vertex -27.3114 3.50246 10
    endloop
  endfacet
  facet normal -0.0565467 0.9984 0
    outer loop
      vertex -27.8455 3.47221 10
      vertex -27.3114 3.50246 8.001
      vertex -27.8455 3.47221 8.001
    endloop
  endfacet
  facet normal 0.0710272 0.997474 -0
    outer loop
      vertex -26.7696 3.46388 8.001
      vertex -27.3114 3.50246 10
      vertex -26.7696 3.46388 10
    endloop
  endfacet
  facet normal 0.0710272 0.997474 0
    outer loop
      vertex -27.3114 3.50246 10
      vertex -26.7696 3.46388 8.001
      vertex -27.3114 3.50246 8.001
    endloop
  endfacet
  facet normal 0.242171 0.970234 -0
    outer loop
      vertex -26.3061 3.34819 8.001
      vertex -26.7696 3.46388 10
      vertex -26.3061 3.34819 10
    endloop
  endfacet
  facet normal 0.242171 0.970234 0
    outer loop
      vertex -26.7696 3.46388 10
      vertex -26.3061 3.34819 8.001
      vertex -26.7696 3.46388 8.001
    endloop
  endfacet
  facet normal 0.447752 0.894158 -0
    outer loop
      vertex -25.921 3.15535 8.001
      vertex -26.3061 3.34819 10
      vertex -25.921 3.15535 10
    endloop
  endfacet
  facet normal 0.447752 0.894158 0
    outer loop
      vertex -26.3061 3.34819 10
      vertex -25.921 3.15535 8.001
      vertex -26.3061 3.34819 8.001
    endloop
  endfacet
  facet normal 0.660556 0.750777 -0
    outer loop
      vertex -25.6141 2.88533 8.001
      vertex -25.921 3.15535 10
      vertex -25.6141 2.88533 10
    endloop
  endfacet
  facet normal 0.660556 0.750777 0
    outer loop
      vertex -25.921 3.15535 10
      vertex -25.6141 2.88533 8.001
      vertex -25.921 3.15535 8.001
    endloop
  endfacet
  facet normal 0.820237 0.572023 0
    outer loop
      vertex -25.3712 2.53703 10
      vertex -25.6141 2.88533 8.001
      vertex -25.6141 2.88533 10
    endloop
  endfacet
  facet normal 0.820237 0.572023 0
    outer loop
      vertex -25.6141 2.88533 8.001
      vertex -25.3712 2.53703 10
      vertex -25.3712 2.53703 8.001
    endloop
  endfacet
  facet normal 0.911516 0.411265 0
    outer loop
      vertex -25.1782 2.10927 10
      vertex -25.3712 2.53703 8.001
      vertex -25.3712 2.53703 10
    endloop
  endfacet
  facet normal 0.911516 0.411265 0
    outer loop
      vertex -25.3712 2.53703 8.001
      vertex -25.1782 2.10927 10
      vertex -25.1782 2.10927 8.001
    endloop
  endfacet
  facet normal 0.962442 0.271487 0
    outer loop
      vertex -25.0351 1.60197 10
      vertex -25.1782 2.10927 8.001
      vertex -25.1782 2.10927 10
    endloop
  endfacet
  facet normal 0.962442 0.271487 0
    outer loop
      vertex -25.1782 2.10927 8.001
      vertex -25.0351 1.60197 10
      vertex -25.0351 1.60197 8.001
    endloop
  endfacet
  facet normal 0.987593 0.157036 0
    outer loop
      vertex -24.9418 1.01521 10
      vertex -25.0351 1.60197 8.001
      vertex -25.0351 1.60197 10
    endloop
  endfacet
  facet normal 0.987593 0.157036 0
    outer loop
      vertex -25.0351 1.60197 8.001
      vertex -24.9418 1.01521 10
      vertex -24.9418 1.01521 8.001
    endloop
  endfacet
  facet normal -0.171446 0.985194 0
    outer loop
      vertex -22.1051 1.50886 8.001
      vertex -24.9418 1.01521 10
      vertex -22.1051 1.50886 10
    endloop
  endfacet
  facet normal -0.171446 0.985194 0
    outer loop
      vertex -24.9418 1.01521 10
      vertex -22.1051 1.50886 8.001
      vertex -24.9418 1.01521 8.001
    endloop
  endfacet
  facet normal -0.984202 -0.177047 0
    outer loop
      vertex -22.1051 1.50886 8.001
      vertex -22.3333 2.77742 10
      vertex -22.3333 2.77742 8.001
    endloop
  endfacet
  facet normal -0.984202 -0.177047 0
    outer loop
      vertex -22.3333 2.77742 10
      vertex -22.1051 1.50886 8.001
      vertex -22.1051 1.50886 10
    endloop
  endfacet
  facet normal -0.952613 -0.304184 0
    outer loop
      vertex -22.3333 2.77742 8.001
      vertex -22.6876 3.88698 10
      vertex -22.6876 3.88698 8.001
    endloop
  endfacet
  facet normal -0.952613 -0.304184 0
    outer loop
      vertex -22.6876 3.88698 10
      vertex -22.3333 2.77742 8.001
      vertex -22.3333 2.77742 10
    endloop
  endfacet
  facet normal -0.892528 -0.450992 0
    outer loop
      vertex -22.6876 3.88698 8.001
      vertex -23.1679 4.83751 10
      vertex -23.1679 4.83751 8.001
    endloop
  endfacet
  facet normal -0.892528 -0.450992 0
    outer loop
      vertex -23.1679 4.83751 10
      vertex -22.6876 3.88698 8.001
      vertex -22.6876 3.88698 10
    endloop
  endfacet
  facet normal -0.793879 -0.608076 0
    outer loop
      vertex -23.1679 4.83751 8.001
      vertex -23.7742 5.62907 10
      vertex -23.7742 5.62907 8.001
    endloop
  endfacet
  facet normal -0.793879 -0.608076 0
    outer loop
      vertex -23.7742 5.62907 10
      vertex -23.1679 4.83751 8.001
      vertex -23.1679 4.83751 10
    endloop
  endfacet
  facet normal -0.652786 -0.757543 0
    outer loop
      vertex -24.4972 6.25209 8.001
      vertex -23.7742 5.62907 10
      vertex -24.4972 6.25209 10
    endloop
  endfacet
  facet normal -0.652786 -0.757543 -0
    outer loop
      vertex -23.7742 5.62907 10
      vertex -24.4972 6.25209 8.001
      vertex -23.7742 5.62907 8.001
    endloop
  endfacet
  facet normal -0.472284 -0.881447 0
    outer loop
      vertex -25.3278 6.69713 8.001
      vertex -24.4972 6.25209 10
      vertex -25.3278 6.69713 10
    endloop
  endfacet
  facet normal -0.472284 -0.881447 -0
    outer loop
      vertex -24.4972 6.25209 10
      vertex -25.3278 6.69713 8.001
      vertex -24.4972 6.25209 8.001
    endloop
  endfacet
  facet normal -0.273746 -0.961802 0
    outer loop
      vertex -26.2659 6.96413 8.001
      vertex -25.3278 6.69713 10
      vertex -26.2659 6.96413 10
    endloop
  endfacet
  facet normal -0.273746 -0.961802 -0
    outer loop
      vertex -25.3278 6.69713 10
      vertex -26.2659 6.96413 8.001
      vertex -25.3278 6.69713 8.001
    endloop
  endfacet
  facet normal -0.0848389 -0.996395 0
    outer loop
      vertex -27.3114 7.05315 8.001
      vertex -26.2659 6.96413 10
      vertex -27.3114 7.05315 10
    endloop
  endfacet
  facet normal -0.0848389 -0.996395 -0
    outer loop
      vertex -26.2659 6.96413 10
      vertex -27.3114 7.05315 8.001
      vertex -26.2659 6.96413 8.001
    endloop
  endfacet
  facet normal 0.0869296 -0.996214 0
    outer loop
      vertex -28.488 6.95048 8.001
      vertex -27.3114 7.05315 10
      vertex -28.488 6.95048 10
    endloop
  endfacet
  facet normal 0.0869296 -0.996214 0
    outer loop
      vertex -27.3114 7.05315 10
      vertex -28.488 6.95048 8.001
      vertex -27.3114 7.05315 8.001
    endloop
  endfacet
  facet normal 0.285181 -0.958474 0
    outer loop
      vertex -29.523 6.64253 8.001
      vertex -28.488 6.95048 10
      vertex -29.523 6.64253 10
    endloop
  endfacet
  facet normal 0.285181 -0.958474 0
    outer loop
      vertex -28.488 6.95048 10
      vertex -29.523 6.64253 8.001
      vertex -28.488 6.95048 8.001
    endloop
  endfacet
  facet normal 0.498196 -0.867065 0
    outer loop
      vertex -30.4163 6.12926 8.001
      vertex -29.523 6.64253 10
      vertex -30.4163 6.12926 10
    endloop
  endfacet
  facet normal 0.498196 -0.867065 0
    outer loop
      vertex -29.523 6.64253 10
      vertex -30.4163 6.12926 8.001
      vertex -29.523 6.64253 8.001
    endloop
  endfacet
  facet normal 0.691109 -0.72275 0
    outer loop
      vertex -31.1678 5.41066 8.001
      vertex -30.4163 6.12926 10
      vertex -31.1678 5.41066 10
    endloop
  endfacet
  facet normal 0.691109 -0.72275 0
    outer loop
      vertex -30.4163 6.12926 10
      vertex -31.1678 5.41066 8.001
      vertex -30.4163 6.12926 8.001
    endloop
  endfacet
  facet normal 0.834563 -0.550913 0
    outer loop
      vertex -31.7635 4.50825 10
      vertex -31.1678 5.41066 8.001
      vertex -31.1678 5.41066 10
    endloop
  endfacet
  facet normal 0.834563 -0.550913 0
    outer loop
      vertex -31.1678 5.41066 8.001
      vertex -31.7635 4.50825 10
      vertex -31.7635 4.50825 8.001
    endloop
  endfacet
  facet normal 0.928657 -0.37094 0
    outer loop
      vertex -32.1889 3.44325 10
      vertex -31.7635 4.50825 8.001
      vertex -31.7635 4.50825 10
    endloop
  endfacet
  facet normal 0.928657 -0.37094 0
    outer loop
      vertex -31.7635 4.50825 8.001
      vertex -32.1889 3.44325 10
      vertex -32.1889 3.44325 8.001
    endloop
  endfacet
  facet normal 0.979053 -0.203606 0
    outer loop
      vertex -32.4442 2.21562 10
      vertex -32.1889 3.44325 8.001
      vertex -32.1889 3.44325 10
    endloop
  endfacet
  facet normal 0.979053 -0.203606 0
    outer loop
      vertex -32.1889 3.44325 8.001
      vertex -32.4442 2.21562 10
      vertex -32.4442 2.21562 8.001
    endloop
  endfacet
  facet normal 0.998132 -0.0610987 0
    outer loop
      vertex -32.5293 0.825393 10
      vertex -32.4442 2.21562 8.001
      vertex -32.4442 2.21562 10
    endloop
  endfacet
  facet normal 0.998132 -0.0610987 0
    outer loop
      vertex -32.4442 2.21562 8.001
      vertex -32.5293 0.825393 10
      vertex -32.5293 0.825393 8.001
    endloop
  endfacet
  facet normal 0.999347 0.0361288 0
    outer loop
      vertex -32.4983 -0.0320892 10
      vertex -32.5293 0.825393 8.001
      vertex -32.5293 0.825393 10
    endloop
  endfacet
  facet normal 0.999347 0.0361288 0
    outer loop
      vertex -32.5293 0.825393 8.001
      vertex -32.4983 -0.0320892 10
      vertex -32.4983 -0.0320892 8.001
    endloop
  endfacet
  facet normal 0.993113 0.117164 0
    outer loop
      vertex -32.4054 -0.819534 10
      vertex -32.4983 -0.0320892 8.001
      vertex -32.4983 -0.0320892 10
    endloop
  endfacet
  facet normal 0.993113 0.117164 0
    outer loop
      vertex -32.4983 -0.0320892 8.001
      vertex -32.4054 -0.819534 10
      vertex -32.4054 -0.819534 8.001
    endloop
  endfacet
  facet normal 0.977476 0.211045 0
    outer loop
      vertex -32.2505 -1.53697 10
      vertex -32.4054 -0.819534 8.001
      vertex -32.4054 -0.819534 10
    endloop
  endfacet
  facet normal 0.977476 0.211045 0
    outer loop
      vertex -32.4054 -0.819534 8.001
      vertex -32.2505 -1.53697 10
      vertex -32.2505 -1.53697 8.001
    endloop
  endfacet
  facet normal 0.948239 0.317559 0
    outer loop
      vertex -32.0337 -2.18434 10
      vertex -32.2505 -1.53697 8.001
      vertex -32.2505 -1.53697 10
    endloop
  endfacet
  facet normal 0.948239 0.317559 0
    outer loop
      vertex -32.2505 -1.53697 8.001
      vertex -32.0337 -2.18434 10
      vertex -32.0337 -2.18434 8.001
    endloop
  endfacet
  facet normal 0.904111 0.427299 0
    outer loop
      vertex -31.7578 -2.76811 10
      vertex -32.0337 -2.18434 8.001
      vertex -32.0337 -2.18434 10
    endloop
  endfacet
  facet normal 0.904111 0.427299 0
    outer loop
      vertex -32.0337 -2.18434 8.001
      vertex -31.7578 -2.76811 10
      vertex -31.7578 -2.76811 8.001
    endloop
  endfacet
  facet normal 0.84589 0.533357 0
    outer loop
      vertex -31.4256 -3.29497 10
      vertex -31.7578 -2.76811 8.001
      vertex -31.7578 -2.76811 10
    endloop
  endfacet
  facet normal 0.84589 0.533357 0
    outer loop
      vertex -31.7578 -2.76811 8.001
      vertex -31.4256 -3.29497 10
      vertex -31.4256 -3.29497 8.001
    endloop
  endfacet
  facet normal 0.77081 0.637065 0
    outer loop
      vertex -31.0372 -3.76491 10
      vertex -31.4256 -3.29497 8.001
      vertex -31.4256 -3.29497 10
    endloop
  endfacet
  facet normal 0.77081 0.637065 0
    outer loop
      vertex -31.4256 -3.29497 8.001
      vertex -31.0372 -3.76491 10
      vertex -31.0372 -3.76491 8.001
    endloop
  endfacet
  facet normal 0.680608 0.732648 -0
    outer loop
      vertex -30.5926 -4.17793 8.001
      vertex -31.0372 -3.76491 10
      vertex -30.5926 -4.17793 10
    endloop
  endfacet
  facet normal 0.680608 0.732648 0
    outer loop
      vertex -31.0372 -3.76491 10
      vertex -30.5926 -4.17793 8.001
      vertex -31.0372 -3.76491 8.001
    endloop
  endfacet
  facet normal 0.557996 0.829844 -0
    outer loop
      vertex -30.0094 -4.57008 8.001
      vertex -30.5926 -4.17793 10
      vertex -30.0094 -4.57008 10
    endloop
  endfacet
  facet normal 0.557996 0.829844 0
    outer loop
      vertex -30.5926 -4.17793 10
      vertex -30.0094 -4.57008 8.001
      vertex -30.5926 -4.17793 8.001
    endloop
  endfacet
  facet normal 0.452221 0.891906 -0
    outer loop
      vertex -29.2055 -4.97768 8.001
      vertex -30.0094 -4.57008 10
      vertex -29.2055 -4.97768 10
    endloop
  endfacet
  facet normal 0.452221 0.891906 0
    outer loop
      vertex -30.0094 -4.57008 10
      vertex -29.2055 -4.97768 8.001
      vertex -30.0094 -4.57008 8.001
    endloop
  endfacet
  facet normal 0.381626 0.924317 -0
    outer loop
      vertex -28.1809 -5.40071 8.001
      vertex -29.2055 -4.97768 10
      vertex -28.1809 -5.40071 10
    endloop
  endfacet
  facet normal 0.381626 0.924317 0
    outer loop
      vertex -29.2055 -4.97768 10
      vertex -28.1809 -5.40071 8.001
      vertex -29.2055 -4.97768 8.001
    endloop
  endfacet
  facet normal 0.332121 0.943237 -0
    outer loop
      vertex -26.9356 -5.83919 8.001
      vertex -28.1809 -5.40071 10
      vertex -26.9356 -5.83919 10
    endloop
  endfacet
  facet normal 0.332121 0.943237 0
    outer loop
      vertex -28.1809 -5.40071 10
      vertex -26.9356 -5.83919 8.001
      vertex -28.1809 -5.40071 8.001
    endloop
  endfacet
  facet normal 0.358153 0.933663 -0
    outer loop
      vertex -26.3862 -6.04994 8.001
      vertex -26.9356 -5.83919 10
      vertex -26.3862 -6.04994 10
    endloop
  endfacet
  facet normal 0.358153 0.933663 0
    outer loop
      vertex -26.9356 -5.83919 10
      vertex -26.3862 -6.04994 8.001
      vertex -26.9356 -5.83919 8.001
    endloop
  endfacet
  facet normal 0.449757 0.893151 -0
    outer loop
      vertex -25.923 -6.28319 8.001
      vertex -26.3862 -6.04994 10
      vertex -25.923 -6.28319 10
    endloop
  endfacet
  facet normal 0.449757 0.893151 0
    outer loop
      vertex -26.3862 -6.04994 10
      vertex -25.923 -6.28319 8.001
      vertex -26.3862 -6.04994 8.001
    endloop
  endfacet
  facet normal 0.561424 0.827528 -0
    outer loop
      vertex -25.546 -6.53896 8.001
      vertex -25.923 -6.28319 10
      vertex -25.546 -6.53896 10
    endloop
  endfacet
  facet normal 0.561424 0.827528 0
    outer loop
      vertex -25.923 -6.28319 10
      vertex -25.546 -6.53896 8.001
      vertex -25.923 -6.28319 8.001
    endloop
  endfacet
  facet normal 0.69122 0.722645 -0
    outer loop
      vertex -25.2551 -6.81721 8.001
      vertex -25.546 -6.53896 10
      vertex -25.2551 -6.81721 10
    endloop
  endfacet
  facet normal 0.69122 0.722645 0
    outer loop
      vertex -25.546 -6.53896 10
      vertex -25.2551 -6.81721 8.001
      vertex -25.546 -6.53896 8.001
    endloop
  endfacet
  facet normal 0.823785 0.566902 0
    outer loop
      vertex -25.0383 -7.13225 10
      vertex -25.2551 -6.81721 8.001
      vertex -25.2551 -6.81721 10
    endloop
  endfacet
  facet normal 0.823785 0.566902 0
    outer loop
      vertex -25.2551 -6.81721 8.001
      vertex -25.0383 -7.13225 10
      vertex -25.0383 -7.13225 8.001
    endloop
  endfacet
  facet normal 0.920942 0.389701 0
    outer loop
      vertex -24.8834 -7.49831 10
      vertex -25.0383 -7.13225 8.001
      vertex -25.0383 -7.13225 10
    endloop
  endfacet
  facet normal 0.920942 0.389701 0
    outer loop
      vertex -25.0383 -7.13225 8.001
      vertex -24.8834 -7.49831 10
      vertex -24.8834 -7.49831 8.001
    endloop
  endfacet
  facet normal 0.976083 0.217396 0
    outer loop
      vertex -24.7905 -7.91542 10
      vertex -24.8834 -7.49831 8.001
      vertex -24.8834 -7.49831 10
    endloop
  endfacet
  facet normal 0.976083 0.217396 0
    outer loop
      vertex -24.8834 -7.49831 8.001
      vertex -24.7905 -7.91542 10
      vertex -24.7905 -7.91542 8.001
    endloop
  endfacet
  facet normal 0.997814 0.066079 0
    outer loop
      vertex -24.7595 -8.38353 10
      vertex -24.7905 -7.91542 8.001
      vertex -24.7905 -7.91542 10
    endloop
  endfacet
  facet normal 0.997814 0.066079 0
    outer loop
      vertex -24.7905 -7.91542 8.001
      vertex -24.7595 -8.38353 10
      vertex -24.7595 -8.38353 8.001
    endloop
  endfacet
  facet normal 0.997717 -0.0675393 0
    outer loop
      vertex -24.7979 -8.95079 10
      vertex -24.7595 -8.38353 8.001
      vertex -24.7595 -8.38353 10
    endloop
  endfacet
  facet normal 0.997717 -0.0675393 0
    outer loop
      vertex -24.7595 -8.38353 8.001
      vertex -24.7979 -8.95079 10
      vertex -24.7979 -8.95079 8.001
    endloop
  endfacet
  facet normal 0.973012 -0.230755 0
    outer loop
      vertex -24.9133 -9.43739 10
      vertex -24.7979 -8.95079 8.001
      vertex -24.7979 -8.95079 10
    endloop
  endfacet
  facet normal 0.973012 -0.230755 0
    outer loop
      vertex -24.7979 -8.95079 8.001
      vertex -24.9133 -9.43739 10
      vertex -24.9133 -9.43739 8.001
    endloop
  endfacet
  facet normal 0.903805 -0.427945 0
    outer loop
      vertex -25.1055 -9.84331 10
      vertex -24.9133 -9.43739 8.001
      vertex -24.9133 -9.43739 10
    endloop
  endfacet
  facet normal 0.903805 -0.427945 0
    outer loop
      vertex -24.9133 -9.43739 8.001
      vertex -25.1055 -9.84331 10
      vertex -25.1055 -9.84331 8.001
    endloop
  endfacet
  facet normal 0.770304 -0.637676 0
    outer loop
      vertex -25.3747 -10.1685 10
      vertex -25.1055 -9.84331 8.001
      vertex -25.1055 -9.84331 10
    endloop
  endfacet
  facet normal 0.770304 -0.637676 0
    outer loop
      vertex -25.1055 -9.84331 8.001
      vertex -25.3747 -10.1685 10
      vertex -25.3747 -10.1685 8.001
    endloop
  endfacet
  facet normal 0.576502 -0.817096 0
    outer loop
      vertex -25.7279 -10.4177 8.001
      vertex -25.3747 -10.1685 10
      vertex -25.7279 -10.4177 10
    endloop
  endfacet
  facet normal 0.576502 -0.817096 0
    outer loop
      vertex -25.3747 -10.1685 10
      vertex -25.7279 -10.4177 8.001
      vertex -25.3747 -10.1685 8.001
    endloop
  endfacet
  facet normal 0.371895 -0.928275 0
    outer loop
      vertex -26.1722 -10.5957 8.001
      vertex -25.7279 -10.4177 10
      vertex -26.1722 -10.5957 10
    endloop
  endfacet
  facet normal 0.371895 -0.928275 0
    outer loop
      vertex -25.7279 -10.4177 10
      vertex -26.1722 -10.5957 8.001
      vertex -25.7279 -10.4177 8.001
    endloop
  endfacet
  facet normal 0.195623 -0.980679 0
    outer loop
      vertex -26.7076 -10.7025 8.001
      vertex -26.1722 -10.5957 10
      vertex -26.7076 -10.7025 10
    endloop
  endfacet
  facet normal 0.195623 -0.980679 0
    outer loop
      vertex -26.1722 -10.5957 10
      vertex -26.7076 -10.7025 8.001
      vertex -26.1722 -10.5957 8.001
    endloop
  endfacet
  facet normal 0.0567141 -0.99839 0
    outer loop
      vertex -27.3343 -10.7381 8.001
      vertex -26.7076 -10.7025 10
      vertex -27.3343 -10.7381 10
    endloop
  endfacet
  facet normal 0.0567141 -0.99839 0
    outer loop
      vertex -26.7076 -10.7025 10
      vertex -27.3343 -10.7381 8.001
      vertex -26.7076 -10.7025 8.001
    endloop
  endfacet
  facet normal -0.0562405 -0.998417 0
    outer loop
      vertex -28.0089 -10.7001 8.001
      vertex -27.3343 -10.7381 10
      vertex -28.0089 -10.7001 10
    endloop
  endfacet
  facet normal -0.0562405 -0.998417 -0
    outer loop
      vertex -27.3343 -10.7381 10
      vertex -28.0089 -10.7001 8.001
      vertex -27.3343 -10.7381 8.001
    endloop
  endfacet
  facet normal -0.197382 -0.980327 0
    outer loop
      vertex -28.5746 -10.5862 8.001
      vertex -28.0089 -10.7001 10
      vertex -28.5746 -10.5862 10
    endloop
  endfacet
  facet normal -0.197382 -0.980327 -0
    outer loop
      vertex -28.0089 -10.7001 10
      vertex -28.5746 -10.5862 8.001
      vertex -28.0089 -10.7001 8.001
    endloop
  endfacet
  facet normal -0.383869 -0.923388 0
    outer loop
      vertex -29.0314 -10.3963 8.001
      vertex -28.5746 -10.5862 10
      vertex -29.0314 -10.3963 10
    endloop
  endfacet
  facet normal -0.383869 -0.923388 -0
    outer loop
      vertex -28.5746 -10.5862 10
      vertex -29.0314 -10.3963 8.001
      vertex -28.5746 -10.5862 8.001
    endloop
  endfacet
  facet normal -0.607247 -0.794513 0
    outer loop
      vertex -29.3793 -10.1304 8.001
      vertex -29.0314 -10.3963 10
      vertex -29.3793 -10.1304 10
    endloop
  endfacet
  facet normal -0.607247 -0.794513 -0
    outer loop
      vertex -29.0314 -10.3963 10
      vertex -29.3793 -10.1304 8.001
      vertex -29.0314 -10.3963 8.001
    endloop
  endfacet
  facet normal -0.795968 -0.605339 0
    outer loop
      vertex -29.3793 -10.1304 8.001
      vertex -29.6509 -9.77327 10
      vertex -29.6509 -9.77327 8.001
    endloop
  endfacet
  facet normal -0.795968 -0.605339 0
    outer loop
      vertex -29.6509 -9.77327 10
      vertex -29.3793 -10.1304 8.001
      vertex -29.3793 -10.1304 10
    endloop
  endfacet
  facet normal -0.897344 -0.441332 0
    outer loop
      vertex -29.6509 -9.77327 8.001
      vertex -29.8791 -9.30928 10
      vertex -29.8791 -9.30928 8.001
    endloop
  endfacet
  facet normal -0.897344 -0.441332 0
    outer loop
      vertex -29.8791 -9.30928 10
      vertex -29.6509 -9.77327 8.001
      vertex -29.6509 -9.77327 10
    endloop
  endfacet
  facet normal -0.951377 -0.30803 0
    outer loop
      vertex -29.8791 -9.30928 8.001
      vertex -30.0639 -8.73851 10
      vertex -30.0639 -8.73851 8.001
    endloop
  endfacet
  facet normal -0.951377 -0.30803 0
    outer loop
      vertex -30.0639 -8.73851 10
      vertex -29.8791 -9.30928 8.001
      vertex -29.8791 -9.30928 10
    endloop
  endfacet
  facet normal -0.978937 -0.204162 0
    outer loop
      vertex -30.0639 -8.73851 8.001
      vertex -30.2052 -8.06099 10
      vertex -30.2052 -8.06099 8.001
    endloop
  endfacet
  facet normal -0.978937 -0.204162 0
    outer loop
      vertex -30.2052 -8.06099 10
      vertex -30.0639 -8.73851 8.001
      vertex -30.0639 -8.73851 10
    endloop
  endfacet
  facet normal 0.242231 -0.970219 0
    outer loop
      vertex -33.019 -8.7635 8.001
      vertex -30.2052 -8.06099 10
      vertex -33.019 -8.7635 10
    endloop
  endfacet
  facet normal 0.242231 -0.970219 0
    outer loop
      vertex -30.2052 -8.06099 10
      vertex -33.019 -8.7635 8.001
      vertex -30.2052 -8.06099 8.001
    endloop
  endfacet
  facet normal 0.978474 0.206372 0
    outer loop
      vertex -32.7403 -10.0849 10
      vertex -33.019 -8.7635 8.001
      vertex -33.019 -8.7635 10
    endloop
  endfacet
  facet normal 0.978474 0.206372 0
    outer loop
      vertex -33.019 -8.7635 8.001
      vertex -32.7403 -10.0849 10
      vertex -32.7403 -10.0849 8.001
    endloop
  endfacet
  facet normal 0.945248 0.326353 0
    outer loop
      vertex -32.3484 -11.22 10
      vertex -32.7403 -10.0849 8.001
      vertex -32.7403 -10.0849 10
    endloop
  endfacet
  facet normal 0.945248 0.326353 0
    outer loop
      vertex -32.7403 -10.0849 8.001
      vertex -32.3484 -11.22 10
      vertex -32.3484 -11.22 8.001
    endloop
  endfacet
  facet normal 0.882672 0.469989 0
    outer loop
      vertex -31.8432 -12.1688 10
      vertex -32.3484 -11.22 8.001
      vertex -32.3484 -11.22 10
    endloop
  endfacet
  facet normal 0.882672 0.469989 0
    outer loop
      vertex -32.3484 -11.22 8.001
      vertex -31.8432 -12.1688 10
      vertex -31.8432 -12.1688 8.001
    endloop
  endfacet
  facet normal 0.776678 0.629898 0
    outer loop
      vertex -31.2248 -12.9313 10
      vertex -31.8432 -12.1688 8.001
      vertex -31.8432 -12.1688 10
    endloop
  endfacet
  facet normal 0.776678 0.629898 0
    outer loop
      vertex -31.8432 -12.1688 8.001
      vertex -31.2248 -12.9313 10
      vertex -31.2248 -12.9313 8.001
    endloop
  endfacet
  facet normal 0.615664 0.788008 -0
    outer loop
      vertex -30.4754 -13.5168 8.001
      vertex -31.2248 -12.9313 10
      vertex -30.4754 -13.5168 10
    endloop
  endfacet
  facet normal 0.615664 0.788008 0
    outer loop
      vertex -31.2248 -12.9313 10
      vertex -30.4754 -13.5168 8.001
      vertex -31.2248 -12.9313 8.001
    endloop
  endfacet
  facet normal 0.422134 0.906533 -0
    outer loop
      vertex -29.5771 -13.9351 8.001
      vertex -30.4754 -13.5168 10
      vertex -29.5771 -13.9351 10
    endloop
  endfacet
  facet normal 0.422134 0.906533 0
    outer loop
      vertex -30.4754 -13.5168 10
      vertex -29.5771 -13.9351 8.001
      vertex -30.4754 -13.5168 8.001
    endloop
  endfacet
  facet normal 0.233039 0.972467 -0
    outer loop
      vertex -28.5301 -14.186 8.001
      vertex -29.5771 -13.9351 10
      vertex -28.5301 -14.186 10
    endloop
  endfacet
  facet normal 0.233039 0.972467 0
    outer loop
      vertex -29.5771 -13.9351 10
      vertex -28.5301 -14.186 8.001
      vertex -29.5771 -13.9351 8.001
    endloop
  endfacet
  facet normal 0.0698241 0.997559 -0
    outer loop
      vertex -27.3343 -14.2697 8.001
      vertex -28.5301 -14.186 10
      vertex -27.3343 -14.2697 10
    endloop
  endfacet
  facet normal 0.0698241 0.997559 0
    outer loop
      vertex -28.5301 -14.186 10
      vertex -27.3343 -14.2697 8.001
      vertex -28.5301 -14.186 8.001
    endloop
  endfacet
  facet normal -0.0865171 0.99625 0
    outer loop
      vertex -26.1114 -14.1635 8.001
      vertex -27.3343 -14.2697 10
      vertex -26.1114 -14.1635 10
    endloop
  endfacet
  facet normal -0.0865171 0.99625 0
    outer loop
      vertex -27.3343 -14.2697 10
      vertex -26.1114 -14.1635 8.001
      vertex -27.3343 -14.2697 8.001
    endloop
  endfacet
  facet normal -0.28232 0.95932 0
    outer loop
      vertex -12.3561 -13.8449 8.001
      vertex -13.4387 -14.1635 10
      vertex -12.3561 -13.8449 10
    endloop
  endfacet
  facet normal -0.28232 0.95932 0
    outer loop
      vertex -13.4387 -14.1635 10
      vertex -12.3561 -13.8449 8.001
      vertex -13.4387 -14.1635 8.001
    endloop
  endfacet
  facet normal -0.490963 0.87118 0
    outer loop
      vertex -11.4137 -13.3138 8.001
      vertex -12.3561 -13.8449 10
      vertex -11.4137 -13.3138 10
    endloop
  endfacet
  facet normal -0.490963 0.87118 0
    outer loop
      vertex -12.3561 -13.8449 10
      vertex -11.4137 -13.3138 8.001
      vertex -12.3561 -13.8449 8.001
    endloop
  endfacet
  facet normal -0.67976 0.733435 0
    outer loop
      vertex -10.6116 -12.5704 8.001
      vertex -11.4137 -13.3138 10
      vertex -10.6116 -12.5704 10
    endloop
  endfacet
  facet normal -0.67976 0.733435 0
    outer loop
      vertex -11.4137 -13.3138 10
      vertex -10.6116 -12.5704 8.001
      vertex -11.4137 -13.3138 8.001
    endloop
  endfacet
  facet normal -0.823524 0.567282 0
    outer loop
      vertex -10.6116 -12.5704 8.001
      vertex -9.97111 -11.6406 10
      vertex -9.97111 -11.6406 8.001
    endloop
  endfacet
  facet normal -0.823524 0.567282 0
    outer loop
      vertex -9.97111 -11.6406 10
      vertex -10.6116 -12.5704 8.001
      vertex -10.6116 -12.5704 10
    endloop
  endfacet
  facet normal -0.922076 0.38701 0
    outer loop
      vertex -9.97111 -11.6406 8.001
      vertex -9.51362 -10.5506 10
      vertex -9.51362 -10.5506 8.001
    endloop
  endfacet
  facet normal -0.922076 0.38701 0
    outer loop
      vertex -9.51362 -10.5506 10
      vertex -9.97111 -11.6406 8.001
      vertex -9.97111 -11.6406 10
    endloop
  endfacet
  facet normal -0.97674 0.214429 0
    outer loop
      vertex -9.51362 -10.5506 8.001
      vertex -9.23915 -9.30037 10
      vertex -9.23915 -9.30037 8.001
    endloop
  endfacet
  facet normal -0.97674 0.214429 0
    outer loop
      vertex -9.23915 -9.30037 10
      vertex -9.51362 -10.5506 8.001
      vertex -9.51362 -10.5506 10
    endloop
  endfacet
  facet normal -0.997902 0.0647364 0
    outer loop
      vertex -9.23915 -9.30037 8.001
      vertex -9.14765 -7.88991 10
      vertex -9.14765 -7.88991 8.001
    endloop
  endfacet
  facet normal -0.997902 0.0647364 0
    outer loop
      vertex -9.14765 -7.88991 10
      vertex -9.23915 -9.30037 8.001
      vertex -9.23915 -9.30037 10
    endloop
  endfacet
  facet normal -0.999551 -0.0299589 0
    outer loop
      vertex -9.14765 -7.88991 8.001
      vertex -9.17292 -7.0468 10
      vertex -9.17292 -7.0468 8.001
    endloop
  endfacet
  facet normal -0.999551 -0.0299589 0
    outer loop
      vertex -9.17292 -7.0468 10
      vertex -9.14765 -7.88991 8.001
      vertex -9.14765 -7.88991 10
    endloop
  endfacet
  facet normal -0.995107 -0.0988057 0
    outer loop
      vertex -9.17292 -7.0468 8.001
      vertex -9.24874 -6.28319 10
      vertex -9.24874 -6.28319 8.001
    endloop
  endfacet
  facet normal -0.995107 -0.0988057 0
    outer loop
      vertex -9.24874 -6.28319 10
      vertex -9.17292 -7.0468 8.001
      vertex -9.17292 -7.0468 10
    endloop
  endfacet
  facet normal -0.983368 -0.181624 0
    outer loop
      vertex -9.24874 -6.28319 8.001
      vertex -9.3751 -5.59904 10
      vertex -9.3751 -5.59904 8.001
    endloop
  endfacet
  facet normal -0.983368 -0.181624 0
    outer loop
      vertex -9.3751 -5.59904 10
      vertex -9.24874 -6.28319 8.001
      vertex -9.24874 -6.28319 10
    endloop
  endfacet
  facet normal -0.959758 -0.280829 0
    outer loop
      vertex -9.3751 -5.59904 8.001
      vertex -9.55202 -4.9944 10
      vertex -9.55202 -4.9944 8.001
    endloop
  endfacet
  facet normal -0.959758 -0.280829 0
    outer loop
      vertex -9.55202 -4.9944 10
      vertex -9.3751 -5.59904 8.001
      vertex -9.3751 -5.59904 10
    endloop
  endfacet
  facet normal -0.926364 -0.376629 0
    outer loop
      vertex -9.55202 -4.9944 8.001
      vertex -9.77131 -4.45503 10
      vertex -9.77131 -4.45503 8.001
    endloop
  endfacet
  facet normal -0.926364 -0.376629 0
    outer loop
      vertex -9.77131 -4.45503 10
      vertex -9.55202 -4.9944 8.001
      vertex -9.55202 -4.9944 10
    endloop
  endfacet
  facet normal -0.887561 -0.460691 0
    outer loop
      vertex -9.77131 -4.45503 8.001
      vertex -10.0248 -3.96666 10
      vertex -10.0248 -3.96666 8.001
    endloop
  endfacet
  facet normal -0.887561 -0.460691 0
    outer loop
      vertex -10.0248 -3.96666 10
      vertex -9.77131 -4.45503 8.001
      vertex -9.77131 -4.45503 10
    endloop
  endfacet
  facet normal -0.835514 -0.549469 0
    outer loop
      vertex -10.0248 -3.96666 8.001
      vertex -10.3124 -3.52934 10
      vertex -10.3124 -3.52934 8.001
    endloop
  endfacet
  facet normal -0.835514 -0.549469 0
    outer loop
      vertex -10.3124 -3.52934 10
      vertex -10.0248 -3.96666 8.001
      vertex -10.0248 -3.96666 10
    endloop
  endfacet
  facet normal -0.768229 -0.640175 0
    outer loop
      vertex -10.3124 -3.52934 8.001
      vertex -10.6343 -3.14305 10
      vertex -10.6343 -3.14305 8.001
    endloop
  endfacet
  facet normal -0.768229 -0.640175 0
    outer loop
      vertex -10.6343 -3.14305 10
      vertex -10.3124 -3.52934 8.001
      vertex -10.3124 -3.52934 10
    endloop
  endfacet
  facet normal -0.688682 -0.725064 0
    outer loop
      vertex -11.001 -2.79475 8.001
      vertex -10.6343 -3.14305 10
      vertex -11.001 -2.79475 10
    endloop
  endfacet
  facet normal -0.688682 -0.725064 -0
    outer loop
      vertex -10.6343 -3.14305 10
      vertex -11.001 -2.79475 8.001
      vertex -10.6343 -3.14305 8.001
    endloop
  endfacet
  facet normal -0.608045 -0.793903 0
    outer loop
      vertex -11.4232 -2.47139 8.001
      vertex -11.001 -2.79475 10
      vertex -11.4232 -2.47139 10
    endloop
  endfacet
  facet normal -0.608045 -0.793903 -0
    outer loop
      vertex -11.001 -2.79475 10
      vertex -11.4232 -2.47139 8.001
      vertex -11.001 -2.79475 8.001
    endloop
  endfacet
  facet normal -0.529673 -0.848202 0
    outer loop
      vertex -11.901 -2.17302 8.001
      vertex -11.4232 -2.47139 10
      vertex -11.901 -2.17302 10
    endloop
  endfacet
  facet normal -0.529673 -0.848202 -0
    outer loop
      vertex -11.4232 -2.47139 10
      vertex -11.901 -2.17302 8.001
      vertex -11.4232 -2.47139 8.001
    endloop
  endfacet
  facet normal -0.456187 -0.889884 0
    outer loop
      vertex -12.4344 -1.89958 8.001
      vertex -11.901 -2.17302 10
      vertex -12.4344 -1.89958 10
    endloop
  endfacet
  facet normal -0.456187 -0.889884 -0
    outer loop
      vertex -11.901 -2.17302 10
      vertex -12.4344 -1.89958 8.001
      vertex -11.901 -2.17302 8.001
    endloop
  endfacet
  facet normal -0.40743 -0.913237 0
    outer loop
      vertex -13.0157 -1.64024 8.001
      vertex -12.4344 -1.89958 10
      vertex -13.0157 -1.64024 10
    endloop
  endfacet
  facet normal -0.40743 -0.913237 -0
    outer loop
      vertex -12.4344 -1.89958 10
      vertex -13.0157 -1.64024 8.001
      vertex -12.4344 -1.89958 8.001
    endloop
  endfacet
  facet normal -0.380333 -0.92485 0
    outer loop
      vertex -13.6377 -1.38445 8.001
      vertex -13.0157 -1.64024 10
      vertex -13.6377 -1.38445 10
    endloop
  endfacet
  facet normal -0.380333 -0.92485 -0
    outer loop
      vertex -13.0157 -1.64024 10
      vertex -13.6377 -1.38445 8.001
      vertex -13.0157 -1.64024 8.001
    endloop
  endfacet
  facet normal -0.355846 -0.934544 0
    outer loop
      vertex -14.3002 -1.13219 8.001
      vertex -13.6377 -1.38445 10
      vertex -14.3002 -1.13219 10
    endloop
  endfacet
  facet normal -0.355846 -0.934544 -0
    outer loop
      vertex -13.6377 -1.38445 10
      vertex -14.3002 -1.13219 8.001
      vertex -13.6377 -1.38445 8.001
    endloop
  endfacet
  facet normal -0.333497 -0.942751 0
    outer loop
      vertex -15.0033 -0.883469 8.001
      vertex -14.3002 -1.13219 10
      vertex -15.0033 -0.883469 10
    endloop
  endfacet
  facet normal -0.333497 -0.942751 -0
    outer loop
      vertex -14.3002 -1.13219 10
      vertex -15.0033 -0.883469 8.001
      vertex -14.3002 -1.13219 8.001
    endloop
  endfacet
  facet normal -0.35406 -0.935223 0
    outer loop
      vertex -15.4843 -0.70137 8.001
      vertex -15.0033 -0.883469 10
      vertex -15.4843 -0.70137 10
    endloop
  endfacet
  facet normal -0.35406 -0.935223 -0
    outer loop
      vertex -15.0033 -0.883469 10
      vertex -15.4843 -0.70137 8.001
      vertex -15.0033 -0.883469 8.001
    endloop
  endfacet
  facet normal -0.44994 -0.893059 0
    outer loop
      vertex -15.8905 -0.496719 8.001
      vertex -15.4843 -0.70137 10
      vertex -15.8905 -0.496719 10
    endloop
  endfacet
  facet normal -0.44994 -0.893059 -0
    outer loop
      vertex -15.4843 -0.70137 10
      vertex -15.8905 -0.496719 8.001
      vertex -15.4843 -0.70137 8.001
    endloop
  endfacet
  facet normal -0.565559 -0.824708 0
    outer loop
      vertex -16.2219 -0.269455 8.001
      vertex -15.8905 -0.496719 10
      vertex -16.2219 -0.269455 10
    endloop
  endfacet
  facet normal -0.565559 -0.824708 -0
    outer loop
      vertex -15.8905 -0.496719 10
      vertex -16.2219 -0.269455 8.001
      vertex -15.8905 -0.496719 8.001
    endloop
  endfacet
  facet normal -0.69725 -0.716828 0
    outer loop
      vertex -16.4787 -0.0196686 8.001
      vertex -16.2219 -0.269455 10
      vertex -16.4787 -0.0196686 10
    endloop
  endfacet
  facet normal -0.69725 -0.716828 -0
    outer loop
      vertex -16.2219 -0.269455 10
      vertex -16.4787 -0.0196686 8.001
      vertex -16.2219 -0.269455 8.001
    endloop
  endfacet
  facet normal -0.828797 -0.55955 0
    outer loop
      vertex -16.4787 -0.0196686 8.001
      vertex -16.6706 0.264571 10
      vertex -16.6706 0.264571 8.001
    endloop
  endfacet
  facet normal -0.828797 -0.55955 0
    outer loop
      vertex -16.6706 0.264571 10
      vertex -16.4787 -0.0196686 8.001
      vertex -16.4787 -0.0196686 10
    endloop
  endfacet
  facet normal -0.923781 -0.382922 0
    outer loop
      vertex -16.6706 0.264571 8.001
      vertex -16.8076 0.595077 10
      vertex -16.8076 0.595077 8.001
    endloop
  endfacet
  facet normal -0.923781 -0.382922 0
    outer loop
      vertex -16.8076 0.595077 10
      vertex -16.6706 0.264571 8.001
      vertex -16.6706 0.264571 10
    endloop
  endfacet
  facet normal -0.976964 -0.213404 0
    outer loop
      vertex -16.8076 0.595077 8.001
      vertex -16.8899 0.971847 10
      vertex -16.8899 0.971847 8.001
    endloop
  endfacet
  facet normal -0.976964 -0.213404 0
    outer loop
      vertex -16.8899 0.971847 10
      vertex -16.8076 0.595077 8.001
      vertex -16.8076 0.595077 10
    endloop
  endfacet
  facet normal -0.997909 -0.0646304 0
    outer loop
      vertex -16.8899 0.971847 8.001
      vertex -16.9173 1.39491 10
      vertex -16.9173 1.39491 8.001
    endloop
  endfacet
  facet normal -0.997909 -0.0646304 0
    outer loop
      vertex -16.9173 1.39491 10
      vertex -16.8899 0.971847 8.001
      vertex -16.8899 0.971847 10
    endloop
  endfacet
  facet normal -0.997741 0.0671803 0
    outer loop
      vertex -16.9173 1.39491 8.001
      vertex -16.8817 1.92363 10
      vertex -16.8817 1.92363 8.001
    endloop
  endfacet
  facet normal -0.997741 0.0671803 0
    outer loop
      vertex -16.8817 1.92363 10
      vertex -16.9173 1.39491 8.001
      vertex -16.9173 1.39491 10
    endloop
  endfacet
  facet normal -0.972601 0.232479 0
    outer loop
      vertex -16.8817 1.92363 8.001
      vertex -16.7749 2.37044 10
      vertex -16.7749 2.37044 8.001
    endloop
  endfacet
  facet normal -0.972601 0.232479 0
    outer loop
      vertex -16.7749 2.37044 10
      vertex -16.8817 1.92363 8.001
      vertex -16.8817 1.92363 10
    endloop
  endfacet
  facet normal -0.898768 0.438424 0
    outer loop
      vertex -16.7749 2.37044 8.001
      vertex -16.5969 2.73534 10
      vertex -16.5969 2.73534 8.001
    endloop
  endfacet
  facet normal -0.898768 0.438424 0
    outer loop
      vertex -16.5969 2.73534 10
      vertex -16.7749 2.37044 8.001
      vertex -16.7749 2.37044 10
    endloop
  endfacet
  facet normal -0.750658 0.660691 0
    outer loop
      vertex -16.5969 2.73534 8.001
      vertex -16.3478 3.01836 10
      vertex -16.3478 3.01836 8.001
    endloop
  endfacet
  facet normal -0.750658 0.660691 0
    outer loop
      vertex -16.3478 3.01836 10
      vertex -16.5969 2.73534 8.001
      vertex -16.5969 2.73534 10
    endloop
  endfacet
  facet normal -0.551314 0.834298 0
    outer loop
      vertex -16.0273 3.23015 8.001
      vertex -16.3478 3.01836 10
      vertex -16.0273 3.23015 10
    endloop
  endfacet
  facet normal -0.551314 0.834298 0
    outer loop
      vertex -16.3478 3.01836 10
      vertex -16.0273 3.23015 8.001
      vertex -16.3478 3.01836 8.001
    endloop
  endfacet
  facet normal -0.360337 0.932822 0
    outer loop
      vertex -15.6357 3.38142 8.001
      vertex -16.0273 3.23015 10
      vertex -15.6357 3.38142 10
    endloop
  endfacet
  facet normal -0.360337 0.932822 0
    outer loop
      vertex -16.0273 3.23015 10
      vertex -15.6357 3.38142 8.001
      vertex -16.0273 3.23015 8.001
    endloop
  endfacet
  facet normal -0.192466 0.981304 0
    outer loop
      vertex -15.1728 3.47221 8.001
      vertex -15.6357 3.38142 10
      vertex -15.1728 3.47221 10
    endloop
  endfacet
  facet normal -0.192466 0.981304 0
    outer loop
      vertex -15.6357 3.38142 10
      vertex -15.1728 3.47221 8.001
      vertex -15.6357 3.38142 8.001
    endloop
  endfacet
  facet normal -0.0565467 0.9984 0
    outer loop
      vertex -14.6387 3.50246 8.001
      vertex -15.1728 3.47221 10
      vertex -14.6387 3.50246 10
    endloop
  endfacet
  facet normal -0.0565467 0.9984 0
    outer loop
      vertex -15.1728 3.47221 10
      vertex -14.6387 3.50246 8.001
      vertex -15.1728 3.47221 8.001
    endloop
  endfacet
  facet normal 0.0710272 0.997474 -0
    outer loop
      vertex -14.0969 3.46388 8.001
      vertex -14.6387 3.50246 10
      vertex -14.0969 3.46388 10
    endloop
  endfacet
  facet normal 0.0710272 0.997474 0
    outer loop
      vertex -14.6387 3.50246 10
      vertex -14.0969 3.46388 8.001
      vertex -14.6387 3.50246 8.001
    endloop
  endfacet
  facet normal 0.24222 0.970221 -0
    outer loop
      vertex -13.6335 3.34819 8.001
      vertex -14.0969 3.46388 10
      vertex -13.6335 3.34819 10
    endloop
  endfacet
  facet normal 0.24222 0.970221 0
    outer loop
      vertex -14.0969 3.46388 10
      vertex -13.6335 3.34819 8.001
      vertex -14.0969 3.46388 8.001
    endloop
  endfacet
  facet normal 0.447659 0.894204 -0
    outer loop
      vertex -13.2483 3.15535 8.001
      vertex -13.6335 3.34819 10
      vertex -13.2483 3.15535 10
    endloop
  endfacet
  facet normal 0.447659 0.894204 0
    outer loop
      vertex -13.6335 3.34819 10
      vertex -13.2483 3.15535 8.001
      vertex -13.6335 3.34819 8.001
    endloop
  endfacet
  facet normal 0.660556 0.750777 -0
    outer loop
      vertex -12.9414 2.88533 8.001
      vertex -13.2483 3.15535 10
      vertex -12.9414 2.88533 10
    endloop
  endfacet
  facet normal 0.660556 0.750777 0
    outer loop
      vertex -13.2483 3.15535 10
      vertex -12.9414 2.88533 8.001
      vertex -13.2483 3.15535 8.001
    endloop
  endfacet
  facet normal 0.820348 0.571865 0
    outer loop
      vertex -12.6986 2.53703 10
      vertex -12.9414 2.88533 8.001
      vertex -12.9414 2.88533 10
    endloop
  endfacet
  facet normal 0.820348 0.571865 0
    outer loop
      vertex -12.9414 2.88533 8.001
      vertex -12.6986 2.53703 10
      vertex -12.6986 2.53703 8.001
    endloop
  endfacet
  facet normal 0.911436 0.411442 0
    outer loop
      vertex -12.5055 2.10927 10
      vertex -12.6986 2.53703 8.001
      vertex -12.6986 2.53703 10
    endloop
  endfacet
  facet normal 0.911436 0.411442 0
    outer loop
      vertex -12.6986 2.53703 8.001
      vertex -12.5055 2.10927 10
      vertex -12.5055 2.10927 8.001
    endloop
  endfacet
  facet normal 0.962442 0.271487 0
    outer loop
      vertex -12.3624 1.60197 10
      vertex -12.5055 2.10927 8.001
      vertex -12.5055 2.10927 10
    endloop
  endfacet
  facet normal 0.962442 0.271487 0
    outer loop
      vertex -12.5055 2.10927 8.001
      vertex -12.3624 1.60197 10
      vertex -12.3624 1.60197 8.001
    endloop
  endfacet
  facet normal 0.987593 0.157036 0
    outer loop
      vertex -12.2691 1.01521 10
      vertex -12.3624 1.60197 8.001
      vertex -12.3624 1.60197 10
    endloop
  endfacet
  facet normal 0.987593 0.157036 0
    outer loop
      vertex -12.3624 1.60197 8.001
      vertex -12.2691 1.01521 10
      vertex -12.2691 1.01521 8.001
    endloop
  endfacet
  facet normal -0.171446 0.985194 0
    outer loop
      vertex -9.4324 1.50886 8.001
      vertex -12.2691 1.01521 10
      vertex -9.4324 1.50886 10
    endloop
  endfacet
  facet normal -0.171446 0.985194 0
    outer loop
      vertex -12.2691 1.01521 10
      vertex -9.4324 1.50886 8.001
      vertex -12.2691 1.01521 8.001
    endloop
  endfacet
  facet normal -0.984197 -0.177077 0
    outer loop
      vertex -9.4324 1.50886 8.001
      vertex -9.66064 2.77742 10
      vertex -9.66064 2.77742 8.001
    endloop
  endfacet
  facet normal -0.984197 -0.177077 0
    outer loop
      vertex -9.66064 2.77742 10
      vertex -9.4324 1.50886 8.001
      vertex -9.4324 1.50886 10
    endloop
  endfacet
  facet normal -0.952623 -0.304153 0
    outer loop
      vertex -9.66064 2.77742 8.001
      vertex -10.0149 3.88698 10
      vertex -10.0149 3.88698 8.001
    endloop
  endfacet
  facet normal -0.952623 -0.304153 0
    outer loop
      vertex -10.0149 3.88698 10
      vertex -9.66064 2.77742 8.001
      vertex -9.66064 2.77742 10
    endloop
  endfacet
  facet normal -0.892528 -0.450992 0
    outer loop
      vertex -10.0149 3.88698 8.001
      vertex -10.4952 4.83751 10
      vertex -10.4952 4.83751 8.001
    endloop
  endfacet
  facet normal -0.892528 -0.450992 0
    outer loop
      vertex -10.4952 4.83751 10
      vertex -10.0149 3.88698 8.001
      vertex -10.0149 3.88698 10
    endloop
  endfacet
  facet normal -0.793879 -0.608076 0
    outer loop
      vertex -10.4952 4.83751 8.001
      vertex -11.1015 5.62907 10
      vertex -11.1015 5.62907 8.001
    endloop
  endfacet
  facet normal -0.793879 -0.608076 0
    outer loop
      vertex -11.1015 5.62907 10
      vertex -10.4952 4.83751 8.001
      vertex -10.4952 4.83751 10
    endloop
  endfacet
  facet normal -0.652786 -0.757543 0
    outer loop
      vertex -11.8245 6.25209 8.001
      vertex -11.1015 5.62907 10
      vertex -11.8245 6.25209 10
    endloop
  endfacet
  facet normal -0.652786 -0.757543 -0
    outer loop
      vertex -11.1015 5.62907 10
      vertex -11.8245 6.25209 8.001
      vertex -11.1015 5.62907 8.001
    endloop
  endfacet
  facet normal -0.472284 -0.881447 0
    outer loop
      vertex -12.6551 6.69713 8.001
      vertex -11.8245 6.25209 10
      vertex -12.6551 6.69713 10
    endloop
  endfacet
  facet normal -0.472284 -0.881447 -0
    outer loop
      vertex -11.8245 6.25209 10
      vertex -12.6551 6.69713 8.001
      vertex -11.8245 6.25209 8.001
    endloop
  endfacet
  facet normal -0.273746 -0.961802 0
    outer loop
      vertex -13.5932 6.96413 8.001
      vertex -12.6551 6.69713 10
      vertex -13.5932 6.96413 10
    endloop
  endfacet
  facet normal -0.273746 -0.961802 -0
    outer loop
      vertex -12.6551 6.69713 10
      vertex -13.5932 6.96413 8.001
      vertex -12.6551 6.69713 8.001
    endloop
  endfacet
  facet normal -0.0848389 -0.996395 0
    outer loop
      vertex -14.6387 7.05315 8.001
      vertex -13.5932 6.96413 10
      vertex -14.6387 7.05315 10
    endloop
  endfacet
  facet normal -0.0848389 -0.996395 -0
    outer loop
      vertex -13.5932 6.96413 10
      vertex -14.6387 7.05315 8.001
      vertex -13.5932 6.96413 8.001
    endloop
  endfacet
  facet normal 0.0869222 -0.996215 0
    outer loop
      vertex -15.8154 6.95048 8.001
      vertex -14.6387 7.05315 10
      vertex -15.8154 6.95048 10
    endloop
  endfacet
  facet normal 0.0869222 -0.996215 0
    outer loop
      vertex -14.6387 7.05315 10
      vertex -15.8154 6.95048 8.001
      vertex -14.6387 7.05315 8.001
    endloop
  endfacet
  facet normal 0.285206 -0.958466 0
    outer loop
      vertex -16.8503 6.64253 8.001
      vertex -15.8154 6.95048 10
      vertex -16.8503 6.64253 10
    endloop
  endfacet
  facet normal 0.285206 -0.958466 0
    outer loop
      vertex -15.8154 6.95048 10
      vertex -16.8503 6.64253 8.001
      vertex -15.8154 6.95048 8.001
    endloop
  endfacet
  facet normal 0.498196 -0.867065 0
    outer loop
      vertex -17.7436 6.12926 8.001
      vertex -16.8503 6.64253 10
      vertex -17.7436 6.12926 10
    endloop
  endfacet
  facet normal 0.498196 -0.867065 0
    outer loop
      vertex -16.8503 6.64253 10
      vertex -17.7436 6.12926 8.001
      vertex -16.8503 6.64253 8.001
    endloop
  endfacet
  facet normal 0.691061 -0.722796 0
    outer loop
      vertex -18.4952 5.41066 8.001
      vertex -17.7436 6.12926 10
      vertex -18.4952 5.41066 10
    endloop
  endfacet
  facet normal 0.691061 -0.722796 0
    outer loop
      vertex -17.7436 6.12926 10
      vertex -18.4952 5.41066 8.001
      vertex -17.7436 6.12926 8.001
    endloop
  endfacet
  facet normal 0.834605 -0.550848 0
    outer loop
      vertex -19.0908 4.50825 10
      vertex -18.4952 5.41066 8.001
      vertex -18.4952 5.41066 10
    endloop
  endfacet
  facet normal 0.834605 -0.550848 0
    outer loop
      vertex -18.4952 5.41066 8.001
      vertex -19.0908 4.50825 10
      vertex -19.0908 4.50825 8.001
    endloop
  endfacet
  facet normal 0.928627 -0.371015 0
    outer loop
      vertex -19.5163 3.44325 10
      vertex -19.0908 4.50825 8.001
      vertex -19.0908 4.50825 10
    endloop
  endfacet
  facet normal 0.928627 -0.371015 0
    outer loop
      vertex -19.0908 4.50825 8.001
      vertex -19.5163 3.44325 10
      vertex -19.5163 3.44325 8.001
    endloop
  endfacet
  facet normal 0.979069 -0.203529 0
    outer loop
      vertex -19.7715 2.21562 10
      vertex -19.5163 3.44325 8.001
      vertex -19.5163 3.44325 10
    endloop
  endfacet
  facet normal 0.979069 -0.203529 0
    outer loop
      vertex -19.5163 3.44325 8.001
      vertex -19.7715 2.21562 10
      vertex -19.7715 2.21562 8.001
    endloop
  endfacet
  facet normal 0.998132 -0.0610987 0
    outer loop
      vertex -19.8566 0.825393 10
      vertex -19.7715 2.21562 8.001
      vertex -19.7715 2.21562 10
    endloop
  endfacet
  facet normal 0.998132 -0.0610987 0
    outer loop
      vertex -19.7715 2.21562 8.001
      vertex -19.8566 0.825393 10
      vertex -19.8566 0.825393 8.001
    endloop
  endfacet
  facet normal 0.999351 0.0360124 0
    outer loop
      vertex -19.8257 -0.0320892 10
      vertex -19.8566 0.825393 8.001
      vertex -19.8566 0.825393 10
    endloop
  endfacet
  facet normal 0.999351 0.0360124 0
    outer loop
      vertex -19.8566 0.825393 8.001
      vertex -19.8257 -0.0320892 10
      vertex -19.8257 -0.0320892 8.001
    endloop
  endfacet
  facet normal 0.993098 0.117288 0
    outer loop
      vertex -19.7327 -0.819534 10
      vertex -19.8257 -0.0320892 8.001
      vertex -19.8257 -0.0320892 10
    endloop
  endfacet
  facet normal 0.993098 0.117288 0
    outer loop
      vertex -19.8257 -0.0320892 8.001
      vertex -19.7327 -0.819534 10
      vertex -19.7327 -0.819534 8.001
    endloop
  endfacet
  facet normal 0.977476 0.211045 0
    outer loop
      vertex -19.5778 -1.53697 10
      vertex -19.7327 -0.819534 8.001
      vertex -19.7327 -0.819534 10
    endloop
  endfacet
  facet normal 0.977476 0.211045 0
    outer loop
      vertex -19.7327 -0.819534 8.001
      vertex -19.5778 -1.53697 10
      vertex -19.5778 -1.53697 8.001
    endloop
  endfacet
  facet normal 0.948239 0.317559 0
    outer loop
      vertex -19.361 -2.18434 10
      vertex -19.5778 -1.53697 8.001
      vertex -19.5778 -1.53697 10
    endloop
  endfacet
  facet normal 0.948239 0.317559 0
    outer loop
      vertex -19.5778 -1.53697 8.001
      vertex -19.361 -2.18434 10
      vertex -19.361 -2.18434 8.001
    endloop
  endfacet
  facet normal 0.904111 0.427299 0
    outer loop
      vertex -19.0851 -2.76811 10
      vertex -19.361 -2.18434 8.001
      vertex -19.361 -2.18434 10
    endloop
  endfacet
  facet normal 0.904111 0.427299 0
    outer loop
      vertex -19.361 -2.18434 8.001
      vertex -19.0851 -2.76811 10
      vertex -19.0851 -2.76811 8.001
    endloop
  endfacet
  facet normal 0.845962 0.533242 0
    outer loop
      vertex -18.753 -3.29497 10
      vertex -19.0851 -2.76811 8.001
      vertex -19.0851 -2.76811 10
    endloop
  endfacet
  facet normal 0.845962 0.533242 0
    outer loop
      vertex -19.0851 -2.76811 8.001
      vertex -18.753 -3.29497 10
      vertex -18.753 -3.29497 8.001
    endloop
  endfacet
  facet normal 0.77081 0.637065 0
    outer loop
      vertex -18.3646 -3.76491 10
      vertex -18.753 -3.29497 8.001
      vertex -18.753 -3.29497 10
    endloop
  endfacet
  facet normal 0.77081 0.637065 0
    outer loop
      vertex -18.753 -3.29497 8.001
      vertex -18.3646 -3.76491 10
      vertex -18.3646 -3.76491 8.001
    endloop
  endfacet
  facet normal 0.680526 0.732724 -0
    outer loop
      vertex -17.9199 -4.17793 8.001
      vertex -18.3646 -3.76491 10
      vertex -17.9199 -4.17793 10
    endloop
  endfacet
  facet normal 0.680526 0.732724 0
    outer loop
      vertex -18.3646 -3.76491 10
      vertex -17.9199 -4.17793 8.001
      vertex -18.3646 -3.76491 8.001
    endloop
  endfacet
  facet normal 0.557996 0.829844 -0
    outer loop
      vertex -17.3367 -4.57008 8.001
      vertex -17.9199 -4.17793 10
      vertex -17.3367 -4.57008 10
    endloop
  endfacet
  facet normal 0.557996 0.829844 0
    outer loop
      vertex -17.9199 -4.17793 10
      vertex -17.3367 -4.57008 8.001
      vertex -17.9199 -4.17793 8.001
    endloop
  endfacet
  facet normal 0.452221 0.891906 -0
    outer loop
      vertex -16.5328 -4.97768 8.001
      vertex -17.3367 -4.57008 10
      vertex -16.5328 -4.97768 10
    endloop
  endfacet
  facet normal 0.452221 0.891906 0
    outer loop
      vertex -17.3367 -4.57008 10
      vertex -16.5328 -4.97768 8.001
      vertex -17.3367 -4.57008 8.001
    endloop
  endfacet
  facet normal 0.381626 0.924317 -0
    outer loop
      vertex -15.5082 -5.40071 8.001
      vertex -16.5328 -4.97768 10
      vertex -15.5082 -5.40071 10
    endloop
  endfacet
  facet normal 0.381626 0.924317 0
    outer loop
      vertex -16.5328 -4.97768 10
      vertex -15.5082 -5.40071 8.001
      vertex -16.5328 -4.97768 8.001
    endloop
  endfacet
  facet normal 0.332121 0.943237 -0
    outer loop
      vertex -14.2629 -5.83919 8.001
      vertex -15.5082 -5.40071 10
      vertex -14.2629 -5.83919 10
    endloop
  endfacet
  facet normal 0.332121 0.943237 0
    outer loop
      vertex -15.5082 -5.40071 10
      vertex -14.2629 -5.83919 8.001
      vertex -15.5082 -5.40071 8.001
    endloop
  endfacet
  facet normal 0.358153 0.933663 -0
    outer loop
      vertex -13.7135 -6.04994 8.001
      vertex -14.2629 -5.83919 10
      vertex -13.7135 -6.04994 10
    endloop
  endfacet
  facet normal 0.358153 0.933663 0
    outer loop
      vertex -14.2629 -5.83919 10
      vertex -13.7135 -6.04994 8.001
      vertex -14.2629 -5.83919 8.001
    endloop
  endfacet
  facet normal 0.449757 0.893151 -0
    outer loop
      vertex -13.2503 -6.28319 8.001
      vertex -13.7135 -6.04994 10
      vertex -13.2503 -6.28319 10
    endloop
  endfacet
  facet normal 0.449757 0.893151 0
    outer loop
      vertex -13.7135 -6.04994 10
      vertex -13.2503 -6.28319 8.001
      vertex -13.7135 -6.04994 8.001
    endloop
  endfacet
  facet normal 0.561424 0.827528 -0
    outer loop
      vertex -12.8733 -6.53896 8.001
      vertex -13.2503 -6.28319 10
      vertex -12.8733 -6.53896 10
    endloop
  endfacet
  facet normal 0.561424 0.827528 0
    outer loop
      vertex -13.2503 -6.28319 10
      vertex -12.8733 -6.53896 8.001
      vertex -13.2503 -6.28319 8.001
    endloop
  endfacet
  facet normal 0.69122 0.722645 -0
    outer loop
      vertex -12.5824 -6.81721 8.001
      vertex -12.8733 -6.53896 10
      vertex -12.5824 -6.81721 10
    endloop
  endfacet
  facet normal 0.69122 0.722645 0
    outer loop
      vertex -12.8733 -6.53896 10
      vertex -12.5824 -6.81721 8.001
      vertex -12.8733 -6.53896 8.001
    endloop
  endfacet
  facet normal 0.823785 0.566902 0
    outer loop
      vertex -12.3656 -7.13225 10
      vertex -12.5824 -6.81721 8.001
      vertex -12.5824 -6.81721 10
    endloop
  endfacet
  facet normal 0.823785 0.566902 0
    outer loop
      vertex -12.5824 -6.81721 8.001
      vertex -12.3656 -7.13225 10
      vertex -12.3656 -7.13225 8.001
    endloop
  endfacet
  facet normal 0.920942 0.389701 0
    outer loop
      vertex -12.2107 -7.49831 10
      vertex -12.3656 -7.13225 8.001
      vertex -12.3656 -7.13225 10
    endloop
  endfacet
  facet normal 0.920942 0.389701 0
    outer loop
      vertex -12.3656 -7.13225 8.001
      vertex -12.2107 -7.49831 10
      vertex -12.2107 -7.49831 8.001
    endloop
  endfacet
  facet normal 0.976083 0.217396 0
    outer loop
      vertex -12.1178 -7.91542 10
      vertex -12.2107 -7.49831 8.001
      vertex -12.2107 -7.49831 10
    endloop
  endfacet
  facet normal 0.976083 0.217396 0
    outer loop
      vertex -12.2107 -7.49831 8.001
      vertex -12.1178 -7.91542 10
      vertex -12.1178 -7.91542 8.001
    endloop
  endfacet
  facet normal 0.997814 0.066079 0
    outer loop
      vertex -12.0868 -8.38353 10
      vertex -12.1178 -7.91542 8.001
      vertex -12.1178 -7.91542 10
    endloop
  endfacet
  facet normal 0.997814 0.066079 0
    outer loop
      vertex -12.1178 -7.91542 8.001
      vertex -12.0868 -8.38353 10
      vertex -12.0868 -8.38353 8.001
    endloop
  endfacet
  facet normal 0.997705 -0.0677143 0
    outer loop
      vertex -12.1253 -8.95079 10
      vertex -12.0868 -8.38353 8.001
      vertex -12.0868 -8.38353 10
    endloop
  endfacet
  facet normal 0.997705 -0.0677143 0
    outer loop
      vertex -12.0868 -8.38353 8.001
      vertex -12.1253 -8.95079 10
      vertex -12.1253 -8.95079 8.001
    endloop
  endfacet
  facet normal 0.973057 -0.230566 0
    outer loop
      vertex -12.2406 -9.43739 10
      vertex -12.1253 -8.95079 8.001
      vertex -12.1253 -8.95079 10
    endloop
  endfacet
  facet normal 0.973057 -0.230566 0
    outer loop
      vertex -12.1253 -8.95079 8.001
      vertex -12.2406 -9.43739 10
      vertex -12.2406 -9.43739 8.001
    endloop
  endfacet
  facet normal 0.903719 -0.428127 0
    outer loop
      vertex -12.4329 -9.84331 10
      vertex -12.2406 -9.43739 8.001
      vertex -12.2406 -9.43739 10
    endloop
  endfacet
  facet normal 0.903719 -0.428127 0
    outer loop
      vertex -12.2406 -9.43739 8.001
      vertex -12.4329 -9.84331 10
      vertex -12.4329 -9.84331 8.001
    endloop
  endfacet
  facet normal 0.770421 -0.637536 0
    outer loop
      vertex -12.702 -10.1685 10
      vertex -12.4329 -9.84331 8.001
      vertex -12.4329 -9.84331 10
    endloop
  endfacet
  facet normal 0.770421 -0.637536 0
    outer loop
      vertex -12.4329 -9.84331 8.001
      vertex -12.702 -10.1685 10
      vertex -12.702 -10.1685 8.001
    endloop
  endfacet
  facet normal 0.576502 -0.817096 0
    outer loop
      vertex -13.0552 -10.4177 8.001
      vertex -12.702 -10.1685 10
      vertex -13.0552 -10.4177 10
    endloop
  endfacet
  facet normal 0.576502 -0.817096 0
    outer loop
      vertex -12.702 -10.1685 10
      vertex -13.0552 -10.4177 8.001
      vertex -12.702 -10.1685 8.001
    endloop
  endfacet
  facet normal 0.371895 -0.928275 0
    outer loop
      vertex -13.4995 -10.5957 8.001
      vertex -13.0552 -10.4177 10
      vertex -13.4995 -10.5957 10
    endloop
  endfacet
  facet normal 0.371895 -0.928275 0
    outer loop
      vertex -13.0552 -10.4177 10
      vertex -13.4995 -10.5957 8.001
      vertex -13.0552 -10.4177 8.001
    endloop
  endfacet
  facet normal 0.195588 -0.980686 0
    outer loop
      vertex -14.035 -10.7025 8.001
      vertex -13.4995 -10.5957 10
      vertex -14.035 -10.7025 10
    endloop
  endfacet
  facet normal 0.195588 -0.980686 0
    outer loop
      vertex -13.4995 -10.5957 10
      vertex -14.035 -10.7025 8.001
      vertex -13.4995 -10.5957 8.001
    endloop
  endfacet
  facet normal 0.0567231 -0.99839 0
    outer loop
      vertex -14.6616 -10.7381 8.001
      vertex -14.035 -10.7025 10
      vertex -14.6616 -10.7381 10
    endloop
  endfacet
  facet normal 0.0567231 -0.99839 0
    outer loop
      vertex -14.035 -10.7025 10
      vertex -14.6616 -10.7381 8.001
      vertex -14.035 -10.7025 8.001
    endloop
  endfacet
  facet normal -0.0562405 -0.998417 0
    outer loop
      vertex -15.3362 -10.7001 8.001
      vertex -14.6616 -10.7381 10
      vertex -15.3362 -10.7001 10
    endloop
  endfacet
  facet normal -0.0562405 -0.998417 -0
    outer loop
      vertex -14.6616 -10.7381 10
      vertex -15.3362 -10.7001 8.001
      vertex -14.6616 -10.7381 8.001
    endloop
  endfacet
  facet normal -0.197349 -0.980333 0
    outer loop
      vertex -15.902 -10.5862 8.001
      vertex -15.3362 -10.7001 10
      vertex -15.902 -10.5862 10
    endloop
  endfacet
  facet normal -0.197349 -0.980333 -0
    outer loop
      vertex -15.3362 -10.7001 10
      vertex -15.902 -10.5862 8.001
      vertex -15.3362 -10.7001 8.001
    endloop
  endfacet
  facet normal -0.383869 -0.923388 0
    outer loop
      vertex -16.3588 -10.3963 8.001
      vertex -15.902 -10.5862 10
      vertex -16.3588 -10.3963 10
    endloop
  endfacet
  facet normal -0.383869 -0.923388 -0
    outer loop
      vertex -15.902 -10.5862 10
      vertex -16.3588 -10.3963 8.001
      vertex -15.902 -10.5862 8.001
    endloop
  endfacet
  facet normal -0.607357 -0.794429 0
    outer loop
      vertex -16.7066 -10.1304 8.001
      vertex -16.3588 -10.3963 10
      vertex -16.7066 -10.1304 10
    endloop
  endfacet
  facet normal -0.607357 -0.794429 -0
    outer loop
      vertex -16.3588 -10.3963 10
      vertex -16.7066 -10.1304 8.001
      vertex -16.3588 -10.3963 8.001
    endloop
  endfacet
  facet normal -0.795968 -0.605339 0
    outer loop
      vertex -16.7066 -10.1304 8.001
      vertex -16.9782 -9.77327 10
      vertex -16.9782 -9.77327 8.001
    endloop
  endfacet
  facet normal -0.795968 -0.605339 0
    outer loop
      vertex -16.9782 -9.77327 10
      vertex -16.7066 -10.1304 8.001
      vertex -16.7066 -10.1304 10
    endloop
  endfacet
  facet normal -0.897344 -0.441332 0
    outer loop
      vertex -16.9782 -9.77327 8.001
      vertex -17.2064 -9.30928 10
      vertex -17.2064 -9.30928 8.001
    endloop
  endfacet
  facet normal -0.897344 -0.441332 0
    outer loop
      vertex -17.2064 -9.30928 10
      vertex -16.9782 -9.77327 8.001
      vertex -16.9782 -9.77327 10
    endloop
  endfacet
  facet normal -0.951377 -0.30803 0
    outer loop
      vertex -17.2064 -9.30928 8.001
      vertex -17.3912 -8.73851 10
      vertex -17.3912 -8.73851 8.001
    endloop
  endfacet
  facet normal -0.951377 -0.30803 0
    outer loop
      vertex -17.3912 -8.73851 10
      vertex -17.2064 -9.30928 8.001
      vertex -17.2064 -9.30928 10
    endloop
  endfacet
  facet normal -0.978937 -0.204162 0
    outer loop
      vertex -17.3912 -8.73851 8.001
      vertex -17.5325 -8.06099 10
      vertex -17.5325 -8.06099 8.001
    endloop
  endfacet
  facet normal -0.978937 -0.204162 0
    outer loop
      vertex -17.5325 -8.06099 10
      vertex -17.3912 -8.73851 8.001
      vertex -17.3912 -8.73851 10
    endloop
  endfacet
  facet normal 0.242222 -0.970221 0
    outer loop
      vertex -20.3464 -8.7635 8.001
      vertex -17.5325 -8.06099 10
      vertex -20.3464 -8.7635 10
    endloop
  endfacet
  facet normal 0.242222 -0.970221 0
    outer loop
      vertex -17.5325 -8.06099 10
      vertex -20.3464 -8.7635 8.001
      vertex -17.5325 -8.06099 8.001
    endloop
  endfacet
  facet normal 0.978459 0.206443 0
    outer loop
      vertex -20.0676 -10.0849 10
      vertex -20.3464 -8.7635 8.001
      vertex -20.3464 -8.7635 10
    endloop
  endfacet
  facet normal 0.978459 0.206443 0
    outer loop
      vertex -20.3464 -8.7635 8.001
      vertex -20.0676 -10.0849 10
      vertex -20.0676 -10.0849 8.001
    endloop
  endfacet
  facet normal 0.945248 0.326353 0
    outer loop
      vertex -19.6757 -11.22 10
      vertex -20.0676 -10.0849 8.001
      vertex -20.0676 -10.0849 10
    endloop
  endfacet
  facet normal 0.945248 0.326353 0
    outer loop
      vertex -20.0676 -10.0849 8.001
      vertex -19.6757 -11.22 10
      vertex -19.6757 -11.22 8.001
    endloop
  endfacet
  facet normal 0.882672 0.469989 0
    outer loop
      vertex -19.1705 -12.1688 10
      vertex -19.6757 -11.22 8.001
      vertex -19.6757 -11.22 10
    endloop
  endfacet
  facet normal 0.882672 0.469989 0
    outer loop
      vertex -19.6757 -11.22 8.001
      vertex -19.1705 -12.1688 10
      vertex -19.1705 -12.1688 8.001
    endloop
  endfacet
  facet normal 0.776678 0.629898 0
    outer loop
      vertex -18.5521 -12.9313 10
      vertex -19.1705 -12.1688 8.001
      vertex -19.1705 -12.1688 10
    endloop
  endfacet
  facet normal 0.776678 0.629898 0
    outer loop
      vertex -19.1705 -12.1688 8.001
      vertex -18.5521 -12.9313 10
      vertex -18.5521 -12.9313 8.001
    endloop
  endfacet
  facet normal 0.615664 0.788008 -0
    outer loop
      vertex -17.8027 -13.5168 8.001
      vertex -18.5521 -12.9313 10
      vertex -17.8027 -13.5168 10
    endloop
  endfacet
  facet normal 0.615664 0.788008 0
    outer loop
      vertex -18.5521 -12.9313 10
      vertex -17.8027 -13.5168 8.001
      vertex -18.5521 -12.9313 8.001
    endloop
  endfacet
  facet normal 0.422173 0.906515 -0
    outer loop
      vertex -16.9045 -13.9351 8.001
      vertex -17.8027 -13.5168 10
      vertex -16.9045 -13.9351 10
    endloop
  endfacet
  facet normal 0.422173 0.906515 0
    outer loop
      vertex -17.8027 -13.5168 10
      vertex -16.9045 -13.9351 8.001
      vertex -17.8027 -13.5168 8.001
    endloop
  endfacet
  facet normal 0.233018 0.972472 -0
    outer loop
      vertex -15.8574 -14.186 8.001
      vertex -16.9045 -13.9351 10
      vertex -15.8574 -14.186 10
    endloop
  endfacet
  facet normal 0.233018 0.972472 0
    outer loop
      vertex -16.9045 -13.9351 10
      vertex -15.8574 -14.186 8.001
      vertex -16.9045 -13.9351 8.001
    endloop
  endfacet
  facet normal 0.0698241 0.997559 -0
    outer loop
      vertex -14.6616 -14.2697 8.001
      vertex -15.8574 -14.186 10
      vertex -14.6616 -14.2697 10
    endloop
  endfacet
  facet normal 0.0698241 0.997559 0
    outer loop
      vertex -15.8574 -14.186 10
      vertex -14.6616 -14.2697 8.001
      vertex -15.8574 -14.186 8.001
    endloop
  endfacet
  facet normal -0.0865171 0.99625 0
    outer loop
      vertex -13.4387 -14.1635 8.001
      vertex -14.6616 -14.2697 10
      vertex -13.4387 -14.1635 10
    endloop
  endfacet
  facet normal -0.0865171 0.99625 0
    outer loop
      vertex -14.6616 -14.2697 10
      vertex -13.4387 -14.1635 8.001
      vertex -14.6616 -14.2697 8.001
    endloop
  endfacet
  facet normal -0.572546 0.819873 0
    outer loop
      vertex 1.51715 -12.8741 8.001
      vertex 0.0182991 -13.9208 10
      vertex 1.51715 -12.8741 10
    endloop
  endfacet
  facet normal -0.572546 0.819873 0
    outer loop
      vertex 0.0182991 -13.9208 10
      vertex 1.51715 -12.8741 8.001
      vertex 0.0182991 -13.9208 8.001
    endloop
  endfacet
  facet normal -0.832416 0.554152 0
    outer loop
      vertex 1.51715 -12.8741 8.001
      vertex 2.67849 -11.1296 10
      vertex 2.67849 -11.1296 8.001
    endloop
  endfacet
  facet normal -0.832416 0.554152 0
    outer loop
      vertex 2.67849 -11.1296 10
      vertex 1.51715 -12.8741 8.001
      vertex 1.51715 -12.8741 10
    endloop
  endfacet
  facet normal -0.947539 0.319641 0
    outer loop
      vertex 2.67849 -11.1296 8.001
      vertex 3.50236 -8.68733 10
      vertex 3.50236 -8.68733 8.001
    endloop
  endfacet
  facet normal -0.947539 0.319641 0
    outer loop
      vertex 3.50236 -8.68733 10
      vertex 2.67849 -11.1296 8.001
      vertex 2.67849 -11.1296 10
    endloop
  endfacet
  facet normal -0.143096 -0.989709 0
    outer loop
      vertex 0.483222 -8.25081 8.001
      vertex 3.50236 -8.68733 10
      vertex 0.483222 -8.25081 10
    endloop
  endfacet
  facet normal -0.143096 -0.989709 -0
    outer loop
      vertex 3.50236 -8.68733 10
      vertex 0.483222 -8.25081 8.001
      vertex 3.50236 -8.68733 8.001
    endloop
  endfacet
  facet normal 0.96287 -0.269964 0
    outer loop
      vertex 0.182801 -9.32231 10
      vertex 0.483222 -8.25081 8.001
      vertex 0.483222 -8.25081 10
    endloop
  endfacet
  facet normal 0.96287 -0.269964 0
    outer loop
      vertex 0.483222 -8.25081 8.001
      vertex 0.182801 -9.32231 10
      vertex 0.182801 -9.32231 8.001
    endloop
  endfacet
  facet normal 0.858554 -0.512723 0
    outer loop
      vertex -0.274285 -10.0877 10
      vertex 0.182801 -9.32231 8.001
      vertex 0.182801 -9.32231 10
    endloop
  endfacet
  facet normal 0.858554 -0.512723 0
    outer loop
      vertex 0.182801 -9.32231 8.001
      vertex -0.274285 -10.0877 10
      vertex -0.274285 -10.0877 8.001
    endloop
  endfacet
  facet normal 0.599069 -0.800697 0
    outer loop
      vertex -0.888037 -10.5469 8.001
      vertex -0.274285 -10.0877 10
      vertex -0.888037 -10.5469 10
    endloop
  endfacet
  facet normal 0.599069 -0.800697 0
    outer loop
      vertex -0.274285 -10.0877 10
      vertex -0.888037 -10.5469 8.001
      vertex -0.274285 -10.0877 8.001
    endloop
  endfacet
  facet normal 0.194918 -0.98082 0
    outer loop
      vertex -1.65843 -10.7 8.001
      vertex -0.888037 -10.5469 10
      vertex -1.65843 -10.7 10
    endloop
  endfacet
  facet normal 0.194918 -0.98082 0
    outer loop
      vertex -0.888037 -10.5469 10
      vertex -1.65843 -10.7 8.001
      vertex -0.888037 -10.5469 8.001
    endloop
  endfacet
  facet normal -0.162641 -0.986685 0
    outer loop
      vertex -2.2384 -10.6044 8.001
      vertex -1.65843 -10.7 10
      vertex -2.2384 -10.6044 10
    endloop
  endfacet
  facet normal -0.162641 -0.986685 -0
    outer loop
      vertex -1.65843 -10.7 10
      vertex -2.2384 -10.6044 8.001
      vertex -1.65843 -10.7 8.001
    endloop
  endfacet
  facet normal -0.490154 -0.871636 0
    outer loop
      vertex -2.74788 -10.3179 8.001
      vertex -2.2384 -10.6044 10
      vertex -2.74788 -10.3179 10
    endloop
  endfacet
  facet normal -0.490154 -0.871636 -0
    outer loop
      vertex -2.2384 -10.6044 10
      vertex -2.74788 -10.3179 8.001
      vertex -2.2384 -10.6044 8.001
    endloop
  endfacet
  facet normal -0.73622 -0.676743 0
    outer loop
      vertex -2.74788 -10.3179 8.001
      vertex -3.18685 -9.84035 10
      vertex -3.18685 -9.84035 8.001
    endloop
  endfacet
  facet normal -0.73622 -0.676743 0
    outer loop
      vertex -3.18685 -9.84035 10
      vertex -2.74788 -10.3179 8.001
      vertex -2.74788 -10.3179 10
    endloop
  endfacet
  facet normal -0.875809 -0.482657 0
    outer loop
      vertex -3.18685 -9.84035 8.001
      vertex -3.55532 -9.17174 10
      vertex -3.55532 -9.17174 8.001
    endloop
  endfacet
  facet normal -0.875809 -0.482657 0
    outer loop
      vertex -3.55532 -9.17174 10
      vertex -3.18685 -9.84035 8.001
      vertex -3.18685 -9.84035 10
    endloop
  endfacet
  facet normal -0.94662 -0.32235 0
    outer loop
      vertex -3.55532 -9.17174 8.001
      vertex -3.84689 -8.31551 10
      vertex -3.84689 -8.31551 8.001
    endloop
  endfacet
  facet normal -0.94662 -0.32235 0
    outer loop
      vertex -3.84689 -8.31551 10
      vertex -3.55532 -9.17174 8.001
      vertex -3.55532 -9.17174 10
    endloop
  endfacet
  facet normal -0.98054 -0.196319 0
    outer loop
      vertex -3.84689 -8.31551 8.001
      vertex -4.05516 -7.27528 10
      vertex -4.05516 -7.27528 8.001
    endloop
  endfacet
  facet normal -0.98054 -0.196319 0
    outer loop
      vertex -4.05516 -7.27528 10
      vertex -3.84689 -8.31551 8.001
      vertex -3.84689 -8.31551 10
    endloop
  endfacet
  facet normal -0.994829 -0.101559 0
    outer loop
      vertex -4.05516 -7.27528 8.001
      vertex -4.18013 -6.05113 10
      vertex -4.18013 -6.05113 8.001
    endloop
  endfacet
  facet normal -0.994829 -0.101559 0
    outer loop
      vertex -4.18013 -6.05113 10
      vertex -4.05516 -7.27528 8.001
      vertex -4.05516 -7.27528 10
    endloop
  endfacet
  facet normal -0.999563 -0.0295657 0
    outer loop
      vertex -4.18013 -6.05113 8.001
      vertex -4.22178 -4.64302 10
      vertex -4.22178 -4.64302 8.001
    endloop
  endfacet
  facet normal -0.999563 -0.0295657 0
    outer loop
      vertex -4.22178 -4.64302 10
      vertex -4.18013 -6.05113 8.001
      vertex -4.18013 -6.05113 10
    endloop
  endfacet
  facet normal 0 1 -0
    outer loop
      vertex 3.68464 -4.64302 8.001
      vertex -4.22178 -4.64302 10
      vertex 3.68464 -4.64302 10
    endloop
  endfacet
  facet normal 0 1 0
    outer loop
      vertex -4.22178 -4.64302 10
      vertex 3.68464 -4.64302 8.001
      vertex -4.22178 -4.64302 8.001
    endloop
  endfacet
  facet normal -1 0 0
    outer loop
      vertex 3.68464 -4.64302 8.001
      vertex 3.68464 -4.49126 10
      vertex 3.68464 -4.49126 8.001
    endloop
  endfacet
  facet normal -1 -0 0
    outer loop
      vertex 3.68464 -4.49126 10
      vertex 3.68464 -4.64302 8.001
      vertex 3.68464 -4.64302 10
    endloop
  endfacet
  facet normal -0.999458 -0.0329212 0
    outer loop
      vertex 3.68464 -4.49126 8.001
      vertex 3.59706 -1.83241 10
      vertex 3.59706 -1.83241 8.001
    endloop
  endfacet
  facet normal -0.999458 -0.0329212 0
    outer loop
      vertex 3.59706 -1.83241 10
      vertex 3.68464 -4.49126 8.001
      vertex 3.68464 -4.49126 10
    endloop
  endfacet
  facet normal -0.993639 -0.112615 0
    outer loop
      vertex 3.59706 -1.83241 8.001
      vertex 3.33432 0.485824 10
      vertex 3.33432 0.485824 8.001
    endloop
  endfacet
  facet normal -0.993639 -0.112615 0
    outer loop
      vertex 3.33432 0.485824 10
      vertex 3.59706 -1.83241 8.001
      vertex 3.59706 -1.83241 10
    endloop
  endfacet
  facet normal -0.976351 -0.216192 0
    outer loop
      vertex 3.33432 0.485824 8.001
      vertex 2.89641 2.46348 10
      vertex 2.89641 2.46348 8.001
    endloop
  endfacet
  facet normal -0.976351 -0.216192 0
    outer loop
      vertex 2.89641 2.46348 10
      vertex 3.33432 0.485824 8.001
      vertex 3.33432 0.485824 10
    endloop
  endfacet
  facet normal -0.936487 -0.350703 0
    outer loop
      vertex 2.89641 2.46348 8.001
      vertex 2.28335 4.10054 10
      vertex 2.28335 4.10054 8.001
    endloop
  endfacet
  facet normal -0.936487 -0.350703 0
    outer loop
      vertex 2.28335 4.10054 10
      vertex 2.89641 2.46348 8.001
      vertex 2.89641 2.46348 10
    endloop
  endfacet
  facet normal -0.854867 -0.518848 0
    outer loop
      vertex 2.28335 4.10054 8.001
      vertex 1.50438 5.38399 10
      vertex 1.50438 5.38399 8.001
    endloop
  endfacet
  facet normal -0.854867 -0.518848 0
    outer loop
      vertex 1.50438 5.38399 10
      vertex 2.28335 4.10054 8.001
      vertex 2.28335 4.10054 10
    endloop
  endfacet
  facet normal -0.699848 -0.714292 0
    outer loop
      vertex 0.56875 6.3007 8.001
      vertex 1.50438 5.38399 10
      vertex 0.56875 6.3007 10
    endloop
  endfacet
  facet normal -0.699848 -0.714292 -0
    outer loop
      vertex 1.50438 5.38399 10
      vertex 0.56875 6.3007 8.001
      vertex 1.50438 5.38399 8.001
    endloop
  endfacet
  facet normal -0.449764 -0.893147 0
    outer loop
      vertex -0.523546 6.85075 8.001
      vertex 0.56875 6.3007 10
      vertex -0.523546 6.85075 10
    endloop
  endfacet
  facet normal -0.449764 -0.893147 -0
    outer loop
      vertex 0.56875 6.3007 10
      vertex -0.523546 6.85075 8.001
      vertex 0.56875 6.3007 8.001
    endloop
  endfacet
  facet normal -0.145245 -0.989396 0
    outer loop
      vertex -1.77251 7.0341 8.001
      vertex -0.523546 6.85075 10
      vertex -1.77251 7.0341 10
    endloop
  endfacet
  facet normal -0.145245 -0.989396 -0
    outer loop
      vertex -0.523546 6.85075 10
      vertex -1.77251 7.0341 8.001
      vertex -0.523546 6.85075 8.001
    endloop
  endfacet
  facet normal 0.129281 -0.991608 0
    outer loop
      vertex -3.08334 6.8632 8.001
      vertex -1.77251 7.0341 10
      vertex -3.08334 6.8632 10
    endloop
  endfacet
  facet normal 0.129281 -0.991608 0
    outer loop
      vertex -1.77251 7.0341 10
      vertex -3.08334 6.8632 8.001
      vertex -1.77251 7.0341 8.001
    endloop
  endfacet
  facet normal 0.406352 -0.913717 0
    outer loop
      vertex -4.2361 6.35054 8.001
      vertex -3.08334 6.8632 10
      vertex -4.2361 6.35054 10
    endloop
  endfacet
  facet normal 0.406352 -0.913717 0
    outer loop
      vertex -3.08334 6.8632 10
      vertex -4.2361 6.35054 8.001
      vertex -3.08334 6.8632 8.001
    endloop
  endfacet
  facet normal 0.651596 -0.758567 0
    outer loop
      vertex -5.2308 5.49611 8.001
      vertex -4.2361 6.35054 10
      vertex -5.2308 5.49611 10
    endloop
  endfacet
  facet normal 0.651596 -0.758567 0
    outer loop
      vertex -4.2361 6.35054 10
      vertex -5.2308 5.49611 8.001
      vertex -4.2361 6.35054 8.001
    endloop
  endfacet
  facet normal 0.81946 -0.573136 0
    outer loop
      vertex -6.06743 4.29991 10
      vertex -5.2308 5.49611 8.001
      vertex -5.2308 5.49611 10
    endloop
  endfacet
  facet normal 0.81946 -0.573136 0
    outer loop
      vertex -5.2308 5.49611 8.001
      vertex -6.06743 4.29991 10
      vertex -6.06743 4.29991 8.001
    endloop
  endfacet
  facet normal 0.916065 -0.40103 0
    outer loop
      vertex -6.73033 2.78566 10
      vertex -6.06743 4.29991 8.001
      vertex -6.06743 4.29991 10
    endloop
  endfacet
  facet normal 0.916065 -0.40103 0
    outer loop
      vertex -6.06743 4.29991 8.001
      vertex -6.73033 2.78566 10
      vertex -6.73033 2.78566 8.001
    endloop
  endfacet
  facet normal 0.967394 -0.253277 0
    outer loop
      vertex -7.20382 0.977157 10
      vertex -6.73033 2.78566 8.001
      vertex -6.73033 2.78566 10
    endloop
  endfacet
  facet normal 0.967394 -0.253277 0
    outer loop
      vertex -6.73033 2.78566 8.001
      vertex -7.20382 0.977157 10
      vertex -7.20382 0.977157 8.001
    endloop
  endfacet
  facet normal 0.990996 -0.133893 0
    outer loop
      vertex -7.48793 -1.12566 10
      vertex -7.20382 0.977157 8.001
      vertex -7.20382 0.977157 10
    endloop
  endfacet
  facet normal 0.990996 -0.133893 0
    outer loop
      vertex -7.20382 0.977157 8.001
      vertex -7.48793 -1.12566 10
      vertex -7.48793 -1.12566 8.001
    endloop
  endfacet
  facet normal 0.999221 -0.0394676 0
    outer loop
      vertex -7.58261 -3.52272 10
      vertex -7.48793 -1.12566 8.001
      vertex -7.48793 -1.12566 10
    endloop
  endfacet
  facet normal 0.999221 -0.0394676 0
    outer loop
      vertex -7.48793 -1.12566 8.001
      vertex -7.58261 -3.52272 10
      vertex -7.58261 -3.52272 8.001
    endloop
  endfacet
  facet normal 0.99929 0.0376876 0
    outer loop
      vertex -7.48936 -5.99525 10
      vertex -7.58261 -3.52272 8.001
      vertex -7.58261 -3.52272 10
    endloop
  endfacet
  facet normal 0.99929 0.0376876 0
    outer loop
      vertex -7.58261 -3.52272 8.001
      vertex -7.48936 -5.99525 10
      vertex -7.48936 -5.99525 8.001
    endloop
  endfacet
  facet normal 0.991698 0.128591 0
    outer loop
      vertex -7.20953 -8.15331 10
      vertex -7.48936 -5.99525 8.001
      vertex -7.48936 -5.99525 10
    endloop
  endfacet
  facet normal 0.991698 0.128591 0
    outer loop
      vertex -7.48936 -5.99525 8.001
      vertex -7.20953 -8.15331 10
      vertex -7.20953 -8.15331 8.001
    endloop
  endfacet
  facet normal 0.969463 0.245237 0
    outer loop
      vertex -6.74318 -9.99687 10
      vertex -7.20953 -8.15331 8.001
      vertex -7.20953 -8.15331 10
    endloop
  endfacet
  facet normal 0.969463 0.245237 0
    outer loop
      vertex -7.20953 -8.15331 8.001
      vertex -6.74318 -9.99687 10
      vertex -6.74318 -9.99687 8.001
    endloop
  endfacet
  facet normal 0.919676 0.392678 0
    outer loop
      vertex -6.09028 -11.526 10
      vertex -6.74318 -9.99687 8.001
      vertex -6.74318 -9.99687 10
    endloop
  endfacet
  facet normal 0.919676 0.392678 0
    outer loop
      vertex -6.74318 -9.99687 8.001
      vertex -6.09028 -11.526 10
      vertex -6.09028 -11.526 8.001
    endloop
  endfacet
  facet normal 0.823579 0.567202 0
    outer loop
      vertex -5.26356 -12.7264 10
      vertex -6.09028 -11.526 8.001
      vertex -6.09028 -11.526 10
    endloop
  endfacet
  facet normal 0.823579 0.567202 0
    outer loop
      vertex -6.09028 -11.526 8.001
      vertex -5.26356 -12.7264 10
      vertex -5.26356 -12.7264 8.001
    endloop
  endfacet
  facet normal 0.655577 0.755129 -0
    outer loop
      vertex -4.27596 -13.5838 8.001
      vertex -5.26356 -12.7264 10
      vertex -4.27596 -13.5838 10
    endloop
  endfacet
  facet normal 0.655577 0.755129 0
    outer loop
      vertex -5.26356 -12.7264 10
      vertex -4.27596 -13.5838 8.001
      vertex -5.26356 -12.7264 8.001
    endloop
  endfacet
  facet normal 0.408759 0.912643 -0
    outer loop
      vertex -3.12745 -14.0982 8.001
      vertex -4.27596 -13.5838 10
      vertex -3.12745 -14.0982 10
    endloop
  endfacet
  facet normal 0.408759 0.912643 0
    outer loop
      vertex -4.27596 -13.5838 10
      vertex -3.12745 -14.0982 8.001
      vertex -4.27596 -13.5838 8.001
    endloop
  endfacet
  facet normal 0.129865 0.991532 -0
    outer loop
      vertex -1.81803 -14.2697 8.001
      vertex -3.12745 -14.0982 10
      vertex -1.81803 -14.2697 10
    endloop
  endfacet
  facet normal 0.129865 0.991532 0
    outer loop
      vertex -3.12745 -14.0982 10
      vertex -1.81803 -14.2697 8.001
      vertex -3.12745 -14.0982 8.001
    endloop
  endfacet
  facet normal -0.186659 0.982425 0
    outer loop
      vertex 0.0182991 -13.9208 8.001
      vertex -1.81803 -14.2697 10
      vertex 0.0182991 -13.9208 10
    endloop
  endfacet
  facet normal -0.186659 0.982425 0
    outer loop
      vertex -1.81803 -14.2697 10
      vertex 0.0182991 -13.9208 8.001
      vertex -1.81803 -14.2697 8.001
    endloop
  endfacet
  facet normal -0.998862 0.0476939 0
    outer loop
      vertex -4.1991 -1.30122 8.001
      vertex -4.14601 -0.189346 10
      vertex -4.14601 -0.189346 8.001
    endloop
  endfacet
  facet normal -0.998862 0.0476939 0
    outer loop
      vertex -4.14601 -0.189346 10
      vertex -4.1991 -1.30122 8.001
      vertex -4.1991 -1.30122 10
    endloop
  endfacet
  facet normal -0.991988 0.126335 0
    outer loop
      vertex -4.14601 -0.189346 8.001
      vertex -4.02103 0.792006 10
      vertex -4.02103 0.792006 8.001
    endloop
  endfacet
  facet normal -0.991988 0.126335 0
    outer loop
      vertex -4.02103 0.792006 10
      vertex -4.14601 -0.189346 8.001
      vertex -4.14601 -0.189346 10
    endloop
  endfacet
  facet normal -0.974247 0.225483 0
    outer loop
      vertex -4.02103 0.792006 8.001
      vertex -3.82411 1.64284 10
      vertex -3.82411 1.64284 8.001
    endloop
  endfacet
  facet normal -0.974247 0.225483 0
    outer loop
      vertex -3.82411 1.64284 10
      vertex -4.02103 0.792006 8.001
      vertex -4.02103 0.792006 10
    endloop
  endfacet
  facet normal -0.936893 0.349615 0
    outer loop
      vertex -3.82411 1.64284 8.001
      vertex -3.55532 2.36314 10
      vertex -3.55532 2.36314 8.001
    endloop
  endfacet
  facet normal -0.936893 0.349615 0
    outer loop
      vertex -3.55532 2.36314 10
      vertex -3.82411 1.64284 8.001
      vertex -3.82411 1.64284 10
    endloop
  endfacet
  facet normal -0.862001 0.506907 0
    outer loop
      vertex -3.55532 2.36314 8.001
      vertex -3.21818 2.93645 10
      vertex -3.21818 2.93645 8.001
    endloop
  endfacet
  facet normal -0.862001 0.506907 0
    outer loop
      vertex -3.21818 2.93645 10
      vertex -3.55532 2.36314 8.001
      vertex -3.55532 2.36314 10
    endloop
  endfacet
  facet normal -0.713655 0.700497 0
    outer loop
      vertex -3.21818 2.93645 8.001
      vertex -2.81625 3.34593 10
      vertex -2.81625 3.34593 8.001
    endloop
  endfacet
  facet normal -0.713655 0.700497 0
    outer loop
      vertex -2.81625 3.34593 10
      vertex -3.21818 2.93645 8.001
      vertex -3.21818 2.93645 10
    endloop
  endfacet
  facet normal -0.465877 0.88485 0
    outer loop
      vertex -2.34953 3.59166 8.001
      vertex -2.81625 3.34593 10
      vertex -2.34953 3.59166 10
    endloop
  endfacet
  facet normal -0.465877 0.88485 0
    outer loop
      vertex -2.81625 3.34593 10
      vertex -2.34953 3.59166 8.001
      vertex -2.81625 3.34593 8.001
    endloop
  endfacet
  facet normal -0.152258 0.988341 0
    outer loop
      vertex -1.81803 3.67354 8.001
      vertex -2.34953 3.59166 10
      vertex -1.81803 3.67354 10
    endloop
  endfacet
  facet normal -0.152258 0.988341 0
    outer loop
      vertex -2.34953 3.59166 10
      vertex -1.81803 3.67354 8.001
      vertex -2.34953 3.59166 8.001
    endloop
  endfacet
  facet normal 0.152803 0.988257 -0
    outer loop
      vertex -1.31531 3.59581 8.001
      vertex -1.81803 3.67354 10
      vertex -1.31531 3.59581 10
    endloop
  endfacet
  facet normal 0.152803 0.988257 0
    outer loop
      vertex -1.81803 3.67354 10
      vertex -1.31531 3.59581 8.001
      vertex -1.81803 3.67354 8.001
    endloop
  endfacet
  facet normal 0.461297 0.887246 -0
    outer loop
      vertex -0.866741 3.36259 8.001
      vertex -1.31531 3.59581 10
      vertex -0.866741 3.36259 10
    endloop
  endfacet
  facet normal 0.461297 0.887246 0
    outer loop
      vertex -1.31531 3.59581 10
      vertex -0.866741 3.36259 8.001
      vertex -1.31531 3.59581 8.001
    endloop
  endfacet
  facet normal 0.701873 0.712302 -0
    outer loop
      vertex -0.472296 2.97392 8.001
      vertex -0.866741 3.36259 10
      vertex -0.472296 2.97392 10
    endloop
  endfacet
  facet normal 0.701873 0.712302 0
    outer loop
      vertex -0.866741 3.36259 10
      vertex -0.472296 2.97392 8.001
      vertex -0.866741 3.36259 8.001
    endloop
  endfacet
  facet normal 0.847844 0.530246 0
    outer loop
      vertex -0.131994 2.42979 10
      vertex -0.472296 2.97392 8.001
      vertex -0.472296 2.97392 10
    endloop
  endfacet
  facet normal 0.847844 0.530246 0
    outer loop
      vertex -0.472296 2.97392 8.001
      vertex -0.131994 2.42979 10
      vertex -0.131994 2.42979 8.001
    endloop
  endfacet
  facet normal 0.92847 0.371407 0
    outer loop
      vertex 0.147864 1.73018 10
      vertex -0.131994 2.42979 8.001
      vertex -0.131994 2.42979 10
    endloop
  endfacet
  facet normal 0.92847 0.371407 0
    outer loop
      vertex -0.131994 2.42979 8.001
      vertex 0.147864 1.73018 10
      vertex 0.147864 1.73018 8.001
    endloop
  endfacet
  facet normal 0.970361 0.24166 0
    outer loop
      vertex 0.360798 0.875167 10
      vertex 0.147864 1.73018 8.001
      vertex 0.147864 1.73018 10
    endloop
  endfacet
  facet normal 0.970361 0.24166 0
    outer loop
      vertex 0.147864 1.73018 8.001
      vertex 0.360798 0.875167 10
      vertex 0.360798 0.875167 8.001
    endloop
  endfacet
  facet normal 0.989721 0.14301 0
    outer loop
      vertex 0.506806 -0.1353 10
      vertex 0.360798 0.875167 8.001
      vertex 0.360798 0.875167 10
    endloop
  endfacet
  facet normal 0.989721 0.14301 0
    outer loop
      vertex 0.360798 0.875167 8.001
      vertex 0.506806 -0.1353 10
      vertex 0.506806 -0.1353 8.001
    endloop
  endfacet
  facet normal 0.997709 0.067658 0
    outer loop
      vertex 0.585871 -1.30122 10
      vertex 0.506806 -0.1353 8.001
      vertex 0.506806 -0.1353 10
    endloop
  endfacet
  facet normal 0.997709 0.067658 0
    outer loop
      vertex 0.506806 -0.1353 8.001
      vertex 0.585871 -1.30122 10
      vertex 0.585871 -1.30122 8.001
    endloop
  endfacet
  facet normal 0 -1 0
    outer loop
      vertex -4.1991 -1.30122 8.001
      vertex 0.585871 -1.30122 10
      vertex -4.1991 -1.30122 10
    endloop
  endfacet
  facet normal 0 -1 -0
    outer loop
      vertex 0.585871 -1.30122 10
      vertex -4.1991 -1.30122 8.001
      vertex 0.585871 -1.30122 8.001
    endloop
  endfacet
  facet normal -0.572559 0.819864 0
    outer loop
      vertex 61.0313 -12.8741 8.001
      vertex 59.5325 -13.9208 10
      vertex 61.0313 -12.8741 10
    endloop
  endfacet
  facet normal -0.572559 0.819864 0
    outer loop
      vertex 59.5325 -13.9208 10
      vertex 61.0313 -12.8741 8.001
      vertex 59.5325 -13.9208 8.001
    endloop
  endfacet
  facet normal -0.832402 0.554172 0
    outer loop
      vertex 61.0313 -12.8741 8.001
      vertex 62.1927 -11.1296 10
      vertex 62.1927 -11.1296 8.001
    endloop
  endfacet
  facet normal -0.832402 0.554172 0
    outer loop
      vertex 62.1927 -11.1296 10
      vertex 61.0313 -12.8741 8.001
      vertex 61.0313 -12.8741 10
    endloop
  endfacet
  facet normal -0.947547 0.319616 0
    outer loop
      vertex 62.1927 -11.1296 8.001
      vertex 63.0165 -8.68733 10
      vertex 63.0165 -8.68733 8.001
    endloop
  endfacet
  facet normal -0.947547 0.319616 0
    outer loop
      vertex 63.0165 -8.68733 10
      vertex 62.1927 -11.1296 8.001
      vertex 62.1927 -11.1296 10
    endloop
  endfacet
  facet normal -0.143098 -0.989709 0
    outer loop
      vertex 59.9974 -8.25081 8.001
      vertex 63.0165 -8.68733 10
      vertex 59.9974 -8.25081 10
    endloop
  endfacet
  facet normal -0.143098 -0.989709 -0
    outer loop
      vertex 63.0165 -8.68733 10
      vertex 59.9974 -8.25081 8.001
      vertex 63.0165 -8.68733 8.001
    endloop
  endfacet
  facet normal 0.962875 -0.269947 0
    outer loop
      vertex 59.697 -9.32231 10
      vertex 59.9974 -8.25081 8.001
      vertex 59.9974 -8.25081 10
    endloop
  endfacet
  facet normal 0.962875 -0.269947 0
    outer loop
      vertex 59.9974 -8.25081 8.001
      vertex 59.697 -9.32231 10
      vertex 59.697 -9.32231 8.001
    endloop
  endfacet
  facet normal 0.858547 -0.512735 0
    outer loop
      vertex 59.2399 -10.0877 10
      vertex 59.697 -9.32231 8.001
      vertex 59.697 -9.32231 10
    endloop
  endfacet
  facet normal 0.858547 -0.512735 0
    outer loop
      vertex 59.697 -9.32231 8.001
      vertex 59.2399 -10.0877 10
      vertex 59.2399 -10.0877 8.001
    endloop
  endfacet
  facet normal 0.599039 -0.80072 0
    outer loop
      vertex 58.6261 -10.5469 8.001
      vertex 59.2399 -10.0877 10
      vertex 58.6261 -10.5469 10
    endloop
  endfacet
  facet normal 0.599039 -0.80072 0
    outer loop
      vertex 59.2399 -10.0877 10
      vertex 58.6261 -10.5469 8.001
      vertex 59.2399 -10.0877 8.001
    endloop
  endfacet
  facet normal 0.194916 -0.98082 0
    outer loop
      vertex 57.8557 -10.7 8.001
      vertex 58.6261 -10.5469 10
      vertex 57.8557 -10.7 10
    endloop
  endfacet
  facet normal 0.194916 -0.98082 0
    outer loop
      vertex 58.6261 -10.5469 10
      vertex 57.8557 -10.7 8.001
      vertex 58.6261 -10.5469 8.001
    endloop
  endfacet
  facet normal -0.16266 -0.986682 0
    outer loop
      vertex 57.2758 -10.6044 8.001
      vertex 57.8557 -10.7 10
      vertex 57.2758 -10.6044 10
    endloop
  endfacet
  facet normal -0.16266 -0.986682 -0
    outer loop
      vertex 57.8557 -10.7 10
      vertex 57.2758 -10.6044 8.001
      vertex 57.8557 -10.7 8.001
    endloop
  endfacet
  facet normal -0.490139 -0.871644 0
    outer loop
      vertex 56.7663 -10.3179 8.001
      vertex 57.2758 -10.6044 10
      vertex 56.7663 -10.3179 10
    endloop
  endfacet
  facet normal -0.490139 -0.871644 -0
    outer loop
      vertex 57.2758 -10.6044 10
      vertex 56.7663 -10.3179 8.001
      vertex 57.2758 -10.6044 8.001
    endloop
  endfacet
  facet normal -0.736197 -0.676768 0
    outer loop
      vertex 56.7663 -10.3179 8.001
      vertex 56.3273 -9.84035 10
      vertex 56.3273 -9.84035 8.001
    endloop
  endfacet
  facet normal -0.736197 -0.676768 0
    outer loop
      vertex 56.3273 -9.84035 10
      vertex 56.7663 -10.3179 8.001
      vertex 56.7663 -10.3179 10
    endloop
  endfacet
  facet normal -0.875848 -0.482587 0
    outer loop
      vertex 56.3273 -9.84035 8.001
      vertex 55.9589 -9.17174 10
      vertex 55.9589 -9.17174 8.001
    endloop
  endfacet
  facet normal -0.875848 -0.482587 0
    outer loop
      vertex 55.9589 -9.17174 10
      vertex 56.3273 -9.84035 8.001
      vertex 56.3273 -9.84035 10
    endloop
  endfacet
  facet normal -0.94661 -0.32238 0
    outer loop
      vertex 55.9589 -9.17174 8.001
      vertex 55.6673 -8.31551 10
      vertex 55.6673 -8.31551 8.001
    endloop
  endfacet
  facet normal -0.94661 -0.32238 0
    outer loop
      vertex 55.6673 -8.31551 10
      vertex 55.9589 -9.17174 8.001
      vertex 55.9589 -9.17174 10
    endloop
  endfacet
  facet normal -0.980535 -0.196346 0
    outer loop
      vertex 55.6673 -8.31551 8.001
      vertex 55.459 -7.27528 10
      vertex 55.459 -7.27528 8.001
    endloop
  endfacet
  facet normal -0.980535 -0.196346 0
    outer loop
      vertex 55.459 -7.27528 10
      vertex 55.6673 -8.31551 8.001
      vertex 55.6673 -8.31551 10
    endloop
  endfacet
  facet normal -0.994827 -0.101583 0
    outer loop
      vertex 55.459 -7.27528 8.001
      vertex 55.334 -6.05113 10
      vertex 55.334 -6.05113 8.001
    endloop
  endfacet
  facet normal -0.994827 -0.101583 0
    outer loop
      vertex 55.334 -6.05113 10
      vertex 55.459 -7.27528 8.001
      vertex 55.459 -7.27528 10
    endloop
  endfacet
  facet normal -0.999564 -0.0295303 0
    outer loop
      vertex 55.334 -6.05113 8.001
      vertex 55.2924 -4.64302 10
      vertex 55.2924 -4.64302 8.001
    endloop
  endfacet
  facet normal -0.999564 -0.0295303 0
    outer loop
      vertex 55.2924 -4.64302 10
      vertex 55.334 -6.05113 8.001
      vertex 55.334 -6.05113 10
    endloop
  endfacet
  facet normal 0 1 -0
    outer loop
      vertex 63.1988 -4.64302 8.001
      vertex 55.2924 -4.64302 10
      vertex 63.1988 -4.64302 10
    endloop
  endfacet
  facet normal 0 1 0
    outer loop
      vertex 55.2924 -4.64302 10
      vertex 63.1988 -4.64302 8.001
      vertex 55.2924 -4.64302 8.001
    endloop
  endfacet
  facet normal -1 0 0
    outer loop
      vertex 63.1988 -4.64302 8.001
      vertex 63.1988 -4.49126 10
      vertex 63.1988 -4.49126 8.001
    endloop
  endfacet
  facet normal -1 -0 0
    outer loop
      vertex 63.1988 -4.49126 10
      vertex 63.1988 -4.64302 8.001
      vertex 63.1988 -4.64302 10
    endloop
  endfacet
  facet normal -0.999458 -0.0329287 0
    outer loop
      vertex 63.1988 -4.49126 8.001
      vertex 63.1112 -1.83241 10
      vertex 63.1112 -1.83241 8.001
    endloop
  endfacet
  facet normal -0.999458 -0.0329287 0
    outer loop
      vertex 63.1112 -1.83241 10
      vertex 63.1988 -4.49126 8.001
      vertex 63.1988 -4.49126 10
    endloop
  endfacet
  facet normal -0.993641 -0.112598 0
    outer loop
      vertex 63.1112 -1.83241 8.001
      vertex 62.8485 0.485824 10
      vertex 62.8485 0.485824 8.001
    endloop
  endfacet
  facet normal -0.993641 -0.112598 0
    outer loop
      vertex 62.8485 0.485824 10
      vertex 63.1112 -1.83241 8.001
      vertex 63.1112 -1.83241 10
    endloop
  endfacet
  facet normal -0.976352 -0.216187 0
    outer loop
      vertex 62.8485 0.485824 8.001
      vertex 62.4106 2.46348 10
      vertex 62.4106 2.46348 8.001
    endloop
  endfacet
  facet normal -0.976352 -0.216187 0
    outer loop
      vertex 62.4106 2.46348 10
      vertex 62.8485 0.485824 8.001
      vertex 62.8485 0.485824 10
    endloop
  endfacet
  facet normal -0.936479 -0.350723 0
    outer loop
      vertex 62.4106 2.46348 8.001
      vertex 61.7975 4.10054 10
      vertex 61.7975 4.10054 8.001
    endloop
  endfacet
  facet normal -0.936479 -0.350723 0
    outer loop
      vertex 61.7975 4.10054 10
      vertex 62.4106 2.46348 8.001
      vertex 62.4106 2.46348 10
    endloop
  endfacet
  facet normal -0.854858 -0.518863 0
    outer loop
      vertex 61.7975 4.10054 8.001
      vertex 61.0185 5.38399 10
      vertex 61.0185 5.38399 8.001
    endloop
  endfacet
  facet normal -0.854858 -0.518863 0
    outer loop
      vertex 61.0185 5.38399 10
      vertex 61.7975 4.10054 8.001
      vertex 61.7975 4.10054 10
    endloop
  endfacet
  facet normal -0.699859 -0.714281 0
    outer loop
      vertex 60.0829 6.3007 8.001
      vertex 61.0185 5.38399 10
      vertex 60.0829 6.3007 10
    endloop
  endfacet
  facet normal -0.699859 -0.714281 -0
    outer loop
      vertex 61.0185 5.38399 10
      vertex 60.0829 6.3007 8.001
      vertex 61.0185 5.38399 8.001
    endloop
  endfacet
  facet normal -0.449763 -0.893148 0
    outer loop
      vertex 58.9906 6.85075 8.001
      vertex 60.0829 6.3007 10
      vertex 58.9906 6.85075 10
    endloop
  endfacet
  facet normal -0.449763 -0.893148 -0
    outer loop
      vertex 60.0829 6.3007 10
      vertex 58.9906 6.85075 8.001
      vertex 60.0829 6.3007 8.001
    endloop
  endfacet
  facet normal -0.145252 -0.989395 0
    outer loop
      vertex 57.7417 7.0341 8.001
      vertex 58.9906 6.85075 10
      vertex 57.7417 7.0341 10
    endloop
  endfacet
  facet normal -0.145252 -0.989395 -0
    outer loop
      vertex 58.9906 6.85075 10
      vertex 57.7417 7.0341 8.001
      vertex 58.9906 6.85075 8.001
    endloop
  endfacet
  facet normal 0.129275 -0.991609 0
    outer loop
      vertex 56.4308 6.8632 8.001
      vertex 57.7417 7.0341 10
      vertex 56.4308 6.8632 10
    endloop
  endfacet
  facet normal 0.129275 -0.991609 0
    outer loop
      vertex 57.7417 7.0341 10
      vertex 56.4308 6.8632 8.001
      vertex 57.7417 7.0341 8.001
    endloop
  endfacet
  facet normal 0.406369 -0.913709 0
    outer loop
      vertex 55.2781 6.35054 8.001
      vertex 56.4308 6.8632 10
      vertex 55.2781 6.35054 10
    endloop
  endfacet
  facet normal 0.406369 -0.913709 0
    outer loop
      vertex 56.4308 6.8632 10
      vertex 55.2781 6.35054 8.001
      vertex 56.4308 6.8632 8.001
    endloop
  endfacet
  facet normal 0.651596 -0.758567 0
    outer loop
      vertex 54.2834 5.49611 8.001
      vertex 55.2781 6.35054 10
      vertex 54.2834 5.49611 10
    endloop
  endfacet
  facet normal 0.651596 -0.758567 0
    outer loop
      vertex 55.2781 6.35054 10
      vertex 54.2834 5.49611 8.001
      vertex 55.2781 6.35054 8.001
    endloop
  endfacet
  facet normal 0.819438 -0.573168 0
    outer loop
      vertex 53.4467 4.29991 10
      vertex 54.2834 5.49611 8.001
      vertex 54.2834 5.49611 10
    endloop
  endfacet
  facet normal 0.819438 -0.573168 0
    outer loop
      vertex 54.2834 5.49611 8.001
      vertex 53.4467 4.29991 10
      vertex 53.4467 4.29991 8.001
    endloop
  endfacet
  facet normal 0.916065 -0.40103 0
    outer loop
      vertex 52.7838 2.78566 10
      vertex 53.4467 4.29991 8.001
      vertex 53.4467 4.29991 10
    endloop
  endfacet
  facet normal 0.916065 -0.40103 0
    outer loop
      vertex 53.4467 4.29991 8.001
      vertex 52.7838 2.78566 10
      vertex 52.7838 2.78566 8.001
    endloop
  endfacet
  facet normal 0.967393 -0.253282 0
    outer loop
      vertex 52.3103 0.977157 10
      vertex 52.7838 2.78566 8.001
      vertex 52.7838 2.78566 10
    endloop
  endfacet
  facet normal 0.967393 -0.253282 0
    outer loop
      vertex 52.7838 2.78566 8.001
      vertex 52.3103 0.977157 10
      vertex 52.3103 0.977157 8.001
    endloop
  endfacet
  facet normal 0.990996 -0.133888 0
    outer loop
      vertex 52.0262 -1.12566 10
      vertex 52.3103 0.977157 8.001
      vertex 52.3103 0.977157 10
    endloop
  endfacet
  facet normal 0.990996 -0.133888 0
    outer loop
      vertex 52.3103 0.977157 8.001
      vertex 52.0262 -1.12566 10
      vertex 52.0262 -1.12566 8.001
    endloop
  endfacet
  facet normal 0.999221 -0.0394759 0
    outer loop
      vertex 51.9315 -3.52272 10
      vertex 52.0262 -1.12566 8.001
      vertex 52.0262 -1.12566 10
    endloop
  endfacet
  facet normal 0.999221 -0.0394759 0
    outer loop
      vertex 52.0262 -1.12566 8.001
      vertex 51.9315 -3.52272 10
      vertex 51.9315 -3.52272 8.001
    endloop
  endfacet
  facet normal 0.999289 0.0377078 0
    outer loop
      vertex 52.0248 -5.99525 10
      vertex 51.9315 -3.52272 8.001
      vertex 51.9315 -3.52272 10
    endloop
  endfacet
  facet normal 0.999289 0.0377078 0
    outer loop
      vertex 51.9315 -3.52272 8.001
      vertex 52.0248 -5.99525 10
      vertex 52.0248 -5.99525 8.001
    endloop
  endfacet
  facet normal 0.991699 0.128577 0
    outer loop
      vertex 52.3046 -8.15331 10
      vertex 52.0248 -5.99525 8.001
      vertex 52.0248 -5.99525 10
    endloop
  endfacet
  facet normal 0.991699 0.128577 0
    outer loop
      vertex 52.0248 -5.99525 8.001
      vertex 52.3046 -8.15331 10
      vertex 52.3046 -8.15331 8.001
    endloop
  endfacet
  facet normal 0.969457 0.245262 0
    outer loop
      vertex 52.771 -9.99687 10
      vertex 52.3046 -8.15331 8.001
      vertex 52.3046 -8.15331 10
    endloop
  endfacet
  facet normal 0.969457 0.245262 0
    outer loop
      vertex 52.3046 -8.15331 8.001
      vertex 52.771 -9.99687 10
      vertex 52.771 -9.99687 8.001
    endloop
  endfacet
  facet normal 0.919676 0.392678 0
    outer loop
      vertex 53.4239 -11.526 10
      vertex 52.771 -9.99687 8.001
      vertex 52.771 -9.99687 10
    endloop
  endfacet
  facet normal 0.919676 0.392678 0
    outer loop
      vertex 52.771 -9.99687 8.001
      vertex 53.4239 -11.526 10
      vertex 53.4239 -11.526 8.001
    endloop
  endfacet
  facet normal 0.823585 0.567193 0
    outer loop
      vertex 54.2506 -12.7264 10
      vertex 53.4239 -11.526 8.001
      vertex 53.4239 -11.526 10
    endloop
  endfacet
  facet normal 0.823585 0.567193 0
    outer loop
      vertex 53.4239 -11.526 8.001
      vertex 54.2506 -12.7264 10
      vertex 54.2506 -12.7264 8.001
    endloop
  endfacet
  facet normal 0.655577 0.755129 -0
    outer loop
      vertex 55.2382 -13.5838 8.001
      vertex 54.2506 -12.7264 10
      vertex 55.2382 -13.5838 10
    endloop
  endfacet
  facet normal 0.655577 0.755129 0
    outer loop
      vertex 54.2506 -12.7264 10
      vertex 55.2382 -13.5838 8.001
      vertex 54.2506 -12.7264 8.001
    endloop
  endfacet
  facet normal 0.408762 0.912641 -0
    outer loop
      vertex 56.3867 -14.0982 8.001
      vertex 55.2382 -13.5838 10
      vertex 56.3867 -14.0982 10
    endloop
  endfacet
  facet normal 0.408762 0.912641 0
    outer loop
      vertex 55.2382 -13.5838 10
      vertex 56.3867 -14.0982 8.001
      vertex 55.2382 -13.5838 8.001
    endloop
  endfacet
  facet normal 0.129867 0.991531 -0
    outer loop
      vertex 57.6961 -14.2697 8.001
      vertex 56.3867 -14.0982 10
      vertex 57.6961 -14.2697 10
    endloop
  endfacet
  facet normal 0.129867 0.991531 0
    outer loop
      vertex 56.3867 -14.0982 10
      vertex 57.6961 -14.2697 8.001
      vertex 56.3867 -14.0982 8.001
    endloop
  endfacet
  facet normal -0.186652 0.982426 0
    outer loop
      vertex 59.5325 -13.9208 8.001
      vertex 57.6961 -14.2697 10
      vertex 59.5325 -13.9208 10
    endloop
  endfacet
  facet normal -0.186652 0.982426 0
    outer loop
      vertex 57.6961 -14.2697 10
      vertex 59.5325 -13.9208 8.001
      vertex 57.6961 -14.2697 8.001
    endloop
  endfacet
  facet normal -0.998862 0.0477028 0
    outer loop
      vertex 55.3151 -1.30122 8.001
      vertex 55.3682 -0.189346 10
      vertex 55.3682 -0.189346 8.001
    endloop
  endfacet
  facet normal -0.998862 0.0477028 0
    outer loop
      vertex 55.3682 -0.189346 10
      vertex 55.3151 -1.30122 8.001
      vertex 55.3151 -1.30122 10
    endloop
  endfacet
  facet normal -0.991998 0.126255 0
    outer loop
      vertex 55.3682 -0.189346 8.001
      vertex 55.4931 0.792006 10
      vertex 55.4931 0.792006 8.001
    endloop
  endfacet
  facet normal -0.991998 0.126255 0
    outer loop
      vertex 55.4931 0.792006 10
      vertex 55.3682 -0.189346 8.001
      vertex 55.3682 -0.189346 10
    endloop
  endfacet
  facet normal -0.974252 0.225461 0
    outer loop
      vertex 55.4931 0.792006 8.001
      vertex 55.69 1.64284 10
      vertex 55.69 1.64284 8.001
    endloop
  endfacet
  facet normal -0.974252 0.225461 0
    outer loop
      vertex 55.69 1.64284 10
      vertex 55.4931 0.792006 8.001
      vertex 55.4931 0.792006 10
    endloop
  endfacet
  facet normal -0.936847 0.34974 0
    outer loop
      vertex 55.69 1.64284 8.001
      vertex 55.9589 2.36314 10
      vertex 55.9589 2.36314 8.001
    endloop
  endfacet
  facet normal -0.936847 0.34974 0
    outer loop
      vertex 55.9589 2.36314 10
      vertex 55.69 1.64284 8.001
      vertex 55.69 1.64284 10
    endloop
  endfacet
  facet normal -0.862027 0.506862 0
    outer loop
      vertex 55.9589 2.36314 8.001
      vertex 56.296 2.93645 10
      vertex 56.296 2.93645 8.001
    endloop
  endfacet
  facet normal -0.862027 0.506862 0
    outer loop
      vertex 56.296 2.93645 10
      vertex 55.9589 2.36314 8.001
      vertex 55.9589 2.36314 10
    endloop
  endfacet
  facet normal -0.713682 0.70047 0
    outer loop
      vertex 56.296 2.93645 8.001
      vertex 56.6979 3.34593 10
      vertex 56.6979 3.34593 8.001
    endloop
  endfacet
  facet normal -0.713682 0.70047 0
    outer loop
      vertex 56.6979 3.34593 10
      vertex 56.296 2.93645 8.001
      vertex 56.296 2.93645 10
    endloop
  endfacet
  facet normal -0.465893 0.884841 0
    outer loop
      vertex 57.1646 3.59166 8.001
      vertex 56.6979 3.34593 10
      vertex 57.1646 3.59166 10
    endloop
  endfacet
  facet normal -0.465893 0.884841 0
    outer loop
      vertex 56.6979 3.34593 10
      vertex 57.1646 3.59166 8.001
      vertex 56.6979 3.34593 8.001
    endloop
  endfacet
  facet normal -0.152258 0.988341 0
    outer loop
      vertex 57.6961 3.67354 8.001
      vertex 57.1646 3.59166 10
      vertex 57.6961 3.67354 10
    endloop
  endfacet
  facet normal -0.152258 0.988341 0
    outer loop
      vertex 57.1646 3.59166 10
      vertex 57.6961 3.67354 8.001
      vertex 57.1646 3.59166 8.001
    endloop
  endfacet
  facet normal 0.152779 0.98826 -0
    outer loop
      vertex 58.1989 3.59581 8.001
      vertex 57.6961 3.67354 10
      vertex 58.1989 3.59581 10
    endloop
  endfacet
  facet normal 0.152779 0.98826 0
    outer loop
      vertex 57.6961 3.67354 10
      vertex 58.1989 3.59581 8.001
      vertex 57.6961 3.67354 8.001
    endloop
  endfacet
  facet normal 0.461353 0.887217 -0
    outer loop
      vertex 58.6474 3.36259 8.001
      vertex 58.1989 3.59581 10
      vertex 58.6474 3.36259 10
    endloop
  endfacet
  facet normal 0.461353 0.887217 0
    outer loop
      vertex 58.1989 3.59581 10
      vertex 58.6474 3.36259 8.001
      vertex 58.1989 3.59581 8.001
    endloop
  endfacet
  facet normal 0.701824 0.712351 -0
    outer loop
      vertex 59.0419 2.97392 8.001
      vertex 58.6474 3.36259 10
      vertex 59.0419 2.97392 10
    endloop
  endfacet
  facet normal 0.701824 0.712351 0
    outer loop
      vertex 58.6474 3.36259 10
      vertex 59.0419 2.97392 8.001
      vertex 58.6474 3.36259 8.001
    endloop
  endfacet
  facet normal 0.847845 0.530244 0
    outer loop
      vertex 59.3822 2.42979 10
      vertex 59.0419 2.97392 8.001
      vertex 59.0419 2.97392 10
    endloop
  endfacet
  facet normal 0.847845 0.530244 0
    outer loop
      vertex 59.0419 2.97392 8.001
      vertex 59.3822 2.42979 10
      vertex 59.3822 2.42979 8.001
    endloop
  endfacet
  facet normal 0.928497 0.37134 0
    outer loop
      vertex 59.662 1.73018 10
      vertex 59.3822 2.42979 8.001
      vertex 59.3822 2.42979 10
    endloop
  endfacet
  facet normal 0.928497 0.37134 0
    outer loop
      vertex 59.3822 2.42979 8.001
      vertex 59.662 1.73018 10
      vertex 59.662 1.73018 8.001
    endloop
  endfacet
  facet normal 0.970343 0.241731 0
    outer loop
      vertex 59.875 0.875167 10
      vertex 59.662 1.73018 8.001
      vertex 59.662 1.73018 10
    endloop
  endfacet
  facet normal 0.970343 0.241731 0
    outer loop
      vertex 59.662 1.73018 8.001
      vertex 59.875 0.875167 10
      vertex 59.875 0.875167 8.001
    endloop
  endfacet
  facet normal 0.989722 0.143003 0
    outer loop
      vertex 60.021 -0.1353 10
      vertex 59.875 0.875167 8.001
      vertex 59.875 0.875167 10
    endloop
  endfacet
  facet normal 0.989722 0.143003 0
    outer loop
      vertex 59.875 0.875167 8.001
      vertex 60.021 -0.1353 10
      vertex 60.021 -0.1353 8.001
    endloop
  endfacet
  facet normal 0.997712 0.0676026 0
    outer loop
      vertex 60.1 -1.30122 10
      vertex 60.021 -0.1353 8.001
      vertex 60.021 -0.1353 10
    endloop
  endfacet
  facet normal 0.997712 0.0676026 0
    outer loop
      vertex 60.021 -0.1353 8.001
      vertex 60.1 -1.30122 10
      vertex 60.1 -1.30122 8.001
    endloop
  endfacet
  facet normal 0 -1 0
    outer loop
      vertex 55.3151 -1.30122 8.001
      vertex 60.1 -1.30122 10
      vertex 55.3151 -1.30122 10
    endloop
  endfacet
  facet normal 0 -1 -0
    outer loop
      vertex 60.1 -1.30122 10
      vertex 55.3151 -1.30122 8.001
      vertex 60.1 -1.30122 8.001
    endloop
  endfacet
  facet normal 0 -1 0
    outer loop
      vertex 46.3184 6.65443 8.001
      vertex 49.5198 6.65443 10
      vertex 46.3184 6.65443 10
    endloop
  endfacet
  facet normal 0 -1 -0
    outer loop
      vertex 49.5198 6.65443 10
      vertex 46.3184 6.65443 8.001
      vertex 49.5198 6.65443 8.001
    endloop
  endfacet
  facet normal 1 -0 0
    outer loop
      vertex 46.3184 -13.89 10
      vertex 46.3184 6.65443 8.001
      vertex 46.3184 6.65443 10
    endloop
  endfacet
  facet normal 1 0 0
    outer loop
      vertex 46.3184 6.65443 8.001
      vertex 46.3184 -13.89 10
      vertex 46.3184 -13.89 8.001
    endloop
  endfacet
  facet normal 0 1 -0
    outer loop
      vertex 49.5198 -13.89 8.001
      vertex 46.3184 -13.89 10
      vertex 49.5198 -13.89 10
    endloop
  endfacet
  facet normal 0 1 0
    outer loop
      vertex 46.3184 -13.89 10
      vertex 49.5198 -13.89 8.001
      vertex 46.3184 -13.89 8.001
    endloop
  endfacet
  facet normal -1 0 0
    outer loop
      vertex 49.5198 -13.89 8.001
      vertex 49.5198 6.65443 10
      vertex 49.5198 6.65443 8.001
    endloop
  endfacet
  facet normal -1 -0 0
    outer loop
      vertex 49.5198 6.65443 10
      vertex 49.5198 -13.89 8.001
      vertex 49.5198 -13.89 10
    endloop
  endfacet
endsolid OpenSCAD_Model
