solid OpenSCAD_Model
  facet normal 0 0 -1
    outer loop
      vertex 33.3184 14.2875 -2
      vertex 36.5198 14.2875 -2
      vertex 36.5198 10.3571 -2
    endloop
  endfacet
  facet normal 0 0 -1
    outer loop
      vertex 39.0248 -5.99525 -2
      vertex 38.9315 -3.52272 -2
      vertex 42.2924 -4.64302 -2
    endloop
  endfacet
  facet normal 0 0 -1
    outer loop
      vertex 33.3184 14.2875 -2
      vertex 36.5198 10.3571 -2
      vertex 33.3184 10.3571 -2
    endloop
  endfacet
  facet normal 0 0 -1
    outer loop
      vertex 59.2771 -6.81722 -2
      vertex 60.8585 -2.79475 -2
      vertex 61.2253 -3.14305 -2
    endloop
  endfacet
  facet normal 0 -0 -1
    outer loop
      vertex 55.189 0.264572 -2
      vertex 55.3809 -0.0196692 -2
      vertex 53.495 -3.76491 -2
    endloop
  endfacet
  facet normal -0 -0 -1
    outer loop
      vertex 30.189 14.2875 -2
      vertex 30.189 -13.89 -2
      vertex 26.9876 14.2875 -2
    endloop
  endfacet
  facet normal 0 0 -1
    outer loop
      vertex 26.9876 14.2875 -2
      vertex 30.189 -13.89 -2
      vertex 26.9876 -13.89 -2
    endloop
  endfacet
  facet normal 0 0 -1
    outer loop
      vertex 19.4805 3.22603 -2
      vertex 18.8789 3.33168 -2
      vertex 18.8932 6.78728 -2
    endloop
  endfacet
  facet normal -0 0 -1
    outer loop
      vertex 23.5099 -11.4501 -2
      vertex 22.8317 -12.6837 -2
      vertex 20.7615 -8.8535 -2
    endloop
  endfacet
  facet normal -0 0 -1
    outer loop
      vertex 24.0457 -9.89848 -2
      vertex 23.5099 -11.4501 -2
      vertex 20.7615 -8.8535 -2
    endloop
  endfacet
  facet normal 0 0 -1
    outer loop
      vertex 19.9676 -10.1814 -2
      vertex 20.7615 -8.8535 -2
      vertex 22.0218 -13.5648 -2
    endloop
  endfacet
  facet normal 0 0 -1
    outer loop
      vertex 20.7615 -8.8535 -2
      vertex 21.2378 -6.64031 -2
      vertex 24.0457 -9.89848 -2
    endloop
  endfacet
  facet normal 0 0 -1
    outer loop
      vertex 21.0505 0.683944 -2
      vertex 24.4426 0.936813 -2
      vertex 21.2428 -0.499161 -2
    endloop
  endfacet
  facet normal 0 0 -1
    outer loop
      vertex 21.0505 0.683944 -2
      vertex 24.0777 2.74708 -2
      vertex 24.4426 0.936813 -2
    endloop
  endfacet
  facet normal -0 0 -1
    outer loop
      vertex 17.28 2.31169 -2
      vertex 16.9022 1.51839 -2
      vertex 16.2701 3.0847 -2
    endloop
  endfacet
  facet normal 0 0 -1
    outer loop
      vertex 19.4805 3.22603 -2
      vertex 18.8932 6.78728 -2
      vertex 20.2118 7.0341 -2
    endloop
  endfacet
  facet normal -0 0 -1
    outer loop
      vertex 18.8789 3.33168 -2
      vertex 18.2683 3.21834 -2
      vertex 17.7966 6.04677 -2
    endloop
  endfacet
  facet normal -0 0 -1
    outer loop
      vertex 21.2418 6.86143 -2
      vertex 19.9982 2.90913 -2
      vertex 20.2118 7.0341 -2
    endloop
  endfacet
  facet normal -0 0 -1
    outer loop
      vertex 16.9022 1.51839 -2
      vertex 16.6057 0.511459 -2
      vertex 16.2244 3.0847 -2
    endloop
  endfacet
  facet normal -0 0 -1
    outer loop
      vertex 17.7354 2.87834 -2
      vertex 17.28 2.31169 -2
      vertex 16.9223 4.81258 -2
    endloop
  endfacet
  facet normal -0 0 -1
    outer loop
      vertex 18.2683 3.21834 -2
      vertex 17.7354 2.87834 -2
      vertex 16.9223 4.81258 -2
    endloop
  endfacet
  facet normal 0 0 -1
    outer loop
      vertex 20.7814 1.64159 -2
      vertex 23.5668 4.27135 -2
      vertex 21.0505 0.683944 -2
    endloop
  endfacet
  facet normal 0 0 -1
    outer loop
      vertex 16.2701 -10.5863 -2
      vertex 16.2472 -10.5863 -2
      vertex 16.8908 -8.80129 -2
    endloop
  endfacet
  facet normal 0 0 -1
    outer loop
      vertex 13.063 -10.5896 -2
      vertex 16.2472 -10.5863 -2
      vertex 16.244 -10.9494 -2
    endloop
  endfacet
  facet normal -0 0 -1
    outer loop
      vertex 16.2244 3.0847 -2
      vertex 13.0687 -9.20003 -2
      vertex 13.0687 14.2875 -2
    endloop
  endfacet
  facet normal 0 0 -1
    outer loop
      vertex 16.2701 6.4265 -2
      vertex 13.0687 14.2875 -2
      vertex 16.2701 14.2875 -2
    endloop
  endfacet
  facet normal -0 0 -1
    outer loop
      vertex 16.2701 6.4265 -2
      vertex 16.2244 3.0847 -2
      vertex 13.0687 14.2875 -2
    endloop
  endfacet
  facet normal 0 -0 -1
    outer loop
      vertex 13.0459 -11.8345 -2
      vertex 16.17 -12.9359 -2
      vertex 13.0174 -12.9346 -2
    endloop
  endfacet
  facet normal 0 0 -1
    outer loop
      vertex -47.0607 -13.89 -2
      vertex -50.3872 -13.89 -2
      vertex -51.8114 -7.05437 -2
    endloop
  endfacet
  facet normal 0 0 -1
    outer loop
      vertex 13.0174 -12.9346 -2
      vertex 16.17 -12.9359 -2
      vertex 16.1433 -13.3584 -2
    endloop
  endfacet
  facet normal 0 0 -1
    outer loop
      vertex -7.19938 3.56181 -2
      vertex -4.11409 4.00511 -2
      vertex -4.09629 3.40523 -2
    endloop
  endfacet
  facet normal 0 0 -1
    outer loop
      vertex 16.1159 -13.6764 -2
      vertex 13.0174 -12.9346 -2
      vertex 16.1433 -13.3584 -2
    endloop
  endfacet
  facet normal 0 0 -1
    outer loop
      vertex 4.98457 2.95256 -2
      vertex 4.5533 6.00874 -2
      vertex 5.4306 3.04689 -2
    endloop
  endfacet
  facet normal -0 0 -1
    outer loop
      vertex 16.1159 -13.6764 -2
      vertex 16.0878 -13.89 -2
      vertex 13.0174 -12.9346 -2
    endloop
  endfacet
  facet normal -0 0 -1
    outer loop
      vertex 10.4184 0.951705 -2
      vertex 7.18231 0.00291382 -2
      vertex 10.2411 2.52708 -2
    endloop
  endfacet
  facet normal -0 0 -1
    outer loop
      vertex 21.0801 -14.0934 -2
      vertex 20.0067 -14.2697 -2
      vertex 19.9676 -10.1814 -2
    endloop
  endfacet
  facet normal 0 0 -1
    outer loop
      vertex -0.986077 2.70869 -2
      vertex -1.04137 6.98668 -2
      vertex -0.447875 7.05315 -2
    endloop
  endfacet
  facet normal 0 -0 -1
    outer loop
      vertex 13.0174 -12.9346 -2
      vertex 16.0878 -13.89 -2
      vertex 12.9776 -13.89 -2
    endloop
  endfacet
  facet normal 0 -0 -1
    outer loop
      vertex 19.9676 -10.1814 -2
      vertex 20.0067 -14.2697 -2
      vertex 19.3738 -14.2103 -2
    endloop
  endfacet
  facet normal 0 0 -1
    outer loop
      vertex 13.0459 -11.8345 -2
      vertex 16.196 -12.4091 -2
      vertex 16.17 -12.9359 -2
    endloop
  endfacet
  facet normal 0 0 -1
    outer loop
      vertex 17.7396 -13.3205 -2
      vertex 17.2889 -12.7936 -2
      vertex 18.2462 -10.5102 -2
    endloop
  endfacet
  facet normal 0 0 -1
    outer loop
      vertex 13.0459 -11.8345 -2
      vertex 16.2184 -11.8608 -2
      vertex 16.196 -12.4091 -2
    endloop
  endfacet
  facet normal 0 0 -1
    outer loop
      vertex 13.0459 -11.8345 -2
      vertex 16.2344 -11.3742 -2
      vertex 16.2184 -11.8608 -2
    endloop
  endfacet
  facet normal 0 -0 -1
    outer loop
      vertex 13.063 -10.5896 -2
      vertex 16.2344 -11.3742 -2
      vertex 13.0459 -11.8345 -2
    endloop
  endfacet
  facet normal 0 0 -1
    outer loop
      vertex 13.063 -10.5896 -2
      vertex 16.244 -10.9494 -2
      vertex 16.2344 -11.3742 -2
    endloop
  endfacet
  facet normal 0 0 -1
    outer loop
      vertex 16.3938 -0.696 -2
      vertex 16.2667 -2.10402 -2
      vertex 13.0687 -9.20003 -2
    endloop
  endfacet
  facet normal 0 -0 -1
    outer loop
      vertex 13.0687 -9.20003 -2
      vertex 16.2472 -10.5863 -2
      vertex 13.063 -10.5896 -2
    endloop
  endfacet
  facet normal 0 -0 -1
    outer loop
      vertex 16.8908 -8.80129 -2
      vertex 17.2636 -9.59877 -2
      vertex 16.2701 -10.5863 -2
    endloop
  endfacet
  facet normal 0 0 -1
    outer loop
      vertex 24.7346 -3.54176 -2
      vertex 21.3966 -3.54176 -2
      vertex 21.3581 -1.90773 -2
    endloop
  endfacet
  facet normal -0 0 -1
    outer loop
      vertex 18.8561 -10.6241 -2
      vertex 18.2402 -13.7358 -2
      vertex 18.2462 -10.5102 -2
    endloop
  endfacet
  facet normal 0 0 -1
    outer loop
      vertex 18.2462 -10.5102 -2
      vertex 18.2402 -13.7358 -2
      vertex 17.7396 -13.3205 -2
    endloop
  endfacet
  facet normal 0 0 -1
    outer loop
      vertex 18.7849 -14.0324 -2
      vertex 18.2402 -13.7358 -2
      vertex 18.8561 -10.6241 -2
    endloop
  endfacet
  facet normal 0 0 -1
    outer loop
      vertex 17.2889 -12.7936 -2
      vertex 17.7154 -10.1684 -2
      vertex 18.2462 -10.5102 -2
    endloop
  endfacet
  facet normal 0 -0 -1
    outer loop
      vertex 18.8561 -10.6241 -2
      vertex 19.3738 -14.2103 -2
      vertex 18.7849 -14.0324 -2
    endloop
  endfacet
  facet normal 0 0 -1
    outer loop
      vertex 21.2378 -6.64031 -2
      vertex 24.658 -5.94432 -2
      vertex 24.4284 -8.06322 -2
    endloop
  endfacet
  facet normal 0 0 -1
    outer loop
      vertex 16.8937 -12.1622 -2
      vertex 17.7154 -10.1684 -2
      vertex 17.2889 -12.7936 -2
    endloop
  endfacet
  facet normal 0 0 -1
    outer loop
      vertex 17.7154 -10.1684 -2
      vertex 16.8937 -12.1622 -2
      vertex 16.5541 -11.4264 -2
    endloop
  endfacet
  facet normal 0 0 -1
    outer loop
      vertex 21.2428 -0.499161 -2
      vertex 24.4426 0.936813 -2
      vertex 24.6616 -1.15947 -2
    endloop
  endfacet
  facet normal 0 -0 -1
    outer loop
      vertex 17.2636 -9.59877 -2
      vertex 17.7154 -10.1684 -2
      vertex 16.5541 -11.4264 -2
    endloop
  endfacet
  facet normal 0 0 -1
    outer loop
      vertex 16.2701 -10.5863 -2
      vertex 17.2636 -9.59877 -2
      vertex 16.5541 -11.4264 -2
    endloop
  endfacet
  facet normal -0 0 -1
    outer loop
      vertex 16.8908 -8.80129 -2
      vertex 16.2472 -10.5863 -2
      vertex 16.5992 -7.7997 -2
    endloop
  endfacet
  facet normal 0 0 -1
    outer loop
      vertex 16.5992 -7.7997 -2
      vertex 16.2472 -10.5863 -2
      vertex 13.0687 -9.20003 -2
    endloop
  endfacet
  facet normal 0 -0 -1
    outer loop
      vertex 16.391 -6.61772 -2
      vertex 16.5992 -7.7997 -2
      vertex 13.0687 -9.20003 -2
    endloop
  endfacet
  facet normal 0 -0 -1
    outer loop
      vertex 16.266 -5.25533 -2
      vertex 16.391 -6.61772 -2
      vertex 13.0687 -9.20003 -2
    endloop
  endfacet
  facet normal 0 0 -1
    outer loop
      vertex 16.2667 -2.10402 -2
      vertex 16.2244 -3.71257 -2
      vertex 13.0687 -9.20003 -2
    endloop
  endfacet
  facet normal 0 -0 -1
    outer loop
      vertex 16.2244 -3.71257 -2
      vertex 16.266 -5.25533 -2
      vertex 13.0687 -9.20003 -2
    endloop
  endfacet
  facet normal 0 0 -1
    outer loop
      vertex 13.0687 -9.20003 -2
      vertex 16.2244 3.0847 -2
      vertex 16.3938 -0.696 -2
    endloop
  endfacet
  facet normal -0 0 -1
    outer loop
      vertex 16.6057 0.511459 -2
      vertex 16.3938 -0.696 -2
      vertex 16.2244 3.0847 -2
    endloop
  endfacet
  facet normal 0 0 -1
    outer loop
      vertex 16.9022 1.51839 -2
      vertex 16.2244 3.0847 -2
      vertex 16.2701 3.0847 -2
    endloop
  endfacet
  facet normal 0 0 -1
    outer loop
      vertex 17.28 2.31169 -2
      vertex 16.2701 3.0847 -2
      vertex 16.9223 4.81258 -2
    endloop
  endfacet
  facet normal 0 -0 -1
    outer loop
      vertex 17.7966 6.04677 -2
      vertex 18.2683 3.21834 -2
      vertex 16.9223 4.81258 -2
    endloop
  endfacet
  facet normal 0 0 -1
    outer loop
      vertex 18.8932 6.78728 -2
      vertex 18.8789 3.33168 -2
      vertex 17.7966 6.04677 -2
    endloop
  endfacet
  facet normal 0 0 -1
    outer loop
      vertex 19.9982 2.90913 -2
      vertex 19.4805 3.22603 -2
      vertex 20.2118 7.0341 -2
    endloop
  endfacet
  facet normal -0 0 -1
    outer loop
      vertex 22.1443 6.34343 -2
      vertex 20.4318 2.381 -2
      vertex 21.2418 6.86143 -2
    endloop
  endfacet
  facet normal 0 0 -1
    outer loop
      vertex 20.4318 2.381 -2
      vertex 19.9982 2.90913 -2
      vertex 21.2418 6.86143 -2
    endloop
  endfacet
  facet normal 0 0 -1
    outer loop
      vertex 22.9193 5.48006 -2
      vertex 20.7814 1.64159 -2
      vertex 20.4318 2.381 -2
    endloop
  endfacet
  facet normal -0 0 -1
    outer loop
      vertex 22.9193 5.48006 -2
      vertex 20.4318 2.381 -2
      vertex 22.1443 6.34343 -2
    endloop
  endfacet
  facet normal 0 -0 -1
    outer loop
      vertex 22.9193 5.48006 -2
      vertex 23.5668 4.27135 -2
      vertex 20.7814 1.64159 -2
    endloop
  endfacet
  facet normal 0 -0 -1
    outer loop
      vertex 23.5668 4.27135 -2
      vertex 24.0777 2.74708 -2
      vertex 21.0505 0.683944 -2
    endloop
  endfacet
  facet normal 0 0 -1
    outer loop
      vertex 21.3581 -1.90773 -2
      vertex 21.2428 -0.499161 -2
      vertex 24.6616 -1.15947 -2
    endloop
  endfacet
  facet normal 0 0 -1
    outer loop
      vertex 24.7346 -3.54176 -2
      vertex 21.3581 -1.90773 -2
      vertex 24.6616 -1.15947 -2
    endloop
  endfacet
  facet normal 0 0 -1
    outer loop
      vertex 24.658 -5.94432 -2
      vertex 21.3966 -3.54176 -2
      vertex 24.7346 -3.54176 -2
    endloop
  endfacet
  facet normal -0 0 -1
    outer loop
      vertex 24.658 -5.94432 -2
      vertex 21.2378 -6.64031 -2
      vertex 21.3966 -3.54176 -2
    endloop
  endfacet
  facet normal -0 0 -1
    outer loop
      vertex 24.4284 -8.06322 -2
      vertex 24.0457 -9.89848 -2
      vertex 21.2378 -6.64031 -2
    endloop
  endfacet
  facet normal -0 0 -1
    outer loop
      vertex 22.8317 -12.6837 -2
      vertex 22.0218 -13.5648 -2
      vertex 20.7615 -8.8535 -2
    endloop
  endfacet
  facet normal -0 0 -1
    outer loop
      vertex 22.0218 -13.5648 -2
      vertex 21.0801 -14.0934 -2
      vertex 19.9676 -10.1814 -2
    endloop
  endfacet
  facet normal 0 0 -1
    outer loop
      vertex 19.9676 -10.1814 -2
      vertex 19.3738 -14.2103 -2
      vertex 18.8561 -10.6241 -2
    endloop
  endfacet
  facet normal 0 0 -1
    outer loop
      vertex -51.8114 -7.05437 -2
      vertex -57.9291 -7.05437 -2
      vertex -52.5633 -2.83925 -2
    endloop
  endfacet
  facet normal -0 0 -1
    outer loop
      vertex -57.9291 -7.05437 -2
      vertex -62.7141 -13.89 -2
      vertex -57.1773 -2.83925 -2
    endloop
  endfacet
  facet normal 0 0 -1
    outer loop
      vertex -47.0607 -13.89 -2
      vertex -52.5633 -2.83925 -2
      vertex -52.8936 12.8634 -2
    endloop
  endfacet
  facet normal -0 -0 -1
    outer loop
      vertex 3.04971 2.57204 -2
      vertex 3.63322 0.710891 -2
      vertex 2.98134 2.57204 -2
    endloop
  endfacet
  facet normal -0 0 -1
    outer loop
      vertex -52.5633 -2.83925 -2
      vertex -57.9291 -7.05437 -2
      vertex -57.1773 -2.83925 -2
    endloop
  endfacet
  facet normal 0 0 -1
    outer loop
      vertex -57.9291 -7.05437 -2
      vertex -59.3532 -13.89 -2
      vertex -62.7141 -13.89 -2
    endloop
  endfacet
  facet normal 0 0 -1
    outer loop
      vertex -51.8114 -7.05437 -2
      vertex -52.5633 -2.83925 -2
      vertex -47.0607 -13.89 -2
    endloop
  endfacet
  facet normal 0 0 -1
    outer loop
      vertex -57.1773 -2.83925 -2
      vertex -56.8583 12.8634 -2
      vertex -56.3798 1.03661 -2
    endloop
  endfacet
  facet normal -0 0 -1
    outer loop
      vertex -57.1773 -2.83925 -2
      vertex -62.7141 -13.89 -2
      vertex -56.8583 12.8634 -2
    endloop
  endfacet
  facet normal 0 0 -1
    outer loop
      vertex -56.3798 1.03661 -2
      vertex -56.8583 12.8634 -2
      vertex -55.7873 3.92982 -2
    endloop
  endfacet
  facet normal 0 0 -1
    outer loop
      vertex -55.7873 3.92982 -2
      vertex -56.8583 12.8634 -2
      vertex -55.4 5.84041 -2
    endloop
  endfacet
  facet normal 0 0 -1
    outer loop
      vertex -55.4 5.84041 -2
      vertex -56.8583 12.8634 -2
      vertex -55.2177 6.76839 -2
    endloop
  endfacet
  facet normal 0 0 -1
    outer loop
      vertex -55.2177 6.76839 -2
      vertex -56.8583 12.8634 -2
      vertex -55.1409 7.19319 -2
    endloop
  endfacet
  facet normal 0 0 -1
    outer loop
      vertex -55.1409 7.19319 -2
      vertex -56.8583 12.8634 -2
      vertex -55.0696 7.59431 -2
    endloop
  endfacet
  facet normal 0 0 -1
    outer loop
      vertex -55.0696 7.59431 -2
      vertex -56.8583 12.8634 -2
      vertex -55.0041 7.97172 -2
    endloop
  endfacet
  facet normal 0 0 -1
    outer loop
      vertex -55.0041 7.97172 -2
      vertex -56.8583 12.8634 -2
      vertex -54.9442 8.32545 -2
    endloop
  endfacet
  facet normal 0 0 -1
    outer loop
      vertex -54.9442 8.32545 -2
      vertex -56.8583 12.8634 -2
      vertex -54.876 8.74324 -2
    endloop
  endfacet
  facet normal 0 0 -1
    outer loop
      vertex -54.876 8.74324 -2
      vertex -56.8583 12.8634 -2
      vertex -52.8936 12.8634 -2
    endloop
  endfacet
  facet normal 0 0 -1
    outer loop
      vertex -54.1469 4.85066 -2
      vertex -54.6366 7.43282 -2
      vertex -52.8936 12.8634 -2
    endloop
  endfacet
  facet normal 0 0 -1
    outer loop
      vertex -54.6366 7.43282 -2
      vertex -54.876 8.74324 -2
      vertex -52.8936 12.8634 -2
    endloop
  endfacet
  facet normal 0 0 -1
    outer loop
      vertex -54.1469 4.85066 -2
      vertex -52.8936 12.8634 -2
      vertex -52.5633 -2.83925 -2
    endloop
  endfacet
  facet normal 0 0 -1
    outer loop
      vertex 3.24324 -13.89 -2
      vertex 0.0648572 -13.89 -2
      vertex 3.24324 -2.63039 -2
    endloop
  endfacet
  facet normal -0 0 -1
    outer loop
      vertex -4.13901 4.72719 -2
      vertex -7.20831 4.20079 -2
      vertex -7.2208 4.765 -2
    endloop
  endfacet
  facet normal 0 0 -1
    outer loop
      vertex 0.0648572 -2.36467 -2
      vertex -0.0519092 0.00291382 -2
      vertex 3.30562 -1.37303 -2
    endloop
  endfacet
  facet normal 0 0 -1
    outer loop
      vertex -4.08206 2.57204 -2
      vertex -3.3815 1.39491 -2
      vertex -3.64808 0.508376 -2
    endloop
  endfacet
  facet normal 0 -0 -1
    outer loop
      vertex -3.72211 3.66856 -2
      vertex -3.05431 2.11766 -2
      vertex -4.03652 2.57204 -2
    endloop
  endfacet
  facet normal 0 0 -1
    outer loop
      vertex -4.03652 2.57204 -2
      vertex -3.05431 2.11766 -2
      vertex -3.3815 1.39491 -2
    endloop
  endfacet
  facet normal 0 0 -1
    outer loop
      vertex -3.72211 3.66856 -2
      vertex -3.37141 4.60371 -2
      vertex -2.68224 2.6339 -2
    endloop
  endfacet
  facet normal 0 0 -1
    outer loop
      vertex -2.98443 5.37743 -2
      vertex -2.56115 5.9897 -2
      vertex -2.26529 2.94365 -2
    endloop
  endfacet
  facet normal 0 0 -1
    outer loop
      vertex -2.098 6.45497 -2
      vertex -1.59142 6.78728 -2
      vertex -1.80348 3.04689 -2
    endloop
  endfacet
  facet normal 0 0 -1
    outer loop
      vertex -1.59142 6.78728 -2
      vertex -1.04137 6.98668 -2
      vertex -0.986077 2.70869 -2
    endloop
  endfacet
  facet normal 0 -0 -1
    outer loop
      vertex 0.825972 6.77309 -2
      vertex 1.82214 5.93288 -2
      vertex -0.402227 1.69401 -2
    endloop
  endfacet
  facet normal 0 0 -1
    outer loop
      vertex 6.13839 6.98787 -2
      vertex 5.4306 3.04689 -2
      vertex 5.55022 6.79204 -2
    endloop
  endfacet
  facet normal 0 0 -1
    outer loop
      vertex 0.0648572 -13.89 -2
      vertex 0.0648572 -2.36467 -2
      vertex 3.24324 -2.63039 -2
    endloop
  endfacet
  facet normal 0 0 -1
    outer loop
      vertex 7.2991 -2.36467 -2
      vertex 10.4775 -13.89 -2
      vertex 7.2991 -13.89 -2
    endloop
  endfacet
  facet normal 0 0 -1
    outer loop
      vertex 3.24324 -2.63039 -2
      vertex 0.0648572 -2.36467 -2
      vertex 3.30562 -1.37303 -2
    endloop
  endfacet
  facet normal -0 0 -1
    outer loop
      vertex 3.43561 -0.259263 -2
      vertex 3.30562 -1.37303 -2
      vertex -0.0519092 0.00291382 -2
    endloop
  endfacet
  facet normal 0 0 -1
    outer loop
      vertex 3.43561 -0.259263 -2
      vertex 2.98134 2.57204 -2
      vertex 3.63322 0.710891 -2
    endloop
  endfacet
  facet normal 0 0 -1
    outer loop
      vertex 3.04971 2.57204 -2
      vertex 3.37861 3.68404 -2
      vertex 4.21849 2.19783 -2
    endloop
  endfacet
  facet normal 0 0 -1
    outer loop
      vertex 3.73885 4.62752 -2
      vertex 4.98457 2.95256 -2
      vertex 4.58053 2.66954 -2
    endloop
  endfacet
  facet normal 0 0 -1
    outer loop
      vertex 3.73885 4.62752 -2
      vertex 4.13042 5.40242 -2
      vertex 4.98457 2.95256 -2
    endloop
  endfacet
  facet normal 0 0 -1
    outer loop
      vertex 6.24807 2.70869 -2
      vertex 5.4306 3.04689 -2
      vertex 6.13839 6.98787 -2
    endloop
  endfacet
  facet normal 0 0 -1
    outer loop
      vertex 6.78637 7.05315 -2
      vertex 6.24807 2.70869 -2
      vertex 6.13839 6.98787 -2
    endloop
  endfacet
  facet normal 0 -0 -1
    outer loop
      vertex 7.63301 6.92558 -2
      vertex 8.37283 6.54283 -2
      vertex 6.24807 2.70869 -2
    endloop
  endfacet
  facet normal 0 -0 -1
    outer loop
      vertex 9.00582 5.90498 -2
      vertex 9.532 5.01195 -2
      vertex 6.83198 1.69401 -2
    endloop
  endfacet
  facet normal 0 0 -1
    outer loop
      vertex 7.18231 0.00291382 -2
      vertex 10.4184 0.951705 -2
      vertex 10.4775 -0.845658 -2
    endloop
  endfacet
  facet normal 0 0 -1
    outer loop
      vertex 6.83198 1.69401 -2
      vertex 10.2411 2.52708 -2
      vertex 7.18231 0.00291382 -2
    endloop
  endfacet
  facet normal -0 0 -1
    outer loop
      vertex 10.4775 -0.845658 -2
      vertex 7.2991 -2.36467 -2
      vertex 7.18231 0.00291382 -2
    endloop
  endfacet
  facet normal 0 0 -1
    outer loop
      vertex 7.2991 -2.36467 -2
      vertex 10.4775 -0.845658 -2
      vertex 10.4775 -13.89 -2
    endloop
  endfacet
  facet normal -0 0 -1
    outer loop
      vertex 10.2411 2.52708 -2
      vertex 6.83198 1.69401 -2
      vertex 9.94565 3.88051 -2
    endloop
  endfacet
  facet normal -0 0 -1
    outer loop
      vertex 9.94565 3.88051 -2
      vertex 6.83198 1.69401 -2
      vertex 9.532 5.01195 -2
    endloop
  endfacet
  facet normal 0 0 -1
    outer loop
      vertex 6.83198 1.69401 -2
      vertex 8.37283 6.54283 -2
      vertex 9.00582 5.90498 -2
    endloop
  endfacet
  facet normal 0 0 -1
    outer loop
      vertex 6.83198 1.69401 -2
      vertex 6.24807 2.70869 -2
      vertex 8.37283 6.54283 -2
    endloop
  endfacet
  facet normal 0 0 -1
    outer loop
      vertex 6.24807 2.70869 -2
      vertex 6.78637 7.05315 -2
      vertex 7.63301 6.92558 -2
    endloop
  endfacet
  facet normal 0 0 -1
    outer loop
      vertex 5.55022 6.79204 -2
      vertex 5.4306 3.04689 -2
      vertex 5.02187 6.46568 -2
    endloop
  endfacet
  facet normal 0 -0 -1
    outer loop
      vertex 5.02187 6.46568 -2
      vertex 5.4306 3.04689 -2
      vertex 4.5533 6.00874 -2
    endloop
  endfacet
  facet normal 0 -0 -1
    outer loop
      vertex 4.5533 6.00874 -2
      vertex 4.98457 2.95256 -2
      vertex 4.13042 5.40242 -2
    endloop
  endfacet
  facet normal 0 0 -1
    outer loop
      vertex -0.986077 2.70869 -2
      vertex 0.825972 6.77309 -2
      vertex -0.402227 1.69401 -2
    endloop
  endfacet
  facet normal 0 -0 -1
    outer loop
      vertex 2.54059 4.53252 -2
      vertex 2.98134 2.57204 -2
      vertex -0.402227 1.69401 -2
    endloop
  endfacet
  facet normal 0 0 -1
    outer loop
      vertex 3.37861 3.68404 -2
      vertex 3.73885 4.62752 -2
      vertex 4.58053 2.66954 -2
    endloop
  endfacet
  facet normal 0 0 -1
    outer loop
      vertex 4.21849 2.19783 -2
      vertex 3.37861 3.68404 -2
      vertex 4.58053 2.66954 -2
    endloop
  endfacet
  facet normal 0 0 -1
    outer loop
      vertex 3.89844 1.53743 -2
      vertex 3.04971 2.57204 -2
      vertex 4.21849 2.19783 -2
    endloop
  endfacet
  facet normal 0 0 -1
    outer loop
      vertex 3.43561 -0.259263 -2
      vertex -0.0519092 0.00291382 -2
      vertex 2.98134 2.57204 -2
    endloop
  endfacet
  facet normal 0 0 -1
    outer loop
      vertex 3.63322 0.710891 -2
      vertex 3.04971 2.57204 -2
      vertex 3.89844 1.53743 -2
    endloop
  endfacet
  facet normal 0 0 -1
    outer loop
      vertex -0.0519092 0.00291382 -2
      vertex -0.402227 1.69401 -2
      vertex 2.98134 2.57204 -2
    endloop
  endfacet
  facet normal -0 0 -1
    outer loop
      vertex 2.54059 4.53252 -2
      vertex -0.402227 1.69401 -2
      vertex 1.82214 5.93288 -2
    endloop
  endfacet
  facet normal 0 0 -1
    outer loop
      vertex -0.986077 2.70869 -2
      vertex -0.447875 7.05315 -2
      vertex 0.825972 6.77309 -2
    endloop
  endfacet
  facet normal 0 -0 -1
    outer loop
      vertex -1.59142 6.78728 -2
      vertex -0.986077 2.70869 -2
      vertex -1.80348 3.04689 -2
    endloop
  endfacet
  facet normal 0 -0 -1
    outer loop
      vertex -2.098 6.45497 -2
      vertex -1.80348 3.04689 -2
      vertex -2.56115 5.9897 -2
    endloop
  endfacet
  facet normal 0 0 -1
    outer loop
      vertex -2.56115 5.9897 -2
      vertex -1.80348 3.04689 -2
      vertex -2.26529 2.94365 -2
    endloop
  endfacet
  facet normal 0 -0 -1
    outer loop
      vertex -2.98443 5.37743 -2
      vertex -2.26529 2.94365 -2
      vertex -3.37141 4.60371 -2
    endloop
  endfacet
  facet normal 0 0 -1
    outer loop
      vertex -3.37141 4.60371 -2
      vertex -2.26529 2.94365 -2
      vertex -2.68224 2.6339 -2
    endloop
  endfacet
  facet normal 0 0 -1
    outer loop
      vertex -3.72211 3.66856 -2
      vertex -2.68224 2.6339 -2
      vertex -3.05431 2.11766 -2
    endloop
  endfacet
  facet normal -0 0 -1
    outer loop
      vertex -4.11409 4.00511 -2
      vertex -7.19938 3.56181 -2
      vertex -7.20831 4.20079 -2
    endloop
  endfacet
  facet normal 0 0 -1
    outer loop
      vertex -4.08206 2.57204 -2
      vertex -4.03652 2.57204 -2
      vertex -3.3815 1.39491 -2
    endloop
  endfacet
  facet normal 0 0 -1
    outer loop
      vertex -3.83849 -0.499161 -2
      vertex -4.08206 2.57204 -2
      vertex -3.64808 0.508376 -2
    endloop
  endfacet
  facet normal 0 -0 -1
    outer loop
      vertex -4.13901 4.72719 -2
      vertex -4.11409 4.00511 -2
      vertex -7.20831 4.20079 -2
    endloop
  endfacet
  facet normal 0 0 -1
    outer loop
      vertex -7.23536 5.2783 -2
      vertex -4.16607 5.4351 -2
      vertex -7.2208 4.765 -2
    endloop
  endfacet
  facet normal 0 0 -1
    outer loop
      vertex -7.23536 5.2783 -2
      vertex -4.19029 5.99229 -2
      vertex -4.16607 5.4351 -2
    endloop
  endfacet
  facet normal 0 0 -1
    outer loop
      vertex -7.2208 4.765 -2
      vertex -4.16607 5.4351 -2
      vertex -4.13901 4.72719 -2
    endloop
  endfacet
  facet normal 0 0 -1
    outer loop
      vertex -4.19029 5.99229 -2
      vertex -7.23536 5.2783 -2
      vertex -7.25063 5.7643 -2
    endloop
  endfacet
  facet normal 0 -0 -1
    outer loop
      vertex -4.21168 6.39873 -2
      vertex -4.19029 5.99229 -2
      vertex -7.25063 5.7643 -2
    endloop
  endfacet
  facet normal -0 0 -1
    outer loop
      vertex -4.23023 6.65443 -2
      vertex -7.26659 6.22301 -2
      vertex -7.28329 6.65443 -2
    endloop
  endfacet
  facet normal 0 -0 -1
    outer loop
      vertex -4.23023 6.65443 -2
      vertex -4.21168 6.39873 -2
      vertex -7.26659 6.22301 -2
    endloop
  endfacet
  facet normal 0 0 -1
    outer loop
      vertex -7.26659 6.22301 -2
      vertex -4.21168 6.39873 -2
      vertex -7.25063 5.7643 -2
    endloop
  endfacet
  facet normal 0 0 -1
    outer loop
      vertex -9.66568 0.485824 -2
      vertex -12.4141 -1.30122 -2
      vertex -12.4932 -0.1353 -2
    endloop
  endfacet
  facet normal 0 0 -1
    outer loop
      vertex -38.546 -6.53896 -2
      vertex -37.0959 -2.47139 -2
      vertex -38.2551 -6.81722 -2
    endloop
  endfacet
  facet normal -0 0 -1
    outer loop
      vertex -4.09629 3.40523 -2
      vertex -7.19403 2.8481 -2
      vertex -7.19938 3.56181 -2
    endloop
  endfacet
  facet normal 0 -0 -1
    outer loop
      vertex -4.09629 3.40523 -2
      vertex -4.08561 2.92754 -2
      vertex -7.19403 2.8481 -2
    endloop
  endfacet
  facet normal 0 0 -1
    outer loop
      vertex -7.19403 2.8481 -2
      vertex -4.08561 2.92754 -2
      vertex -4.08206 2.57204 -2
    endloop
  endfacet
  facet normal -0 0 -1
    outer loop
      vertex -35.2247 -4.9944 -2
      vertex -37.8834 -7.49831 -2
      vertex -35.444 -4.45503 -2
    endloop
  endfacet
  facet normal 0 0 -1
    outer loop
      vertex -7.19223 2.05962 -2
      vertex -7.19403 2.8481 -2
      vertex -4.08206 2.57204 -2
    endloop
  endfacet
  facet normal -0 0 -1
    outer loop
      vertex -35.9851 -3.52934 -2
      vertex -38.0383 -7.13225 -2
      vertex -36.307 -3.14305 -2
    endloop
  endfacet
  facet normal 0 0 -1
    outer loop
      vertex -3.83849 -0.499161 -2
      vertex -7.19223 2.05962 -2
      vertex -4.08206 2.57204 -2
    endloop
  endfacet
  facet normal -0 0 -1
    outer loop
      vertex -3.83849 -0.499161 -2
      vertex -3.95275 -1.62773 -2
      vertex -7.19223 2.05962 -2
    endloop
  endfacet
  facet normal 0 0 -1
    outer loop
      vertex -25.2107 -7.49831 -2
      vertex -22.2487 -6.28319 -2
      vertex -25.1178 -7.91542 -2
    endloop
  endfacet
  facet normal 0 0 -1
    outer loop
      vertex -7.19223 2.05962 -2
      vertex -3.95275 -1.62773 -2
      vertex -3.99084 -2.87734 -2
    endloop
  endfacet
  facet normal 0 0 -1
    outer loop
      vertex -25.3656 -7.13225 -2
      vertex -23.6343 -3.14305 -2
      vertex -23.3124 -3.52934 -2
    endloop
  endfacet
  facet normal 0 0 -1
    outer loop
      vertex -7.19223 -13.89 -2
      vertex -7.19223 2.05962 -2
      vertex -3.99084 -2.87734 -2
    endloop
  endfacet
  facet normal 0 0 -1
    outer loop
      vertex -25.5824 -6.81722 -2
      vertex -24.4232 -2.47139 -2
      vertex -24.001 -2.79475 -2
    endloop
  endfacet
  facet normal 0 0 -1
    outer loop
      vertex -3.99084 -13.89 -2
      vertex -7.19223 -13.89 -2
      vertex -3.99084 -2.87734 -2
    endloop
  endfacet
  facet normal 0 0 -1
    outer loop
      vertex 59.7417 -7.91542 -2
      vertex 62.7119 -7.88991 -2
      vertex 59.7727 -8.38353 -2
    endloop
  endfacet
  facet normal 0 -0 -1
    outer loop
      vertex 62.4844 -5.59905 -2
      vertex 62.6108 -6.28319 -2
      vertex 59.6488 -7.49831 -2
    endloop
  endfacet
  facet normal -0 0 -1
    outer loop
      vertex 61.5471 -3.52934 -2
      vertex 59.494 -7.13225 -2
      vertex 61.2253 -3.14305 -2
    endloop
  endfacet
  facet normal 0 -0 -1
    outer loop
      vertex 60.4363 -2.47139 -2
      vertex 60.8585 -2.79475 -2
      vertex 59.2771 -6.81722 -2
    endloop
  endfacet
  facet normal 0 0 -1
    outer loop
      vertex 59.2771 -6.81722 -2
      vertex 61.2253 -3.14305 -2
      vertex 59.494 -7.13225 -2
    endloop
  endfacet
  facet normal 0 0 -1
    outer loop
      vertex 60.4363 -2.47139 -2
      vertex 59.2771 -6.81722 -2
      vertex 58.9862 -6.53896 -2
    endloop
  endfacet
  facet normal 0 -0 -1
    outer loop
      vertex 59.9585 -2.17302 -2
      vertex 60.4363 -2.47139 -2
      vertex 58.9862 -6.53896 -2
    endloop
  endfacet
  facet normal -0 0 -1
    outer loop
      vertex 61.8348 -3.96666 -2
      vertex 59.494 -7.13225 -2
      vertex 61.5471 -3.52934 -2
    endloop
  endfacet
  facet normal 0 0 -1
    outer loop
      vertex 58.9862 -6.53896 -2
      vertex 58.6092 -6.28319 -2
      vertex 59.9585 -2.17302 -2
    endloop
  endfacet
  facet normal -0 0 -1
    outer loop
      vertex 59.4251 -1.89958 -2
      vertex 58.6092 -6.28319 -2
      vertex 58.8438 -1.64024 -2
    endloop
  endfacet
  facet normal 0 -0 -1
    outer loop
      vertex 59.7727 -8.38353 -2
      vertex 62.6204 -9.30037 -2
      vertex 59.7343 -8.95079 -2
    endloop
  endfacet
  facet normal 0 0 -1
    outer loop
      vertex 58.146 -6.04994 -2
      vertex 58.8438 -1.64024 -2
      vertex 58.6092 -6.28319 -2
    endloop
  endfacet
  facet normal 0 0 -1
    outer loop
      vertex 59.7343 -8.95079 -2
      vertex 62.6204 -9.30037 -2
      vertex 62.3459 -10.5506 -2
    endloop
  endfacet
  facet normal -0 0 -1
    outer loop
      vertex 58.8438 -1.64024 -2
      vertex 58.146 -6.04994 -2
      vertex 58.2219 -1.38445 -2
    endloop
  endfacet
  facet normal -0 0 -1
    outer loop
      vertex 54.9422 1.39491 -2
      vertex 52.0029 0.825393 -2
      vertex 52.088 2.21562 -2
    endloop
  endfacet
  facet normal 0 0 -1
    outer loop
      vertex 55.0846 2.37044 -2
      vertex 52.7687 4.50825 -2
      vertex 53.3644 5.41066 -2
    endloop
  endfacet
  facet normal 0 0 -1
    outer loop
      vertex 57.5594 -1.13219 -2
      vertex 58.2219 -1.38445 -2
      vertex 57.5966 -5.83919 -2
    endloop
  endfacet
  facet normal 0 0 -1
    outer loop
      vertex 59.1575 -10.1685 -2
      vertex 59.4267 -9.84331 -2
      vertex 60.4458 -13.3138 -2
    endloop
  endfacet
  facet normal 0 0 -1
    outer loop
      vertex 56.3513 -5.40071 -2
      vertex 56.8562 -0.883469 -2
      vertex 57.5594 -1.13219 -2
    endloop
  endfacet
  facet normal 0 0 -1
    outer loop
      vertex 55.3267 -4.97768 -2
      vertex 56.3753 -0.701371 -2
      vertex 56.3513 -5.40071 -2
    endloop
  endfacet
  facet normal 0 0 -1
    outer loop
      vertex 54.5228 -4.57008 -2
      vertex 55.969 -0.49672 -2
      vertex 55.3267 -4.97768 -2
    endloop
  endfacet
  facet normal 0 0 -1
    outer loop
      vertex 55.3809 -0.0196692 -2
      vertex 54.5228 -4.57008 -2
      vertex 53.9396 -4.17793 -2
    endloop
  endfacet
  facet normal 0 0 -1
    outer loop
      vertex 55.0519 0.595077 -2
      vertex 52.2817 -1.53697 -2
      vertex 52.1268 -0.819535 -2
    endloop
  endfacet
  facet normal -0 0 -1
    outer loop
      vertex 55.189 0.264572 -2
      vertex 52.7744 -2.76811 -2
      vertex 55.0519 0.595077 -2
    endloop
  endfacet
  facet normal 0 0 -1
    outer loop
      vertex 54.9696 0.971847 -2
      vertex 52.1268 -0.819535 -2
      vertex 52.0339 -0.0320898 -2
    endloop
  endfacet
  facet normal -0 0 -1
    outer loop
      vertex 54.9696 0.971847 -2
      vertex 52.0029 0.825393 -2
      vertex 54.9422 1.39491 -2
    endloop
  endfacet
  facet normal 0 -0 -1
    outer loop
      vertex 55.1529 -10.1304 -2
      vertex 55.5008 -10.3963 -2
      vertex 54.9551 -13.9351 -2
    endloop
  endfacet
  facet normal 0 -0 -1
    outer loop
      vertex 52.3433 3.44325 -2
      vertex 54.9778 1.92363 -2
      vertex 52.088 2.21562 -2
    endloop
  endfacet
  facet normal 0 0 -1
    outer loop
      vertex 52.7687 4.50825 -2
      vertex 55.0846 2.37044 -2
      vertex 54.9778 1.92363 -2
    endloop
  endfacet
  facet normal 0 0 -1
    outer loop
      vertex 55.2626 2.73534 -2
      vertex 53.3644 5.41066 -2
      vertex 54.1159 6.12926 -2
    endloop
  endfacet
  facet normal 0 -0 -1
    outer loop
      vertex 55.0092 6.64253 -2
      vertex 55.5117 3.01836 -2
      vertex 54.1159 6.12926 -2
    endloop
  endfacet
  facet normal 0 0 -1
    outer loop
      vertex 56.0442 6.95048 -2
      vertex 55.8322 3.23015 -2
      vertex 55.0092 6.64253 -2
    endloop
  endfacet
  facet normal 0 0 -1
    outer loop
      vertex 56.6867 3.47221 -2
      vertex 56.0442 6.95048 -2
      vertex 57.2208 7.05315 -2
    endloop
  endfacet
  facet normal 0 0 -1
    outer loop
      vertex 57.2208 3.50246 -2
      vertex 57.2208 7.05315 -2
      vertex 57.7626 3.46388 -2
    endloop
  endfacet
  facet normal 0 0 -1
    outer loop
      vertex 57.7626 3.46388 -2
      vertex 58.2664 6.96413 -2
      vertex 58.2261 3.34819 -2
    endloop
  endfacet
  facet normal 0 0 -1
    outer loop
      vertex 58.2261 3.34819 -2
      vertex 59.2044 6.69713 -2
      vertex 58.6112 3.15535 -2
    endloop
  endfacet
  facet normal 0 -0 -1
    outer loop
      vertex 62.1989 2.77742 -2
      vertex 62.4271 1.50886 -2
      vertex 59.5905 1.01521 -2
    endloop
  endfacet
  facet normal 0 0 -1
    outer loop
      vertex 58.6112 3.15535 -2
      vertex 60.035 6.25209 -2
      vertex 58.9181 2.88533 -2
    endloop
  endfacet
  facet normal 0 -0 -1
    outer loop
      vertex 60.035 6.25209 -2
      vertex 60.758 5.62907 -2
      vertex 59.161 2.53703 -2
    endloop
  endfacet
  facet normal 0 -0 -1
    outer loop
      vertex 60.758 5.62907 -2
      vertex 61.3643 4.83751 -2
      vertex 59.354 2.10927 -2
    endloop
  endfacet
  facet normal 0 0 -1
    outer loop
      vertex 59.161 2.53703 -2
      vertex 60.758 5.62907 -2
      vertex 59.354 2.10927 -2
    endloop
  endfacet
  facet normal -0 0 -1
    outer loop
      vertex 61.8446 3.88698 -2
      vertex 59.354 2.10927 -2
      vertex 61.3643 4.83751 -2
    endloop
  endfacet
  facet normal 0 0 -1
    outer loop
      vertex 61.8446 3.88698 -2
      vertex 59.4971 1.60197 -2
      vertex 59.354 2.10927 -2
    endloop
  endfacet
  facet normal 0 0 -1
    outer loop
      vertex 59.4971 1.60197 -2
      vertex 62.1989 2.77742 -2
      vertex 59.5905 1.01521 -2
    endloop
  endfacet
  facet normal 0 -0 -1
    outer loop
      vertex 61.8446 3.88698 -2
      vertex 62.1989 2.77742 -2
      vertex 59.4971 1.60197 -2
    endloop
  endfacet
  facet normal 0 0 -1
    outer loop
      vertex 58.9181 2.88533 -2
      vertex 60.035 6.25209 -2
      vertex 59.161 2.53703 -2
    endloop
  endfacet
  facet normal 0 0 -1
    outer loop
      vertex 58.6112 3.15535 -2
      vertex 59.2044 6.69713 -2
      vertex 60.035 6.25209 -2
    endloop
  endfacet
  facet normal 0 0 -1
    outer loop
      vertex 58.2261 3.34819 -2
      vertex 58.2664 6.96413 -2
      vertex 59.2044 6.69713 -2
    endloop
  endfacet
  facet normal 0 0 -1
    outer loop
      vertex 57.7626 3.46388 -2
      vertex 57.2208 7.05315 -2
      vertex 58.2664 6.96413 -2
    endloop
  endfacet
  facet normal -0 0 -1
    outer loop
      vertex 57.2208 3.50246 -2
      vertex 56.6867 3.47221 -2
      vertex 57.2208 7.05315 -2
    endloop
  endfacet
  facet normal 0 0 -1
    outer loop
      vertex 45.6474 3.36259 -2
      vertex 47.0829 6.3007 -2
      vertex 46.0419 2.97392 -2
    endloop
  endfacet
  facet normal -0 0 -1
    outer loop
      vertex 56.6867 3.47221 -2
      vertex 56.2239 3.38142 -2
      vertex 56.0442 6.95048 -2
    endloop
  endfacet
  facet normal 0 -0 -1
    outer loop
      vertex 56.0442 6.95048 -2
      vertex 56.2239 3.38142 -2
      vertex 55.8322 3.23015 -2
    endloop
  endfacet
  facet normal 0 0 -1
    outer loop
      vertex 55.0092 6.64253 -2
      vertex 55.8322 3.23015 -2
      vertex 55.5117 3.01836 -2
    endloop
  endfacet
  facet normal -0 0 -1
    outer loop
      vertex 55.5117 3.01836 -2
      vertex 55.2626 2.73534 -2
      vertex 54.1159 6.12926 -2
    endloop
  endfacet
  facet normal -0 0 -1
    outer loop
      vertex 55.2626 2.73534 -2
      vertex 55.0846 2.37044 -2
      vertex 53.3644 5.41066 -2
    endloop
  endfacet
  facet normal 0 0 -1
    outer loop
      vertex 54.9778 1.92363 -2
      vertex 52.3433 3.44325 -2
      vertex 52.7687 4.50825 -2
    endloop
  endfacet
  facet normal 0 0 -1
    outer loop
      vertex 45.6261 -10.5469 -2
      vertex 44.6961 -14.2697 -2
      vertex 44.8557 -10.7 -2
    endloop
  endfacet
  facet normal 0 0 -1
    outer loop
      vertex 54.9422 1.39491 -2
      vertex 52.088 2.21562 -2
      vertex 54.9778 1.92363 -2
    endloop
  endfacet
  facet normal 0 0 -1
    outer loop
      vertex 54.9696 0.971847 -2
      vertex 52.0339 -0.0320898 -2
      vertex 52.0029 0.825393 -2
    endloop
  endfacet
  facet normal 0 0 -1
    outer loop
      vertex 44.7417 7.0341 -2
      vertex 45.9906 6.85075 -2
      vertex 45.1989 3.59581 -2
    endloop
  endfacet
  facet normal -0 0 -1
    outer loop
      vertex 55.0519 0.595077 -2
      vertex 52.1268 -0.819535 -2
      vertex 54.9696 0.971847 -2
    endloop
  endfacet
  facet normal -0 0 -1
    outer loop
      vertex 48.7975 4.10054 -2
      vertex 46.3822 2.42979 -2
      vertex 48.0186 5.38399 -2
    endloop
  endfacet
  facet normal 0 0 -1
    outer loop
      vertex 52.4985 -2.18434 -2
      vertex 52.2817 -1.53697 -2
      vertex 55.0519 0.595077 -2
    endloop
  endfacet
  facet normal 0 0 -1
    outer loop
      vertex 39.0262 -1.12566 -2
      vertex 39.3103 0.977157 -2
      vertex 42.3151 -1.30122 -2
    endloop
  endfacet
  facet normal 0 0 -1
    outer loop
      vertex 52.7744 -2.76811 -2
      vertex 52.4985 -2.18434 -2
      vertex 55.0519 0.595077 -2
    endloop
  endfacet
  facet normal -0 0 -1
    outer loop
      vertex 42.334 -6.05113 -2
      vertex 39.3046 -8.15331 -2
      vertex 39.0248 -5.99525 -2
    endloop
  endfacet
  facet normal 0 0 -1
    outer loop
      vertex 53.1066 -3.29497 -2
      vertex 52.7744 -2.76811 -2
      vertex 55.189 0.264572 -2
    endloop
  endfacet
  facet normal 0 0 -1
    outer loop
      vertex 53.495 -3.76491 -2
      vertex 53.1066 -3.29497 -2
      vertex 55.189 0.264572 -2
    endloop
  endfacet
  facet normal 0 0 -1
    outer loop
      vertex 49.1927 -11.1296 -2
      vertex 46.697 -9.32231 -2
      vertex 46.9974 -8.25081 -2
    endloop
  endfacet
  facet normal 0 0 -1
    outer loop
      vertex 53.9396 -4.17793 -2
      vertex 53.495 -3.76491 -2
      vertex 55.3809 -0.0196692 -2
    endloop
  endfacet
  facet normal 0 0 -1
    outer loop
      vertex 54.5228 -4.57008 -2
      vertex 55.3809 -0.0196692 -2
      vertex 55.6376 -0.269456 -2
    endloop
  endfacet
  facet normal -0 0 -1
    outer loop
      vertex 55.969 -0.49672 -2
      vertex 54.5228 -4.57008 -2
      vertex 55.6376 -0.269456 -2
    endloop
  endfacet
  facet normal -0 0 -1
    outer loop
      vertex 56.3753 -0.701371 -2
      vertex 55.3267 -4.97768 -2
      vertex 55.969 -0.49672 -2
    endloop
  endfacet
  facet normal -0 0 -1
    outer loop
      vertex 56.8562 -0.883469 -2
      vertex 56.3513 -5.40071 -2
      vertex 56.3753 -0.701371 -2
    endloop
  endfacet
  facet normal 0 0 -1
    outer loop
      vertex 56.3513 -5.40071 -2
      vertex 57.5594 -1.13219 -2
      vertex 57.5966 -5.83919 -2
    endloop
  endfacet
  facet normal 0 0 -1
    outer loop
      vertex 58.2219 -1.38445 -2
      vertex 58.146 -6.04994 -2
      vertex 57.5966 -5.83919 -2
    endloop
  endfacet
  facet normal -0 0 -1
    outer loop
      vertex 59.9585 -2.17302 -2
      vertex 58.6092 -6.28319 -2
      vertex 59.4251 -1.89958 -2
    endloop
  endfacet
  facet normal 0 -0 -1
    outer loop
      vertex 61.8348 -3.96666 -2
      vertex 62.0882 -4.45503 -2
      vertex 59.6488 -7.49831 -2
    endloop
  endfacet
  facet normal 0 0 -1
    outer loop
      vertex 61.8348 -3.96666 -2
      vertex 59.6488 -7.49831 -2
      vertex 59.494 -7.13225 -2
    endloop
  endfacet
  facet normal 0 0 -1
    outer loop
      vertex 59.6488 -7.49831 -2
      vertex 62.0882 -4.45503 -2
      vertex 62.3075 -4.9944 -2
    endloop
  endfacet
  facet normal -0 0 -1
    outer loop
      vertex 62.4844 -5.59905 -2
      vertex 59.6488 -7.49831 -2
      vertex 62.3075 -4.9944 -2
    endloop
  endfacet
  facet normal -0 0 -1
    outer loop
      vertex 62.6866 -7.0468 -2
      vertex 59.7417 -7.91542 -2
      vertex 62.6108 -6.28319 -2
    endloop
  endfacet
  facet normal 0 0 -1
    outer loop
      vertex 59.7417 -7.91542 -2
      vertex 59.6488 -7.49831 -2
      vertex 62.6108 -6.28319 -2
    endloop
  endfacet
  facet normal 0 -0 -1
    outer loop
      vertex 62.6866 -7.0468 -2
      vertex 62.7119 -7.88991 -2
      vertex 59.7417 -7.91542 -2
    endloop
  endfacet
  facet normal 0 0 -1
    outer loop
      vertex 62.7119 -7.88991 -2
      vertex 62.6204 -9.30037 -2
      vertex 59.7727 -8.38353 -2
    endloop
  endfacet
  facet normal 0 0 -1
    outer loop
      vertex 61.8884 -11.6406 -2
      vertex 59.7343 -8.95079 -2
      vertex 62.3459 -10.5506 -2
    endloop
  endfacet
  facet normal -0 0 -1
    outer loop
      vertex 61.8884 -11.6406 -2
      vertex 61.2479 -12.5704 -2
      vertex 59.6189 -9.43739 -2
    endloop
  endfacet
  facet normal 0 0 -1
    outer loop
      vertex 61.8884 -11.6406 -2
      vertex 59.6189 -9.43739 -2
      vertex 59.7343 -8.95079 -2
    endloop
  endfacet
  facet normal 0 -0 -1
    outer loop
      vertex 59.6189 -9.43739 -2
      vertex 61.2479 -12.5704 -2
      vertex 59.4267 -9.84331 -2
    endloop
  endfacet
  facet normal 0 0 -1
    outer loop
      vertex 59.4267 -9.84331 -2
      vertex 61.2479 -12.5704 -2
      vertex 60.4458 -13.3138 -2
    endloop
  endfacet
  facet normal 0 -0 -1
    outer loop
      vertex 59.1575 -10.1685 -2
      vertex 59.5035 -13.8449 -2
      vertex 58.8043 -10.4177 -2
    endloop
  endfacet
  facet normal -0 0 -1
    outer loop
      vertex 60.4458 -13.3138 -2
      vertex 59.5035 -13.8449 -2
      vertex 59.1575 -10.1685 -2
    endloop
  endfacet
  facet normal 0 -0 -1
    outer loop
      vertex 58.8043 -10.4177 -2
      vertex 59.5035 -13.8449 -2
      vertex 58.36 -10.5957 -2
    endloop
  endfacet
  facet normal 0 0 -1
    outer loop
      vertex 58.36 -10.5957 -2
      vertex 59.5035 -13.8449 -2
      vertex 58.4208 -14.1635 -2
    endloop
  endfacet
  facet normal 0 0 -1
    outer loop
      vertex 57.8246 -10.7025 -2
      vertex 58.36 -10.5957 -2
      vertex 58.4208 -14.1635 -2
    endloop
  endfacet
  facet normal 0 0 -1
    outer loop
      vertex 57.198 -14.2697 -2
      vertex 57.8246 -10.7025 -2
      vertex 58.4208 -14.1635 -2
    endloop
  endfacet
  facet normal 0 0 -1
    outer loop
      vertex 57.198 -14.2697 -2
      vertex 57.198 -10.7381 -2
      vertex 57.8246 -10.7025 -2
    endloop
  endfacet
  facet normal 0 0 -1
    outer loop
      vertex 57.198 -14.2697 -2
      vertex 56.5233 -10.7001 -2
      vertex 57.198 -10.7381 -2
    endloop
  endfacet
  facet normal 0 0 -1
    outer loop
      vertex 54.9551 -13.9351 -2
      vertex 55.9576 -10.5862 -2
      vertex 56.0021 -14.186 -2
    endloop
  endfacet
  facet normal 0 0 -1
    outer loop
      vertex 53.3074 -12.9313 -2
      vertex 54.6531 -9.30928 -2
      vertex 54.8813 -9.77327 -2
    endloop
  endfacet
  facet normal 0 0 -1
    outer loop
      vertex 52.1838 -11.22 -2
      vertex 54.4683 -8.73851 -2
      vertex 54.6531 -9.30928 -2
    endloop
  endfacet
  facet normal 0 0 -1
    outer loop
      vertex 52.689 -12.1688 -2
      vertex 52.1838 -11.22 -2
      vertex 54.6531 -9.30928 -2
    endloop
  endfacet
  facet normal 0 0 -1
    outer loop
      vertex 54.4683 -8.73851 -2
      vertex 52.1838 -11.22 -2
      vertex 51.7919 -10.0849 -2
    endloop
  endfacet
  facet normal 0 -0 -1
    outer loop
      vertex 54.327 -8.06099 -2
      vertex 54.4683 -8.73851 -2
      vertex 51.7919 -10.0849 -2
    endloop
  endfacet
  facet normal 0 0 -1
    outer loop
      vertex 46.9974 -8.25081 -2
      vertex 50.0165 -8.68733 -2
      vertex 49.1927 -11.1296 -2
    endloop
  endfacet
  facet normal 0 0 -1
    outer loop
      vertex 51.5132 -8.7635 -2
      vertex 54.327 -8.06099 -2
      vertex 51.7919 -10.0849 -2
    endloop
  endfacet
  facet normal -0 0 -1
    outer loop
      vertex 49.1927 -11.1296 -2
      vertex 48.0313 -12.8741 -2
      vertex 46.697 -9.32231 -2
    endloop
  endfacet
  facet normal 0 0 -1
    outer loop
      vertex 53.3074 -12.9313 -2
      vertex 52.689 -12.1688 -2
      vertex 54.6531 -9.30928 -2
    endloop
  endfacet
  facet normal 0 0 -1
    outer loop
      vertex 54.0568 -13.5168 -2
      vertex 53.3074 -12.9313 -2
      vertex 54.8813 -9.77327 -2
    endloop
  endfacet
  facet normal -0 0 -1
    outer loop
      vertex 55.1529 -10.1304 -2
      vertex 54.0568 -13.5168 -2
      vertex 54.8813 -9.77327 -2
    endloop
  endfacet
  facet normal 0 0 -1
    outer loop
      vertex 55.1529 -10.1304 -2
      vertex 54.9551 -13.9351 -2
      vertex 54.0568 -13.5168 -2
    endloop
  endfacet
  facet normal 0 -0 -1
    outer loop
      vertex 55.5008 -10.3963 -2
      vertex 55.9576 -10.5862 -2
      vertex 54.9551 -13.9351 -2
    endloop
  endfacet
  facet normal 0 0 -1
    outer loop
      vertex 55.9576 -10.5862 -2
      vertex 56.5233 -10.7001 -2
      vertex 56.0021 -14.186 -2
    endloop
  endfacet
  facet normal 0 0 -1
    outer loop
      vertex 56.0021 -14.186 -2
      vertex 56.5233 -10.7001 -2
      vertex 57.198 -14.2697 -2
    endloop
  endfacet
  facet normal 0 0 -1
    outer loop
      vertex -9.40294 -1.83241 -2
      vertex -12.4141 -1.30122 -2
      vertex -9.66568 0.485824 -2
    endloop
  endfacet
  facet normal 0 -0 -1
    outer loop
      vertex -37.0959 -2.47139 -2
      vertex -36.6737 -2.79475 -2
      vertex -38.2551 -6.81722 -2
    endloop
  endfacet
  facet normal 0 0 -1
    outer loop
      vertex -38.2551 -6.81722 -2
      vertex -36.307 -3.14305 -2
      vertex -38.0383 -7.13225 -2
    endloop
  endfacet
  facet normal -0 0 -1
    outer loop
      vertex -29.3588 -10.3963 -2
      vertex -29.9045 -13.9351 -2
      vertex -29.7066 -10.1304 -2
    endloop
  endfacet
  facet normal 0 0 -1
    outer loop
      vertex -38.2551 -6.81722 -2
      vertex -36.6737 -2.79475 -2
      vertex -36.307 -3.14305 -2
    endloop
  endfacet
  facet normal 0 0 -1
    outer loop
      vertex -28.3362 -10.7001 -2
      vertex -27.6616 -10.7381 -2
      vertex -27.6616 -14.2697 -2
    endloop
  endfacet
  facet normal 0 -0 -1
    outer loop
      vertex -37.5737 -2.17302 -2
      vertex -37.0959 -2.47139 -2
      vertex -38.546 -6.53896 -2
    endloop
  endfacet
  facet normal -0 0 -1
    outer loop
      vertex -35.6975 -3.96666 -2
      vertex -38.0383 -7.13225 -2
      vertex -35.9851 -3.52934 -2
    endloop
  endfacet
  facet normal 0 0 -1
    outer loop
      vertex -29.5328 -4.97768 -2
      vertex -28.4843 -0.701371 -2
      vertex -28.5082 -5.40071 -2
    endloop
  endfacet
  facet normal 0 0 -1
    outer loop
      vertex -38.546 -6.53896 -2
      vertex -38.923 -6.28319 -2
      vertex -37.5737 -2.17302 -2
    endloop
  endfacet
  facet normal -0 0 -1
    outer loop
      vertex -26.0157 -1.64024 -2
      vertex -26.7135 -6.04994 -2
      vertex -26.6377 -1.38445 -2
    endloop
  endfacet
  facet normal 0 -0 -1
    outer loop
      vertex -24.001 -2.79475 -2
      vertex -23.6343 -3.14305 -2
      vertex -25.5824 -6.81722 -2
    endloop
  endfacet
  facet normal -0 0 -1
    outer loop
      vertex -38.1071 -1.89958 -2
      vertex -38.923 -6.28319 -2
      vertex -38.6884 -1.64024 -2
    endloop
  endfacet
  facet normal 0 0 -1
    outer loop
      vertex -25.5824 -6.81722 -2
      vertex -25.8733 -6.53896 -2
      vertex -24.4232 -2.47139 -2
    endloop
  endfacet
  facet normal 0 -0 -1
    outer loop
      vertex -37.7595 -8.38353 -2
      vertex -34.9118 -9.30037 -2
      vertex -37.7979 -8.95079 -2
    endloop
  endfacet
  facet normal 0 0 -1
    outer loop
      vertex -29.6706 0.264572 -2
      vertex -31.3646 -3.76491 -2
      vertex -31.753 -3.29497 -2
    endloop
  endfacet
  facet normal 0 0 -1
    outer loop
      vertex -39.3862 -6.04994 -2
      vertex -38.6884 -1.64024 -2
      vertex -38.923 -6.28319 -2
    endloop
  endfacet
  facet normal 0 0 -1
    outer loop
      vertex -37.7979 -8.95079 -2
      vertex -34.9118 -9.30037 -2
      vertex -35.1863 -10.5506 -2
    endloop
  endfacet
  facet normal -0 0 -1
    outer loop
      vertex -42.4803 0.595077 -2
      vertex -45.4054 -0.819535 -2
      vertex -42.5626 0.971847 -2
    endloop
  endfacet
  facet normal 0 -0 -1
    outer loop
      vertex -44.7635 4.50825 -2
      vertex -42.5544 1.92363 -2
      vertex -45.1889 3.44325 -2
    endloop
  endfacet
  facet normal -0 0 -1
    outer loop
      vertex -38.6884 -1.64024 -2
      vertex -39.3862 -6.04994 -2
      vertex -39.3103 -1.38445 -2
    endloop
  endfacet
  facet normal 0 -0 -1
    outer loop
      vertex -38.3278 6.69713 -2
      vertex -37.4972 6.25209 -2
      vertex -38.921 3.15535 -2
    endloop
  endfacet
  facet normal 0 0 -1
    outer loop
      vertex -39.9729 -1.13219 -2
      vertex -39.3103 -1.38445 -2
      vertex -39.9356 -5.83919 -2
    endloop
  endfacet
  facet normal 0 0 -1
    outer loop
      vertex -38.3747 -10.1685 -2
      vertex -38.1055 -9.84331 -2
      vertex -37.0864 -13.3138 -2
    endloop
  endfacet
  facet normal 0 0 -1
    outer loop
      vertex -41.1809 -5.40071 -2
      vertex -40.676 -0.883469 -2
      vertex -39.9729 -1.13219 -2
    endloop
  endfacet
  facet normal 0 0 -1
    outer loop
      vertex -42.5544 1.92363 -2
      vertex -45.4442 2.21562 -2
      vertex -45.1889 3.44325 -2
    endloop
  endfacet
  facet normal 0 0 -1
    outer loop
      vertex -42.2055 -4.97768 -2
      vertex -41.1569 -0.701371 -2
      vertex -41.1809 -5.40071 -2
    endloop
  endfacet
  facet normal 0 0 -1
    outer loop
      vertex -42.59 1.39491 -2
      vertex -45.4442 2.21562 -2
      vertex -42.5544 1.92363 -2
    endloop
  endfacet
  facet normal 0 0 -1
    outer loop
      vertex -43.0094 -4.57008 -2
      vertex -41.5632 -0.49672 -2
      vertex -42.2055 -4.97768 -2
    endloop
  endfacet
  facet normal -0 0 -1
    outer loop
      vertex -42.5626 0.971847 -2
      vertex -45.5293 0.825393 -2
      vertex -42.59 1.39491 -2
    endloop
  endfacet
  facet normal 0 0 -1
    outer loop
      vertex -42.1513 -0.0196692 -2
      vertex -43.0094 -4.57008 -2
      vertex -43.5926 -4.17793 -2
    endloop
  endfacet
  facet normal 0 -0 -1
    outer loop
      vertex -42.3432 0.264572 -2
      vertex -42.1513 -0.0196692 -2
      vertex -44.0372 -3.76491 -2
    endloop
  endfacet
  facet normal 0 0 -1
    outer loop
      vertex -44.7578 -2.76811 -2
      vertex -42.3432 0.264572 -2
      vertex -44.4256 -3.29497 -2
    endloop
  endfacet
  facet normal 0 0 -1
    outer loop
      vertex -44.7578 -2.76811 -2
      vertex -42.4803 0.595077 -2
      vertex -42.3432 0.264572 -2
    endloop
  endfacet
  facet normal 0 0 -1
    outer loop
      vertex -45.0337 -2.18434 -2
      vertex -45.2505 -1.53697 -2
      vertex -42.4803 0.595077 -2
    endloop
  endfacet
  facet normal 0 -0 -1
    outer loop
      vertex -44.1678 5.41066 -2
      vertex -42.4476 2.37044 -2
      vertex -44.7635 4.50825 -2
    endloop
  endfacet
  facet normal 0 -0 -1
    outer loop
      vertex -43.4163 6.12926 -2
      vertex -42.2696 2.73534 -2
      vertex -44.1678 5.41066 -2
    endloop
  endfacet
  facet normal 0 -0 -1
    outer loop
      vertex -42.523 6.64253 -2
      vertex -42.0205 3.01836 -2
      vertex -43.4163 6.12926 -2
    endloop
  endfacet
  facet normal 0 0 -1
    outer loop
      vertex -41.488 6.95048 -2
      vertex -41.7 3.23015 -2
      vertex -42.523 6.64253 -2
    endloop
  endfacet
  facet normal -0 0 -1
    outer loop
      vertex -40.8455 3.47221 -2
      vertex -41.3084 3.38142 -2
      vertex -41.488 6.95048 -2
    endloop
  endfacet
  facet normal -0 0 -1
    outer loop
      vertex -40.3114 3.50246 -2
      vertex -40.8455 3.47221 -2
      vertex -40.3114 7.05315 -2
    endloop
  endfacet
  facet normal 0 0 -1
    outer loop
      vertex -39.7696 3.46388 -2
      vertex -40.3114 7.05315 -2
      vertex -39.2659 6.96413 -2
    endloop
  endfacet
  facet normal 0 0 -1
    outer loop
      vertex -39.3061 3.34819 -2
      vertex -39.2659 6.96413 -2
      vertex -38.3278 6.69713 -2
    endloop
  endfacet
  facet normal 0 0 -1
    outer loop
      vertex -38.6141 2.88533 -2
      vertex -37.4972 6.25209 -2
      vertex -38.3712 2.53703 -2
    endloop
  endfacet
  facet normal 0 0 -1
    outer loop
      vertex -38.3712 2.53703 -2
      vertex -37.4972 6.25209 -2
      vertex -36.7742 5.62907 -2
    endloop
  endfacet
  facet normal 0 -0 -1
    outer loop
      vertex -35.3333 2.77742 -2
      vertex -35.1051 1.50886 -2
      vertex -37.9418 1.01521 -2
    endloop
  endfacet
  facet normal 0 0 -1
    outer loop
      vertex -38.1782 2.10927 -2
      vertex -38.3712 2.53703 -2
      vertex -36.7742 5.62907 -2
    endloop
  endfacet
  facet normal -0 0 -1
    outer loop
      vertex -35.6876 3.88698 -2
      vertex -38.1782 2.10927 -2
      vertex -36.1679 4.83751 -2
    endloop
  endfacet
  facet normal 0 0 -1
    outer loop
      vertex -35.6876 3.88698 -2
      vertex -38.0351 1.60197 -2
      vertex -38.1782 2.10927 -2
    endloop
  endfacet
  facet normal 0 0 -1
    outer loop
      vertex -38.0351 1.60197 -2
      vertex -35.3333 2.77742 -2
      vertex -37.9418 1.01521 -2
    endloop
  endfacet
  facet normal 0 -0 -1
    outer loop
      vertex -35.6876 3.88698 -2
      vertex -35.3333 2.77742 -2
      vertex -38.0351 1.60197 -2
    endloop
  endfacet
  facet normal -0 0 -1
    outer loop
      vertex -36.1679 4.83751 -2
      vertex -38.1782 2.10927 -2
      vertex -36.7742 5.62907 -2
    endloop
  endfacet
  facet normal 0 0 -1
    outer loop
      vertex -25.1178 -7.91542 -2
      vertex -22.1476 -7.88991 -2
      vertex -25.0868 -8.38353 -2
    endloop
  endfacet
  facet normal 0 0 -1
    outer loop
      vertex -38.6141 2.88533 -2
      vertex -38.921 3.15535 -2
      vertex -37.4972 6.25209 -2
    endloop
  endfacet
  facet normal 0 0 -1
    outer loop
      vertex -25.8733 -6.53896 -2
      vertex -26.2503 -6.28319 -2
      vertex -24.901 -2.17302 -2
    endloop
  endfacet
  facet normal 0 0 -1
    outer loop
      vertex -38.921 3.15535 -2
      vertex -39.3061 3.34819 -2
      vertex -38.3278 6.69713 -2
    endloop
  endfacet
  facet normal 0 0 -1
    outer loop
      vertex -26.0157 -1.64024 -2
      vertex -26.2503 -6.28319 -2
      vertex -26.7135 -6.04994 -2
    endloop
  endfacet
  facet normal 0 0 -1
    outer loop
      vertex -39.3061 3.34819 -2
      vertex -39.7696 3.46388 -2
      vertex -39.2659 6.96413 -2
    endloop
  endfacet
  facet normal -0 0 -1
    outer loop
      vertex -29.9173 1.39491 -2
      vertex -32.8566 0.825393 -2
      vertex -32.7715 2.21562 -2
    endloop
  endfacet
  facet normal 0 0 -1
    outer loop
      vertex -39.7696 3.46388 -2
      vertex -40.3114 3.50246 -2
      vertex -40.3114 7.05315 -2
    endloop
  endfacet
  facet normal 0 0 -1
    outer loop
      vertex -29.8503 6.64253 -2
      vertex -29.0273 3.23015 -2
      vertex -29.3478 3.01836 -2
    endloop
  endfacet
  facet normal -0 0 -1
    outer loop
      vertex -26.5932 6.96413 -2
      vertex -27.0969 3.46388 -2
      vertex -27.6387 7.05315 -2
    endloop
  endfacet
  facet normal 0 0 -1
    outer loop
      vertex -30.7436 6.12926 -2
      vertex -29.8503 6.64253 -2
      vertex -29.3478 3.01836 -2
    endloop
  endfacet
  facet normal 0 0 -1
    outer loop
      vertex -40.3114 7.05315 -2
      vertex -40.8455 3.47221 -2
      vertex -41.488 6.95048 -2
    endloop
  endfacet
  facet normal 0 0 -1
    outer loop
      vertex -28.1728 3.47221 -2
      vertex -28.8154 6.95048 -2
      vertex -27.6387 7.05315 -2
    endloop
  endfacet
  facet normal 0 -0 -1
    outer loop
      vertex -41.488 6.95048 -2
      vertex -41.3084 3.38142 -2
      vertex -41.7 3.23015 -2
    endloop
  endfacet
  facet normal 0 0 -1
    outer loop
      vertex -42.523 6.64253 -2
      vertex -41.7 3.23015 -2
      vertex -42.0205 3.01836 -2
    endloop
  endfacet
  facet normal 0 0 -1
    outer loop
      vertex -43.4163 6.12926 -2
      vertex -42.0205 3.01836 -2
      vertex -42.2696 2.73534 -2
    endloop
  endfacet
  facet normal 0 0 -1
    outer loop
      vertex -44.1678 5.41066 -2
      vertex -42.2696 2.73534 -2
      vertex -42.4476 2.37044 -2
    endloop
  endfacet
  facet normal 0 0 -1
    outer loop
      vertex -44.7635 4.50825 -2
      vertex -42.4476 2.37044 -2
      vertex -42.5544 1.92363 -2
    endloop
  endfacet
  facet normal -0 0 -1
    outer loop
      vertex -42.59 1.39491 -2
      vertex -45.5293 0.825393 -2
      vertex -45.4442 2.21562 -2
    endloop
  endfacet
  facet normal 0 0 -1
    outer loop
      vertex -42.5626 0.971847 -2
      vertex -45.4983 -0.0320898 -2
      vertex -45.5293 0.825393 -2
    endloop
  endfacet
  facet normal 0 0 -1
    outer loop
      vertex -42.5626 0.971847 -2
      vertex -45.4054 -0.819535 -2
      vertex -45.4983 -0.0320898 -2
    endloop
  endfacet
  facet normal 0 0 -1
    outer loop
      vertex -42.4803 0.595077 -2
      vertex -45.2505 -1.53697 -2
      vertex -45.4054 -0.819535 -2
    endloop
  endfacet
  facet normal 0 0 -1
    outer loop
      vertex -44.7578 -2.76811 -2
      vertex -45.0337 -2.18434 -2
      vertex -42.4803 0.595077 -2
    endloop
  endfacet
  facet normal 0 0 -1
    outer loop
      vertex -44.4256 -3.29497 -2
      vertex -42.3432 0.264572 -2
      vertex -44.0372 -3.76491 -2
    endloop
  endfacet
  facet normal 0 0 -1
    outer loop
      vertex -41.0089 -10.7001 -2
      vertex -40.3343 -10.7381 -2
      vertex -40.3343 -14.2697 -2
    endloop
  endfacet
  facet normal 0 0 -1
    outer loop
      vertex -44.0372 -3.76491 -2
      vertex -42.1513 -0.0196692 -2
      vertex -43.5926 -4.17793 -2
    endloop
  endfacet
  facet normal 0 -0 -1
    outer loop
      vertex -42.1513 -0.0196692 -2
      vertex -41.8946 -0.269456 -2
      vertex -43.0094 -4.57008 -2
    endloop
  endfacet
  facet normal 0 0 -1
    outer loop
      vertex -43.0094 -4.57008 -2
      vertex -41.8946 -0.269456 -2
      vertex -41.5632 -0.49672 -2
    endloop
  endfacet
  facet normal 0 0 -1
    outer loop
      vertex -42.2055 -4.97768 -2
      vertex -41.5632 -0.49672 -2
      vertex -41.1569 -0.701371 -2
    endloop
  endfacet
  facet normal 0 0 -1
    outer loop
      vertex -41.1809 -5.40071 -2
      vertex -41.1569 -0.701371 -2
      vertex -40.676 -0.883469 -2
    endloop
  endfacet
  facet normal 0 0 -1
    outer loop
      vertex -38.0287 -13.8449 -2
      vertex -38.3747 -10.1685 -2
      vertex -37.0864 -13.3138 -2
    endloop
  endfacet
  facet normal 0 0 -1
    outer loop
      vertex -41.1809 -5.40071 -2
      vertex -39.9729 -1.13219 -2
      vertex -39.9356 -5.83919 -2
    endloop
  endfacet
  facet normal 0 0 -1
    outer loop
      vertex -42.5771 -13.9351 -2
      vertex -41.5746 -10.5862 -2
      vertex -41.5301 -14.186 -2
    endloop
  endfacet
  facet normal 0 0 -1
    outer loop
      vertex -39.3103 -1.38445 -2
      vertex -39.3862 -6.04994 -2
      vertex -39.9356 -5.83919 -2
    endloop
  endfacet
  facet normal -0 0 -1
    outer loop
      vertex -37.5737 -2.17302 -2
      vertex -38.923 -6.28319 -2
      vertex -38.1071 -1.89958 -2
    endloop
  endfacet
  facet normal 0 -0 -1
    outer loop
      vertex -35.6975 -3.96666 -2
      vertex -35.444 -4.45503 -2
      vertex -37.8834 -7.49831 -2
    endloop
  endfacet
  facet normal 0 0 -1
    outer loop
      vertex -35.6975 -3.96666 -2
      vertex -37.8834 -7.49831 -2
      vertex -38.0383 -7.13225 -2
    endloop
  endfacet
  facet normal 0 -0 -1
    outer loop
      vertex -35.2247 -4.9944 -2
      vertex -35.0478 -5.59905 -2
      vertex -37.8834 -7.49831 -2
    endloop
  endfacet
  facet normal 0 0 -1
    outer loop
      vertex -37.8834 -7.49831 -2
      vertex -35.0478 -5.59905 -2
      vertex -34.9214 -6.28319 -2
    endloop
  endfacet
  facet normal -0 0 -1
    outer loop
      vertex -34.8456 -7.0468 -2
      vertex -37.7905 -7.91542 -2
      vertex -34.9214 -6.28319 -2
    endloop
  endfacet
  facet normal 0 0 -1
    outer loop
      vertex -37.7905 -7.91542 -2
      vertex -37.8834 -7.49831 -2
      vertex -34.9214 -6.28319 -2
    endloop
  endfacet
  facet normal 0 0 -1
    outer loop
      vertex -34.8203 -7.88991 -2
      vertex -37.7595 -8.38353 -2
      vertex -37.7905 -7.91542 -2
    endloop
  endfacet
  facet normal -0 0 -1
    outer loop
      vertex -34.8203 -7.88991 -2
      vertex -37.7905 -7.91542 -2
      vertex -34.8456 -7.0468 -2
    endloop
  endfacet
  facet normal 0 0 -1
    outer loop
      vertex -34.8203 -7.88991 -2
      vertex -34.9118 -9.30037 -2
      vertex -37.7595 -8.38353 -2
    endloop
  endfacet
  facet normal 0 0 -1
    outer loop
      vertex -35.6438 -11.6406 -2
      vertex -37.7979 -8.95079 -2
      vertex -35.1863 -10.5506 -2
    endloop
  endfacet
  facet normal -0 0 -1
    outer loop
      vertex -35.6438 -11.6406 -2
      vertex -36.2843 -12.5704 -2
      vertex -37.9133 -9.43739 -2
    endloop
  endfacet
  facet normal 0 0 -1
    outer loop
      vertex -35.6438 -11.6406 -2
      vertex -37.9133 -9.43739 -2
      vertex -37.7979 -8.95079 -2
    endloop
  endfacet
  facet normal 0 -0 -1
    outer loop
      vertex -37.9133 -9.43739 -2
      vertex -36.2843 -12.5704 -2
      vertex -38.1055 -9.84331 -2
    endloop
  endfacet
  facet normal 0 0 -1
    outer loop
      vertex -38.1055 -9.84331 -2
      vertex -36.2843 -12.5704 -2
      vertex -37.0864 -13.3138 -2
    endloop
  endfacet
  facet normal 0 0 -1
    outer loop
      vertex -38.0287 -13.8449 -2
      vertex -38.7279 -10.4177 -2
      vertex -38.3747 -10.1685 -2
    endloop
  endfacet
  facet normal 0 -0 -1
    outer loop
      vertex -38.7279 -10.4177 -2
      vertex -38.0287 -13.8449 -2
      vertex -39.1722 -10.5957 -2
    endloop
  endfacet
  facet normal 0 0 -1
    outer loop
      vertex -39.1722 -10.5957 -2
      vertex -38.0287 -13.8449 -2
      vertex -39.1114 -14.1635 -2
    endloop
  endfacet
  facet normal 0 0 -1
    outer loop
      vertex -39.7076 -10.7025 -2
      vertex -39.1722 -10.5957 -2
      vertex -39.1114 -14.1635 -2
    endloop
  endfacet
  facet normal 0 0 -1
    outer loop
      vertex -40.3343 -14.2697 -2
      vertex -39.7076 -10.7025 -2
      vertex -39.1114 -14.1635 -2
    endloop
  endfacet
  facet normal 0 0 -1
    outer loop
      vertex -40.3343 -14.2697 -2
      vertex -40.3343 -10.7381 -2
      vertex -39.7076 -10.7025 -2
    endloop
  endfacet
  facet normal 0 -0 -1
    outer loop
      vertex -42.3793 -10.1304 -2
      vertex -42.0314 -10.3963 -2
      vertex -42.5771 -13.9351 -2
    endloop
  endfacet
  facet normal 0 -0 -1
    outer loop
      vertex -42.8791 -9.30928 -2
      vertex -42.6509 -9.77327 -2
      vertex -44.2248 -12.9313 -2
    endloop
  endfacet
  facet normal 0 0 -1
    outer loop
      vertex -44.2248 -12.9313 -2
      vertex -42.6509 -9.77327 -2
      vertex -43.4754 -13.5168 -2
    endloop
  endfacet
  facet normal 0 0 -1
    outer loop
      vertex -44.8432 -12.1688 -2
      vertex -45.3484 -11.22 -2
      vertex -42.8791 -9.30928 -2
    endloop
  endfacet
  facet normal 0 0 -1
    outer loop
      vertex -45.3484 -11.22 -2
      vertex -45.7403 -10.0849 -2
      vertex -43.0639 -8.73851 -2
    endloop
  endfacet
  facet normal 0 0 -1
    outer loop
      vertex -43.2052 -8.06099 -2
      vertex -45.7403 -10.0849 -2
      vertex -46.019 -8.7635 -2
    endloop
  endfacet
  facet normal -0 0 -1
    outer loop
      vertex -43.0639 -8.73851 -2
      vertex -45.7403 -10.0849 -2
      vertex -43.2052 -8.06099 -2
    endloop
  endfacet
  facet normal -0 0 -1
    outer loop
      vertex -42.8791 -9.30928 -2
      vertex -45.3484 -11.22 -2
      vertex -43.0639 -8.73851 -2
    endloop
  endfacet
  facet normal 0 0 -1
    outer loop
      vertex -44.2248 -12.9313 -2
      vertex -44.8432 -12.1688 -2
      vertex -42.8791 -9.30928 -2
    endloop
  endfacet
  facet normal 0 0 -1
    outer loop
      vertex -43.4754 -13.5168 -2
      vertex -42.6509 -9.77327 -2
      vertex -42.3793 -10.1304 -2
    endloop
  endfacet
  facet normal 0 0 -1
    outer loop
      vertex -42.5771 -13.9351 -2
      vertex -43.4754 -13.5168 -2
      vertex -42.3793 -10.1304 -2
    endloop
  endfacet
  facet normal -0 0 -1
    outer loop
      vertex -41.5746 -10.5862 -2
      vertex -42.5771 -13.9351 -2
      vertex -42.0314 -10.3963 -2
    endloop
  endfacet
  facet normal -0 0 -1
    outer loop
      vertex -41.0089 -10.7001 -2
      vertex -41.5301 -14.186 -2
      vertex -41.5746 -10.5862 -2
    endloop
  endfacet
  facet normal 0 -0 -1
    outer loop
      vertex -41.0089 -10.7001 -2
      vertex -40.3343 -14.2697 -2
      vertex -41.5301 -14.186 -2
    endloop
  endfacet
  facet normal 0 0 -1
    outer loop
      vertex -10.3215 -11.1296 -2
      vertex -12.8172 -9.32231 -2
      vertex -12.5168 -8.25081 -2
    endloop
  endfacet
  facet normal 0 0 -1
    outer loop
      vertex -25.5824 -6.81722 -2
      vertex -23.6343 -3.14305 -2
      vertex -25.3656 -7.13225 -2
    endloop
  endfacet
  facet normal 0 0 -1
    outer loop
      vertex -17.276 -13.5838 -2
      vertex -15.7479 -10.3179 -2
      vertex -16.1275 -14.0982 -2
    endloop
  endfacet
  facet normal -0 0 -1
    outer loop
      vertex -24.4232 -2.47139 -2
      vertex -25.8733 -6.53896 -2
      vertex -24.901 -2.17302 -2
    endloop
  endfacet
  facet normal -0 0 -1
    outer loop
      vertex -16.1869 -9.84035 -2
      vertex -18.2636 -12.7264 -2
      vertex -16.5553 -9.17174 -2
    endloop
  endfacet
  facet normal 0 0 -1
    outer loop
      vertex -25.3656 -7.13225 -2
      vertex -23.3124 -3.52934 -2
      vertex -23.0248 -3.96666 -2
    endloop
  endfacet
  facet normal 0 0 -1
    outer loop
      vertex -19.0903 -11.526 -2
      vertex -16.8469 -8.31551 -2
      vertex -16.5553 -9.17174 -2
    endloop
  endfacet
  facet normal 0 0 -1
    outer loop
      vertex -25.2107 -7.49831 -2
      vertex -23.0248 -3.96666 -2
      vertex -22.7713 -4.45503 -2
    endloop
  endfacet
  facet normal 0 0 -1
    outer loop
      vertex -19.7432 -9.99687 -2
      vertex -16.8469 -8.31551 -2
      vertex -19.0903 -11.526 -2
    endloop
  endfacet
  facet normal 0 -0 -1
    outer loop
      vertex -26.0157 -1.64024 -2
      vertex -25.4344 -1.89958 -2
      vertex -26.2503 -6.28319 -2
    endloop
  endfacet
  facet normal 0 0 -1
    outer loop
      vertex -19.7432 -9.99687 -2
      vertex -17.0552 -7.27528 -2
      vertex -16.8469 -8.31551 -2
    endloop
  endfacet
  facet normal 0 0 -1
    outer loop
      vertex -25.0868 -8.38353 -2
      vertex -22.1476 -7.88991 -2
      vertex -22.2391 -9.30037 -2
    endloop
  endfacet
  facet normal -0 0 -1
    outer loop
      vertex -10.3215 -11.1296 -2
      vertex -11.4829 -12.8741 -2
      vertex -12.8172 -9.32231 -2
    endloop
  endfacet
  facet normal 0 0 -1
    outer loop
      vertex -25.1253 -8.95079 -2
      vertex -22.2391 -9.30037 -2
      vertex -22.5136 -10.5506 -2
    endloop
  endfacet
  facet normal 0 0 -1
    outer loop
      vertex -26.7135 -6.04994 -2
      vertex -27.2629 -5.83919 -2
      vertex -26.6377 -1.38445 -2
    endloop
  endfacet
  facet normal -0 0 -1
    outer loop
      vertex -26.6377 -1.38445 -2
      vertex -27.2629 -5.83919 -2
      vertex -27.3002 -1.13219 -2
    endloop
  endfacet
  facet normal 0 0 -1
    outer loop
      vertex -25.2691 1.01521 -2
      vertex -25.3624 1.60197 -2
      vertex -22.6606 2.77742 -2
    endloop
  endfacet
  facet normal 0 0 -1
    outer loop
      vertex -25.2691 1.01521 -2
      vertex -22.6606 2.77742 -2
      vertex -22.4324 1.50886 -2
    endloop
  endfacet
  facet normal 0 -0 -1
    outer loop
      vertex -28.0033 -0.883469 -2
      vertex -27.3002 -1.13219 -2
      vertex -28.5082 -5.40071 -2
    endloop
  endfacet
  facet normal 0 0 -1
    outer loop
      vertex -29.5328 -4.97768 -2
      vertex -30.3367 -4.57008 -2
      vertex -28.8905 -0.49672 -2
    endloop
  endfacet
  facet normal 0 0 -1
    outer loop
      vertex -30.9199 -4.17793 -2
      vertex -29.4787 -0.0196692 -2
      vertex -30.3367 -4.57008 -2
    endloop
  endfacet
  facet normal 0 0 -1
    outer loop
      vertex -31.3646 -3.76491 -2
      vertex -29.6706 0.264572 -2
      vertex -29.4787 -0.0196692 -2
    endloop
  endfacet
  facet normal -0 0 -1
    outer loop
      vertex -29.6706 0.264572 -2
      vertex -32.0851 -2.76811 -2
      vertex -29.8076 0.595077 -2
    endloop
  endfacet
  facet normal 0 0 -1
    outer loop
      vertex -32.5779 -1.53697 -2
      vertex -29.8076 0.595077 -2
      vertex -32.361 -2.18434 -2
    endloop
  endfacet
  facet normal -0 0 -1
    outer loop
      vertex -29.8076 0.595077 -2
      vertex -32.7327 -0.819535 -2
      vertex -29.8899 0.971847 -2
    endloop
  endfacet
  facet normal 0 0 -1
    outer loop
      vertex -32.5779 -1.53697 -2
      vertex -32.7327 -0.819535 -2
      vertex -29.8076 0.595077 -2
    endloop
  endfacet
  facet normal -0 0 -1
    outer loop
      vertex -29.8899 0.971847 -2
      vertex -32.8566 0.825393 -2
      vertex -29.9173 1.39491 -2
    endloop
  endfacet
  facet normal 0 0 -1
    outer loop
      vertex -32.8257 -0.0320898 -2
      vertex -32.8566 0.825393 -2
      vertex -29.8899 0.971847 -2
    endloop
  endfacet
  facet normal 0 -0 -1
    outer loop
      vertex -32.5163 3.44325 -2
      vertex -29.8817 1.92363 -2
      vertex -32.7715 2.21562 -2
    endloop
  endfacet
  facet normal 0 0 -1
    outer loop
      vertex -32.0908 4.50825 -2
      vertex -29.7749 2.37044 -2
      vertex -29.8817 1.92363 -2
    endloop
  endfacet
  facet normal 0 0 -1
    outer loop
      vertex -32.0908 4.50825 -2
      vertex -31.4952 5.41066 -2
      vertex -29.7749 2.37044 -2
    endloop
  endfacet
  facet normal 0 0 -1
    outer loop
      vertex -29.7749 2.37044 -2
      vertex -31.4952 5.41066 -2
      vertex -29.5969 2.73534 -2
    endloop
  endfacet
  facet normal 0 0 -1
    outer loop
      vertex -29.5969 2.73534 -2
      vertex -31.4952 5.41066 -2
      vertex -30.7436 6.12926 -2
    endloop
  endfacet
  facet normal -0 0 -1
    outer loop
      vertex -29.3478 3.01836 -2
      vertex -29.5969 2.73534 -2
      vertex -30.7436 6.12926 -2
    endloop
  endfacet
  facet normal 0 0 -1
    outer loop
      vertex -29.0273 3.23015 -2
      vertex -29.8503 6.64253 -2
      vertex -28.8154 6.95048 -2
    endloop
  endfacet
  facet normal 0 0 -1
    outer loop
      vertex -28.6357 3.38142 -2
      vertex -28.8154 6.95048 -2
      vertex -28.1728 3.47221 -2
    endloop
  endfacet
  facet normal -0 0 -1
    outer loop
      vertex -28.6357 3.38142 -2
      vertex -29.0273 3.23015 -2
      vertex -28.8154 6.95048 -2
    endloop
  endfacet
  facet normal -0 0 -1
    outer loop
      vertex -27.6387 3.50246 -2
      vertex -28.1728 3.47221 -2
      vertex -27.6387 7.05315 -2
    endloop
  endfacet
  facet normal 0 0 -1
    outer loop
      vertex -27.0969 3.46388 -2
      vertex -26.5932 6.96413 -2
      vertex -26.6335 3.34819 -2
    endloop
  endfacet
  facet normal 0 0 -1
    outer loop
      vertex -26.2483 3.15535 -2
      vertex -25.6551 6.69713 -2
      vertex -24.8245 6.25209 -2
    endloop
  endfacet
  facet normal 0 0 -1
    outer loop
      vertex -26.6335 3.34819 -2
      vertex -25.6551 6.69713 -2
      vertex -26.2483 3.15535 -2
    endloop
  endfacet
  facet normal 0 0 -1
    outer loop
      vertex -25.9414 2.88533 -2
      vertex -26.2483 3.15535 -2
      vertex -24.8245 6.25209 -2
    endloop
  endfacet
  facet normal 0 0 -1
    outer loop
      vertex -26.6335 3.34819 -2
      vertex -26.5932 6.96413 -2
      vertex -25.6551 6.69713 -2
    endloop
  endfacet
  facet normal -0 0 -1
    outer loop
      vertex -24.1015 5.62907 -2
      vertex -25.6986 2.53703 -2
      vertex -24.8245 6.25209 -2
    endloop
  endfacet
  facet normal 0 0 -1
    outer loop
      vertex -24.1015 5.62907 -2
      vertex -25.5055 2.10927 -2
      vertex -25.6986 2.53703 -2
    endloop
  endfacet
  facet normal 0 -0 -1
    outer loop
      vertex -23.4952 4.83751 -2
      vertex -23.0149 3.88698 -2
      vertex -25.5055 2.10927 -2
    endloop
  endfacet
  facet normal 0 0 -1
    outer loop
      vertex -25.5055 2.10927 -2
      vertex -23.0149 3.88698 -2
      vertex -25.3624 1.60197 -2
    endloop
  endfacet
  facet normal 0 0 -1
    outer loop
      vertex -25.3624 1.60197 -2
      vertex -23.0149 3.88698 -2
      vertex -22.6606 2.77742 -2
    endloop
  endfacet
  facet normal -0 0 -1
    outer loop
      vertex -23.4952 4.83751 -2
      vertex -25.5055 2.10927 -2
      vertex -24.1015 5.62907 -2
    endloop
  endfacet
  facet normal 0 0 -1
    outer loop
      vertex -17.1991 -1.30122 -2
      vertex -20.4879 -1.12566 -2
      vertex -20.2038 0.977157 -2
    endloop
  endfacet
  facet normal 0 0 -1
    outer loop
      vertex -25.6986 2.53703 -2
      vertex -25.9414 2.88533 -2
      vertex -24.8245 6.25209 -2
    endloop
  endfacet
  facet normal 0 0 -1
    outer loop
      vertex -13.8667 3.36259 -2
      vertex -12.4312 6.3007 -2
      vertex -13.4723 2.97392 -2
    endloop
  endfacet
  facet normal 0 0 -1
    outer loop
      vertex -27.6387 7.05315 -2
      vertex -27.0969 3.46388 -2
      vertex -27.6387 3.50246 -2
    endloop
  endfacet
  facet normal -0 0 -1
    outer loop
      vertex -15.3495 3.59166 -2
      vertex -15.8162 3.34593 -2
      vertex -16.0833 6.8632 -2
    endloop
  endfacet
  facet normal 0 0 -1
    outer loop
      vertex -29.8817 1.92363 -2
      vertex -32.5163 3.44325 -2
      vertex -32.0908 4.50825 -2
    endloop
  endfacet
  facet normal 0 0 -1
    outer loop
      vertex -29.9173 1.39491 -2
      vertex -32.7715 2.21562 -2
      vertex -29.8817 1.92363 -2
    endloop
  endfacet
  facet normal 0 0 -1
    outer loop
      vertex -29.8899 0.971847 -2
      vertex -32.7327 -0.819535 -2
      vertex -32.8257 -0.0320898 -2
    endloop
  endfacet
  facet normal 0 0 -1
    outer loop
      vertex -29.8076 0.595077 -2
      vertex -32.0851 -2.76811 -2
      vertex -32.361 -2.18434 -2
    endloop
  endfacet
  facet normal 0 0 -1
    outer loop
      vertex -29.6706 0.264572 -2
      vertex -31.753 -3.29497 -2
      vertex -32.0851 -2.76811 -2
    endloop
  endfacet
  facet normal 0 0 -1
    outer loop
      vertex -31.3646 -3.76491 -2
      vertex -29.4787 -0.0196692 -2
      vertex -30.9199 -4.17793 -2
    endloop
  endfacet
  facet normal 0 -0 -1
    outer loop
      vertex -29.4787 -0.0196692 -2
      vertex -29.2219 -0.269456 -2
      vertex -30.3367 -4.57008 -2
    endloop
  endfacet
  facet normal 0 0 -1
    outer loop
      vertex -30.3367 -4.57008 -2
      vertex -29.2219 -0.269456 -2
      vertex -28.8905 -0.49672 -2
    endloop
  endfacet
  facet normal 0 0 -1
    outer loop
      vertex -29.5328 -4.97768 -2
      vertex -28.8905 -0.49672 -2
      vertex -28.4843 -0.701371 -2
    endloop
  endfacet
  facet normal 0 0 -1
    outer loop
      vertex -28.5082 -5.40071 -2
      vertex -28.4843 -0.701371 -2
      vertex -28.0033 -0.883469 -2
    endloop
  endfacet
  facet normal 0 0 -1
    outer loop
      vertex -25.3561 -13.8449 -2
      vertex -25.702 -10.1685 -2
      vertex -24.4137 -13.3138 -2
    endloop
  endfacet
  facet normal 0 -0 -1
    outer loop
      vertex -27.3002 -1.13219 -2
      vertex -27.2629 -5.83919 -2
      vertex -28.5082 -5.40071 -2
    endloop
  endfacet
  facet normal 0 0 -1
    outer loop
      vertex -25.2406 -9.43739 -2
      vertex -25.1253 -8.95079 -2
      vertex -22.9711 -11.6406 -2
    endloop
  endfacet
  facet normal 0 -0 -1
    outer loop
      vertex -25.4344 -1.89958 -2
      vertex -24.901 -2.17302 -2
      vertex -26.2503 -6.28319 -2
    endloop
  endfacet
  facet normal 0 0 -1
    outer loop
      vertex -26.4387 -14.1635 -2
      vertex -27.035 -10.7025 -2
      vertex -26.4995 -10.5957 -2
    endloop
  endfacet
  facet normal 0 0 -1
    outer loop
      vertex -25.3656 -7.13225 -2
      vertex -23.0248 -3.96666 -2
      vertex -25.2107 -7.49831 -2
    endloop
  endfacet
  facet normal 0 0 -1
    outer loop
      vertex -26.4995 -10.5957 -2
      vertex -26.0552 -10.4177 -2
      vertex -25.3561 -13.8449 -2
    endloop
  endfacet
  facet normal 0 -0 -1
    outer loop
      vertex -22.7713 -4.45503 -2
      vertex -22.552 -4.9944 -2
      vertex -25.2107 -7.49831 -2
    endloop
  endfacet
  facet normal -0 0 -1
    outer loop
      vertex -22.2487 -6.28319 -2
      vertex -25.2107 -7.49831 -2
      vertex -22.3751 -5.59905 -2
    endloop
  endfacet
  facet normal 0 0 -1
    outer loop
      vertex -25.2107 -7.49831 -2
      vertex -22.552 -4.9944 -2
      vertex -22.3751 -5.59905 -2
    endloop
  endfacet
  facet normal 0 0 -1
    outer loop
      vertex -25.1178 -7.91542 -2
      vertex -22.2487 -6.28319 -2
      vertex -22.1729 -7.0468 -2
    endloop
  endfacet
  facet normal 0 -0 -1
    outer loop
      vertex -22.1729 -7.0468 -2
      vertex -22.1476 -7.88991 -2
      vertex -25.1178 -7.91542 -2
    endloop
  endfacet
  facet normal 0 0 -1
    outer loop
      vertex -25.1253 -8.95079 -2
      vertex -25.0868 -8.38353 -2
      vertex -22.2391 -9.30037 -2
    endloop
  endfacet
  facet normal 0 0 -1
    outer loop
      vertex -22.9711 -11.6406 -2
      vertex -25.1253 -8.95079 -2
      vertex -22.5136 -10.5506 -2
    endloop
  endfacet
  facet normal 0 0 -1
    outer loop
      vertex -23.6116 -12.5704 -2
      vertex -25.2406 -9.43739 -2
      vertex -22.9711 -11.6406 -2
    endloop
  endfacet
  facet normal 0 0 -1
    outer loop
      vertex -23.6116 -12.5704 -2
      vertex -25.4329 -9.84331 -2
      vertex -25.2406 -9.43739 -2
    endloop
  endfacet
  facet normal 0 -0 -1
    outer loop
      vertex -25.4329 -9.84331 -2
      vertex -24.4137 -13.3138 -2
      vertex -25.702 -10.1685 -2
    endloop
  endfacet
  facet normal -0 0 -1
    outer loop
      vertex -23.6116 -12.5704 -2
      vertex -24.4137 -13.3138 -2
      vertex -25.4329 -9.84331 -2
    endloop
  endfacet
  facet normal 0 0 -1
    outer loop
      vertex -25.3561 -13.8449 -2
      vertex -26.0552 -10.4177 -2
      vertex -25.702 -10.1685 -2
    endloop
  endfacet
  facet normal 0 0 -1
    outer loop
      vertex -26.4387 -14.1635 -2
      vertex -26.4995 -10.5957 -2
      vertex -25.3561 -13.8449 -2
    endloop
  endfacet
  facet normal -0 0 -1
    outer loop
      vertex -26.4387 -14.1635 -2
      vertex -27.6616 -14.2697 -2
      vertex -27.035 -10.7025 -2
    endloop
  endfacet
  facet normal 0 0 -1
    outer loop
      vertex -27.6616 -10.7381 -2
      vertex -27.035 -10.7025 -2
      vertex -27.6616 -14.2697 -2
    endloop
  endfacet
  facet normal 0 0 -1
    outer loop
      vertex -28.8574 -14.186 -2
      vertex -29.9045 -13.9351 -2
      vertex -28.902 -10.5862 -2
    endloop
  endfacet
  facet normal 0 0 -1
    outer loop
      vertex -30.2064 -9.30928 -2
      vertex -31.5521 -12.9313 -2
      vertex -32.1705 -12.1688 -2
    endloop
  endfacet
  facet normal -0 0 -1
    outer loop
      vertex -29.9782 -9.77327 -2
      vertex -31.5521 -12.9313 -2
      vertex -30.2064 -9.30928 -2
    endloop
  endfacet
  facet normal 0 0 -1
    outer loop
      vertex -30.2064 -9.30928 -2
      vertex -32.1705 -12.1688 -2
      vertex -32.6757 -11.22 -2
    endloop
  endfacet
  facet normal 0 0 -1
    outer loop
      vertex -30.3912 -8.73851 -2
      vertex -32.6757 -11.22 -2
      vertex -33.0676 -10.0849 -2
    endloop
  endfacet
  facet normal 0 0 -1
    outer loop
      vertex -33.0676 -10.0849 -2
      vertex -30.5325 -8.06099 -2
      vertex -30.3912 -8.73851 -2
    endloop
  endfacet
  facet normal 0 0 -1
    outer loop
      vertex -33.0676 -10.0849 -2
      vertex -33.3464 -8.7635 -2
      vertex -30.5325 -8.06099 -2
    endloop
  endfacet
  facet normal 0 -0 -1
    outer loop
      vertex -30.3912 -8.73851 -2
      vertex -30.2064 -9.30928 -2
      vertex -32.6757 -11.22 -2
    endloop
  endfacet
  facet normal 0 0 -1
    outer loop
      vertex -30.8027 -13.5168 -2
      vertex -31.5521 -12.9313 -2
      vertex -29.9782 -9.77327 -2
    endloop
  endfacet
  facet normal -0 0 -1
    outer loop
      vertex -29.7066 -10.1304 -2
      vertex -30.8027 -13.5168 -2
      vertex -29.9782 -9.77327 -2
    endloop
  endfacet
  facet normal 0 0 -1
    outer loop
      vertex -29.7066 -10.1304 -2
      vertex -29.9045 -13.9351 -2
      vertex -30.8027 -13.5168 -2
    endloop
  endfacet
  facet normal 0 0 -1
    outer loop
      vertex -29.9045 -13.9351 -2
      vertex -29.3588 -10.3963 -2
      vertex -28.902 -10.5862 -2
    endloop
  endfacet
  facet normal 0 0 -1
    outer loop
      vertex -28.902 -10.5862 -2
      vertex -28.3362 -10.7001 -2
      vertex -28.8574 -14.186 -2
    endloop
  endfacet
  facet normal 0 0 -1
    outer loop
      vertex -28.8574 -14.186 -2
      vertex -28.3362 -10.7001 -2
      vertex -27.6616 -14.2697 -2
    endloop
  endfacet
  facet normal 0 0 -1
    outer loop
      vertex -12.5168 -8.25081 -2
      vertex -9.49764 -8.68733 -2
      vertex -10.3215 -11.1296 -2
    endloop
  endfacet
  facet normal 0 -0 -1
    outer loop
      vertex -17.1801 -6.05113 -2
      vertex -17.0552 -7.27528 -2
      vertex -20.2095 -8.15331 -2
    endloop
  endfacet
  facet normal 0 0 -1
    outer loop
      vertex -9.31536 -4.64302 -2
      vertex -12.4141 -1.30122 -2
      vertex -9.31536 -4.49126 -2
    endloop
  endfacet
  facet normal 0 0 -1
    outer loop
      vertex -13.2743 -10.0877 -2
      vertex -11.4829 -12.8741 -2
      vertex -12.9817 -13.9208 -2
    endloop
  endfacet
  facet normal 0 -0 -1
    outer loop
      vertex -12.8172 -9.32231 -2
      vertex -11.4829 -12.8741 -2
      vertex -13.2743 -10.0877 -2
    endloop
  endfacet
  facet normal 0 0 -1
    outer loop
      vertex -13.888 -10.5469 -2
      vertex -13.2743 -10.0877 -2
      vertex -12.9817 -13.9208 -2
    endloop
  endfacet
  facet normal 0 0 -1
    outer loop
      vertex -14.818 -14.2697 -2
      vertex -13.888 -10.5469 -2
      vertex -12.9817 -13.9208 -2
    endloop
  endfacet
  facet normal 0 0 -1
    outer loop
      vertex -14.818 -14.2697 -2
      vertex -14.6584 -10.7 -2
      vertex -13.888 -10.5469 -2
    endloop
  endfacet
  facet normal 0 0 -1
    outer loop
      vertex -14.818 -14.2697 -2
      vertex -15.2384 -10.6044 -2
      vertex -14.6584 -10.7 -2
    endloop
  endfacet
  facet normal 0 0 -1
    outer loop
      vertex -20.4894 -5.99525 -2
      vertex -17.2218 -4.64302 -2
      vertex -17.1801 -6.05113 -2
    endloop
  endfacet
  facet normal 0 0 -1
    outer loop
      vertex -20.5826 -3.52272 -2
      vertex -17.2218 -4.64302 -2
      vertex -20.4894 -5.99525 -2
    endloop
  endfacet
  facet normal -0 0 -1
    outer loop
      vertex -10.7166 4.10054 -2
      vertex -13.132 2.42979 -2
      vertex -11.4956 5.38399 -2
    endloop
  endfacet
  facet normal -0 -0 -1
    outer loop
      vertex -9.40294 -1.83241 -2
      vertex -9.31536 -4.49126 -2
      vertex -12.4141 -1.30122 -2
    endloop
  endfacet
  facet normal 0 0 -1
    outer loop
      vertex -14.7725 7.0341 -2
      vertex -13.5235 6.85075 -2
      vertex -14.3153 3.59581 -2
    endloop
  endfacet
  facet normal -0 0 -1
    outer loop
      vertex -15.8162 3.34593 -2
      vertex -16.2182 2.93645 -2
      vertex -17.2361 6.35054 -2
    endloop
  endfacet
  facet normal 0 -0 -1
    outer loop
      vertex -19.7303 2.78566 -2
      vertex -17.021 0.792007 -2
      vertex -20.2038 0.977157 -2
    endloop
  endfacet
  facet normal 0 0 -1
    outer loop
      vertex -20.2038 0.977157 -2
      vertex -17.021 0.792007 -2
      vertex -17.146 -0.189347 -2
    endloop
  endfacet
  facet normal 0 0 -1
    outer loop
      vertex -17.1991 -1.30122 -2
      vertex -20.2038 0.977157 -2
      vertex -17.146 -0.189347 -2
    endloop
  endfacet
  facet normal 0 0 -1
    outer loop
      vertex -20.5826 -3.52272 -2
      vertex -20.4879 -1.12566 -2
      vertex -17.1991 -1.30122 -2
    endloop
  endfacet
  facet normal 0 0 -1
    outer loop
      vertex -20.5826 -3.52272 -2
      vertex -17.1991 -1.30122 -2
      vertex -17.2218 -4.64302 -2
    endloop
  endfacet
  facet normal 0 0 -1
    outer loop
      vertex -20.2095 -8.15331 -2
      vertex -20.4894 -5.99525 -2
      vertex -17.1801 -6.05113 -2
    endloop
  endfacet
  facet normal 0 0 -1
    outer loop
      vertex -20.2095 -8.15331 -2
      vertex -17.0552 -7.27528 -2
      vertex -19.7432 -9.99687 -2
    endloop
  endfacet
  facet normal 0 0 -1
    outer loop
      vertex -16.5553 -9.17174 -2
      vertex -18.2636 -12.7264 -2
      vertex -19.0903 -11.526 -2
    endloop
  endfacet
  facet normal 0 0 -1
    outer loop
      vertex -18.2636 -12.7264 -2
      vertex -16.1869 -9.84035 -2
      vertex -17.276 -13.5838 -2
    endloop
  endfacet
  facet normal 0 -0 -1
    outer loop
      vertex -16.1869 -9.84035 -2
      vertex -15.7479 -10.3179 -2
      vertex -17.276 -13.5838 -2
    endloop
  endfacet
  facet normal 0 0 -1
    outer loop
      vertex -16.1275 -14.0982 -2
      vertex -15.7479 -10.3179 -2
      vertex -15.2384 -10.6044 -2
    endloop
  endfacet
  facet normal 0 0 -1
    outer loop
      vertex -14.818 -14.2697 -2
      vertex -16.1275 -14.0982 -2
      vertex -15.2384 -10.6044 -2
    endloop
  endfacet
  facet normal 0 0 -1
    outer loop
      vertex -17.2218 -4.64302 -2
      vertex -12.4141 -1.30122 -2
      vertex -9.31536 -4.64302 -2
    endloop
  endfacet
  facet normal 0 0 -1
    outer loop
      vertex -12.6392 0.875167 -2
      vertex -10.1036 2.46349 -2
      vertex -12.4932 -0.1353 -2
    endloop
  endfacet
  facet normal 0 0 -1
    outer loop
      vertex -19.7303 2.78566 -2
      vertex -16.8241 1.64284 -2
      vertex -17.021 0.792007 -2
    endloop
  endfacet
  facet normal 0 -0 -1
    outer loop
      vertex -17.1991 -1.30122 -2
      vertex -12.4141 -1.30122 -2
      vertex -17.2218 -4.64302 -2
    endloop
  endfacet
  facet normal 0 -0 -1
    outer loop
      vertex -19.0674 4.29991 -2
      vertex -16.8241 1.64284 -2
      vertex -19.7303 2.78566 -2
    endloop
  endfacet
  facet normal 0 0 -1
    outer loop
      vertex -19.0674 4.29991 -2
      vertex -18.2308 5.49611 -2
      vertex -16.5553 2.36314 -2
    endloop
  endfacet
  facet normal 0 0 -1
    outer loop
      vertex -19.0674 4.29991 -2
      vertex -16.5553 2.36314 -2
      vertex -16.8241 1.64284 -2
    endloop
  endfacet
  facet normal 0 0 -1
    outer loop
      vertex -16.5553 2.36314 -2
      vertex -18.2308 5.49611 -2
      vertex -16.2182 2.93645 -2
    endloop
  endfacet
  facet normal 0 0 -1
    outer loop
      vertex -16.2182 2.93645 -2
      vertex -18.2308 5.49611 -2
      vertex -17.2361 6.35054 -2
    endloop
  endfacet
  facet normal 0 0 -1
    outer loop
      vertex -15.8162 3.34593 -2
      vertex -17.2361 6.35054 -2
      vertex -16.0833 6.8632 -2
    endloop
  endfacet
  facet normal 0 0 -1
    outer loop
      vertex -15.3495 3.59166 -2
      vertex -14.7725 7.0341 -2
      vertex -14.818 3.67354 -2
    endloop
  endfacet
  facet normal 0 0 -1
    outer loop
      vertex -16.0833 6.8632 -2
      vertex -14.7725 7.0341 -2
      vertex -15.3495 3.59166 -2
    endloop
  endfacet
  facet normal 0 0 -1
    outer loop
      vertex -14.818 3.67354 -2
      vertex -14.7725 7.0341 -2
      vertex -14.3153 3.59581 -2
    endloop
  endfacet
  facet normal 0 0 -1
    outer loop
      vertex -14.3153 3.59581 -2
      vertex -13.5235 6.85075 -2
      vertex -13.8667 3.36259 -2
    endloop
  endfacet
  facet normal 0 0 -1
    outer loop
      vertex -13.8667 3.36259 -2
      vertex -13.5235 6.85075 -2
      vertex -12.4312 6.3007 -2
    endloop
  endfacet
  facet normal 0 0 -1
    outer loop
      vertex -13.4723 2.97392 -2
      vertex -12.4312 6.3007 -2
      vertex -11.4956 5.38399 -2
    endloop
  endfacet
  facet normal 0 0 -1
    outer loop
      vertex -13.132 2.42979 -2
      vertex -13.4723 2.97392 -2
      vertex -11.4956 5.38399 -2
    endloop
  endfacet
  facet normal 0 0 -1
    outer loop
      vertex -12.8521 1.73018 -2
      vertex -13.132 2.42979 -2
      vertex -10.7166 4.10054 -2
    endloop
  endfacet
  facet normal 0 0 -1
    outer loop
      vertex -12.6392 0.875167 -2
      vertex -12.8521 1.73018 -2
      vertex -10.7166 4.10054 -2
    endloop
  endfacet
  facet normal -0 0 -1
    outer loop
      vertex -10.1036 2.46349 -2
      vertex -12.6392 0.875167 -2
      vertex -10.7166 4.10054 -2
    endloop
  endfacet
  facet normal -0 0 -1
    outer loop
      vertex -9.66568 0.485824 -2
      vertex -12.4932 -0.1353 -2
      vertex -10.1036 2.46349 -2
    endloop
  endfacet
  facet normal 0 0 -1
    outer loop
      vertex 46.2399 -10.0877 -2
      vertex 48.0313 -12.8741 -2
      vertex 46.5325 -13.9208 -2
    endloop
  endfacet
  facet normal 0 -0 -1
    outer loop
      vertex 46.697 -9.32231 -2
      vertex 48.0313 -12.8741 -2
      vertex 46.2399 -10.0877 -2
    endloop
  endfacet
  facet normal 0 0 -1
    outer loop
      vertex 45.6261 -10.5469 -2
      vertex 46.2399 -10.0877 -2
      vertex 46.5325 -13.9208 -2
    endloop
  endfacet
  facet normal 0 0 -1
    outer loop
      vertex 44.6961 -14.2697 -2
      vertex 45.6261 -10.5469 -2
      vertex 46.5325 -13.9208 -2
    endloop
  endfacet
  facet normal 0 0 -1
    outer loop
      vertex 44.2758 -10.6044 -2
      vertex 44.8557 -10.7 -2
      vertex 44.6961 -14.2697 -2
    endloop
  endfacet
  facet normal 0 0 -1
    outer loop
      vertex 43.7663 -10.3179 -2
      vertex 43.3867 -14.0982 -2
      vertex 42.2382 -13.5838 -2
    endloop
  endfacet
  facet normal -0 0 -1
    outer loop
      vertex 43.3273 -9.84035 -2
      vertex 41.2506 -12.7264 -2
      vertex 42.9589 -9.17174 -2
    endloop
  endfacet
  facet normal 0 0 -1
    outer loop
      vertex 39.771 -9.99687 -2
      vertex 42.459 -7.27528 -2
      vertex 42.6673 -8.31551 -2
    endloop
  endfacet
  facet normal 0 0 -1
    outer loop
      vertex 40.4239 -11.526 -2
      vertex 39.771 -9.99687 -2
      vertex 42.6673 -8.31551 -2
    endloop
  endfacet
  facet normal 0 0 -1
    outer loop
      vertex 42.459 -7.27528 -2
      vertex 39.771 -9.99687 -2
      vertex 39.3046 -8.15331 -2
    endloop
  endfacet
  facet normal 0 0 -1
    outer loop
      vertex 42.3151 -1.30122 -2
      vertex 39.3103 0.977157 -2
      vertex 42.3682 -0.189347 -2
    endloop
  endfacet
  facet normal -0 -0 -1
    outer loop
      vertex 50.1988 -4.49126 -2
      vertex 50.1988 -4.64302 -2
      vertex 47.1 -1.30122 -2
    endloop
  endfacet
  facet normal -0 -0 -1
    outer loop
      vertex 50.1112 -1.83241 -2
      vertex 50.1988 -4.49126 -2
      vertex 47.1 -1.30122 -2
    endloop
  endfacet
  facet normal 0 0 -1
    outer loop
      vertex 47.1 -1.30122 -2
      vertex 49.8485 0.485824 -2
      vertex 50.1112 -1.83241 -2
    endloop
  endfacet
  facet normal 0 0 -1
    outer loop
      vertex 44.7417 7.0341 -2
      vertex 44.1646 3.59166 -2
      vertex 43.4308 6.8632 -2
    endloop
  endfacet
  facet normal 0 -0 -1
    outer loop
      vertex 43.4308 6.8632 -2
      vertex 43.6979 3.34593 -2
      vertex 42.2781 6.35054 -2
    endloop
  endfacet
  facet normal -0 0 -1
    outer loop
      vertex 43.296 2.93645 -2
      vertex 42.9589 2.36314 -2
      vertex 41.2834 5.49611 -2
    endloop
  endfacet
  facet normal 0 0 -1
    outer loop
      vertex 42.69 1.64284 -2
      vertex 39.7838 2.78566 -2
      vertex 40.4467 4.29991 -2
    endloop
  endfacet
  facet normal -0 0 -1
    outer loop
      vertex 47.1 -1.30122 -2
      vertex 42.2924 -4.64302 -2
      vertex 42.3151 -1.30122 -2
    endloop
  endfacet
  facet normal 0 -0 -1
    outer loop
      vertex 39.7838 2.78566 -2
      vertex 42.4931 0.792007 -2
      vertex 39.3103 0.977157 -2
    endloop
  endfacet
  facet normal 0 0 -1
    outer loop
      vertex 39.3103 0.977157 -2
      vertex 42.4931 0.792007 -2
      vertex 42.3682 -0.189347 -2
    endloop
  endfacet
  facet normal 0 0 -1
    outer loop
      vertex 38.9315 -3.52272 -2
      vertex 39.0262 -1.12566 -2
      vertex 42.3151 -1.30122 -2
    endloop
  endfacet
  facet normal 0 0 -1
    outer loop
      vertex 42.2924 -4.64302 -2
      vertex 38.9315 -3.52272 -2
      vertex 42.3151 -1.30122 -2
    endloop
  endfacet
  facet normal 0 0 -1
    outer loop
      vertex 42.334 -6.05113 -2
      vertex 39.0248 -5.99525 -2
      vertex 42.2924 -4.64302 -2
    endloop
  endfacet
  facet normal -0 0 -1
    outer loop
      vertex 42.459 -7.27528 -2
      vertex 39.3046 -8.15331 -2
      vertex 42.334 -6.05113 -2
    endloop
  endfacet
  facet normal 0 0 -1
    outer loop
      vertex 40.4239 -11.526 -2
      vertex 42.6673 -8.31551 -2
      vertex 42.9589 -9.17174 -2
    endloop
  endfacet
  facet normal 0 0 -1
    outer loop
      vertex 41.2506 -12.7264 -2
      vertex 40.4239 -11.526 -2
      vertex 42.9589 -9.17174 -2
    endloop
  endfacet
  facet normal 0 0 -1
    outer loop
      vertex 42.2382 -13.5838 -2
      vertex 41.2506 -12.7264 -2
      vertex 43.3273 -9.84035 -2
    endloop
  endfacet
  facet normal -0 0 -1
    outer loop
      vertex 43.7663 -10.3179 -2
      vertex 42.2382 -13.5838 -2
      vertex 43.3273 -9.84035 -2
    endloop
  endfacet
  facet normal -0 0 -1
    outer loop
      vertex 44.2758 -10.6044 -2
      vertex 43.3867 -14.0982 -2
      vertex 43.7663 -10.3179 -2
    endloop
  endfacet
  facet normal 0 -0 -1
    outer loop
      vertex 44.2758 -10.6044 -2
      vertex 44.6961 -14.2697 -2
      vertex 43.3867 -14.0982 -2
    endloop
  endfacet
  facet normal 0 0 -1
    outer loop
      vertex 42.2924 -4.64302 -2
      vertex 47.1 -1.30122 -2
      vertex 50.1988 -4.64302 -2
    endloop
  endfacet
  facet normal 0 0 -1
    outer loop
      vertex 46.875 0.875167 -2
      vertex 49.4106 2.46349 -2
      vertex 47.021 -0.1353 -2
    endloop
  endfacet
  facet normal -0 0 -1
    outer loop
      vertex 42.69 1.64284 -2
      vertex 42.4931 0.792007 -2
      vertex 39.7838 2.78566 -2
    endloop
  endfacet
  facet normal -0 0 -1
    outer loop
      vertex 42.9589 2.36314 -2
      vertex 42.69 1.64284 -2
      vertex 40.4467 4.29991 -2
    endloop
  endfacet
  facet normal 0 -0 -1
    outer loop
      vertex 41.2834 5.49611 -2
      vertex 42.9589 2.36314 -2
      vertex 40.4467 4.29991 -2
    endloop
  endfacet
  facet normal 0 -0 -1
    outer loop
      vertex 42.2781 6.35054 -2
      vertex 43.296 2.93645 -2
      vertex 41.2834 5.49611 -2
    endloop
  endfacet
  facet normal 0 0 -1
    outer loop
      vertex 42.2781 6.35054 -2
      vertex 43.6979 3.34593 -2
      vertex 43.296 2.93645 -2
    endloop
  endfacet
  facet normal 0 0 -1
    outer loop
      vertex 43.4308 6.8632 -2
      vertex 44.1646 3.59166 -2
      vertex 43.6979 3.34593 -2
    endloop
  endfacet
  facet normal 0 0 -1
    outer loop
      vertex 44.7417 7.0341 -2
      vertex 44.6961 3.67354 -2
      vertex 44.1646 3.59166 -2
    endloop
  endfacet
  facet normal 0 -0 -1
    outer loop
      vertex 44.7417 7.0341 -2
      vertex 45.1989 3.59581 -2
      vertex 44.6961 3.67354 -2
    endloop
  endfacet
  facet normal 0 0 -1
    outer loop
      vertex 45.9906 6.85075 -2
      vertex 45.6474 3.36259 -2
      vertex 45.1989 3.59581 -2
    endloop
  endfacet
  facet normal 0 -0 -1
    outer loop
      vertex 45.9906 6.85075 -2
      vertex 47.0829 6.3007 -2
      vertex 45.6474 3.36259 -2
    endloop
  endfacet
  facet normal 0 -0 -1
    outer loop
      vertex 47.0829 6.3007 -2
      vertex 48.0186 5.38399 -2
      vertex 46.0419 2.97392 -2
    endloop
  endfacet
  facet normal 0 0 -1
    outer loop
      vertex 46.0419 2.97392 -2
      vertex 48.0186 5.38399 -2
      vertex 46.3822 2.42979 -2
    endloop
  endfacet
  facet normal 0 0 -1
    outer loop
      vertex 46.3822 2.42979 -2
      vertex 48.7975 4.10054 -2
      vertex 46.662 1.73018 -2
    endloop
  endfacet
  facet normal 0 0 -1
    outer loop
      vertex 46.662 1.73018 -2
      vertex 48.7975 4.10054 -2
      vertex 46.875 0.875167 -2
    endloop
  endfacet
  facet normal 0 0 -1
    outer loop
      vertex 46.875 0.875167 -2
      vertex 48.7975 4.10054 -2
      vertex 49.4106 2.46349 -2
    endloop
  endfacet
  facet normal 0 0 -1
    outer loop
      vertex 47.1 -1.30122 -2
      vertex 47.021 -0.1353 -2
      vertex 49.8485 0.485824 -2
    endloop
  endfacet
  facet normal 0 0 -1
    outer loop
      vertex 47.021 -0.1353 -2
      vertex 49.4106 2.46349 -2
      vertex 49.8485 0.485824 -2
    endloop
  endfacet
  facet normal 0 0 -1
    outer loop
      vertex 33.3184 6.65443 -2
      vertex 36.5198 6.65443 -2
      vertex 36.5198 -13.89 -2
    endloop
  endfacet
  facet normal 0 0 -1
    outer loop
      vertex 33.3184 -13.89 -2
      vertex 33.3184 6.65443 -2
      vertex 36.5198 -13.89 -2
    endloop
  endfacet
  facet normal 0 -0 1
    outer loop
      vertex 36.5198 10.3571 2
      vertex 36.5198 14.2875 2
      vertex 33.3184 14.2875 2
    endloop
  endfacet
  facet normal 0 0 1
    outer loop
      vertex 42.2924 -4.64302 2
      vertex 38.9315 -3.52272 2
      vertex 39.0248 -5.99525 2
    endloop
  endfacet
  facet normal 0 0 1
    outer loop
      vertex 33.3184 10.3571 2
      vertex 36.5198 10.3571 2
      vertex 33.3184 14.2875 2
    endloop
  endfacet
  facet normal 0 0 1
    outer loop
      vertex 61.2253 -3.14305 2
      vertex 60.8585 -2.79475 2
      vertex 59.2771 -6.81722 2
    endloop
  endfacet
  facet normal 0 0 1
    outer loop
      vertex 53.495 -3.76491 2
      vertex 55.3809 -0.0196692 2
      vertex 55.189 0.264572 2
    endloop
  endfacet
  facet normal -0 0 1
    outer loop
      vertex 26.9876 14.2875 2
      vertex 30.189 -13.89 2
      vertex 30.189 14.2875 2
    endloop
  endfacet
  facet normal 0 0 1
    outer loop
      vertex 26.9876 -13.89 2
      vertex 30.189 -13.89 2
      vertex 26.9876 14.2875 2
    endloop
  endfacet
  facet normal 0 0 1
    outer loop
      vertex 18.8932 6.78728 2
      vertex 18.8789 3.33168 2
      vertex 19.4805 3.22603 2
    endloop
  endfacet
  facet normal 0 0 1
    outer loop
      vertex 20.7615 -8.8535 2
      vertex 22.8317 -12.6837 2
      vertex 23.5099 -11.4501 2
    endloop
  endfacet
  facet normal 0 0 1
    outer loop
      vertex 20.7615 -8.8535 2
      vertex 23.5099 -11.4501 2
      vertex 24.0457 -9.89848 2
    endloop
  endfacet
  facet normal 0 0 1
    outer loop
      vertex 22.0218 -13.5648 2
      vertex 20.7615 -8.8535 2
      vertex 19.9676 -10.1814 2
    endloop
  endfacet
  facet normal 0 0 1
    outer loop
      vertex 24.0457 -9.89848 2
      vertex 21.2378 -6.64031 2
      vertex 20.7615 -8.8535 2
    endloop
  endfacet
  facet normal 0 -0 1
    outer loop
      vertex 21.2428 -0.499161 2
      vertex 24.4426 0.936813 2
      vertex 21.0505 0.683944 2
    endloop
  endfacet
  facet normal 0 0 1
    outer loop
      vertex 24.4426 0.936813 2
      vertex 24.0777 2.74708 2
      vertex 21.0505 0.683944 2
    endloop
  endfacet
  facet normal 0 0 1
    outer loop
      vertex 16.2701 3.0847 2
      vertex 16.9022 1.51839 2
      vertex 17.28 2.31169 2
    endloop
  endfacet
  facet normal 0 0 1
    outer loop
      vertex 20.2118 7.0341 2
      vertex 18.8932 6.78728 2
      vertex 19.4805 3.22603 2
    endloop
  endfacet
  facet normal 0 0 1
    outer loop
      vertex 17.7966 6.04677 2
      vertex 18.2683 3.21834 2
      vertex 18.8789 3.33168 2
    endloop
  endfacet
  facet normal 0 0 1
    outer loop
      vertex 20.2118 7.0341 2
      vertex 19.9982 2.90913 2
      vertex 21.2418 6.86143 2
    endloop
  endfacet
  facet normal 0 0 1
    outer loop
      vertex 16.2244 3.0847 2
      vertex 16.6057 0.511459 2
      vertex 16.9022 1.51839 2
    endloop
  endfacet
  facet normal 0 0 1
    outer loop
      vertex 16.9223 4.81258 2
      vertex 17.28 2.31169 2
      vertex 17.7354 2.87834 2
    endloop
  endfacet
  facet normal 0 0 1
    outer loop
      vertex 16.9223 4.81258 2
      vertex 17.7354 2.87834 2
      vertex 18.2683 3.21834 2
    endloop
  endfacet
  facet normal 0 -0 1
    outer loop
      vertex 21.0505 0.683944 2
      vertex 23.5668 4.27135 2
      vertex 20.7814 1.64159 2
    endloop
  endfacet
  facet normal 0 0 1
    outer loop
      vertex 16.8908 -8.80129 2
      vertex 16.2472 -10.5863 2
      vertex 16.2701 -10.5863 2
    endloop
  endfacet
  facet normal 0 -0 1
    outer loop
      vertex 16.244 -10.9494 2
      vertex 16.2472 -10.5863 2
      vertex 13.063 -10.5896 2
    endloop
  endfacet
  facet normal 0 0 1
    outer loop
      vertex 13.0687 14.2875 2
      vertex 13.0687 -9.20003 2
      vertex 16.2244 3.0847 2
    endloop
  endfacet
  facet normal 0 0 1
    outer loop
      vertex 16.2701 14.2875 2
      vertex 13.0687 14.2875 2
      vertex 16.2701 6.4265 2
    endloop
  endfacet
  facet normal 0 0 1
    outer loop
      vertex 13.0687 14.2875 2
      vertex 16.2244 3.0847 2
      vertex 16.2701 6.4265 2
    endloop
  endfacet
  facet normal -0 0 1
    outer loop
      vertex 13.0174 -12.9346 2
      vertex 16.17 -12.9359 2
      vertex 13.0459 -11.8345 2
    endloop
  endfacet
  facet normal 0 0 1
    outer loop
      vertex -51.8114 -7.05437 2
      vertex -50.3872 -13.89 2
      vertex -47.0607 -13.89 2
    endloop
  endfacet
  facet normal 0 -0 1
    outer loop
      vertex 16.1433 -13.3584 2
      vertex 16.17 -12.9359 2
      vertex 13.0174 -12.9346 2
    endloop
  endfacet
  facet normal 0 0 1
    outer loop
      vertex -4.09629 3.40523 2
      vertex -4.11409 4.00511 2
      vertex -7.19938 3.56181 2
    endloop
  endfacet
  facet normal 0 0 1
    outer loop
      vertex 16.1433 -13.3584 2
      vertex 13.0174 -12.9346 2
      vertex 16.1159 -13.6764 2
    endloop
  endfacet
  facet normal 0 0 1
    outer loop
      vertex 5.4306 3.04689 2
      vertex 4.5533 6.00874 2
      vertex 4.98457 2.95256 2
    endloop
  endfacet
  facet normal 0 0 1
    outer loop
      vertex 13.0174 -12.9346 2
      vertex 16.0878 -13.89 2
      vertex 16.1159 -13.6764 2
    endloop
  endfacet
  facet normal 0 0 1
    outer loop
      vertex 10.2411 2.52708 2
      vertex 7.18231 0.00291382 2
      vertex 10.4184 0.951705 2
    endloop
  endfacet
  facet normal 0 0 1
    outer loop
      vertex 19.9676 -10.1814 2
      vertex 20.0067 -14.2697 2
      vertex 21.0801 -14.0934 2
    endloop
  endfacet
  facet normal 0 0 1
    outer loop
      vertex -0.447875 7.05315 2
      vertex -1.04137 6.98668 2
      vertex -0.986077 2.70869 2
    endloop
  endfacet
  facet normal 0 0 1
    outer loop
      vertex 12.9776 -13.89 2
      vertex 16.0878 -13.89 2
      vertex 13.0174 -12.9346 2
    endloop
  endfacet
  facet normal -0 0 1
    outer loop
      vertex 19.3738 -14.2103 2
      vertex 20.0067 -14.2697 2
      vertex 19.9676 -10.1814 2
    endloop
  endfacet
  facet normal 0 -0 1
    outer loop
      vertex 16.17 -12.9359 2
      vertex 16.196 -12.4091 2
      vertex 13.0459 -11.8345 2
    endloop
  endfacet
  facet normal 0 0 1
    outer loop
      vertex 18.2462 -10.5102 2
      vertex 17.2889 -12.7936 2
      vertex 17.7396 -13.3205 2
    endloop
  endfacet
  facet normal 0 -0 1
    outer loop
      vertex 16.196 -12.4091 2
      vertex 16.2184 -11.8608 2
      vertex 13.0459 -11.8345 2
    endloop
  endfacet
  facet normal 0 -0 1
    outer loop
      vertex 16.2184 -11.8608 2
      vertex 16.2344 -11.3742 2
      vertex 13.0459 -11.8345 2
    endloop
  endfacet
  facet normal 0 0 1
    outer loop
      vertex 13.0459 -11.8345 2
      vertex 16.2344 -11.3742 2
      vertex 13.063 -10.5896 2
    endloop
  endfacet
  facet normal 0 -0 1
    outer loop
      vertex 16.2344 -11.3742 2
      vertex 16.244 -10.9494 2
      vertex 13.063 -10.5896 2
    endloop
  endfacet
  facet normal 0 0 1
    outer loop
      vertex 13.0687 -9.20003 2
      vertex 16.2667 -2.10402 2
      vertex 16.3938 -0.696 2
    endloop
  endfacet
  facet normal 0 0 1
    outer loop
      vertex 13.063 -10.5896 2
      vertex 16.2472 -10.5863 2
      vertex 13.0687 -9.20003 2
    endloop
  endfacet
  facet normal 0 0 1
    outer loop
      vertex 16.2701 -10.5863 2
      vertex 17.2636 -9.59877 2
      vertex 16.8908 -8.80129 2
    endloop
  endfacet
  facet normal 0 0 1
    outer loop
      vertex 21.3581 -1.90773 2
      vertex 21.3966 -3.54176 2
      vertex 24.7346 -3.54176 2
    endloop
  endfacet
  facet normal 0 0 1
    outer loop
      vertex 18.2462 -10.5102 2
      vertex 18.2402 -13.7358 2
      vertex 18.8561 -10.6241 2
    endloop
  endfacet
  facet normal -0 0 1
    outer loop
      vertex 17.7396 -13.3205 2
      vertex 18.2402 -13.7358 2
      vertex 18.2462 -10.5102 2
    endloop
  endfacet
  facet normal 0 0 1
    outer loop
      vertex 18.8561 -10.6241 2
      vertex 18.2402 -13.7358 2
      vertex 18.7849 -14.0324 2
    endloop
  endfacet
  facet normal 0 0 1
    outer loop
      vertex 18.2462 -10.5102 2
      vertex 17.7154 -10.1684 2
      vertex 17.2889 -12.7936 2
    endloop
  endfacet
  facet normal -0 0 1
    outer loop
      vertex 18.7849 -14.0324 2
      vertex 19.3738 -14.2103 2
      vertex 18.8561 -10.6241 2
    endloop
  endfacet
  facet normal 0 -0 1
    outer loop
      vertex 24.4284 -8.06322 2
      vertex 24.658 -5.94432 2
      vertex 21.2378 -6.64031 2
    endloop
  endfacet
  facet normal 0 -0 1
    outer loop
      vertex 17.2889 -12.7936 2
      vertex 17.7154 -10.1684 2
      vertex 16.8937 -12.1622 2
    endloop
  endfacet
  facet normal -0 0 1
    outer loop
      vertex 16.5541 -11.4264 2
      vertex 16.8937 -12.1622 2
      vertex 17.7154 -10.1684 2
    endloop
  endfacet
  facet normal 0 0 1
    outer loop
      vertex 24.6616 -1.15947 2
      vertex 24.4426 0.936813 2
      vertex 21.2428 -0.499161 2
    endloop
  endfacet
  facet normal 0 0 1
    outer loop
      vertex 16.5541 -11.4264 2
      vertex 17.7154 -10.1684 2
      vertex 17.2636 -9.59877 2
    endloop
  endfacet
  facet normal 0 -0 1
    outer loop
      vertex 16.5541 -11.4264 2
      vertex 17.2636 -9.59877 2
      vertex 16.2701 -10.5863 2
    endloop
  endfacet
  facet normal 0 0 1
    outer loop
      vertex 16.5992 -7.7997 2
      vertex 16.2472 -10.5863 2
      vertex 16.8908 -8.80129 2
    endloop
  endfacet
  facet normal -0 0 1
    outer loop
      vertex 13.0687 -9.20003 2
      vertex 16.2472 -10.5863 2
      vertex 16.5992 -7.7997 2
    endloop
  endfacet
  facet normal 0 0 1
    outer loop
      vertex 13.0687 -9.20003 2
      vertex 16.5992 -7.7997 2
      vertex 16.391 -6.61772 2
    endloop
  endfacet
  facet normal 0 0 1
    outer loop
      vertex 13.0687 -9.20003 2
      vertex 16.391 -6.61772 2
      vertex 16.266 -5.25533 2
    endloop
  endfacet
  facet normal 0 0 1
    outer loop
      vertex 13.0687 -9.20003 2
      vertex 16.2244 -3.71257 2
      vertex 16.2667 -2.10402 2
    endloop
  endfacet
  facet normal 0 0 1
    outer loop
      vertex 13.0687 -9.20003 2
      vertex 16.266 -5.25533 2
      vertex 16.2244 -3.71257 2
    endloop
  endfacet
  facet normal 0 0 1
    outer loop
      vertex 16.3938 -0.696 2
      vertex 16.2244 3.0847 2
      vertex 13.0687 -9.20003 2
    endloop
  endfacet
  facet normal 0 0 1
    outer loop
      vertex 16.2244 3.0847 2
      vertex 16.3938 -0.696 2
      vertex 16.6057 0.511459 2
    endloop
  endfacet
  facet normal 0 0 1
    outer loop
      vertex 16.2701 3.0847 2
      vertex 16.2244 3.0847 2
      vertex 16.9022 1.51839 2
    endloop
  endfacet
  facet normal 0 0 1
    outer loop
      vertex 16.9223 4.81258 2
      vertex 16.2701 3.0847 2
      vertex 17.28 2.31169 2
    endloop
  endfacet
  facet normal -0 0 1
    outer loop
      vertex 16.9223 4.81258 2
      vertex 18.2683 3.21834 2
      vertex 17.7966 6.04677 2
    endloop
  endfacet
  facet normal -0 0 1
    outer loop
      vertex 17.7966 6.04677 2
      vertex 18.8789 3.33168 2
      vertex 18.8932 6.78728 2
    endloop
  endfacet
  facet normal 0 0 1
    outer loop
      vertex 20.2118 7.0341 2
      vertex 19.4805 3.22603 2
      vertex 19.9982 2.90913 2
    endloop
  endfacet
  facet normal 0 0 1
    outer loop
      vertex 21.2418 6.86143 2
      vertex 20.4318 2.381 2
      vertex 22.1443 6.34343 2
    endloop
  endfacet
  facet normal 0 0 1
    outer loop
      vertex 21.2418 6.86143 2
      vertex 19.9982 2.90913 2
      vertex 20.4318 2.381 2
    endloop
  endfacet
  facet normal -0 0 1
    outer loop
      vertex 20.4318 2.381 2
      vertex 20.7814 1.64159 2
      vertex 22.9193 5.48006 2
    endloop
  endfacet
  facet normal 0 0 1
    outer loop
      vertex 22.1443 6.34343 2
      vertex 20.4318 2.381 2
      vertex 22.9193 5.48006 2
    endloop
  endfacet
  facet normal 0 0 1
    outer loop
      vertex 20.7814 1.64159 2
      vertex 23.5668 4.27135 2
      vertex 22.9193 5.48006 2
    endloop
  endfacet
  facet normal 0 0 1
    outer loop
      vertex 21.0505 0.683944 2
      vertex 24.0777 2.74708 2
      vertex 23.5668 4.27135 2
    endloop
  endfacet
  facet normal 0 0 1
    outer loop
      vertex 24.6616 -1.15947 2
      vertex 21.2428 -0.499161 2
      vertex 21.3581 -1.90773 2
    endloop
  endfacet
  facet normal 0 0 1
    outer loop
      vertex 24.6616 -1.15947 2
      vertex 21.3581 -1.90773 2
      vertex 24.7346 -3.54176 2
    endloop
  endfacet
  facet normal 0 0 1
    outer loop
      vertex 24.7346 -3.54176 2
      vertex 21.3966 -3.54176 2
      vertex 24.658 -5.94432 2
    endloop
  endfacet
  facet normal 0 0 1
    outer loop
      vertex 21.3966 -3.54176 2
      vertex 21.2378 -6.64031 2
      vertex 24.658 -5.94432 2
    endloop
  endfacet
  facet normal 0 0 1
    outer loop
      vertex 21.2378 -6.64031 2
      vertex 24.0457 -9.89848 2
      vertex 24.4284 -8.06322 2
    endloop
  endfacet
  facet normal 0 0 1
    outer loop
      vertex 20.7615 -8.8535 2
      vertex 22.0218 -13.5648 2
      vertex 22.8317 -12.6837 2
    endloop
  endfacet
  facet normal 0 0 1
    outer loop
      vertex 19.9676 -10.1814 2
      vertex 21.0801 -14.0934 2
      vertex 22.0218 -13.5648 2
    endloop
  endfacet
  facet normal -0 0 1
    outer loop
      vertex 18.8561 -10.6241 2
      vertex 19.3738 -14.2103 2
      vertex 19.9676 -10.1814 2
    endloop
  endfacet
  facet normal 0 0 1
    outer loop
      vertex -52.5633 -2.83925 2
      vertex -57.9291 -7.05437 2
      vertex -51.8114 -7.05437 2
    endloop
  endfacet
  facet normal 0 0 1
    outer loop
      vertex -57.1773 -2.83925 2
      vertex -62.7141 -13.89 2
      vertex -57.9291 -7.05437 2
    endloop
  endfacet
  facet normal 0 0 1
    outer loop
      vertex -52.8936 12.8634 2
      vertex -52.5633 -2.83925 2
      vertex -47.0607 -13.89 2
    endloop
  endfacet
  facet normal -0 0 1
    outer loop
      vertex 2.98134 2.57204 2
      vertex 3.63322 0.710891 2
      vertex 3.04971 2.57204 2
    endloop
  endfacet
  facet normal -0 0 1
    outer loop
      vertex -57.1773 -2.83925 2
      vertex -57.9291 -7.05437 2
      vertex -52.5633 -2.83925 2
    endloop
  endfacet
  facet normal 0 0 1
    outer loop
      vertex -62.7141 -13.89 2
      vertex -59.3532 -13.89 2
      vertex -57.9291 -7.05437 2
    endloop
  endfacet
  facet normal 0 0 1
    outer loop
      vertex -47.0607 -13.89 2
      vertex -52.5633 -2.83925 2
      vertex -51.8114 -7.05437 2
    endloop
  endfacet
  facet normal 0 0 1
    outer loop
      vertex -56.3798 1.03661 2
      vertex -56.8583 12.8634 2
      vertex -57.1773 -2.83925 2
    endloop
  endfacet
  facet normal 0 0 1
    outer loop
      vertex -56.8583 12.8634 2
      vertex -62.7141 -13.89 2
      vertex -57.1773 -2.83925 2
    endloop
  endfacet
  facet normal 0 0 1
    outer loop
      vertex -55.7873 3.92982 2
      vertex -56.8583 12.8634 2
      vertex -56.3798 1.03661 2
    endloop
  endfacet
  facet normal 0 0 1
    outer loop
      vertex -55.4 5.84041 2
      vertex -56.8583 12.8634 2
      vertex -55.7873 3.92982 2
    endloop
  endfacet
  facet normal 0 0 1
    outer loop
      vertex -55.2177 6.76839 2
      vertex -56.8583 12.8634 2
      vertex -55.4 5.84041 2
    endloop
  endfacet
  facet normal 0 0 1
    outer loop
      vertex -55.1409 7.19319 2
      vertex -56.8583 12.8634 2
      vertex -55.2177 6.76839 2
    endloop
  endfacet
  facet normal 0 0 1
    outer loop
      vertex -55.0696 7.59431 2
      vertex -56.8583 12.8634 2
      vertex -55.1409 7.19319 2
    endloop
  endfacet
  facet normal 0 0 1
    outer loop
      vertex -55.0041 7.97172 2
      vertex -56.8583 12.8634 2
      vertex -55.0696 7.59431 2
    endloop
  endfacet
  facet normal 0 0 1
    outer loop
      vertex -54.9442 8.32545 2
      vertex -56.8583 12.8634 2
      vertex -55.0041 7.97172 2
    endloop
  endfacet
  facet normal 0 0 1
    outer loop
      vertex -54.876 8.74324 2
      vertex -56.8583 12.8634 2
      vertex -54.9442 8.32545 2
    endloop
  endfacet
  facet normal 0 0 1
    outer loop
      vertex -52.8936 12.8634 2
      vertex -56.8583 12.8634 2
      vertex -54.876 8.74324 2
    endloop
  endfacet
  facet normal 0 0 1
    outer loop
      vertex -52.8936 12.8634 2
      vertex -54.6366 7.43282 2
      vertex -54.1469 4.85066 2
    endloop
  endfacet
  facet normal 0 0 1
    outer loop
      vertex -52.8936 12.8634 2
      vertex -54.876 8.74324 2
      vertex -54.6366 7.43282 2
    endloop
  endfacet
  facet normal 0 0 1
    outer loop
      vertex -52.5633 -2.83925 2
      vertex -52.8936 12.8634 2
      vertex -54.1469 4.85066 2
    endloop
  endfacet
  facet normal 0 0 1
    outer loop
      vertex 3.24324 -2.63039 2
      vertex 0.0648572 -13.89 2
      vertex 3.24324 -13.89 2
    endloop
  endfacet
  facet normal 0 0 1
    outer loop
      vertex -7.2208 4.765 2
      vertex -7.20831 4.20079 2
      vertex -4.13901 4.72719 2
    endloop
  endfacet
  facet normal 0 0 1
    outer loop
      vertex 3.30562 -1.37303 2
      vertex -0.0519092 0.00291382 2
      vertex 0.0648572 -2.36467 2
    endloop
  endfacet
  facet normal 0 -0 1
    outer loop
      vertex -3.64808 0.508376 2
      vertex -3.3815 1.39491 2
      vertex -4.08206 2.57204 2
    endloop
  endfacet
  facet normal -0 0 1
    outer loop
      vertex -4.03652 2.57204 2
      vertex -3.05431 2.11766 2
      vertex -3.72211 3.66856 2
    endloop
  endfacet
  facet normal 0 -0 1
    outer loop
      vertex -3.3815 1.39491 2
      vertex -3.05431 2.11766 2
      vertex -4.03652 2.57204 2
    endloop
  endfacet
  facet normal 0 0 1
    outer loop
      vertex -2.68224 2.6339 2
      vertex -3.37141 4.60371 2
      vertex -3.72211 3.66856 2
    endloop
  endfacet
  facet normal 0 0 1
    outer loop
      vertex -2.26529 2.94365 2
      vertex -2.56115 5.9897 2
      vertex -2.98443 5.37743 2
    endloop
  endfacet
  facet normal 0 -0 1
    outer loop
      vertex -1.80348 3.04689 2
      vertex -1.59142 6.78728 2
      vertex -2.098 6.45497 2
    endloop
  endfacet
  facet normal 0 0 1
    outer loop
      vertex -0.986077 2.70869 2
      vertex -1.04137 6.98668 2
      vertex -1.59142 6.78728 2
    endloop
  endfacet
  facet normal 0 0 1
    outer loop
      vertex -0.402227 1.69401 2
      vertex 1.82214 5.93288 2
      vertex 0.825972 6.77309 2
    endloop
  endfacet
  facet normal -0 0 1
    outer loop
      vertex 5.55022 6.79204 2
      vertex 5.4306 3.04689 2
      vertex 6.13839 6.98787 2
    endloop
  endfacet
  facet normal 0 0 1
    outer loop
      vertex 3.24324 -2.63039 2
      vertex 0.0648572 -2.36467 2
      vertex 0.0648572 -13.89 2
    endloop
  endfacet
  facet normal 0 0 1
    outer loop
      vertex 7.2991 -13.89 2
      vertex 10.4775 -13.89 2
      vertex 7.2991 -2.36467 2
    endloop
  endfacet
  facet normal 0 0 1
    outer loop
      vertex 3.30562 -1.37303 2
      vertex 0.0648572 -2.36467 2
      vertex 3.24324 -2.63039 2
    endloop
  endfacet
  facet normal 0 0 1
    outer loop
      vertex -0.0519092 0.00291382 2
      vertex 3.30562 -1.37303 2
      vertex 3.43561 -0.259263 2
    endloop
  endfacet
  facet normal 0 0 1
    outer loop
      vertex 3.63322 0.710891 2
      vertex 2.98134 2.57204 2
      vertex 3.43561 -0.259263 2
    endloop
  endfacet
  facet normal 0 0 1
    outer loop
      vertex 4.21849 2.19783 2
      vertex 3.37861 3.68404 2
      vertex 3.04971 2.57204 2
    endloop
  endfacet
  facet normal 0 -0 1
    outer loop
      vertex 4.58053 2.66954 2
      vertex 4.98457 2.95256 2
      vertex 3.73885 4.62752 2
    endloop
  endfacet
  facet normal 0 0 1
    outer loop
      vertex 4.98457 2.95256 2
      vertex 4.13042 5.40242 2
      vertex 3.73885 4.62752 2
    endloop
  endfacet
  facet normal 0 0 1
    outer loop
      vertex 6.13839 6.98787 2
      vertex 5.4306 3.04689 2
      vertex 6.24807 2.70869 2
    endloop
  endfacet
  facet normal -0 0 1
    outer loop
      vertex 6.13839 6.98787 2
      vertex 6.24807 2.70869 2
      vertex 6.78637 7.05315 2
    endloop
  endfacet
  facet normal 0 0 1
    outer loop
      vertex 6.24807 2.70869 2
      vertex 8.37283 6.54283 2
      vertex 7.63301 6.92558 2
    endloop
  endfacet
  facet normal 0 0 1
    outer loop
      vertex 6.83198 1.69401 2
      vertex 9.532 5.01195 2
      vertex 9.00582 5.90498 2
    endloop
  endfacet
  facet normal 0 0 1
    outer loop
      vertex 10.4775 -0.845658 2
      vertex 10.4184 0.951705 2
      vertex 7.18231 0.00291382 2
    endloop
  endfacet
  facet normal 0 -0 1
    outer loop
      vertex 7.18231 0.00291382 2
      vertex 10.2411 2.52708 2
      vertex 6.83198 1.69401 2
    endloop
  endfacet
  facet normal 0 0 1
    outer loop
      vertex 7.18231 0.00291382 2
      vertex 7.2991 -2.36467 2
      vertex 10.4775 -0.845658 2
    endloop
  endfacet
  facet normal 0 -0 1
    outer loop
      vertex 10.4775 -13.89 2
      vertex 10.4775 -0.845658 2
      vertex 7.2991 -2.36467 2
    endloop
  endfacet
  facet normal 0 0 1
    outer loop
      vertex 9.94565 3.88051 2
      vertex 6.83198 1.69401 2
      vertex 10.2411 2.52708 2
    endloop
  endfacet
  facet normal 0 0 1
    outer loop
      vertex 9.532 5.01195 2
      vertex 6.83198 1.69401 2
      vertex 9.94565 3.88051 2
    endloop
  endfacet
  facet normal 0 0 1
    outer loop
      vertex 9.00582 5.90498 2
      vertex 8.37283 6.54283 2
      vertex 6.83198 1.69401 2
    endloop
  endfacet
  facet normal 0 0 1
    outer loop
      vertex 8.37283 6.54283 2
      vertex 6.24807 2.70869 2
      vertex 6.83198 1.69401 2
    endloop
  endfacet
  facet normal 0 0 1
    outer loop
      vertex 7.63301 6.92558 2
      vertex 6.78637 7.05315 2
      vertex 6.24807 2.70869 2
    endloop
  endfacet
  facet normal -0 0 1
    outer loop
      vertex 5.02187 6.46568 2
      vertex 5.4306 3.04689 2
      vertex 5.55022 6.79204 2
    endloop
  endfacet
  facet normal -0 0 1
    outer loop
      vertex 4.5533 6.00874 2
      vertex 5.4306 3.04689 2
      vertex 5.02187 6.46568 2
    endloop
  endfacet
  facet normal -0 0 1
    outer loop
      vertex 4.13042 5.40242 2
      vertex 4.98457 2.95256 2
      vertex 4.5533 6.00874 2
    endloop
  endfacet
  facet normal 0 -0 1
    outer loop
      vertex -0.402227 1.69401 2
      vertex 0.825972 6.77309 2
      vertex -0.986077 2.70869 2
    endloop
  endfacet
  facet normal 0 0 1
    outer loop
      vertex -0.402227 1.69401 2
      vertex 2.98134 2.57204 2
      vertex 2.54059 4.53252 2
    endloop
  endfacet
  facet normal 0 0 1
    outer loop
      vertex 4.58053 2.66954 2
      vertex 3.73885 4.62752 2
      vertex 3.37861 3.68404 2
    endloop
  endfacet
  facet normal 0 0 1
    outer loop
      vertex 4.58053 2.66954 2
      vertex 3.37861 3.68404 2
      vertex 4.21849 2.19783 2
    endloop
  endfacet
  facet normal 0 0 1
    outer loop
      vertex 4.21849 2.19783 2
      vertex 3.04971 2.57204 2
      vertex 3.89844 1.53743 2
    endloop
  endfacet
  facet normal 0 0 1
    outer loop
      vertex 2.98134 2.57204 2
      vertex -0.0519092 0.00291382 2
      vertex 3.43561 -0.259263 2
    endloop
  endfacet
  facet normal 0 0 1
    outer loop
      vertex 3.89844 1.53743 2
      vertex 3.04971 2.57204 2
      vertex 3.63322 0.710891 2
    endloop
  endfacet
  facet normal 0 0 1
    outer loop
      vertex 2.98134 2.57204 2
      vertex -0.402227 1.69401 2
      vertex -0.0519092 0.00291382 2
    endloop
  endfacet
  facet normal 0 0 1
    outer loop
      vertex 1.82214 5.93288 2
      vertex -0.402227 1.69401 2
      vertex 2.54059 4.53252 2
    endloop
  endfacet
  facet normal 0 0 1
    outer loop
      vertex 0.825972 6.77309 2
      vertex -0.447875 7.05315 2
      vertex -0.986077 2.70869 2
    endloop
  endfacet
  facet normal -0 0 1
    outer loop
      vertex -1.80348 3.04689 2
      vertex -0.986077 2.70869 2
      vertex -1.59142 6.78728 2
    endloop
  endfacet
  facet normal -0 0 1
    outer loop
      vertex -2.56115 5.9897 2
      vertex -1.80348 3.04689 2
      vertex -2.098 6.45497 2
    endloop
  endfacet
  facet normal 0 -0 1
    outer loop
      vertex -2.26529 2.94365 2
      vertex -1.80348 3.04689 2
      vertex -2.56115 5.9897 2
    endloop
  endfacet
  facet normal -0 0 1
    outer loop
      vertex -3.37141 4.60371 2
      vertex -2.26529 2.94365 2
      vertex -2.98443 5.37743 2
    endloop
  endfacet
  facet normal 0 -0 1
    outer loop
      vertex -2.68224 2.6339 2
      vertex -2.26529 2.94365 2
      vertex -3.37141 4.60371 2
    endloop
  endfacet
  facet normal 0 -0 1
    outer loop
      vertex -3.05431 2.11766 2
      vertex -2.68224 2.6339 2
      vertex -3.72211 3.66856 2
    endloop
  endfacet
  facet normal 0 0 1
    outer loop
      vertex -7.20831 4.20079 2
      vertex -7.19938 3.56181 2
      vertex -4.11409 4.00511 2
    endloop
  endfacet
  facet normal 0 0 1
    outer loop
      vertex -3.3815 1.39491 2
      vertex -4.03652 2.57204 2
      vertex -4.08206 2.57204 2
    endloop
  endfacet
  facet normal 0 0 1
    outer loop
      vertex -3.64808 0.508376 2
      vertex -4.08206 2.57204 2
      vertex -3.83849 -0.499161 2
    endloop
  endfacet
  facet normal -0 0 1
    outer loop
      vertex -7.20831 4.20079 2
      vertex -4.11409 4.00511 2
      vertex -4.13901 4.72719 2
    endloop
  endfacet
  facet normal 0 -0 1
    outer loop
      vertex -7.2208 4.765 2
      vertex -4.16607 5.4351 2
      vertex -7.23536 5.2783 2
    endloop
  endfacet
  facet normal 0 0 1
    outer loop
      vertex -4.16607 5.4351 2
      vertex -4.19029 5.99229 2
      vertex -7.23536 5.2783 2
    endloop
  endfacet
  facet normal 0 0 1
    outer loop
      vertex -4.13901 4.72719 2
      vertex -4.16607 5.4351 2
      vertex -7.2208 4.765 2
    endloop
  endfacet
  facet normal -0 0 1
    outer loop
      vertex -7.25063 5.7643 2
      vertex -7.23536 5.2783 2
      vertex -4.19029 5.99229 2
    endloop
  endfacet
  facet normal 0 0 1
    outer loop
      vertex -7.25063 5.7643 2
      vertex -4.19029 5.99229 2
      vertex -4.21168 6.39873 2
    endloop
  endfacet
  facet normal -0 0 1
    outer loop
      vertex -7.28329 6.65443 2
      vertex -7.26659 6.22301 2
      vertex -4.23023 6.65443 2
    endloop
  endfacet
  facet normal 0 0 1
    outer loop
      vertex -7.26659 6.22301 2
      vertex -4.21168 6.39873 2
      vertex -4.23023 6.65443 2
    endloop
  endfacet
  facet normal 0 -0 1
    outer loop
      vertex -7.25063 5.7643 2
      vertex -4.21168 6.39873 2
      vertex -7.26659 6.22301 2
    endloop
  endfacet
  facet normal -0 0 1
    outer loop
      vertex -12.4932 -0.1353 2
      vertex -12.4141 -1.30122 2
      vertex -9.66568 0.485824 2
    endloop
  endfacet
  facet normal 0 -0 1
    outer loop
      vertex -38.2551 -6.81722 2
      vertex -37.0959 -2.47139 2
      vertex -38.546 -6.53896 2
    endloop
  endfacet
  facet normal 0 0 1
    outer loop
      vertex -7.19938 3.56181 2
      vertex -7.19403 2.8481 2
      vertex -4.09629 3.40523 2
    endloop
  endfacet
  facet normal 0 0 1
    outer loop
      vertex -7.19403 2.8481 2
      vertex -4.08561 2.92754 2
      vertex -4.09629 3.40523 2
    endloop
  endfacet
  facet normal 0 0 1
    outer loop
      vertex -4.08206 2.57204 2
      vertex -4.08561 2.92754 2
      vertex -7.19403 2.8481 2
    endloop
  endfacet
  facet normal 0 0 1
    outer loop
      vertex -35.444 -4.45503 2
      vertex -37.8834 -7.49831 2
      vertex -35.2247 -4.9944 2
    endloop
  endfacet
  facet normal 0 0 1
    outer loop
      vertex -4.08206 2.57204 2
      vertex -7.19403 2.8481 2
      vertex -7.19223 2.05962 2
    endloop
  endfacet
  facet normal 0 0 1
    outer loop
      vertex -36.307 -3.14305 2
      vertex -38.0383 -7.13225 2
      vertex -35.9851 -3.52934 2
    endloop
  endfacet
  facet normal 0 0 1
    outer loop
      vertex -4.08206 2.57204 2
      vertex -7.19223 2.05962 2
      vertex -3.83849 -0.499161 2
    endloop
  endfacet
  facet normal 0 0 1
    outer loop
      vertex -7.19223 2.05962 2
      vertex -3.95275 -1.62773 2
      vertex -3.83849 -0.499161 2
    endloop
  endfacet
  facet normal 0 -0 1
    outer loop
      vertex -25.1178 -7.91542 2
      vertex -22.2487 -6.28319 2
      vertex -25.2107 -7.49831 2
    endloop
  endfacet
  facet normal 0 -0 1
    outer loop
      vertex -3.99084 -2.87734 2
      vertex -3.95275 -1.62773 2
      vertex -7.19223 2.05962 2
    endloop
  endfacet
  facet normal 0 0 1
    outer loop
      vertex -23.3124 -3.52934 2
      vertex -23.6343 -3.14305 2
      vertex -25.3656 -7.13225 2
    endloop
  endfacet
  facet normal 0 0 1
    outer loop
      vertex -3.99084 -2.87734 2
      vertex -7.19223 2.05962 2
      vertex -7.19223 -13.89 2
    endloop
  endfacet
  facet normal 0 0 1
    outer loop
      vertex -24.001 -2.79475 2
      vertex -24.4232 -2.47139 2
      vertex -25.5824 -6.81722 2
    endloop
  endfacet
  facet normal 0 0 1
    outer loop
      vertex -3.99084 -2.87734 2
      vertex -7.19223 -13.89 2
      vertex -3.99084 -13.89 2
    endloop
  endfacet
  facet normal 0 -0 1
    outer loop
      vertex 59.7727 -8.38353 2
      vertex 62.7119 -7.88991 2
      vertex 59.7417 -7.91542 2
    endloop
  endfacet
  facet normal 0 0 1
    outer loop
      vertex 59.6488 -7.49831 2
      vertex 62.6108 -6.28319 2
      vertex 62.4844 -5.59905 2
    endloop
  endfacet
  facet normal 0 0 1
    outer loop
      vertex 61.2253 -3.14305 2
      vertex 59.494 -7.13225 2
      vertex 61.5471 -3.52934 2
    endloop
  endfacet
  facet normal 0 0 1
    outer loop
      vertex 59.2771 -6.81722 2
      vertex 60.8585 -2.79475 2
      vertex 60.4363 -2.47139 2
    endloop
  endfacet
  facet normal 0 -0 1
    outer loop
      vertex 59.494 -7.13225 2
      vertex 61.2253 -3.14305 2
      vertex 59.2771 -6.81722 2
    endloop
  endfacet
  facet normal -0 0 1
    outer loop
      vertex 58.9862 -6.53896 2
      vertex 59.2771 -6.81722 2
      vertex 60.4363 -2.47139 2
    endloop
  endfacet
  facet normal 0 0 1
    outer loop
      vertex 58.9862 -6.53896 2
      vertex 60.4363 -2.47139 2
      vertex 59.9585 -2.17302 2
    endloop
  endfacet
  facet normal 0 0 1
    outer loop
      vertex 61.5471 -3.52934 2
      vertex 59.494 -7.13225 2
      vertex 61.8348 -3.96666 2
    endloop
  endfacet
  facet normal 0 0 1
    outer loop
      vertex 59.9585 -2.17302 2
      vertex 58.6092 -6.28319 2
      vertex 58.9862 -6.53896 2
    endloop
  endfacet
  facet normal 0 0 1
    outer loop
      vertex 58.8438 -1.64024 2
      vertex 58.6092 -6.28319 2
      vertex 59.4251 -1.89958 2
    endloop
  endfacet
  facet normal -0 0 1
    outer loop
      vertex 59.7343 -8.95079 2
      vertex 62.6204 -9.30037 2
      vertex 59.7727 -8.38353 2
    endloop
  endfacet
  facet normal 0 -0 1
    outer loop
      vertex 58.6092 -6.28319 2
      vertex 58.8438 -1.64024 2
      vertex 58.146 -6.04994 2
    endloop
  endfacet
  facet normal 0 -0 1
    outer loop
      vertex 62.3459 -10.5506 2
      vertex 62.6204 -9.30037 2
      vertex 59.7343 -8.95079 2
    endloop
  endfacet
  facet normal 0 0 1
    outer loop
      vertex 58.2219 -1.38445 2
      vertex 58.146 -6.04994 2
      vertex 58.8438 -1.64024 2
    endloop
  endfacet
  facet normal 0 0 1
    outer loop
      vertex 52.088 2.21562 2
      vertex 52.0029 0.825393 2
      vertex 54.9422 1.39491 2
    endloop
  endfacet
  facet normal 0 0 1
    outer loop
      vertex 53.3644 5.41066 2
      vertex 52.7687 4.50825 2
      vertex 55.0846 2.37044 2
    endloop
  endfacet
  facet normal 0 -0 1
    outer loop
      vertex 57.5966 -5.83919 2
      vertex 58.2219 -1.38445 2
      vertex 57.5594 -1.13219 2
    endloop
  endfacet
  facet normal 0 0 1
    outer loop
      vertex 60.4458 -13.3138 2
      vertex 59.4267 -9.84331 2
      vertex 59.1575 -10.1685 2
    endloop
  endfacet
  facet normal 0 0 1
    outer loop
      vertex 57.5594 -1.13219 2
      vertex 56.8562 -0.883469 2
      vertex 56.3513 -5.40071 2
    endloop
  endfacet
  facet normal 0 -0 1
    outer loop
      vertex 56.3513 -5.40071 2
      vertex 56.3753 -0.701371 2
      vertex 55.3267 -4.97768 2
    endloop
  endfacet
  facet normal 0 -0 1
    outer loop
      vertex 55.3267 -4.97768 2
      vertex 55.969 -0.49672 2
      vertex 54.5228 -4.57008 2
    endloop
  endfacet
  facet normal -0 0 1
    outer loop
      vertex 53.9396 -4.17793 2
      vertex 54.5228 -4.57008 2
      vertex 55.3809 -0.0196692 2
    endloop
  endfacet
  facet normal -0 0 1
    outer loop
      vertex 52.1268 -0.819535 2
      vertex 52.2817 -1.53697 2
      vertex 55.0519 0.595077 2
    endloop
  endfacet
  facet normal 0 0 1
    outer loop
      vertex 55.0519 0.595077 2
      vertex 52.7744 -2.76811 2
      vertex 55.189 0.264572 2
    endloop
  endfacet
  facet normal -0 0 1
    outer loop
      vertex 52.0339 -0.0320898 2
      vertex 52.1268 -0.819535 2
      vertex 54.9696 0.971847 2
    endloop
  endfacet
  facet normal 0 0 1
    outer loop
      vertex 54.9422 1.39491 2
      vertex 52.0029 0.825393 2
      vertex 54.9696 0.971847 2
    endloop
  endfacet
  facet normal 0 0 1
    outer loop
      vertex 54.9551 -13.9351 2
      vertex 55.5008 -10.3963 2
      vertex 55.1529 -10.1304 2
    endloop
  endfacet
  facet normal -0 0 1
    outer loop
      vertex 52.088 2.21562 2
      vertex 54.9778 1.92363 2
      vertex 52.3433 3.44325 2
    endloop
  endfacet
  facet normal 0 -0 1
    outer loop
      vertex 54.9778 1.92363 2
      vertex 55.0846 2.37044 2
      vertex 52.7687 4.50825 2
    endloop
  endfacet
  facet normal 0 0 1
    outer loop
      vertex 54.1159 6.12926 2
      vertex 53.3644 5.41066 2
      vertex 55.2626 2.73534 2
    endloop
  endfacet
  facet normal -0 0 1
    outer loop
      vertex 54.1159 6.12926 2
      vertex 55.5117 3.01836 2
      vertex 55.0092 6.64253 2
    endloop
  endfacet
  facet normal -0 0 1
    outer loop
      vertex 55.0092 6.64253 2
      vertex 55.8322 3.23015 2
      vertex 56.0442 6.95048 2
    endloop
  endfacet
  facet normal 0 0 1
    outer loop
      vertex 57.2208 7.05315 2
      vertex 56.0442 6.95048 2
      vertex 56.6867 3.47221 2
    endloop
  endfacet
  facet normal 0 0 1
    outer loop
      vertex 57.7626 3.46388 2
      vertex 57.2208 7.05315 2
      vertex 57.2208 3.50246 2
    endloop
  endfacet
  facet normal 0 -0 1
    outer loop
      vertex 58.2261 3.34819 2
      vertex 58.2664 6.96413 2
      vertex 57.7626 3.46388 2
    endloop
  endfacet
  facet normal 0 -0 1
    outer loop
      vertex 58.6112 3.15535 2
      vertex 59.2044 6.69713 2
      vertex 58.2261 3.34819 2
    endloop
  endfacet
  facet normal 0 0 1
    outer loop
      vertex 59.5905 1.01521 2
      vertex 62.4271 1.50886 2
      vertex 62.1989 2.77742 2
    endloop
  endfacet
  facet normal 0 -0 1
    outer loop
      vertex 58.9181 2.88533 2
      vertex 60.035 6.25209 2
      vertex 58.6112 3.15535 2
    endloop
  endfacet
  facet normal 0 0 1
    outer loop
      vertex 59.161 2.53703 2
      vertex 60.758 5.62907 2
      vertex 60.035 6.25209 2
    endloop
  endfacet
  facet normal 0 0 1
    outer loop
      vertex 59.354 2.10927 2
      vertex 61.3643 4.83751 2
      vertex 60.758 5.62907 2
    endloop
  endfacet
  facet normal 0 -0 1
    outer loop
      vertex 59.354 2.10927 2
      vertex 60.758 5.62907 2
      vertex 59.161 2.53703 2
    endloop
  endfacet
  facet normal 0 0 1
    outer loop
      vertex 61.3643 4.83751 2
      vertex 59.354 2.10927 2
      vertex 61.8446 3.88698 2
    endloop
  endfacet
  facet normal -0 0 1
    outer loop
      vertex 59.354 2.10927 2
      vertex 59.4971 1.60197 2
      vertex 61.8446 3.88698 2
    endloop
  endfacet
  facet normal 0 -0 1
    outer loop
      vertex 59.5905 1.01521 2
      vertex 62.1989 2.77742 2
      vertex 59.4971 1.60197 2
    endloop
  endfacet
  facet normal 0 0 1
    outer loop
      vertex 59.4971 1.60197 2
      vertex 62.1989 2.77742 2
      vertex 61.8446 3.88698 2
    endloop
  endfacet
  facet normal 0 -0 1
    outer loop
      vertex 59.161 2.53703 2
      vertex 60.035 6.25209 2
      vertex 58.9181 2.88533 2
    endloop
  endfacet
  facet normal 0 0 1
    outer loop
      vertex 60.035 6.25209 2
      vertex 59.2044 6.69713 2
      vertex 58.6112 3.15535 2
    endloop
  endfacet
  facet normal 0 0 1
    outer loop
      vertex 59.2044 6.69713 2
      vertex 58.2664 6.96413 2
      vertex 58.2261 3.34819 2
    endloop
  endfacet
  facet normal 0 0 1
    outer loop
      vertex 58.2664 6.96413 2
      vertex 57.2208 7.05315 2
      vertex 57.7626 3.46388 2
    endloop
  endfacet
  facet normal 0 0 1
    outer loop
      vertex 57.2208 7.05315 2
      vertex 56.6867 3.47221 2
      vertex 57.2208 3.50246 2
    endloop
  endfacet
  facet normal 0 -0 1
    outer loop
      vertex 46.0419 2.97392 2
      vertex 47.0829 6.3007 2
      vertex 45.6474 3.36259 2
    endloop
  endfacet
  facet normal 0 0 1
    outer loop
      vertex 56.0442 6.95048 2
      vertex 56.2239 3.38142 2
      vertex 56.6867 3.47221 2
    endloop
  endfacet
  facet normal 0 0 1
    outer loop
      vertex 55.8322 3.23015 2
      vertex 56.2239 3.38142 2
      vertex 56.0442 6.95048 2
    endloop
  endfacet
  facet normal 0 -0 1
    outer loop
      vertex 55.5117 3.01836 2
      vertex 55.8322 3.23015 2
      vertex 55.0092 6.64253 2
    endloop
  endfacet
  facet normal 0 0 1
    outer loop
      vertex 54.1159 6.12926 2
      vertex 55.2626 2.73534 2
      vertex 55.5117 3.01836 2
    endloop
  endfacet
  facet normal 0 0 1
    outer loop
      vertex 53.3644 5.41066 2
      vertex 55.0846 2.37044 2
      vertex 55.2626 2.73534 2
    endloop
  endfacet
  facet normal 0 0 1
    outer loop
      vertex 52.7687 4.50825 2
      vertex 52.3433 3.44325 2
      vertex 54.9778 1.92363 2
    endloop
  endfacet
  facet normal -0 0 1
    outer loop
      vertex 44.8557 -10.7 2
      vertex 44.6961 -14.2697 2
      vertex 45.6261 -10.5469 2
    endloop
  endfacet
  facet normal 0 0 1
    outer loop
      vertex 54.9778 1.92363 2
      vertex 52.088 2.21562 2
      vertex 54.9422 1.39491 2
    endloop
  endfacet
  facet normal -0 0 1
    outer loop
      vertex 52.0029 0.825393 2
      vertex 52.0339 -0.0320898 2
      vertex 54.9696 0.971847 2
    endloop
  endfacet
  facet normal 0 -0 1
    outer loop
      vertex 45.1989 3.59581 2
      vertex 45.9906 6.85075 2
      vertex 44.7417 7.0341 2
    endloop
  endfacet
  facet normal 0 0 1
    outer loop
      vertex 54.9696 0.971847 2
      vertex 52.1268 -0.819535 2
      vertex 55.0519 0.595077 2
    endloop
  endfacet
  facet normal 0 0 1
    outer loop
      vertex 48.0186 5.38399 2
      vertex 46.3822 2.42979 2
      vertex 48.7975 4.10054 2
    endloop
  endfacet
  facet normal 0 0 1
    outer loop
      vertex 55.0519 0.595077 2
      vertex 52.2817 -1.53697 2
      vertex 52.4985 -2.18434 2
    endloop
  endfacet
  facet normal 0 0 1
    outer loop
      vertex 42.3151 -1.30122 2
      vertex 39.3103 0.977157 2
      vertex 39.0262 -1.12566 2
    endloop
  endfacet
  facet normal 0 0 1
    outer loop
      vertex 55.0519 0.595077 2
      vertex 52.4985 -2.18434 2
      vertex 52.7744 -2.76811 2
    endloop
  endfacet
  facet normal 0 0 1
    outer loop
      vertex 39.0248 -5.99525 2
      vertex 39.3046 -8.15331 2
      vertex 42.334 -6.05113 2
    endloop
  endfacet
  facet normal 0 0 1
    outer loop
      vertex 55.189 0.264572 2
      vertex 52.7744 -2.76811 2
      vertex 53.1066 -3.29497 2
    endloop
  endfacet
  facet normal 0 0 1
    outer loop
      vertex 55.189 0.264572 2
      vertex 53.1066 -3.29497 2
      vertex 53.495 -3.76491 2
    endloop
  endfacet
  facet normal 0 0 1
    outer loop
      vertex 46.9974 -8.25081 2
      vertex 46.697 -9.32231 2
      vertex 49.1927 -11.1296 2
    endloop
  endfacet
  facet normal 0 0 1
    outer loop
      vertex 55.3809 -0.0196692 2
      vertex 53.495 -3.76491 2
      vertex 53.9396 -4.17793 2
    endloop
  endfacet
  facet normal 0 0 1
    outer loop
      vertex 55.6376 -0.269456 2
      vertex 55.3809 -0.0196692 2
      vertex 54.5228 -4.57008 2
    endloop
  endfacet
  facet normal 0 0 1
    outer loop
      vertex 55.6376 -0.269456 2
      vertex 54.5228 -4.57008 2
      vertex 55.969 -0.49672 2
    endloop
  endfacet
  facet normal 0 0 1
    outer loop
      vertex 55.969 -0.49672 2
      vertex 55.3267 -4.97768 2
      vertex 56.3753 -0.701371 2
    endloop
  endfacet
  facet normal 0 0 1
    outer loop
      vertex 56.3753 -0.701371 2
      vertex 56.3513 -5.40071 2
      vertex 56.8562 -0.883469 2
    endloop
  endfacet
  facet normal 0 0 1
    outer loop
      vertex 57.5966 -5.83919 2
      vertex 57.5594 -1.13219 2
      vertex 56.3513 -5.40071 2
    endloop
  endfacet
  facet normal -0 0 1
    outer loop
      vertex 57.5966 -5.83919 2
      vertex 58.146 -6.04994 2
      vertex 58.2219 -1.38445 2
    endloop
  endfacet
  facet normal 0 0 1
    outer loop
      vertex 59.4251 -1.89958 2
      vertex 58.6092 -6.28319 2
      vertex 59.9585 -2.17302 2
    endloop
  endfacet
  facet normal 0 0 1
    outer loop
      vertex 59.6488 -7.49831 2
      vertex 62.0882 -4.45503 2
      vertex 61.8348 -3.96666 2
    endloop
  endfacet
  facet normal -0 0 1
    outer loop
      vertex 59.494 -7.13225 2
      vertex 59.6488 -7.49831 2
      vertex 61.8348 -3.96666 2
    endloop
  endfacet
  facet normal 0 0 1
    outer loop
      vertex 62.3075 -4.9944 2
      vertex 62.0882 -4.45503 2
      vertex 59.6488 -7.49831 2
    endloop
  endfacet
  facet normal 0 0 1
    outer loop
      vertex 62.3075 -4.9944 2
      vertex 59.6488 -7.49831 2
      vertex 62.4844 -5.59905 2
    endloop
  endfacet
  facet normal 0 0 1
    outer loop
      vertex 62.6108 -6.28319 2
      vertex 59.7417 -7.91542 2
      vertex 62.6866 -7.0468 2
    endloop
  endfacet
  facet normal 0 0 1
    outer loop
      vertex 62.6108 -6.28319 2
      vertex 59.6488 -7.49831 2
      vertex 59.7417 -7.91542 2
    endloop
  endfacet
  facet normal 0 0 1
    outer loop
      vertex 59.7417 -7.91542 2
      vertex 62.7119 -7.88991 2
      vertex 62.6866 -7.0468 2
    endloop
  endfacet
  facet normal -0 0 1
    outer loop
      vertex 59.7727 -8.38353 2
      vertex 62.6204 -9.30037 2
      vertex 62.7119 -7.88991 2
    endloop
  endfacet
  facet normal 0 0 1
    outer loop
      vertex 62.3459 -10.5506 2
      vertex 59.7343 -8.95079 2
      vertex 61.8884 -11.6406 2
    endloop
  endfacet
  facet normal 0 0 1
    outer loop
      vertex 59.6189 -9.43739 2
      vertex 61.2479 -12.5704 2
      vertex 61.8884 -11.6406 2
    endloop
  endfacet
  facet normal 0 0 1
    outer loop
      vertex 59.7343 -8.95079 2
      vertex 59.6189 -9.43739 2
      vertex 61.8884 -11.6406 2
    endloop
  endfacet
  facet normal -0 0 1
    outer loop
      vertex 59.4267 -9.84331 2
      vertex 61.2479 -12.5704 2
      vertex 59.6189 -9.43739 2
    endloop
  endfacet
  facet normal 0 -0 1
    outer loop
      vertex 60.4458 -13.3138 2
      vertex 61.2479 -12.5704 2
      vertex 59.4267 -9.84331 2
    endloop
  endfacet
  facet normal -0 0 1
    outer loop
      vertex 58.8043 -10.4177 2
      vertex 59.5035 -13.8449 2
      vertex 59.1575 -10.1685 2
    endloop
  endfacet
  facet normal 0 0 1
    outer loop
      vertex 59.1575 -10.1685 2
      vertex 59.5035 -13.8449 2
      vertex 60.4458 -13.3138 2
    endloop
  endfacet
  facet normal -0 0 1
    outer loop
      vertex 58.36 -10.5957 2
      vertex 59.5035 -13.8449 2
      vertex 58.8043 -10.4177 2
    endloop
  endfacet
  facet normal 0 -0 1
    outer loop
      vertex 58.4208 -14.1635 2
      vertex 59.5035 -13.8449 2
      vertex 58.36 -10.5957 2
    endloop
  endfacet
  facet normal 0 0 1
    outer loop
      vertex 58.4208 -14.1635 2
      vertex 58.36 -10.5957 2
      vertex 57.8246 -10.7025 2
    endloop
  endfacet
  facet normal 0 0 1
    outer loop
      vertex 58.4208 -14.1635 2
      vertex 57.8246 -10.7025 2
      vertex 57.198 -14.2697 2
    endloop
  endfacet
  facet normal 0 0 1
    outer loop
      vertex 57.8246 -10.7025 2
      vertex 57.198 -10.7381 2
      vertex 57.198 -14.2697 2
    endloop
  endfacet
  facet normal 0 0 1
    outer loop
      vertex 57.198 -10.7381 2
      vertex 56.5233 -10.7001 2
      vertex 57.198 -14.2697 2
    endloop
  endfacet
  facet normal 0 0 1
    outer loop
      vertex 56.0021 -14.186 2
      vertex 55.9576 -10.5862 2
      vertex 54.9551 -13.9351 2
    endloop
  endfacet
  facet normal 0 0 1
    outer loop
      vertex 54.8813 -9.77327 2
      vertex 54.6531 -9.30928 2
      vertex 53.3074 -12.9313 2
    endloop
  endfacet
  facet normal 0 0 1
    outer loop
      vertex 54.6531 -9.30928 2
      vertex 54.4683 -8.73851 2
      vertex 52.1838 -11.22 2
    endloop
  endfacet
  facet normal 0 0 1
    outer loop
      vertex 54.6531 -9.30928 2
      vertex 52.1838 -11.22 2
      vertex 52.689 -12.1688 2
    endloop
  endfacet
  facet normal -0 0 1
    outer loop
      vertex 51.7919 -10.0849 2
      vertex 52.1838 -11.22 2
      vertex 54.4683 -8.73851 2
    endloop
  endfacet
  facet normal 0 0 1
    outer loop
      vertex 51.7919 -10.0849 2
      vertex 54.4683 -8.73851 2
      vertex 54.327 -8.06099 2
    endloop
  endfacet
  facet normal 0 -0 1
    outer loop
      vertex 49.1927 -11.1296 2
      vertex 50.0165 -8.68733 2
      vertex 46.9974 -8.25081 2
    endloop
  endfacet
  facet normal 0 -0 1
    outer loop
      vertex 51.7919 -10.0849 2
      vertex 54.327 -8.06099 2
      vertex 51.5132 -8.7635 2
    endloop
  endfacet
  facet normal 0 0 1
    outer loop
      vertex 46.697 -9.32231 2
      vertex 48.0313 -12.8741 2
      vertex 49.1927 -11.1296 2
    endloop
  endfacet
  facet normal 0 0 1
    outer loop
      vertex 54.6531 -9.30928 2
      vertex 52.689 -12.1688 2
      vertex 53.3074 -12.9313 2
    endloop
  endfacet
  facet normal 0 0 1
    outer loop
      vertex 54.8813 -9.77327 2
      vertex 53.3074 -12.9313 2
      vertex 54.0568 -13.5168 2
    endloop
  endfacet
  facet normal 0 0 1
    outer loop
      vertex 54.8813 -9.77327 2
      vertex 54.0568 -13.5168 2
      vertex 55.1529 -10.1304 2
    endloop
  endfacet
  facet normal -0 0 1
    outer loop
      vertex 54.0568 -13.5168 2
      vertex 54.9551 -13.9351 2
      vertex 55.1529 -10.1304 2
    endloop
  endfacet
  facet normal 0 0 1
    outer loop
      vertex 54.9551 -13.9351 2
      vertex 55.9576 -10.5862 2
      vertex 55.5008 -10.3963 2
    endloop
  endfacet
  facet normal 0 -0 1
    outer loop
      vertex 56.0021 -14.186 2
      vertex 56.5233 -10.7001 2
      vertex 55.9576 -10.5862 2
    endloop
  endfacet
  facet normal 0 0 1
    outer loop
      vertex 57.198 -14.2697 2
      vertex 56.5233 -10.7001 2
      vertex 56.0021 -14.186 2
    endloop
  endfacet
  facet normal 0 0 1
    outer loop
      vertex -9.66568 0.485824 2
      vertex -12.4141 -1.30122 2
      vertex -9.40294 -1.83241 2
    endloop
  endfacet
  facet normal 0 0 1
    outer loop
      vertex -38.2551 -6.81722 2
      vertex -36.6737 -2.79475 2
      vertex -37.0959 -2.47139 2
    endloop
  endfacet
  facet normal 0 -0 1
    outer loop
      vertex -38.0383 -7.13225 2
      vertex -36.307 -3.14305 2
      vertex -38.2551 -6.81722 2
    endloop
  endfacet
  facet normal 0 0 1
    outer loop
      vertex -29.7066 -10.1304 2
      vertex -29.9045 -13.9351 2
      vertex -29.3588 -10.3963 2
    endloop
  endfacet
  facet normal 0 0 1
    outer loop
      vertex -36.307 -3.14305 2
      vertex -36.6737 -2.79475 2
      vertex -38.2551 -6.81722 2
    endloop
  endfacet
  facet normal 0 -0 1
    outer loop
      vertex -27.6616 -14.2697 2
      vertex -27.6616 -10.7381 2
      vertex -28.3362 -10.7001 2
    endloop
  endfacet
  facet normal 0 0 1
    outer loop
      vertex -38.546 -6.53896 2
      vertex -37.0959 -2.47139 2
      vertex -37.5737 -2.17302 2
    endloop
  endfacet
  facet normal 0 0 1
    outer loop
      vertex -35.9851 -3.52934 2
      vertex -38.0383 -7.13225 2
      vertex -35.6975 -3.96666 2
    endloop
  endfacet
  facet normal 0 -0 1
    outer loop
      vertex -28.5082 -5.40071 2
      vertex -28.4843 -0.701371 2
      vertex -29.5328 -4.97768 2
    endloop
  endfacet
  facet normal 0 0 1
    outer loop
      vertex -37.5737 -2.17302 2
      vertex -38.923 -6.28319 2
      vertex -38.546 -6.53896 2
    endloop
  endfacet
  facet normal 0 0 1
    outer loop
      vertex -26.6377 -1.38445 2
      vertex -26.7135 -6.04994 2
      vertex -26.0157 -1.64024 2
    endloop
  endfacet
  facet normal 0 0 1
    outer loop
      vertex -25.5824 -6.81722 2
      vertex -23.6343 -3.14305 2
      vertex -24.001 -2.79475 2
    endloop
  endfacet
  facet normal 0 0 1
    outer loop
      vertex -38.6884 -1.64024 2
      vertex -38.923 -6.28319 2
      vertex -38.1071 -1.89958 2
    endloop
  endfacet
  facet normal 0 0 1
    outer loop
      vertex -24.4232 -2.47139 2
      vertex -25.8733 -6.53896 2
      vertex -25.5824 -6.81722 2
    endloop
  endfacet
  facet normal -0 0 1
    outer loop
      vertex -37.7979 -8.95079 2
      vertex -34.9118 -9.30037 2
      vertex -37.7595 -8.38353 2
    endloop
  endfacet
  facet normal -0 0 1
    outer loop
      vertex -31.753 -3.29497 2
      vertex -31.3646 -3.76491 2
      vertex -29.6706 0.264572 2
    endloop
  endfacet
  facet normal 0 -0 1
    outer loop
      vertex -38.923 -6.28319 2
      vertex -38.6884 -1.64024 2
      vertex -39.3862 -6.04994 2
    endloop
  endfacet
  facet normal 0 -0 1
    outer loop
      vertex -35.1863 -10.5506 2
      vertex -34.9118 -9.30037 2
      vertex -37.7979 -8.95079 2
    endloop
  endfacet
  facet normal 0 0 1
    outer loop
      vertex -42.5626 0.971847 2
      vertex -45.4054 -0.819535 2
      vertex -42.4803 0.595077 2
    endloop
  endfacet
  facet normal -0 0 1
    outer loop
      vertex -45.1889 3.44325 2
      vertex -42.5544 1.92363 2
      vertex -44.7635 4.50825 2
    endloop
  endfacet
  facet normal 0 0 1
    outer loop
      vertex -39.3103 -1.38445 2
      vertex -39.3862 -6.04994 2
      vertex -38.6884 -1.64024 2
    endloop
  endfacet
  facet normal 0 0 1
    outer loop
      vertex -38.921 3.15535 2
      vertex -37.4972 6.25209 2
      vertex -38.3278 6.69713 2
    endloop
  endfacet
  facet normal 0 -0 1
    outer loop
      vertex -39.9356 -5.83919 2
      vertex -39.3103 -1.38445 2
      vertex -39.9729 -1.13219 2
    endloop
  endfacet
  facet normal 0 0 1
    outer loop
      vertex -37.0864 -13.3138 2
      vertex -38.1055 -9.84331 2
      vertex -38.3747 -10.1685 2
    endloop
  endfacet
  facet normal 0 0 1
    outer loop
      vertex -39.9729 -1.13219 2
      vertex -40.676 -0.883469 2
      vertex -41.1809 -5.40071 2
    endloop
  endfacet
  facet normal 0 0 1
    outer loop
      vertex -45.1889 3.44325 2
      vertex -45.4442 2.21562 2
      vertex -42.5544 1.92363 2
    endloop
  endfacet
  facet normal 0 -0 1
    outer loop
      vertex -41.1809 -5.40071 2
      vertex -41.1569 -0.701371 2
      vertex -42.2055 -4.97768 2
    endloop
  endfacet
  facet normal 0 0 1
    outer loop
      vertex -42.5544 1.92363 2
      vertex -45.4442 2.21562 2
      vertex -42.59 1.39491 2
    endloop
  endfacet
  facet normal 0 -0 1
    outer loop
      vertex -42.2055 -4.97768 2
      vertex -41.5632 -0.49672 2
      vertex -43.0094 -4.57008 2
    endloop
  endfacet
  facet normal 0 0 1
    outer loop
      vertex -42.59 1.39491 2
      vertex -45.5293 0.825393 2
      vertex -42.5626 0.971847 2
    endloop
  endfacet
  facet normal -0 0 1
    outer loop
      vertex -43.5926 -4.17793 2
      vertex -43.0094 -4.57008 2
      vertex -42.1513 -0.0196692 2
    endloop
  endfacet
  facet normal 0 0 1
    outer loop
      vertex -44.0372 -3.76491 2
      vertex -42.1513 -0.0196692 2
      vertex -42.3432 0.264572 2
    endloop
  endfacet
  facet normal 0 -0 1
    outer loop
      vertex -44.4256 -3.29497 2
      vertex -42.3432 0.264572 2
      vertex -44.7578 -2.76811 2
    endloop
  endfacet
  facet normal 0 0 1
    outer loop
      vertex -42.3432 0.264572 2
      vertex -42.4803 0.595077 2
      vertex -44.7578 -2.76811 2
    endloop
  endfacet
  facet normal 0 0 1
    outer loop
      vertex -42.4803 0.595077 2
      vertex -45.2505 -1.53697 2
      vertex -45.0337 -2.18434 2
    endloop
  endfacet
  facet normal -0 0 1
    outer loop
      vertex -44.7635 4.50825 2
      vertex -42.4476 2.37044 2
      vertex -44.1678 5.41066 2
    endloop
  endfacet
  facet normal -0 0 1
    outer loop
      vertex -44.1678 5.41066 2
      vertex -42.2696 2.73534 2
      vertex -43.4163 6.12926 2
    endloop
  endfacet
  facet normal -0 0 1
    outer loop
      vertex -43.4163 6.12926 2
      vertex -42.0205 3.01836 2
      vertex -42.523 6.64253 2
    endloop
  endfacet
  facet normal -0 0 1
    outer loop
      vertex -42.523 6.64253 2
      vertex -41.7 3.23015 2
      vertex -41.488 6.95048 2
    endloop
  endfacet
  facet normal 0 0 1
    outer loop
      vertex -41.488 6.95048 2
      vertex -41.3084 3.38142 2
      vertex -40.8455 3.47221 2
    endloop
  endfacet
  facet normal 0 0 1
    outer loop
      vertex -40.3114 7.05315 2
      vertex -40.8455 3.47221 2
      vertex -40.3114 3.50246 2
    endloop
  endfacet
  facet normal 0 0 1
    outer loop
      vertex -39.2659 6.96413 2
      vertex -40.3114 7.05315 2
      vertex -39.7696 3.46388 2
    endloop
  endfacet
  facet normal 0 0 1
    outer loop
      vertex -38.3278 6.69713 2
      vertex -39.2659 6.96413 2
      vertex -39.3061 3.34819 2
    endloop
  endfacet
  facet normal 0 -0 1
    outer loop
      vertex -38.3712 2.53703 2
      vertex -37.4972 6.25209 2
      vertex -38.6141 2.88533 2
    endloop
  endfacet
  facet normal 0 0 1
    outer loop
      vertex -36.7742 5.62907 2
      vertex -37.4972 6.25209 2
      vertex -38.3712 2.53703 2
    endloop
  endfacet
  facet normal 0 0 1
    outer loop
      vertex -37.9418 1.01521 2
      vertex -35.1051 1.50886 2
      vertex -35.3333 2.77742 2
    endloop
  endfacet
  facet normal 0 0 1
    outer loop
      vertex -36.7742 5.62907 2
      vertex -38.3712 2.53703 2
      vertex -38.1782 2.10927 2
    endloop
  endfacet
  facet normal 0 0 1
    outer loop
      vertex -36.1679 4.83751 2
      vertex -38.1782 2.10927 2
      vertex -35.6876 3.88698 2
    endloop
  endfacet
  facet normal -0 0 1
    outer loop
      vertex -38.1782 2.10927 2
      vertex -38.0351 1.60197 2
      vertex -35.6876 3.88698 2
    endloop
  endfacet
  facet normal 0 -0 1
    outer loop
      vertex -37.9418 1.01521 2
      vertex -35.3333 2.77742 2
      vertex -38.0351 1.60197 2
    endloop
  endfacet
  facet normal 0 0 1
    outer loop
      vertex -38.0351 1.60197 2
      vertex -35.3333 2.77742 2
      vertex -35.6876 3.88698 2
    endloop
  endfacet
  facet normal 0 0 1
    outer loop
      vertex -36.7742 5.62907 2
      vertex -38.1782 2.10927 2
      vertex -36.1679 4.83751 2
    endloop
  endfacet
  facet normal 0 -0 1
    outer loop
      vertex -25.0868 -8.38353 2
      vertex -22.1476 -7.88991 2
      vertex -25.1178 -7.91542 2
    endloop
  endfacet
  facet normal 0 0 1
    outer loop
      vertex -37.4972 6.25209 2
      vertex -38.921 3.15535 2
      vertex -38.6141 2.88533 2
    endloop
  endfacet
  facet normal 0 0 1
    outer loop
      vertex -24.901 -2.17302 2
      vertex -26.2503 -6.28319 2
      vertex -25.8733 -6.53896 2
    endloop
  endfacet
  facet normal 0 0 1
    outer loop
      vertex -38.3278 6.69713 2
      vertex -39.3061 3.34819 2
      vertex -38.921 3.15535 2
    endloop
  endfacet
  facet normal -0 0 1
    outer loop
      vertex -26.7135 -6.04994 2
      vertex -26.2503 -6.28319 2
      vertex -26.0157 -1.64024 2
    endloop
  endfacet
  facet normal 0 0 1
    outer loop
      vertex -39.2659 6.96413 2
      vertex -39.7696 3.46388 2
      vertex -39.3061 3.34819 2
    endloop
  endfacet
  facet normal 0 0 1
    outer loop
      vertex -32.7715 2.21562 2
      vertex -32.8566 0.825393 2
      vertex -29.9173 1.39491 2
    endloop
  endfacet
  facet normal 0 0 1
    outer loop
      vertex -40.3114 7.05315 2
      vertex -40.3114 3.50246 2
      vertex -39.7696 3.46388 2
    endloop
  endfacet
  facet normal 0 -0 1
    outer loop
      vertex -29.3478 3.01836 2
      vertex -29.0273 3.23015 2
      vertex -29.8503 6.64253 2
    endloop
  endfacet
  facet normal 0 0 1
    outer loop
      vertex -27.6387 7.05315 2
      vertex -27.0969 3.46388 2
      vertex -26.5932 6.96413 2
    endloop
  endfacet
  facet normal 0 0 1
    outer loop
      vertex -29.3478 3.01836 2
      vertex -29.8503 6.64253 2
      vertex -30.7436 6.12926 2
    endloop
  endfacet
  facet normal -0 0 1
    outer loop
      vertex -41.488 6.95048 2
      vertex -40.8455 3.47221 2
      vertex -40.3114 7.05315 2
    endloop
  endfacet
  facet normal 0 0 1
    outer loop
      vertex -27.6387 7.05315 2
      vertex -28.8154 6.95048 2
      vertex -28.1728 3.47221 2
    endloop
  endfacet
  facet normal 0 0 1
    outer loop
      vertex -41.7 3.23015 2
      vertex -41.3084 3.38142 2
      vertex -41.488 6.95048 2
    endloop
  endfacet
  facet normal 0 -0 1
    outer loop
      vertex -42.0205 3.01836 2
      vertex -41.7 3.23015 2
      vertex -42.523 6.64253 2
    endloop
  endfacet
  facet normal 0 -0 1
    outer loop
      vertex -42.2696 2.73534 2
      vertex -42.0205 3.01836 2
      vertex -43.4163 6.12926 2
    endloop
  endfacet
  facet normal 0 -0 1
    outer loop
      vertex -42.4476 2.37044 2
      vertex -42.2696 2.73534 2
      vertex -44.1678 5.41066 2
    endloop
  endfacet
  facet normal 0 -0 1
    outer loop
      vertex -42.5544 1.92363 2
      vertex -42.4476 2.37044 2
      vertex -44.7635 4.50825 2
    endloop
  endfacet
  facet normal 0 0 1
    outer loop
      vertex -45.4442 2.21562 2
      vertex -45.5293 0.825393 2
      vertex -42.59 1.39491 2
    endloop
  endfacet
  facet normal -0 0 1
    outer loop
      vertex -45.5293 0.825393 2
      vertex -45.4983 -0.0320898 2
      vertex -42.5626 0.971847 2
    endloop
  endfacet
  facet normal -0 0 1
    outer loop
      vertex -45.4983 -0.0320898 2
      vertex -45.4054 -0.819535 2
      vertex -42.5626 0.971847 2
    endloop
  endfacet
  facet normal -0 0 1
    outer loop
      vertex -45.4054 -0.819535 2
      vertex -45.2505 -1.53697 2
      vertex -42.4803 0.595077 2
    endloop
  endfacet
  facet normal 0 0 1
    outer loop
      vertex -42.4803 0.595077 2
      vertex -45.0337 -2.18434 2
      vertex -44.7578 -2.76811 2
    endloop
  endfacet
  facet normal 0 -0 1
    outer loop
      vertex -44.0372 -3.76491 2
      vertex -42.3432 0.264572 2
      vertex -44.4256 -3.29497 2
    endloop
  endfacet
  facet normal 0 -0 1
    outer loop
      vertex -40.3343 -14.2697 2
      vertex -40.3343 -10.7381 2
      vertex -41.0089 -10.7001 2
    endloop
  endfacet
  facet normal 0 -0 1
    outer loop
      vertex -43.5926 -4.17793 2
      vertex -42.1513 -0.0196692 2
      vertex -44.0372 -3.76491 2
    endloop
  endfacet
  facet normal 0 0 1
    outer loop
      vertex -43.0094 -4.57008 2
      vertex -41.8946 -0.269456 2
      vertex -42.1513 -0.0196692 2
    endloop
  endfacet
  facet normal 0 0 1
    outer loop
      vertex -41.5632 -0.49672 2
      vertex -41.8946 -0.269456 2
      vertex -43.0094 -4.57008 2
    endloop
  endfacet
  facet normal 0 0 1
    outer loop
      vertex -41.1569 -0.701371 2
      vertex -41.5632 -0.49672 2
      vertex -42.2055 -4.97768 2
    endloop
  endfacet
  facet normal 0 0 1
    outer loop
      vertex -40.676 -0.883469 2
      vertex -41.1569 -0.701371 2
      vertex -41.1809 -5.40071 2
    endloop
  endfacet
  facet normal 0 0 1
    outer loop
      vertex -37.0864 -13.3138 2
      vertex -38.3747 -10.1685 2
      vertex -38.0287 -13.8449 2
    endloop
  endfacet
  facet normal 0 0 1
    outer loop
      vertex -39.9356 -5.83919 2
      vertex -39.9729 -1.13219 2
      vertex -41.1809 -5.40071 2
    endloop
  endfacet
  facet normal 0 0 1
    outer loop
      vertex -41.5301 -14.186 2
      vertex -41.5746 -10.5862 2
      vertex -42.5771 -13.9351 2
    endloop
  endfacet
  facet normal -0 0 1
    outer loop
      vertex -39.9356 -5.83919 2
      vertex -39.3862 -6.04994 2
      vertex -39.3103 -1.38445 2
    endloop
  endfacet
  facet normal 0 0 1
    outer loop
      vertex -38.1071 -1.89958 2
      vertex -38.923 -6.28319 2
      vertex -37.5737 -2.17302 2
    endloop
  endfacet
  facet normal 0 0 1
    outer loop
      vertex -37.8834 -7.49831 2
      vertex -35.444 -4.45503 2
      vertex -35.6975 -3.96666 2
    endloop
  endfacet
  facet normal -0 0 1
    outer loop
      vertex -38.0383 -7.13225 2
      vertex -37.8834 -7.49831 2
      vertex -35.6975 -3.96666 2
    endloop
  endfacet
  facet normal 0 0 1
    outer loop
      vertex -37.8834 -7.49831 2
      vertex -35.0478 -5.59905 2
      vertex -35.2247 -4.9944 2
    endloop
  endfacet
  facet normal 0 0 1
    outer loop
      vertex -34.9214 -6.28319 2
      vertex -35.0478 -5.59905 2
      vertex -37.8834 -7.49831 2
    endloop
  endfacet
  facet normal 0 0 1
    outer loop
      vertex -34.9214 -6.28319 2
      vertex -37.7905 -7.91542 2
      vertex -34.8456 -7.0468 2
    endloop
  endfacet
  facet normal 0 0 1
    outer loop
      vertex -34.9214 -6.28319 2
      vertex -37.8834 -7.49831 2
      vertex -37.7905 -7.91542 2
    endloop
  endfacet
  facet normal -0 0 1
    outer loop
      vertex -37.7905 -7.91542 2
      vertex -37.7595 -8.38353 2
      vertex -34.8203 -7.88991 2
    endloop
  endfacet
  facet normal 0 0 1
    outer loop
      vertex -34.8456 -7.0468 2
      vertex -37.7905 -7.91542 2
      vertex -34.8203 -7.88991 2
    endloop
  endfacet
  facet normal -0 0 1
    outer loop
      vertex -37.7595 -8.38353 2
      vertex -34.9118 -9.30037 2
      vertex -34.8203 -7.88991 2
    endloop
  endfacet
  facet normal 0 0 1
    outer loop
      vertex -35.1863 -10.5506 2
      vertex -37.7979 -8.95079 2
      vertex -35.6438 -11.6406 2
    endloop
  endfacet
  facet normal 0 0 1
    outer loop
      vertex -37.9133 -9.43739 2
      vertex -36.2843 -12.5704 2
      vertex -35.6438 -11.6406 2
    endloop
  endfacet
  facet normal 0 0 1
    outer loop
      vertex -37.7979 -8.95079 2
      vertex -37.9133 -9.43739 2
      vertex -35.6438 -11.6406 2
    endloop
  endfacet
  facet normal -0 0 1
    outer loop
      vertex -38.1055 -9.84331 2
      vertex -36.2843 -12.5704 2
      vertex -37.9133 -9.43739 2
    endloop
  endfacet
  facet normal 0 -0 1
    outer loop
      vertex -37.0864 -13.3138 2
      vertex -36.2843 -12.5704 2
      vertex -38.1055 -9.84331 2
    endloop
  endfacet
  facet normal 0 0 1
    outer loop
      vertex -38.3747 -10.1685 2
      vertex -38.7279 -10.4177 2
      vertex -38.0287 -13.8449 2
    endloop
  endfacet
  facet normal -0 0 1
    outer loop
      vertex -39.1722 -10.5957 2
      vertex -38.0287 -13.8449 2
      vertex -38.7279 -10.4177 2
    endloop
  endfacet
  facet normal 0 -0 1
    outer loop
      vertex -39.1114 -14.1635 2
      vertex -38.0287 -13.8449 2
      vertex -39.1722 -10.5957 2
    endloop
  endfacet
  facet normal 0 0 1
    outer loop
      vertex -39.1114 -14.1635 2
      vertex -39.1722 -10.5957 2
      vertex -39.7076 -10.7025 2
    endloop
  endfacet
  facet normal 0 0 1
    outer loop
      vertex -39.1114 -14.1635 2
      vertex -39.7076 -10.7025 2
      vertex -40.3343 -14.2697 2
    endloop
  endfacet
  facet normal 0 0 1
    outer loop
      vertex -39.7076 -10.7025 2
      vertex -40.3343 -10.7381 2
      vertex -40.3343 -14.2697 2
    endloop
  endfacet
  facet normal 0 0 1
    outer loop
      vertex -42.5771 -13.9351 2
      vertex -42.0314 -10.3963 2
      vertex -42.3793 -10.1304 2
    endloop
  endfacet
  facet normal 0 0 1
    outer loop
      vertex -44.2248 -12.9313 2
      vertex -42.6509 -9.77327 2
      vertex -42.8791 -9.30928 2
    endloop
  endfacet
  facet normal 0 -0 1
    outer loop
      vertex -43.4754 -13.5168 2
      vertex -42.6509 -9.77327 2
      vertex -44.2248 -12.9313 2
    endloop
  endfacet
  facet normal 0 0 1
    outer loop
      vertex -42.8791 -9.30928 2
      vertex -45.3484 -11.22 2
      vertex -44.8432 -12.1688 2
    endloop
  endfacet
  facet normal 0 0 1
    outer loop
      vertex -43.0639 -8.73851 2
      vertex -45.7403 -10.0849 2
      vertex -45.3484 -11.22 2
    endloop
  endfacet
  facet normal -0 0 1
    outer loop
      vertex -46.019 -8.7635 2
      vertex -45.7403 -10.0849 2
      vertex -43.2052 -8.06099 2
    endloop
  endfacet
  facet normal 0 0 1
    outer loop
      vertex -43.2052 -8.06099 2
      vertex -45.7403 -10.0849 2
      vertex -43.0639 -8.73851 2
    endloop
  endfacet
  facet normal 0 0 1
    outer loop
      vertex -43.0639 -8.73851 2
      vertex -45.3484 -11.22 2
      vertex -42.8791 -9.30928 2
    endloop
  endfacet
  facet normal 0 0 1
    outer loop
      vertex -42.8791 -9.30928 2
      vertex -44.8432 -12.1688 2
      vertex -44.2248 -12.9313 2
    endloop
  endfacet
  facet normal 0 0 1
    outer loop
      vertex -42.3793 -10.1304 2
      vertex -42.6509 -9.77327 2
      vertex -43.4754 -13.5168 2
    endloop
  endfacet
  facet normal 0 0 1
    outer loop
      vertex -42.3793 -10.1304 2
      vertex -43.4754 -13.5168 2
      vertex -42.5771 -13.9351 2
    endloop
  endfacet
  facet normal 0 0 1
    outer loop
      vertex -42.0314 -10.3963 2
      vertex -42.5771 -13.9351 2
      vertex -41.5746 -10.5862 2
    endloop
  endfacet
  facet normal 0 0 1
    outer loop
      vertex -41.5746 -10.5862 2
      vertex -41.5301 -14.186 2
      vertex -41.0089 -10.7001 2
    endloop
  endfacet
  facet normal -0 0 1
    outer loop
      vertex -41.5301 -14.186 2
      vertex -40.3343 -14.2697 2
      vertex -41.0089 -10.7001 2
    endloop
  endfacet
  facet normal 0 0 1
    outer loop
      vertex -12.5168 -8.25081 2
      vertex -12.8172 -9.32231 2
      vertex -10.3215 -11.1296 2
    endloop
  endfacet
  facet normal 0 -0 1
    outer loop
      vertex -25.3656 -7.13225 2
      vertex -23.6343 -3.14305 2
      vertex -25.5824 -6.81722 2
    endloop
  endfacet
  facet normal 0 -0 1
    outer loop
      vertex -16.1275 -14.0982 2
      vertex -15.7479 -10.3179 2
      vertex -17.276 -13.5838 2
    endloop
  endfacet
  facet normal 0 0 1
    outer loop
      vertex -24.901 -2.17302 2
      vertex -25.8733 -6.53896 2
      vertex -24.4232 -2.47139 2
    endloop
  endfacet
  facet normal 0 0 1
    outer loop
      vertex -16.5553 -9.17174 2
      vertex -18.2636 -12.7264 2
      vertex -16.1869 -9.84035 2
    endloop
  endfacet
  facet normal 0 0 1
    outer loop
      vertex -23.0248 -3.96666 2
      vertex -23.3124 -3.52934 2
      vertex -25.3656 -7.13225 2
    endloop
  endfacet
  facet normal 0 0 1
    outer loop
      vertex -16.5553 -9.17174 2
      vertex -16.8469 -8.31551 2
      vertex -19.0903 -11.526 2
    endloop
  endfacet
  facet normal 0 0 1
    outer loop
      vertex -22.7713 -4.45503 2
      vertex -23.0248 -3.96666 2
      vertex -25.2107 -7.49831 2
    endloop
  endfacet
  facet normal 0 -0 1
    outer loop
      vertex -19.0903 -11.526 2
      vertex -16.8469 -8.31551 2
      vertex -19.7432 -9.99687 2
    endloop
  endfacet
  facet normal 0 0 1
    outer loop
      vertex -26.2503 -6.28319 2
      vertex -25.4344 -1.89958 2
      vertex -26.0157 -1.64024 2
    endloop
  endfacet
  facet normal 0 0 1
    outer loop
      vertex -16.8469 -8.31551 2
      vertex -17.0552 -7.27528 2
      vertex -19.7432 -9.99687 2
    endloop
  endfacet
  facet normal 0 -0 1
    outer loop
      vertex -22.2391 -9.30037 2
      vertex -22.1476 -7.88991 2
      vertex -25.0868 -8.38353 2
    endloop
  endfacet
  facet normal 0 0 1
    outer loop
      vertex -12.8172 -9.32231 2
      vertex -11.4829 -12.8741 2
      vertex -10.3215 -11.1296 2
    endloop
  endfacet
  facet normal 0 -0 1
    outer loop
      vertex -22.5136 -10.5506 2
      vertex -22.2391 -9.30037 2
      vertex -25.1253 -8.95079 2
    endloop
  endfacet
  facet normal 0 0 1
    outer loop
      vertex -26.6377 -1.38445 2
      vertex -27.2629 -5.83919 2
      vertex -26.7135 -6.04994 2
    endloop
  endfacet
  facet normal 0 0 1
    outer loop
      vertex -27.3002 -1.13219 2
      vertex -27.2629 -5.83919 2
      vertex -26.6377 -1.38445 2
    endloop
  endfacet
  facet normal 0 0 1
    outer loop
      vertex -22.6606 2.77742 2
      vertex -25.3624 1.60197 2
      vertex -25.2691 1.01521 2
    endloop
  endfacet
  facet normal 0 0 1
    outer loop
      vertex -22.4324 1.50886 2
      vertex -22.6606 2.77742 2
      vertex -25.2691 1.01521 2
    endloop
  endfacet
  facet normal 0 0 1
    outer loop
      vertex -28.5082 -5.40071 2
      vertex -27.3002 -1.13219 2
      vertex -28.0033 -0.883469 2
    endloop
  endfacet
  facet normal 0 0 1
    outer loop
      vertex -28.8905 -0.49672 2
      vertex -30.3367 -4.57008 2
      vertex -29.5328 -4.97768 2
    endloop
  endfacet
  facet normal 0 -0 1
    outer loop
      vertex -30.3367 -4.57008 2
      vertex -29.4787 -0.0196692 2
      vertex -30.9199 -4.17793 2
    endloop
  endfacet
  facet normal 0 0 1
    outer loop
      vertex -29.4787 -0.0196692 2
      vertex -29.6706 0.264572 2
      vertex -31.3646 -3.76491 2
    endloop
  endfacet
  facet normal 0 0 1
    outer loop
      vertex -29.8076 0.595077 2
      vertex -32.0851 -2.76811 2
      vertex -29.6706 0.264572 2
    endloop
  endfacet
  facet normal 0 -0 1
    outer loop
      vertex -32.361 -2.18434 2
      vertex -29.8076 0.595077 2
      vertex -32.5779 -1.53697 2
    endloop
  endfacet
  facet normal 0 0 1
    outer loop
      vertex -29.8899 0.971847 2
      vertex -32.7327 -0.819535 2
      vertex -29.8076 0.595077 2
    endloop
  endfacet
  facet normal 0 0 1
    outer loop
      vertex -29.8076 0.595077 2
      vertex -32.7327 -0.819535 2
      vertex -32.5779 -1.53697 2
    endloop
  endfacet
  facet normal 0 0 1
    outer loop
      vertex -29.9173 1.39491 2
      vertex -32.8566 0.825393 2
      vertex -29.8899 0.971847 2
    endloop
  endfacet
  facet normal 0 0 1
    outer loop
      vertex -29.8899 0.971847 2
      vertex -32.8566 0.825393 2
      vertex -32.8257 -0.0320898 2
    endloop
  endfacet
  facet normal -0 0 1
    outer loop
      vertex -32.7715 2.21562 2
      vertex -29.8817 1.92363 2
      vertex -32.5163 3.44325 2
    endloop
  endfacet
  facet normal 0 -0 1
    outer loop
      vertex -29.8817 1.92363 2
      vertex -29.7749 2.37044 2
      vertex -32.0908 4.50825 2
    endloop
  endfacet
  facet normal 0 0 1
    outer loop
      vertex -29.7749 2.37044 2
      vertex -31.4952 5.41066 2
      vertex -32.0908 4.50825 2
    endloop
  endfacet
  facet normal 0 0 1
    outer loop
      vertex -29.5969 2.73534 2
      vertex -31.4952 5.41066 2
      vertex -29.7749 2.37044 2
    endloop
  endfacet
  facet normal 0 0 1
    outer loop
      vertex -30.7436 6.12926 2
      vertex -31.4952 5.41066 2
      vertex -29.5969 2.73534 2
    endloop
  endfacet
  facet normal 0 0 1
    outer loop
      vertex -30.7436 6.12926 2
      vertex -29.5969 2.73534 2
      vertex -29.3478 3.01836 2
    endloop
  endfacet
  facet normal 0 0 1
    outer loop
      vertex -28.8154 6.95048 2
      vertex -29.8503 6.64253 2
      vertex -29.0273 3.23015 2
    endloop
  endfacet
  facet normal 0 0 1
    outer loop
      vertex -28.1728 3.47221 2
      vertex -28.8154 6.95048 2
      vertex -28.6357 3.38142 2
    endloop
  endfacet
  facet normal 0 0 1
    outer loop
      vertex -28.8154 6.95048 2
      vertex -29.0273 3.23015 2
      vertex -28.6357 3.38142 2
    endloop
  endfacet
  facet normal 0 0 1
    outer loop
      vertex -27.6387 7.05315 2
      vertex -28.1728 3.47221 2
      vertex -27.6387 3.50246 2
    endloop
  endfacet
  facet normal 0 -0 1
    outer loop
      vertex -26.6335 3.34819 2
      vertex -26.5932 6.96413 2
      vertex -27.0969 3.46388 2
    endloop
  endfacet
  facet normal 0 0 1
    outer loop
      vertex -24.8245 6.25209 2
      vertex -25.6551 6.69713 2
      vertex -26.2483 3.15535 2
    endloop
  endfacet
  facet normal 0 -0 1
    outer loop
      vertex -26.2483 3.15535 2
      vertex -25.6551 6.69713 2
      vertex -26.6335 3.34819 2
    endloop
  endfacet
  facet normal 0 0 1
    outer loop
      vertex -24.8245 6.25209 2
      vertex -26.2483 3.15535 2
      vertex -25.9414 2.88533 2
    endloop
  endfacet
  facet normal 0 0 1
    outer loop
      vertex -25.6551 6.69713 2
      vertex -26.5932 6.96413 2
      vertex -26.6335 3.34819 2
    endloop
  endfacet
  facet normal 0 0 1
    outer loop
      vertex -24.8245 6.25209 2
      vertex -25.6986 2.53703 2
      vertex -24.1015 5.62907 2
    endloop
  endfacet
  facet normal -0 0 1
    outer loop
      vertex -25.6986 2.53703 2
      vertex -25.5055 2.10927 2
      vertex -24.1015 5.62907 2
    endloop
  endfacet
  facet normal 0 0 1
    outer loop
      vertex -25.5055 2.10927 2
      vertex -23.0149 3.88698 2
      vertex -23.4952 4.83751 2
    endloop
  endfacet
  facet normal 0 -0 1
    outer loop
      vertex -25.3624 1.60197 2
      vertex -23.0149 3.88698 2
      vertex -25.5055 2.10927 2
    endloop
  endfacet
  facet normal 0 0 1
    outer loop
      vertex -22.6606 2.77742 2
      vertex -23.0149 3.88698 2
      vertex -25.3624 1.60197 2
    endloop
  endfacet
  facet normal 0 0 1
    outer loop
      vertex -24.1015 5.62907 2
      vertex -25.5055 2.10927 2
      vertex -23.4952 4.83751 2
    endloop
  endfacet
  facet normal 0 0 1
    outer loop
      vertex -20.2038 0.977157 2
      vertex -20.4879 -1.12566 2
      vertex -17.1991 -1.30122 2
    endloop
  endfacet
  facet normal 0 0 1
    outer loop
      vertex -24.8245 6.25209 2
      vertex -25.9414 2.88533 2
      vertex -25.6986 2.53703 2
    endloop
  endfacet
  facet normal 0 -0 1
    outer loop
      vertex -13.4723 2.97392 2
      vertex -12.4312 6.3007 2
      vertex -13.8667 3.36259 2
    endloop
  endfacet
  facet normal -0 0 1
    outer loop
      vertex -27.6387 3.50246 2
      vertex -27.0969 3.46388 2
      vertex -27.6387 7.05315 2
    endloop
  endfacet
  facet normal 0 0 1
    outer loop
      vertex -16.0833 6.8632 2
      vertex -15.8162 3.34593 2
      vertex -15.3495 3.59166 2
    endloop
  endfacet
  facet normal 0 0 1
    outer loop
      vertex -32.0908 4.50825 2
      vertex -32.5163 3.44325 2
      vertex -29.8817 1.92363 2
    endloop
  endfacet
  facet normal 0 0 1
    outer loop
      vertex -29.8817 1.92363 2
      vertex -32.7715 2.21562 2
      vertex -29.9173 1.39491 2
    endloop
  endfacet
  facet normal -0 0 1
    outer loop
      vertex -32.8257 -0.0320898 2
      vertex -32.7327 -0.819535 2
      vertex -29.8899 0.971847 2
    endloop
  endfacet
  facet normal -0 0 1
    outer loop
      vertex -32.361 -2.18434 2
      vertex -32.0851 -2.76811 2
      vertex -29.8076 0.595077 2
    endloop
  endfacet
  facet normal -0 0 1
    outer loop
      vertex -32.0851 -2.76811 2
      vertex -31.753 -3.29497 2
      vertex -29.6706 0.264572 2
    endloop
  endfacet
  facet normal 0 -0 1
    outer loop
      vertex -30.9199 -4.17793 2
      vertex -29.4787 -0.0196692 2
      vertex -31.3646 -3.76491 2
    endloop
  endfacet
  facet normal 0 0 1
    outer loop
      vertex -30.3367 -4.57008 2
      vertex -29.2219 -0.269456 2
      vertex -29.4787 -0.0196692 2
    endloop
  endfacet
  facet normal 0 0 1
    outer loop
      vertex -28.8905 -0.49672 2
      vertex -29.2219 -0.269456 2
      vertex -30.3367 -4.57008 2
    endloop
  endfacet
  facet normal 0 0 1
    outer loop
      vertex -28.4843 -0.701371 2
      vertex -28.8905 -0.49672 2
      vertex -29.5328 -4.97768 2
    endloop
  endfacet
  facet normal 0 0 1
    outer loop
      vertex -28.0033 -0.883469 2
      vertex -28.4843 -0.701371 2
      vertex -28.5082 -5.40071 2
    endloop
  endfacet
  facet normal 0 0 1
    outer loop
      vertex -24.4137 -13.3138 2
      vertex -25.702 -10.1685 2
      vertex -25.3561 -13.8449 2
    endloop
  endfacet
  facet normal -0 0 1
    outer loop
      vertex -28.5082 -5.40071 2
      vertex -27.2629 -5.83919 2
      vertex -27.3002 -1.13219 2
    endloop
  endfacet
  facet normal 0 0 1
    outer loop
      vertex -22.9711 -11.6406 2
      vertex -25.1253 -8.95079 2
      vertex -25.2406 -9.43739 2
    endloop
  endfacet
  facet normal 0 0 1
    outer loop
      vertex -26.2503 -6.28319 2
      vertex -24.901 -2.17302 2
      vertex -25.4344 -1.89958 2
    endloop
  endfacet
  facet normal 0 0 1
    outer loop
      vertex -26.4995 -10.5957 2
      vertex -27.035 -10.7025 2
      vertex -26.4387 -14.1635 2
    endloop
  endfacet
  facet normal 0 -0 1
    outer loop
      vertex -25.2107 -7.49831 2
      vertex -23.0248 -3.96666 2
      vertex -25.3656 -7.13225 2
    endloop
  endfacet
  facet normal 0 0 1
    outer loop
      vertex -25.3561 -13.8449 2
      vertex -26.0552 -10.4177 2
      vertex -26.4995 -10.5957 2
    endloop
  endfacet
  facet normal 0 0 1
    outer loop
      vertex -25.2107 -7.49831 2
      vertex -22.552 -4.9944 2
      vertex -22.7713 -4.45503 2
    endloop
  endfacet
  facet normal 0 0 1
    outer loop
      vertex -22.3751 -5.59905 2
      vertex -25.2107 -7.49831 2
      vertex -22.2487 -6.28319 2
    endloop
  endfacet
  facet normal 0 0 1
    outer loop
      vertex -22.3751 -5.59905 2
      vertex -22.552 -4.9944 2
      vertex -25.2107 -7.49831 2
    endloop
  endfacet
  facet normal 0 0 1
    outer loop
      vertex -22.1729 -7.0468 2
      vertex -22.2487 -6.28319 2
      vertex -25.1178 -7.91542 2
    endloop
  endfacet
  facet normal 0 0 1
    outer loop
      vertex -25.1178 -7.91542 2
      vertex -22.1476 -7.88991 2
      vertex -22.1729 -7.0468 2
    endloop
  endfacet
  facet normal 0 0 1
    outer loop
      vertex -22.2391 -9.30037 2
      vertex -25.0868 -8.38353 2
      vertex -25.1253 -8.95079 2
    endloop
  endfacet
  facet normal 0 0 1
    outer loop
      vertex -22.5136 -10.5506 2
      vertex -25.1253 -8.95079 2
      vertex -22.9711 -11.6406 2
    endloop
  endfacet
  facet normal 0 0 1
    outer loop
      vertex -22.9711 -11.6406 2
      vertex -25.2406 -9.43739 2
      vertex -23.6116 -12.5704 2
    endloop
  endfacet
  facet normal 0 0 1
    outer loop
      vertex -25.2406 -9.43739 2
      vertex -25.4329 -9.84331 2
      vertex -23.6116 -12.5704 2
    endloop
  endfacet
  facet normal -0 0 1
    outer loop
      vertex -25.702 -10.1685 2
      vertex -24.4137 -13.3138 2
      vertex -25.4329 -9.84331 2
    endloop
  endfacet
  facet normal 0 0 1
    outer loop
      vertex -25.4329 -9.84331 2
      vertex -24.4137 -13.3138 2
      vertex -23.6116 -12.5704 2
    endloop
  endfacet
  facet normal 0 0 1
    outer loop
      vertex -25.702 -10.1685 2
      vertex -26.0552 -10.4177 2
      vertex -25.3561 -13.8449 2
    endloop
  endfacet
  facet normal 0 0 1
    outer loop
      vertex -25.3561 -13.8449 2
      vertex -26.4995 -10.5957 2
      vertex -26.4387 -14.1635 2
    endloop
  endfacet
  facet normal 0 0 1
    outer loop
      vertex -27.035 -10.7025 2
      vertex -27.6616 -14.2697 2
      vertex -26.4387 -14.1635 2
    endloop
  endfacet
  facet normal 0 0 1
    outer loop
      vertex -27.6616 -14.2697 2
      vertex -27.035 -10.7025 2
      vertex -27.6616 -10.7381 2
    endloop
  endfacet
  facet normal 0 0 1
    outer loop
      vertex -28.902 -10.5862 2
      vertex -29.9045 -13.9351 2
      vertex -28.8574 -14.186 2
    endloop
  endfacet
  facet normal -0 0 1
    outer loop
      vertex -32.1705 -12.1688 2
      vertex -31.5521 -12.9313 2
      vertex -30.2064 -9.30928 2
    endloop
  endfacet
  facet normal 0 0 1
    outer loop
      vertex -30.2064 -9.30928 2
      vertex -31.5521 -12.9313 2
      vertex -29.9782 -9.77327 2
    endloop
  endfacet
  facet normal -0 0 1
    outer loop
      vertex -32.6757 -11.22 2
      vertex -32.1705 -12.1688 2
      vertex -30.2064 -9.30928 2
    endloop
  endfacet
  facet normal -0 0 1
    outer loop
      vertex -33.0676 -10.0849 2
      vertex -32.6757 -11.22 2
      vertex -30.3912 -8.73851 2
    endloop
  endfacet
  facet normal 0 0 1
    outer loop
      vertex -30.3912 -8.73851 2
      vertex -30.5325 -8.06099 2
      vertex -33.0676 -10.0849 2
    endloop
  endfacet
  facet normal 0 0 1
    outer loop
      vertex -30.5325 -8.06099 2
      vertex -33.3464 -8.7635 2
      vertex -33.0676 -10.0849 2
    endloop
  endfacet
  facet normal 0 0 1
    outer loop
      vertex -32.6757 -11.22 2
      vertex -30.2064 -9.30928 2
      vertex -30.3912 -8.73851 2
    endloop
  endfacet
  facet normal 0 0 1
    outer loop
      vertex -29.9782 -9.77327 2
      vertex -31.5521 -12.9313 2
      vertex -30.8027 -13.5168 2
    endloop
  endfacet
  facet normal 0 0 1
    outer loop
      vertex -29.9782 -9.77327 2
      vertex -30.8027 -13.5168 2
      vertex -29.7066 -10.1304 2
    endloop
  endfacet
  facet normal -0 0 1
    outer loop
      vertex -30.8027 -13.5168 2
      vertex -29.9045 -13.9351 2
      vertex -29.7066 -10.1304 2
    endloop
  endfacet
  facet normal 0 0 1
    outer loop
      vertex -28.902 -10.5862 2
      vertex -29.3588 -10.3963 2
      vertex -29.9045 -13.9351 2
    endloop
  endfacet
  facet normal 0 -0 1
    outer loop
      vertex -28.8574 -14.186 2
      vertex -28.3362 -10.7001 2
      vertex -28.902 -10.5862 2
    endloop
  endfacet
  facet normal 0 0 1
    outer loop
      vertex -27.6616 -14.2697 2
      vertex -28.3362 -10.7001 2
      vertex -28.8574 -14.186 2
    endloop
  endfacet
  facet normal 0 -0 1
    outer loop
      vertex -10.3215 -11.1296 2
      vertex -9.49764 -8.68733 2
      vertex -12.5168 -8.25081 2
    endloop
  endfacet
  facet normal 0 0 1
    outer loop
      vertex -20.2095 -8.15331 2
      vertex -17.0552 -7.27528 2
      vertex -17.1801 -6.05113 2
    endloop
  endfacet
  facet normal 0 0 1
    outer loop
      vertex -9.31536 -4.49126 2
      vertex -12.4141 -1.30122 2
      vertex -9.31536 -4.64302 2
    endloop
  endfacet
  facet normal 0 -0 1
    outer loop
      vertex -12.9817 -13.9208 2
      vertex -11.4829 -12.8741 2
      vertex -13.2743 -10.0877 2
    endloop
  endfacet
  facet normal -0 0 1
    outer loop
      vertex -13.2743 -10.0877 2
      vertex -11.4829 -12.8741 2
      vertex -12.8172 -9.32231 2
    endloop
  endfacet
  facet normal 0 0 1
    outer loop
      vertex -12.9817 -13.9208 2
      vertex -13.2743 -10.0877 2
      vertex -13.888 -10.5469 2
    endloop
  endfacet
  facet normal 0 0 1
    outer loop
      vertex -12.9817 -13.9208 2
      vertex -13.888 -10.5469 2
      vertex -14.818 -14.2697 2
    endloop
  endfacet
  facet normal 0 0 1
    outer loop
      vertex -13.888 -10.5469 2
      vertex -14.6584 -10.7 2
      vertex -14.818 -14.2697 2
    endloop
  endfacet
  facet normal 0 0 1
    outer loop
      vertex -14.6584 -10.7 2
      vertex -15.2384 -10.6044 2
      vertex -14.818 -14.2697 2
    endloop
  endfacet
  facet normal 0 0 1
    outer loop
      vertex -17.1801 -6.05113 2
      vertex -17.2218 -4.64302 2
      vertex -20.4894 -5.99525 2
    endloop
  endfacet
  facet normal 0 -0 1
    outer loop
      vertex -20.4894 -5.99525 2
      vertex -17.2218 -4.64302 2
      vertex -20.5826 -3.52272 2
    endloop
  endfacet
  facet normal 0 0 1
    outer loop
      vertex -11.4956 5.38399 2
      vertex -13.132 2.42979 2
      vertex -10.7166 4.10054 2
    endloop
  endfacet
  facet normal 0 0 1
    outer loop
      vertex -12.4141 -1.30122 2
      vertex -9.31536 -4.49126 2
      vertex -9.40294 -1.83241 2
    endloop
  endfacet
  facet normal 0 -0 1
    outer loop
      vertex -14.3153 3.59581 2
      vertex -13.5235 6.85075 2
      vertex -14.7725 7.0341 2
    endloop
  endfacet
  facet normal 0 0 1
    outer loop
      vertex -17.2361 6.35054 2
      vertex -16.2182 2.93645 2
      vertex -15.8162 3.34593 2
    endloop
  endfacet
  facet normal -0 0 1
    outer loop
      vertex -20.2038 0.977157 2
      vertex -17.021 0.792007 2
      vertex -19.7303 2.78566 2
    endloop
  endfacet
  facet normal 0 -0 1
    outer loop
      vertex -17.146 -0.189347 2
      vertex -17.021 0.792007 2
      vertex -20.2038 0.977157 2
    endloop
  endfacet
  facet normal 0 0 1
    outer loop
      vertex -17.146 -0.189347 2
      vertex -20.2038 0.977157 2
      vertex -17.1991 -1.30122 2
    endloop
  endfacet
  facet normal 0 0 1
    outer loop
      vertex -17.1991 -1.30122 2
      vertex -20.4879 -1.12566 2
      vertex -20.5826 -3.52272 2
    endloop
  endfacet
  facet normal 0 -0 1
    outer loop
      vertex -17.2218 -4.64302 2
      vertex -17.1991 -1.30122 2
      vertex -20.5826 -3.52272 2
    endloop
  endfacet
  facet normal 0 0 1
    outer loop
      vertex -17.1801 -6.05113 2
      vertex -20.4894 -5.99525 2
      vertex -20.2095 -8.15331 2
    endloop
  endfacet
  facet normal 0 -0 1
    outer loop
      vertex -19.7432 -9.99687 2
      vertex -17.0552 -7.27528 2
      vertex -20.2095 -8.15331 2
    endloop
  endfacet
  facet normal -0 0 1
    outer loop
      vertex -19.0903 -11.526 2
      vertex -18.2636 -12.7264 2
      vertex -16.5553 -9.17174 2
    endloop
  endfacet
  facet normal 0 -0 1
    outer loop
      vertex -17.276 -13.5838 2
      vertex -16.1869 -9.84035 2
      vertex -18.2636 -12.7264 2
    endloop
  endfacet
  facet normal 0 0 1
    outer loop
      vertex -17.276 -13.5838 2
      vertex -15.7479 -10.3179 2
      vertex -16.1869 -9.84035 2
    endloop
  endfacet
  facet normal 0 0 1
    outer loop
      vertex -15.2384 -10.6044 2
      vertex -15.7479 -10.3179 2
      vertex -16.1275 -14.0982 2
    endloop
  endfacet
  facet normal 0 0 1
    outer loop
      vertex -15.2384 -10.6044 2
      vertex -16.1275 -14.0982 2
      vertex -14.818 -14.2697 2
    endloop
  endfacet
  facet normal 0 0 1
    outer loop
      vertex -9.31536 -4.64302 2
      vertex -12.4141 -1.30122 2
      vertex -17.2218 -4.64302 2
    endloop
  endfacet
  facet normal 0 -0 1
    outer loop
      vertex -12.4932 -0.1353 2
      vertex -10.1036 2.46349 2
      vertex -12.6392 0.875167 2
    endloop
  endfacet
  facet normal 0 -0 1
    outer loop
      vertex -17.021 0.792007 2
      vertex -16.8241 1.64284 2
      vertex -19.7303 2.78566 2
    endloop
  endfacet
  facet normal 0 0 1
    outer loop
      vertex -17.2218 -4.64302 2
      vertex -12.4141 -1.30122 2
      vertex -17.1991 -1.30122 2
    endloop
  endfacet
  facet normal -0 0 1
    outer loop
      vertex -19.7303 2.78566 2
      vertex -16.8241 1.64284 2
      vertex -19.0674 4.29991 2
    endloop
  endfacet
  facet normal 0 0 1
    outer loop
      vertex -16.5553 2.36314 2
      vertex -18.2308 5.49611 2
      vertex -19.0674 4.29991 2
    endloop
  endfacet
  facet normal 0 -0 1
    outer loop
      vertex -16.8241 1.64284 2
      vertex -16.5553 2.36314 2
      vertex -19.0674 4.29991 2
    endloop
  endfacet
  facet normal 0 0 1
    outer loop
      vertex -16.2182 2.93645 2
      vertex -18.2308 5.49611 2
      vertex -16.5553 2.36314 2
    endloop
  endfacet
  facet normal 0 0 1
    outer loop
      vertex -17.2361 6.35054 2
      vertex -18.2308 5.49611 2
      vertex -16.2182 2.93645 2
    endloop
  endfacet
  facet normal 0 0 1
    outer loop
      vertex -16.0833 6.8632 2
      vertex -17.2361 6.35054 2
      vertex -15.8162 3.34593 2
    endloop
  endfacet
  facet normal 0 -0 1
    outer loop
      vertex -14.818 3.67354 2
      vertex -14.7725 7.0341 2
      vertex -15.3495 3.59166 2
    endloop
  endfacet
  facet normal 0 -0 1
    outer loop
      vertex -15.3495 3.59166 2
      vertex -14.7725 7.0341 2
      vertex -16.0833 6.8632 2
    endloop
  endfacet
  facet normal 0 0 1
    outer loop
      vertex -14.3153 3.59581 2
      vertex -14.7725 7.0341 2
      vertex -14.818 3.67354 2
    endloop
  endfacet
  facet normal 0 -0 1
    outer loop
      vertex -13.8667 3.36259 2
      vertex -13.5235 6.85075 2
      vertex -14.3153 3.59581 2
    endloop
  endfacet
  facet normal 0 0 1
    outer loop
      vertex -12.4312 6.3007 2
      vertex -13.5235 6.85075 2
      vertex -13.8667 3.36259 2
    endloop
  endfacet
  facet normal 0 0 1
    outer loop
      vertex -11.4956 5.38399 2
      vertex -12.4312 6.3007 2
      vertex -13.4723 2.97392 2
    endloop
  endfacet
  facet normal 0 0 1
    outer loop
      vertex -11.4956 5.38399 2
      vertex -13.4723 2.97392 2
      vertex -13.132 2.42979 2
    endloop
  endfacet
  facet normal 0 0 1
    outer loop
      vertex -10.7166 4.10054 2
      vertex -13.132 2.42979 2
      vertex -12.8521 1.73018 2
    endloop
  endfacet
  facet normal 0 0 1
    outer loop
      vertex -10.7166 4.10054 2
      vertex -12.8521 1.73018 2
      vertex -12.6392 0.875167 2
    endloop
  endfacet
  facet normal 0 0 1
    outer loop
      vertex -10.7166 4.10054 2
      vertex -12.6392 0.875167 2
      vertex -10.1036 2.46349 2
    endloop
  endfacet
  facet normal 0 0 1
    outer loop
      vertex -10.1036 2.46349 2
      vertex -12.4932 -0.1353 2
      vertex -9.66568 0.485824 2
    endloop
  endfacet
  facet normal 0 -0 1
    outer loop
      vertex 46.5325 -13.9208 2
      vertex 48.0313 -12.8741 2
      vertex 46.2399 -10.0877 2
    endloop
  endfacet
  facet normal -0 0 1
    outer loop
      vertex 46.2399 -10.0877 2
      vertex 48.0313 -12.8741 2
      vertex 46.697 -9.32231 2
    endloop
  endfacet
  facet normal 0 0 1
    outer loop
      vertex 46.5325 -13.9208 2
      vertex 46.2399 -10.0877 2
      vertex 45.6261 -10.5469 2
    endloop
  endfacet
  facet normal 0 0 1
    outer loop
      vertex 46.5325 -13.9208 2
      vertex 45.6261 -10.5469 2
      vertex 44.6961 -14.2697 2
    endloop
  endfacet
  facet normal 0 -0 1
    outer loop
      vertex 44.6961 -14.2697 2
      vertex 44.8557 -10.7 2
      vertex 44.2758 -10.6044 2
    endloop
  endfacet
  facet normal -0 0 1
    outer loop
      vertex 42.2382 -13.5838 2
      vertex 43.3867 -14.0982 2
      vertex 43.7663 -10.3179 2
    endloop
  endfacet
  facet normal 0 0 1
    outer loop
      vertex 42.9589 -9.17174 2
      vertex 41.2506 -12.7264 2
      vertex 43.3273 -9.84035 2
    endloop
  endfacet
  facet normal 0 0 1
    outer loop
      vertex 42.6673 -8.31551 2
      vertex 42.459 -7.27528 2
      vertex 39.771 -9.99687 2
    endloop
  endfacet
  facet normal 0 0 1
    outer loop
      vertex 42.6673 -8.31551 2
      vertex 39.771 -9.99687 2
      vertex 40.4239 -11.526 2
    endloop
  endfacet
  facet normal -0 0 1
    outer loop
      vertex 39.3046 -8.15331 2
      vertex 39.771 -9.99687 2
      vertex 42.459 -7.27528 2
    endloop
  endfacet
  facet normal 0 0 1
    outer loop
      vertex 42.3682 -0.189347 2
      vertex 39.3103 0.977157 2
      vertex 42.3151 -1.30122 2
    endloop
  endfacet
  facet normal 0 0 1
    outer loop
      vertex 47.1 -1.30122 2
      vertex 50.1988 -4.64302 2
      vertex 50.1988 -4.49126 2
    endloop
  endfacet
  facet normal 0 0 1
    outer loop
      vertex 47.1 -1.30122 2
      vertex 50.1988 -4.49126 2
      vertex 50.1112 -1.83241 2
    endloop
  endfacet
  facet normal 0 0 1
    outer loop
      vertex 50.1112 -1.83241 2
      vertex 49.8485 0.485824 2
      vertex 47.1 -1.30122 2
    endloop
  endfacet
  facet normal -0 0 1
    outer loop
      vertex 43.4308 6.8632 2
      vertex 44.1646 3.59166 2
      vertex 44.7417 7.0341 2
    endloop
  endfacet
  facet normal -0 0 1
    outer loop
      vertex 42.2781 6.35054 2
      vertex 43.6979 3.34593 2
      vertex 43.4308 6.8632 2
    endloop
  endfacet
  facet normal 0 0 1
    outer loop
      vertex 41.2834 5.49611 2
      vertex 42.9589 2.36314 2
      vertex 43.296 2.93645 2
    endloop
  endfacet
  facet normal 0 0 1
    outer loop
      vertex 40.4467 4.29991 2
      vertex 39.7838 2.78566 2
      vertex 42.69 1.64284 2
    endloop
  endfacet
  facet normal -0 0 1
    outer loop
      vertex 42.3151 -1.30122 2
      vertex 42.2924 -4.64302 2
      vertex 47.1 -1.30122 2
    endloop
  endfacet
  facet normal -0 0 1
    outer loop
      vertex 39.3103 0.977157 2
      vertex 42.4931 0.792007 2
      vertex 39.7838 2.78566 2
    endloop
  endfacet
  facet normal 0 -0 1
    outer loop
      vertex 42.3682 -0.189347 2
      vertex 42.4931 0.792007 2
      vertex 39.3103 0.977157 2
    endloop
  endfacet
  facet normal 0 0 1
    outer loop
      vertex 42.3151 -1.30122 2
      vertex 39.0262 -1.12566 2
      vertex 38.9315 -3.52272 2
    endloop
  endfacet
  facet normal 0 0 1
    outer loop
      vertex 42.3151 -1.30122 2
      vertex 38.9315 -3.52272 2
      vertex 42.2924 -4.64302 2
    endloop
  endfacet
  facet normal 0 0 1
    outer loop
      vertex 42.2924 -4.64302 2
      vertex 39.0248 -5.99525 2
      vertex 42.334 -6.05113 2
    endloop
  endfacet
  facet normal 0 0 1
    outer loop
      vertex 42.334 -6.05113 2
      vertex 39.3046 -8.15331 2
      vertex 42.459 -7.27528 2
    endloop
  endfacet
  facet normal 0 0 1
    outer loop
      vertex 42.9589 -9.17174 2
      vertex 42.6673 -8.31551 2
      vertex 40.4239 -11.526 2
    endloop
  endfacet
  facet normal 0 0 1
    outer loop
      vertex 42.9589 -9.17174 2
      vertex 40.4239 -11.526 2
      vertex 41.2506 -12.7264 2
    endloop
  endfacet
  facet normal 0 0 1
    outer loop
      vertex 43.3273 -9.84035 2
      vertex 41.2506 -12.7264 2
      vertex 42.2382 -13.5838 2
    endloop
  endfacet
  facet normal 0 0 1
    outer loop
      vertex 43.3273 -9.84035 2
      vertex 42.2382 -13.5838 2
      vertex 43.7663 -10.3179 2
    endloop
  endfacet
  facet normal 0 0 1
    outer loop
      vertex 43.7663 -10.3179 2
      vertex 43.3867 -14.0982 2
      vertex 44.2758 -10.6044 2
    endloop
  endfacet
  facet normal -0 0 1
    outer loop
      vertex 43.3867 -14.0982 2
      vertex 44.6961 -14.2697 2
      vertex 44.2758 -10.6044 2
    endloop
  endfacet
  facet normal 0 0 1
    outer loop
      vertex 50.1988 -4.64302 2
      vertex 47.1 -1.30122 2
      vertex 42.2924 -4.64302 2
    endloop
  endfacet
  facet normal 0 -0 1
    outer loop
      vertex 47.021 -0.1353 2
      vertex 49.4106 2.46349 2
      vertex 46.875 0.875167 2
    endloop
  endfacet
  facet normal 0 0 1
    outer loop
      vertex 39.7838 2.78566 2
      vertex 42.4931 0.792007 2
      vertex 42.69 1.64284 2
    endloop
  endfacet
  facet normal 0 0 1
    outer loop
      vertex 40.4467 4.29991 2
      vertex 42.69 1.64284 2
      vertex 42.9589 2.36314 2
    endloop
  endfacet
  facet normal -0 0 1
    outer loop
      vertex 40.4467 4.29991 2
      vertex 42.9589 2.36314 2
      vertex 41.2834 5.49611 2
    endloop
  endfacet
  facet normal -0 0 1
    outer loop
      vertex 41.2834 5.49611 2
      vertex 43.296 2.93645 2
      vertex 42.2781 6.35054 2
    endloop
  endfacet
  facet normal 0 -0 1
    outer loop
      vertex 43.296 2.93645 2
      vertex 43.6979 3.34593 2
      vertex 42.2781 6.35054 2
    endloop
  endfacet
  facet normal 0 -0 1
    outer loop
      vertex 43.6979 3.34593 2
      vertex 44.1646 3.59166 2
      vertex 43.4308 6.8632 2
    endloop
  endfacet
  facet normal 0 0 1
    outer loop
      vertex 44.1646 3.59166 2
      vertex 44.6961 3.67354 2
      vertex 44.7417 7.0341 2
    endloop
  endfacet
  facet normal -0 0 1
    outer loop
      vertex 44.6961 3.67354 2
      vertex 45.1989 3.59581 2
      vertex 44.7417 7.0341 2
    endloop
  endfacet
  facet normal -0 0 1
    outer loop
      vertex 45.1989 3.59581 2
      vertex 45.6474 3.36259 2
      vertex 45.9906 6.85075 2
    endloop
  endfacet
  facet normal 0 0 1
    outer loop
      vertex 45.6474 3.36259 2
      vertex 47.0829 6.3007 2
      vertex 45.9906 6.85075 2
    endloop
  endfacet
  facet normal 0 0 1
    outer loop
      vertex 46.0419 2.97392 2
      vertex 48.0186 5.38399 2
      vertex 47.0829 6.3007 2
    endloop
  endfacet
  facet normal 0 -0 1
    outer loop
      vertex 46.3822 2.42979 2
      vertex 48.0186 5.38399 2
      vertex 46.0419 2.97392 2
    endloop
  endfacet
  facet normal 0 -0 1
    outer loop
      vertex 46.662 1.73018 2
      vertex 48.7975 4.10054 2
      vertex 46.3822 2.42979 2
    endloop
  endfacet
  facet normal 0 -0 1
    outer loop
      vertex 46.875 0.875167 2
      vertex 48.7975 4.10054 2
      vertex 46.662 1.73018 2
    endloop
  endfacet
  facet normal 0 0 1
    outer loop
      vertex 49.4106 2.46349 2
      vertex 48.7975 4.10054 2
      vertex 46.875 0.875167 2
    endloop
  endfacet
  facet normal 0 0 1
    outer loop
      vertex 49.8485 0.485824 2
      vertex 47.021 -0.1353 2
      vertex 47.1 -1.30122 2
    endloop
  endfacet
  facet normal 0 0 1
    outer loop
      vertex 49.8485 0.485824 2
      vertex 49.4106 2.46349 2
      vertex 47.021 -0.1353 2
    endloop
  endfacet
  facet normal 0 -0 1
    outer loop
      vertex 36.5198 -13.89 2
      vertex 36.5198 6.65443 2
      vertex 33.3184 6.65443 2
    endloop
  endfacet
  facet normal 0 0 1
    outer loop
      vertex 36.5198 -13.89 2
      vertex 33.3184 6.65443 2
      vertex 33.3184 -13.89 2
    endloop
  endfacet
  facet normal 0 1 0
    outer loop
      vertex 33.3184 14.2875 -2
      vertex 36.5198 14.2875 2
      vertex 36.5198 14.2875 -2
    endloop
  endfacet
  facet normal 0 1 0
    outer loop
      vertex 33.3184 14.2875 -2
      vertex 33.3184 14.2875 2
      vertex 36.5198 14.2875 2
    endloop
  endfacet
  facet normal -1 0 0
    outer loop
      vertex 33.3184 10.3571 -2
      vertex 33.3184 14.2875 2
      vertex 33.3184 14.2875 -2
    endloop
  endfacet
  facet normal -1 0 0
    outer loop
      vertex 33.3184 10.3571 -2
      vertex 33.3184 10.3571 2
      vertex 33.3184 14.2875 2
    endloop
  endfacet
  facet normal 0 -1 0
    outer loop
      vertex 36.5198 10.3571 -2
      vertex 33.3184 10.3571 2
      vertex 33.3184 10.3571 -2
    endloop
  endfacet
  facet normal 0 -1 0
    outer loop
      vertex 36.5198 10.3571 -2
      vertex 36.5198 10.3571 2
      vertex 33.3184 10.3571 2
    endloop
  endfacet
  facet normal 1 0 0
    outer loop
      vertex 36.5198 14.2875 -2
      vertex 36.5198 10.3571 2
      vertex 36.5198 10.3571 -2
    endloop
  endfacet
  facet normal 1 0 -0
    outer loop
      vertex 36.5198 14.2875 -2
      vertex 36.5198 14.2875 2
      vertex 36.5198 10.3571 2
    endloop
  endfacet
  facet normal 0 1 0
    outer loop
      vertex 26.9876 14.2875 -2
      vertex 30.189 14.2875 2
      vertex 30.189 14.2875 -2
    endloop
  endfacet
  facet normal 0 1 0
    outer loop
      vertex 26.9876 14.2875 -2
      vertex 26.9876 14.2875 2
      vertex 30.189 14.2875 2
    endloop
  endfacet
  facet normal -1 0 0
    outer loop
      vertex 26.9876 -13.89 -2
      vertex 26.9876 14.2875 2
      vertex 26.9876 14.2875 -2
    endloop
  endfacet
  facet normal -1 0 0
    outer loop
      vertex 26.9876 -13.89 -2
      vertex 26.9876 -13.89 2
      vertex 26.9876 14.2875 2
    endloop
  endfacet
  facet normal 0 -1 0
    outer loop
      vertex 30.189 -13.89 -2
      vertex 26.9876 -13.89 2
      vertex 26.9876 -13.89 -2
    endloop
  endfacet
  facet normal 0 -1 0
    outer loop
      vertex 30.189 -13.89 -2
      vertex 30.189 -13.89 2
      vertex 26.9876 -13.89 2
    endloop
  endfacet
  facet normal 1 0 0
    outer loop
      vertex 30.189 14.2875 -2
      vertex 30.189 -13.89 2
      vertex 30.189 -13.89 -2
    endloop
  endfacet
  facet normal 1 0 -0
    outer loop
      vertex 30.189 14.2875 -2
      vertex 30.189 14.2875 2
      vertex 30.189 -13.89 2
    endloop
  endfacet
  facet normal 0.489483 -0.872013 0
    outer loop
      vertex 22.0218 -13.5648 -2
      vertex 21.0801 -14.0934 2
      vertex 21.0801 -14.0934 -2
    endloop
  endfacet
  facet normal 0.489483 -0.872013 0
    outer loop
      vertex 22.0218 -13.5648 -2
      vertex 22.0218 -13.5648 2
      vertex 21.0801 -14.0934 2
    endloop
  endfacet
  facet normal 0.736227 -0.676734 0
    outer loop
      vertex 22.8317 -12.6837 -2
      vertex 22.0218 -13.5648 2
      vertex 22.0218 -13.5648 -2
    endloop
  endfacet
  facet normal 0.736227 -0.676734 0
    outer loop
      vertex 22.8317 -12.6837 -2
      vertex 22.8317 -12.6837 2
      vertex 22.0218 -13.5648 2
    endloop
  endfacet
  facet normal 0.8763 -0.481766 0
    outer loop
      vertex 23.5099 -11.4501 -2
      vertex 22.8317 -12.6837 2
      vertex 22.8317 -12.6837 -2
    endloop
  endfacet
  facet normal 0.8763 -0.481766 0
    outer loop
      vertex 23.5099 -11.4501 -2
      vertex 23.5099 -11.4501 2
      vertex 22.8317 -12.6837 2
    endloop
  endfacet
  facet normal 0.94523 -0.326404 0
    outer loop
      vertex 24.0457 -9.89848 -2
      vertex 23.5099 -11.4501 2
      vertex 23.5099 -11.4501 -2
    endloop
  endfacet
  facet normal 0.94523 -0.326404 0
    outer loop
      vertex 24.0457 -9.89848 -2
      vertex 24.0457 -9.89848 2
      vertex 23.5099 -11.4501 2
    endloop
  endfacet
  facet normal 0.978943 -0.204135 0
    outer loop
      vertex 24.4284 -8.06322 -2
      vertex 24.0457 -9.89848 2
      vertex 24.0457 -9.89848 -2
    endloop
  endfacet
  facet normal 0.978943 -0.204135 0
    outer loop
      vertex 24.4284 -8.06322 -2
      vertex 24.4284 -8.06322 2
      vertex 24.0457 -9.89848 2
    endloop
  endfacet
  facet normal 0.99418 -0.107728 0
    outer loop
      vertex 24.658 -5.94432 -2
      vertex 24.4284 -8.06322 2
      vertex 24.4284 -8.06322 -2
    endloop
  endfacet
  facet normal 0.99418 -0.107728 0
    outer loop
      vertex 24.658 -5.94432 -2
      vertex 24.658 -5.94432 2
      vertex 24.4284 -8.06322 2
    endloop
  endfacet
  facet normal 0.999492 -0.0318665 0
    outer loop
      vertex 24.7346 -3.54176 -2
      vertex 24.658 -5.94432 2
      vertex 24.658 -5.94432 -2
    endloop
  endfacet
  facet normal 0.999492 -0.0318665 0
    outer loop
      vertex 24.7346 -3.54176 -2
      vertex 24.7346 -3.54176 2
      vertex 24.658 -5.94432 2
    endloop
  endfacet
  facet normal 0.999531 0.0306284 0
    outer loop
      vertex 24.6616 -1.15947 -2
      vertex 24.7346 -3.54176 2
      vertex 24.7346 -3.54176 -2
    endloop
  endfacet
  facet normal 0.999531 0.0306284 -0
    outer loop
      vertex 24.6616 -1.15947 -2
      vertex 24.6616 -1.15947 2
      vertex 24.7346 -3.54176 2
    endloop
  endfacet
  facet normal 0.994587 0.103905 0
    outer loop
      vertex 24.4426 0.936813 -2
      vertex 24.6616 -1.15947 2
      vertex 24.6616 -1.15947 -2
    endloop
  endfacet
  facet normal 0.994587 0.103905 -0
    outer loop
      vertex 24.4426 0.936813 -2
      vertex 24.4426 0.936813 2
      vertex 24.6616 -1.15947 2
    endloop
  endfacet
  facet normal 0.980283 0.197598 0
    outer loop
      vertex 24.0777 2.74708 -2
      vertex 24.4426 0.936813 2
      vertex 24.4426 0.936813 -2
    endloop
  endfacet
  facet normal 0.980283 0.197598 -0
    outer loop
      vertex 24.0777 2.74708 -2
      vertex 24.0777 2.74708 2
      vertex 24.4426 0.936813 2
    endloop
  endfacet
  facet normal 0.948158 0.3178 0
    outer loop
      vertex 23.5668 4.27135 -2
      vertex 24.0777 2.74708 2
      vertex 24.0777 2.74708 -2
    endloop
  endfacet
  facet normal 0.948158 0.3178 -0
    outer loop
      vertex 23.5668 4.27135 -2
      vertex 23.5668 4.27135 2
      vertex 24.0777 2.74708 2
    endloop
  endfacet
  facet normal 0.881487 0.472208 0
    outer loop
      vertex 22.9193 5.48006 -2
      vertex 23.5668 4.27135 2
      vertex 23.5668 4.27135 -2
    endloop
  endfacet
  facet normal 0.881487 0.472208 -0
    outer loop
      vertex 22.9193 5.48006 -2
      vertex 22.9193 5.48006 2
      vertex 23.5668 4.27135 2
    endloop
  endfacet
  facet normal 0.744165 0.667996 0
    outer loop
      vertex 22.1443 6.34343 -2
      vertex 22.9193 5.48006 2
      vertex 22.9193 5.48006 -2
    endloop
  endfacet
  facet normal 0.744165 0.667996 -0
    outer loop
      vertex 22.1443 6.34343 -2
      vertex 22.1443 6.34343 2
      vertex 22.9193 5.48006 2
    endloop
  endfacet
  facet normal 0.497794 0.867295 0
    outer loop
      vertex 21.2418 6.86143 -2
      vertex 22.1443 6.34343 2
      vertex 22.1443 6.34343 -2
    endloop
  endfacet
  facet normal 0.497794 0.867295 -0
    outer loop
      vertex 21.2418 6.86143 -2
      vertex 21.2418 6.86143 2
      vertex 22.1443 6.34343 2
    endloop
  endfacet
  facet normal 0.165334 0.986238 0
    outer loop
      vertex 20.2118 7.0341 -2
      vertex 21.2418 6.86143 2
      vertex 21.2418 6.86143 -2
    endloop
  endfacet
  facet normal 0.165334 0.986238 -0
    outer loop
      vertex 20.2118 7.0341 -2
      vertex 20.2118 7.0341 2
      vertex 21.2418 6.86143 2
    endloop
  endfacet
  facet normal -0.183988 0.982929 0
    outer loop
      vertex 18.8932 6.78728 -2
      vertex 20.2118 7.0341 2
      vertex 20.2118 7.0341 -2
    endloop
  endfacet
  facet normal -0.183988 0.982929 0
    outer loop
      vertex 18.8932 6.78728 -2
      vertex 18.8932 6.78728 2
      vertex 20.2118 7.0341 2
    endloop
  endfacet
  facet normal -0.559631 0.828742 0
    outer loop
      vertex 17.7966 6.04677 -2
      vertex 18.8932 6.78728 2
      vertex 18.8932 6.78728 -2
    endloop
  endfacet
  facet normal -0.559631 0.828742 0
    outer loop
      vertex 17.7966 6.04677 -2
      vertex 17.7966 6.04677 2
      vertex 18.8932 6.78728 2
    endloop
  endfacet
  facet normal -0.815999 0.578053 0
    outer loop
      vertex 16.9223 4.81258 -2
      vertex 17.7966 6.04677 2
      vertex 17.7966 6.04677 -2
    endloop
  endfacet
  facet normal -0.815999 0.578053 0
    outer loop
      vertex 16.9223 4.81258 -2
      vertex 16.9223 4.81258 2
      vertex 17.7966 6.04677 2
    endloop
  endfacet
  facet normal -0.935571 0.353138 0
    outer loop
      vertex 16.2701 3.0847 -2
      vertex 16.9223 4.81258 2
      vertex 16.9223 4.81258 -2
    endloop
  endfacet
  facet normal -0.935571 0.353138 0
    outer loop
      vertex 16.2701 3.0847 -2
      vertex 16.2701 3.0847 2
      vertex 16.9223 4.81258 2
    endloop
  endfacet
  facet normal 0 1 0
    outer loop
      vertex 16.2244 3.0847 -2
      vertex 16.2701 3.0847 2
      vertex 16.2701 3.0847 -2
    endloop
  endfacet
  facet normal 0 1 0
    outer loop
      vertex 16.2244 3.0847 -2
      vertex 16.2244 3.0847 2
      vertex 16.2701 3.0847 2
    endloop
  endfacet
  facet normal 0.999907 -0.013674 0
    outer loop
      vertex 16.2701 6.4265 -2
      vertex 16.2244 3.0847 2
      vertex 16.2244 3.0847 -2
    endloop
  endfacet
  facet normal 0.999907 -0.013674 0
    outer loop
      vertex 16.2701 6.4265 -2
      vertex 16.2701 6.4265 2
      vertex 16.2244 3.0847 2
    endloop
  endfacet
  facet normal 1 0 0
    outer loop
      vertex 16.2701 14.2875 -2
      vertex 16.2701 6.4265 2
      vertex 16.2701 6.4265 -2
    endloop
  endfacet
  facet normal 1 0 -0
    outer loop
      vertex 16.2701 14.2875 -2
      vertex 16.2701 14.2875 2
      vertex 16.2701 6.4265 2
    endloop
  endfacet
  facet normal 0 1 0
    outer loop
      vertex 13.0687 14.2875 -2
      vertex 16.2701 14.2875 2
      vertex 16.2701 14.2875 -2
    endloop
  endfacet
  facet normal 0 1 0
    outer loop
      vertex 13.0687 14.2875 -2
      vertex 13.0687 14.2875 2
      vertex 16.2701 14.2875 2
    endloop
  endfacet
  facet normal -1 0 0
    outer loop
      vertex 13.0687 -9.20003 -2
      vertex 13.0687 14.2875 2
      vertex 13.0687 14.2875 -2
    endloop
  endfacet
  facet normal -1 0 0
    outer loop
      vertex 13.0687 -9.20003 -2
      vertex 13.0687 -9.20003 2
      vertex 13.0687 14.2875 2
    endloop
  endfacet
  facet normal -0.999992 0.00410195 0
    outer loop
      vertex 13.063 -10.5896 -2
      vertex 13.0687 -9.20003 2
      vertex 13.0687 -9.20003 -2
    endloop
  endfacet
  facet normal -0.999992 0.00410195 0
    outer loop
      vertex 13.063 -10.5896 -2
      vertex 13.063 -10.5896 2
      vertex 13.0687 -9.20003 2
    endloop
  endfacet
  facet normal -0.999906 0.0137347 0
    outer loop
      vertex 13.0459 -11.8345 -2
      vertex 13.063 -10.5896 2
      vertex 13.063 -10.5896 -2
    endloop
  endfacet
  facet normal -0.999906 0.0137347 0
    outer loop
      vertex 13.0459 -11.8345 -2
      vertex 13.0459 -11.8345 2
      vertex 13.063 -10.5896 2
    endloop
  endfacet
  facet normal -0.999665 0.025898 0
    outer loop
      vertex 13.0174 -12.9346 -2
      vertex 13.0459 -11.8345 2
      vertex 13.0459 -11.8345 -2
    endloop
  endfacet
  facet normal -0.999665 0.025898 0
    outer loop
      vertex 13.0174 -12.9346 -2
      vertex 13.0174 -12.9346 2
      vertex 13.0459 -11.8345 2
    endloop
  endfacet
  facet normal -0.999133 0.0416218 0
    outer loop
      vertex 12.9776 -13.89 -2
      vertex 13.0174 -12.9346 2
      vertex 13.0174 -12.9346 -2
    endloop
  endfacet
  facet normal -0.999133 0.0416218 0
    outer loop
      vertex 12.9776 -13.89 -2
      vertex 12.9776 -13.89 2
      vertex 13.0174 -12.9346 2
    endloop
  endfacet
  facet normal 0 -1 0
    outer loop
      vertex 16.0878 -13.89 -2
      vertex 12.9776 -13.89 2
      vertex 12.9776 -13.89 -2
    endloop
  endfacet
  facet normal 0 -1 0
    outer loop
      vertex 16.0878 -13.89 -2
      vertex 16.0878 -13.89 2
      vertex 12.9776 -13.89 2
    endloop
  endfacet
  facet normal 0.991457 -0.13043 0
    outer loop
      vertex 16.1159 -13.6764 -2
      vertex 16.0878 -13.89 2
      vertex 16.0878 -13.89 -2
    endloop
  endfacet
  facet normal 0.991457 -0.13043 0
    outer loop
      vertex 16.1159 -13.6764 -2
      vertex 16.1159 -13.6764 2
      vertex 16.0878 -13.89 2
    endloop
  endfacet
  facet normal 0.996308 -0.0858454 0
    outer loop
      vertex 16.1433 -13.3584 -2
      vertex 16.1159 -13.6764 2
      vertex 16.1159 -13.6764 -2
    endloop
  endfacet
  facet normal 0.996308 -0.0858454 0
    outer loop
      vertex 16.1433 -13.3584 -2
      vertex 16.1433 -13.3584 2
      vertex 16.1159 -13.6764 2
    endloop
  endfacet
  facet normal 0.998009 -0.0630695 0
    outer loop
      vertex 16.17 -12.9359 -2
      vertex 16.1433 -13.3584 2
      vertex 16.1433 -13.3584 -2
    endloop
  endfacet
  facet normal 0.998009 -0.0630695 0
    outer loop
      vertex 16.17 -12.9359 -2
      vertex 16.17 -12.9359 2
      vertex 16.1433 -13.3584 2
    endloop
  endfacet
  facet normal 0.998784 -0.0492946 0
    outer loop
      vertex 16.196 -12.4091 -2
      vertex 16.17 -12.9359 2
      vertex 16.17 -12.9359 -2
    endloop
  endfacet
  facet normal 0.998784 -0.0492946 0
    outer loop
      vertex 16.196 -12.4091 -2
      vertex 16.196 -12.4091 2
      vertex 16.17 -12.9359 2
    endloop
  endfacet
  facet normal 0.999167 -0.0408195 0
    outer loop
      vertex 16.2184 -11.8608 -2
      vertex 16.196 -12.4091 2
      vertex 16.196 -12.4091 -2
    endloop
  endfacet
  facet normal 0.999167 -0.0408195 0
    outer loop
      vertex 16.2184 -11.8608 -2
      vertex 16.2184 -11.8608 2
      vertex 16.196 -12.4091 2
    endloop
  endfacet
  facet normal 0.99946 -0.0328635 0
    outer loop
      vertex 16.2344 -11.3742 -2
      vertex 16.2184 -11.8608 2
      vertex 16.2184 -11.8608 -2
    endloop
  endfacet
  facet normal 0.99946 -0.0328635 0
    outer loop
      vertex 16.2344 -11.3742 -2
      vertex 16.2344 -11.3742 2
      vertex 16.2184 -11.8608 2
    endloop
  endfacet
  facet normal 0.999745 -0.0225931 0
    outer loop
      vertex 16.244 -10.9494 -2
      vertex 16.2344 -11.3742 2
      vertex 16.2344 -11.3742 -2
    endloop
  endfacet
  facet normal 0.999745 -0.0225931 0
    outer loop
      vertex 16.244 -10.9494 -2
      vertex 16.244 -10.9494 2
      vertex 16.2344 -11.3742 2
    endloop
  endfacet
  facet normal 0.999961 -0.00881266 0
    outer loop
      vertex 16.2472 -10.5863 -2
      vertex 16.244 -10.9494 2
      vertex 16.244 -10.9494 -2
    endloop
  endfacet
  facet normal 0.999961 -0.00881266 0
    outer loop
      vertex 16.2472 -10.5863 -2
      vertex 16.2472 -10.5863 2
      vertex 16.244 -10.9494 2
    endloop
  endfacet
  facet normal 0 -1 0
    outer loop
      vertex 16.2701 -10.5863 -2
      vertex 16.2472 -10.5863 2
      vertex 16.2472 -10.5863 -2
    endloop
  endfacet
  facet normal 0 -1 0
    outer loop
      vertex 16.2701 -10.5863 -2
      vertex 16.2701 -10.5863 2
      vertex 16.2472 -10.5863 2
    endloop
  endfacet
  facet normal -0.947333 -0.320251 0
    outer loop
      vertex 16.5541 -11.4264 -2
      vertex 16.2701 -10.5863 2
      vertex 16.2701 -10.5863 -2
    endloop
  endfacet
  facet normal -0.947333 -0.320251 0
    outer loop
      vertex 16.5541 -11.4264 -2
      vertex 16.5541 -11.4264 2
      vertex 16.2701 -10.5863 2
    endloop
  endfacet
  facet normal -0.907959 -0.419058 0
    outer loop
      vertex 16.8937 -12.1622 -2
      vertex 16.5541 -11.4264 2
      vertex 16.5541 -11.4264 -2
    endloop
  endfacet
  facet normal -0.907959 -0.419058 0
    outer loop
      vertex 16.8937 -12.1622 -2
      vertex 16.8937 -12.1622 2
      vertex 16.5541 -11.4264 2
    endloop
  endfacet
  facet normal -0.847651 -0.530554 0
    outer loop
      vertex 17.2889 -12.7936 -2
      vertex 16.8937 -12.1622 2
      vertex 16.8937 -12.1622 -2
    endloop
  endfacet
  facet normal -0.847651 -0.530554 0
    outer loop
      vertex 17.2889 -12.7936 -2
      vertex 17.2889 -12.7936 2
      vertex 16.8937 -12.1622 2
    endloop
  endfacet
  facet normal -0.759918 -0.650019 0
    outer loop
      vertex 17.7396 -13.3205 -2
      vertex 17.2889 -12.7936 2
      vertex 17.2889 -12.7936 -2
    endloop
  endfacet
  facet normal -0.759918 -0.650019 0
    outer loop
      vertex 17.7396 -13.3205 -2
      vertex 17.7396 -13.3205 2
      vertex 17.2889 -12.7936 2
    endloop
  endfacet
  facet normal -0.638489 -0.769631 0
    outer loop
      vertex 18.2402 -13.7358 -2
      vertex 17.7396 -13.3205 2
      vertex 17.7396 -13.3205 -2
    endloop
  endfacet
  facet normal -0.638489 -0.769631 0
    outer loop
      vertex 18.2402 -13.7358 -2
      vertex 18.2402 -13.7358 2
      vertex 17.7396 -13.3205 2
    endloop
  endfacet
  facet normal -0.478219 -0.87824 0
    outer loop
      vertex 18.7849 -14.0324 -2
      vertex 18.2402 -13.7358 2
      vertex 18.2402 -13.7358 -2
    endloop
  endfacet
  facet normal -0.478219 -0.87824 0
    outer loop
      vertex 18.7849 -14.0324 -2
      vertex 18.7849 -14.0324 2
      vertex 18.2402 -13.7358 2
    endloop
  endfacet
  facet normal -0.289182 -0.957274 0
    outer loop
      vertex 19.3738 -14.2103 -2
      vertex 18.7849 -14.0324 2
      vertex 18.7849 -14.0324 -2
    endloop
  endfacet
  facet normal -0.289182 -0.957274 0
    outer loop
      vertex 19.3738 -14.2103 -2
      vertex 19.3738 -14.2103 2
      vertex 18.7849 -14.0324 2
    endloop
  endfacet
  facet normal -0.093443 -0.995625 0
    outer loop
      vertex 20.0067 -14.2697 -2
      vertex 19.3738 -14.2103 2
      vertex 19.3738 -14.2103 -2
    endloop
  endfacet
  facet normal -0.093443 -0.995625 0
    outer loop
      vertex 20.0067 -14.2697 -2
      vertex 20.0067 -14.2697 2
      vertex 19.3738 -14.2103 2
    endloop
  endfacet
  facet normal 0.162073 -0.986779 0
    outer loop
      vertex 21.0801 -14.0934 -2
      vertex 20.0067 -14.2697 2
      vertex 20.0067 -14.2697 -2
    endloop
  endfacet
  facet normal 0.162073 -0.986779 0
    outer loop
      vertex 21.0801 -14.0934 -2
      vertex 21.0801 -14.0934 2
      vertex 20.0067 -14.2697 2
    endloop
  endfacet
  facet normal 0.541398 0.840767 -0
    outer loop
      vertex 17.7154 -10.1684 -2
      vertex 17.7154 -10.1684 2
      vertex 18.2462 -10.5102 -2
    endloop
  endfacet
  facet normal 0.541398 0.840767 0
    outer loop
      vertex 18.2462 -10.5102 2
      vertex 18.2462 -10.5102 -2
      vertex 17.7154 -10.1684 2
    endloop
  endfacet
  facet normal 0.783481 0.621415 -0
    outer loop
      vertex 17.2636 -9.59877 -2
      vertex 17.2636 -9.59877 2
      vertex 17.7154 -10.1684 -2
    endloop
  endfacet
  facet normal 0.783481 0.621415 0
    outer loop
      vertex 17.7154 -10.1684 2
      vertex 17.7154 -10.1684 -2
      vertex 17.2636 -9.59877 2
    endloop
  endfacet
  facet normal 0.905903 0.423485 -0
    outer loop
      vertex 16.8908 -8.80129 -2
      vertex 16.8908 -8.80129 2
      vertex 17.2636 -9.59877 -2
    endloop
  endfacet
  facet normal 0.905903 0.423485 0
    outer loop
      vertex 17.2636 -9.59877 2
      vertex 17.2636 -9.59877 -2
      vertex 16.8908 -8.80129 2
    endloop
  endfacet
  facet normal 0.960137 0.279531 -0
    outer loop
      vertex 16.5992 -7.7997 -2
      vertex 16.5992 -7.7997 2
      vertex 16.8908 -8.80129 -2
    endloop
  endfacet
  facet normal 0.960137 0.279531 0
    outer loop
      vertex 16.8908 -8.80129 2
      vertex 16.8908 -8.80129 -2
      vertex 16.5992 -7.7997 2
    endloop
  endfacet
  facet normal 0.984838 0.173474 -0
    outer loop
      vertex 16.391 -6.61772 -2
      vertex 16.391 -6.61772 2
      vertex 16.5992 -7.7997 -2
    endloop
  endfacet
  facet normal 0.984838 0.173474 0
    outer loop
      vertex 16.5992 -7.7997 2
      vertex 16.5992 -7.7997 -2
      vertex 16.391 -6.61772 2
    endloop
  endfacet
  facet normal 0.995817 0.0913668 -0
    outer loop
      vertex 16.266 -5.25533 -2
      vertex 16.266 -5.25533 2
      vertex 16.391 -6.61772 -2
    endloop
  endfacet
  facet normal 0.995817 0.0913668 0
    outer loop
      vertex 16.391 -6.61772 2
      vertex 16.391 -6.61772 -2
      vertex 16.266 -5.25533 2
    endloop
  endfacet
  facet normal 0.999637 0.0269549 -0
    outer loop
      vertex 16.2244 -3.71257 -2
      vertex 16.2244 -3.71257 2
      vertex 16.266 -5.25533 -2
    endloop
  endfacet
  facet normal 0.999637 0.0269549 0
    outer loop
      vertex 16.266 -5.25533 2
      vertex 16.266 -5.25533 -2
      vertex 16.2244 -3.71257 2
    endloop
  endfacet
  facet normal 0.999654 -0.0262879 0
    outer loop
      vertex 16.2667 -2.10402 -2
      vertex 16.2667 -2.10402 2
      vertex 16.2244 -3.71257 -2
    endloop
  endfacet
  facet normal 0.999654 -0.0262879 0
    outer loop
      vertex 16.2244 -3.71257 2
      vertex 16.2244 -3.71257 -2
      vertex 16.2667 -2.10402 2
    endloop
  endfacet
  facet normal 0.995951 -0.0899031 0
    outer loop
      vertex 16.3938 -0.696 -2
      vertex 16.3938 -0.696 2
      vertex 16.2667 -2.10402 -2
    endloop
  endfacet
  facet normal 0.995951 -0.0899031 0
    outer loop
      vertex 16.2667 -2.10402 2
      vertex 16.2667 -2.10402 -2
      vertex 16.3938 -0.696 2
    endloop
  endfacet
  facet normal 0.984948 -0.172851 0
    outer loop
      vertex 16.6057 0.511459 -2
      vertex 16.6057 0.511459 2
      vertex 16.3938 -0.696 -2
    endloop
  endfacet
  facet normal 0.984948 -0.172851 0
    outer loop
      vertex 16.3938 -0.696 2
      vertex 16.3938 -0.696 -2
      vertex 16.6057 0.511459 2
    endloop
  endfacet
  facet normal 0.959277 -0.282468 0
    outer loop
      vertex 16.9022 1.51839 -2
      vertex 16.9022 1.51839 2
      vertex 16.6057 0.511459 -2
    endloop
  endfacet
  facet normal 0.959277 -0.282468 0
    outer loop
      vertex 16.6057 0.511459 2
      vertex 16.6057 0.511459 -2
      vertex 16.9022 1.51839 2
    endloop
  endfacet
  facet normal 0.902844 -0.429969 0
    outer loop
      vertex 17.28 2.31169 -2
      vertex 17.28 2.31169 2
      vertex 16.9022 1.51839 -2
    endloop
  endfacet
  facet normal 0.902844 -0.429969 0
    outer loop
      vertex 16.9022 1.51839 2
      vertex 16.9022 1.51839 -2
      vertex 17.28 2.31169 2
    endloop
  endfacet
  facet normal 0.779471 -0.626438 0
    outer loop
      vertex 17.7354 2.87834 -2
      vertex 17.7354 2.87834 2
      vertex 17.28 2.31169 -2
    endloop
  endfacet
  facet normal 0.779471 -0.626438 0
    outer loop
      vertex 17.28 2.31169 2
      vertex 17.28 2.31169 -2
      vertex 17.7354 2.87834 2
    endloop
  endfacet
  facet normal 0.537868 -0.843029 0
    outer loop
      vertex 18.2683 3.21834 -2
      vertex 18.2683 3.21834 2
      vertex 17.7354 2.87834 -2
    endloop
  endfacet
  facet normal 0.537868 -0.843029 0
    outer loop
      vertex 17.7354 2.87834 2
      vertex 17.7354 2.87834 -2
      vertex 18.2683 3.21834 2
    endloop
  endfacet
  facet normal 0.182503 -0.983205 0
    outer loop
      vertex 18.8789 3.33168 -2
      vertex 18.8789 3.33168 2
      vertex 18.2683 3.21834 -2
    endloop
  endfacet
  facet normal 0.182503 -0.983205 0
    outer loop
      vertex 18.2683 3.21834 2
      vertex 18.2683 3.21834 -2
      vertex 18.8789 3.33168 2
    endloop
  endfacet
  facet normal -0.172968 -0.984927 0
    outer loop
      vertex 19.4805 3.22603 -2
      vertex 19.4805 3.22603 2
      vertex 18.8789 3.33168 -2
    endloop
  endfacet
  facet normal -0.172968 -0.984927 -0
    outer loop
      vertex 18.8789 3.33168 2
      vertex 18.8789 3.33168 -2
      vertex 19.4805 3.22603 2
    endloop
  endfacet
  facet normal -0.522083 -0.852895 0
    outer loop
      vertex 19.9982 2.90913 -2
      vertex 19.9982 2.90913 2
      vertex 19.4805 3.22603 -2
    endloop
  endfacet
  facet normal -0.522083 -0.852895 -0
    outer loop
      vertex 19.4805 3.22603 2
      vertex 19.4805 3.22603 -2
      vertex 19.9982 2.90913 2
    endloop
  endfacet
  facet normal -0.772885 -0.634546 0
    outer loop
      vertex 20.4318 2.381 -2
      vertex 20.4318 2.381 2
      vertex 19.9982 2.90913 -2
    endloop
  endfacet
  facet normal -0.772885 -0.634546 -0
    outer loop
      vertex 19.9982 2.90913 2
      vertex 19.9982 2.90913 -2
      vertex 20.4318 2.381 2
    endloop
  endfacet
  facet normal -0.904044 -0.42744 0
    outer loop
      vertex 20.7814 1.64159 -2
      vertex 20.7814 1.64159 2
      vertex 20.4318 2.381 -2
    endloop
  endfacet
  facet normal -0.904044 -0.42744 -0
    outer loop
      vertex 20.4318 2.381 2
      vertex 20.4318 2.381 -2
      vertex 20.7814 1.64159 2
    endloop
  endfacet
  facet normal -0.962713 -0.270524 0
    outer loop
      vertex 21.0505 0.683944 -2
      vertex 21.0505 0.683944 2
      vertex 20.7814 1.64159 -2
    endloop
  endfacet
  facet normal -0.962713 -0.270524 -0
    outer loop
      vertex 20.7814 1.64159 2
      vertex 20.7814 1.64159 -2
      vertex 21.0505 0.683944 2
    endloop
  endfacet
  facet normal -0.987047 -0.160433 0
    outer loop
      vertex 21.2428 -0.499161 -2
      vertex 21.2428 -0.499161 2
      vertex 21.0505 0.683944 -2
    endloop
  endfacet
  facet normal -0.987047 -0.160433 -0
    outer loop
      vertex 21.0505 0.683944 2
      vertex 21.0505 0.683944 -2
      vertex 21.2428 -0.499161 2
    endloop
  endfacet
  facet normal -0.996667 -0.0815833 0
    outer loop
      vertex 21.3581 -1.90773 -2
      vertex 21.3581 -1.90773 2
      vertex 21.2428 -0.499161 -2
    endloop
  endfacet
  facet normal -0.996667 -0.0815833 -0
    outer loop
      vertex 21.2428 -0.499161 2
      vertex 21.2428 -0.499161 -2
      vertex 21.3581 -1.90773 2
    endloop
  endfacet
  facet normal -0.999723 -0.0235548 0
    outer loop
      vertex 21.3966 -3.54176 -2
      vertex 21.3966 -3.54176 2
      vertex 21.3581 -1.90773 -2
    endloop
  endfacet
  facet normal -0.999723 -0.0235548 -0
    outer loop
      vertex 21.3581 -1.90773 2
      vertex 21.3581 -1.90773 -2
      vertex 21.3966 -3.54176 2
    endloop
  endfacet
  facet normal -0.998689 0.0511826 0
    outer loop
      vertex 21.2378 -6.64031 -2
      vertex 21.2378 -6.64031 2
      vertex 21.3966 -3.54176 -2
    endloop
  endfacet
  facet normal -0.998689 0.0511826 0
    outer loop
      vertex 21.3966 -3.54176 2
      vertex 21.3966 -3.54176 -2
      vertex 21.2378 -6.64031 2
    endloop
  endfacet
  facet normal -0.977617 0.210393 0
    outer loop
      vertex 20.7615 -8.8535 -2
      vertex 20.7615 -8.8535 2
      vertex 21.2378 -6.64031 -2
    endloop
  endfacet
  facet normal -0.977617 0.210393 0
    outer loop
      vertex 21.2378 -6.64031 2
      vertex 21.2378 -6.64031 -2
      vertex 20.7615 -8.8535 2
    endloop
  endfacet
  facet normal -0.858302 0.513145 0
    outer loop
      vertex 19.9676 -10.1814 -2
      vertex 19.9676 -10.1814 2
      vertex 20.7615 -8.8535 -2
    endloop
  endfacet
  facet normal -0.858302 0.513145 0
    outer loop
      vertex 20.7615 -8.8535 2
      vertex 20.7615 -8.8535 -2
      vertex 19.9676 -10.1814 2
    endloop
  endfacet
  facet normal -0.370021 0.929023 0
    outer loop
      vertex 18.8561 -10.6241 -2
      vertex 18.8561 -10.6241 2
      vertex 19.9676 -10.1814 -2
    endloop
  endfacet
  facet normal -0.370021 0.929023 0
    outer loop
      vertex 19.9676 -10.1814 2
      vertex 19.9676 -10.1814 -2
      vertex 18.8561 -10.6241 2
    endloop
  endfacet
  facet normal 0.183578 0.983005 -0
    outer loop
      vertex 18.2462 -10.5102 -2
      vertex 18.2462 -10.5102 2
      vertex 18.8561 -10.6241 -2
    endloop
  endfacet
  facet normal 0.183578 0.983005 0
    outer loop
      vertex 18.8561 -10.6241 2
      vertex 18.8561 -10.6241 -2
      vertex 18.2462 -10.5102 2
    endloop
  endfacet
  facet normal 0 -1 0
    outer loop
      vertex -51.8114 -7.05437 -2
      vertex -57.9291 -7.05437 2
      vertex -57.9291 -7.05437 -2
    endloop
  endfacet
  facet normal 0 -1 0
    outer loop
      vertex -51.8114 -7.05437 -2
      vertex -51.8114 -7.05437 2
      vertex -57.9291 -7.05437 2
    endloop
  endfacet
  facet normal -0.978977 -0.203969 0
    outer loop
      vertex -50.3872 -13.89 -2
      vertex -51.8114 -7.05437 2
      vertex -51.8114 -7.05437 -2
    endloop
  endfacet
  facet normal -0.978977 -0.203969 0
    outer loop
      vertex -50.3872 -13.89 -2
      vertex -50.3872 -13.89 2
      vertex -51.8114 -7.05437 2
    endloop
  endfacet
  facet normal 0 -1 0
    outer loop
      vertex -47.0607 -13.89 -2
      vertex -50.3872 -13.89 2
      vertex -50.3872 -13.89 -2
    endloop
  endfacet
  facet normal 0 -1 0
    outer loop
      vertex -47.0607 -13.89 -2
      vertex -47.0607 -13.89 2
      vertex -50.3872 -13.89 2
    endloop
  endfacet
  facet normal 0.977048 0.21302 0
    outer loop
      vertex -52.8936 12.8634 -2
      vertex -47.0607 -13.89 2
      vertex -47.0607 -13.89 -2
    endloop
  endfacet
  facet normal 0.977048 0.21302 -0
    outer loop
      vertex -52.8936 12.8634 -2
      vertex -52.8936 12.8634 2
      vertex -47.0607 -13.89 2
    endloop
  endfacet
  facet normal 0 1 0
    outer loop
      vertex -56.8583 12.8634 -2
      vertex -52.8936 12.8634 2
      vertex -52.8936 12.8634 -2
    endloop
  endfacet
  facet normal 0 1 0
    outer loop
      vertex -56.8583 12.8634 -2
      vertex -56.8583 12.8634 2
      vertex -52.8936 12.8634 2
    endloop
  endfacet
  facet normal -0.976873 0.213819 0
    outer loop
      vertex -62.7141 -13.89 -2
      vertex -56.8583 12.8634 2
      vertex -56.8583 12.8634 -2
    endloop
  endfacet
  facet normal -0.976873 0.213819 0
    outer loop
      vertex -62.7141 -13.89 -2
      vertex -62.7141 -13.89 2
      vertex -56.8583 12.8634 2
    endloop
  endfacet
  facet normal 0 -1 0
    outer loop
      vertex -59.3532 -13.89 -2
      vertex -62.7141 -13.89 2
      vertex -62.7141 -13.89 -2
    endloop
  endfacet
  facet normal 0 -1 0
    outer loop
      vertex -59.3532 -13.89 -2
      vertex -59.3532 -13.89 2
      vertex -62.7141 -13.89 2
    endloop
  endfacet
  facet normal 0.97898 -0.203956 0
    outer loop
      vertex -57.9291 -7.05437 -2
      vertex -59.3532 -13.89 2
      vertex -59.3532 -13.89 -2
    endloop
  endfacet
  facet normal 0.97898 -0.203956 0
    outer loop
      vertex -57.9291 -7.05437 -2
      vertex -57.9291 -7.05437 2
      vertex -59.3532 -13.89 2
    endloop
  endfacet
  facet normal 0.979481 -0.201539 0
    outer loop
      vertex -56.3798 1.03661 -2
      vertex -56.3798 1.03661 2
      vertex -57.1773 -2.83925 -2
    endloop
  endfacet
  facet normal 0.979481 -0.201539 0
    outer loop
      vertex -57.1773 -2.83925 2
      vertex -57.1773 -2.83925 -2
      vertex -56.3798 1.03661 2
    endloop
  endfacet
  facet normal 0.979668 -0.200626 0
    outer loop
      vertex -55.7873 3.92982 -2
      vertex -55.7873 3.92982 2
      vertex -56.3798 1.03661 -2
    endloop
  endfacet
  facet normal 0.979668 -0.200626 0
    outer loop
      vertex -56.3798 1.03661 2
      vertex -56.3798 1.03661 -2
      vertex -55.7873 3.92982 2
    endloop
  endfacet
  facet normal 0.980066 -0.198671 0
    outer loop
      vertex -55.4 5.84041 -2
      vertex -55.4 5.84041 2
      vertex -55.7873 3.92982 -2
    endloop
  endfacet
  facet normal 0.980066 -0.198671 0
    outer loop
      vertex -55.7873 3.92982 2
      vertex -55.7873 3.92982 -2
      vertex -55.4 5.84041 2
    endloop
  endfacet
  facet normal 0.981245 -0.192764 0
    outer loop
      vertex -55.2177 6.76839 -2
      vertex -55.2177 6.76839 2
      vertex -55.4 5.84041 -2
    endloop
  endfacet
  facet normal 0.981245 -0.192764 0
    outer loop
      vertex -55.4 5.84041 2
      vertex -55.4 5.84041 -2
      vertex -55.2177 6.76839 2
    endloop
  endfacet
  facet normal 0.984047 -0.177907 0
    outer loop
      vertex -55.1409 7.19319 -2
      vertex -55.1409 7.19319 2
      vertex -55.2177 6.76839 -2
    endloop
  endfacet
  facet normal 0.984047 -0.177907 0
    outer loop
      vertex -55.2177 6.76839 2
      vertex -55.2177 6.76839 -2
      vertex -55.1409 7.19319 2
    endloop
  endfacet
  facet normal 0.984567 -0.175009 0
    outer loop
      vertex -55.0696 7.59431 -2
      vertex -55.0696 7.59431 2
      vertex -55.1409 7.19319 -2
    endloop
  endfacet
  facet normal 0.984567 -0.175009 0
    outer loop
      vertex -55.1409 7.19319 2
      vertex -55.1409 7.19319 -2
      vertex -55.0696 7.59431 2
    endloop
  endfacet
  facet normal 0.985272 -0.170995 0
    outer loop
      vertex -55.0041 7.97172 -2
      vertex -55.0041 7.97172 2
      vertex -55.0696 7.59431 -2
    endloop
  endfacet
  facet normal 0.985272 -0.170995 0
    outer loop
      vertex -55.0696 7.59431 2
      vertex -55.0696 7.59431 -2
      vertex -55.0041 7.97172 2
    endloop
  endfacet
  facet normal 0.985963 -0.166961 0
    outer loop
      vertex -54.9442 8.32545 -2
      vertex -54.9442 8.32545 2
      vertex -55.0041 7.97172 -2
    endloop
  endfacet
  facet normal 0.985963 -0.166961 0
    outer loop
      vertex -55.0041 7.97172 2
      vertex -55.0041 7.97172 -2
      vertex -54.9442 8.32545 2
    endloop
  endfacet
  facet normal 0.986937 -0.161107 0
    outer loop
      vertex -54.876 8.74324 -2
      vertex -54.876 8.74324 2
      vertex -54.9442 8.32545 -2
    endloop
  endfacet
  facet normal 0.986937 -0.161107 0
    outer loop
      vertex -54.9442 8.32545 2
      vertex -54.9442 8.32545 -2
      vertex -54.876 8.74324 2
    endloop
  endfacet
  facet normal -0.983719 -0.179715 0
    outer loop
      vertex -54.6366 7.43282 -2
      vertex -54.6366 7.43282 2
      vertex -54.876 8.74324 -2
    endloop
  endfacet
  facet normal -0.983719 -0.179715 -0
    outer loop
      vertex -54.876 8.74324 2
      vertex -54.876 8.74324 -2
      vertex -54.6366 7.43282 2
    endloop
  endfacet
  facet normal -0.982488 -0.186326 0
    outer loop
      vertex -54.1469 4.85066 -2
      vertex -54.1469 4.85066 2
      vertex -54.6366 7.43282 -2
    endloop
  endfacet
  facet normal -0.982488 -0.186326 -0
    outer loop
      vertex -54.6366 7.43282 2
      vertex -54.6366 7.43282 -2
      vertex -54.1469 4.85066 2
    endloop
  endfacet
  facet normal -0.979447 -0.2017 0
    outer loop
      vertex -52.5633 -2.83925 -2
      vertex -52.5633 -2.83925 2
      vertex -54.1469 4.85066 -2
    endloop
  endfacet
  facet normal -0.979447 -0.2017 -0
    outer loop
      vertex -54.1469 4.85066 2
      vertex -54.1469 4.85066 -2
      vertex -52.5633 -2.83925 2
    endloop
  endfacet
  facet normal 0 1 0
    outer loop
      vertex -57.1773 -2.83925 -2
      vertex -57.1773 -2.83925 2
      vertex -52.5633 -2.83925 -2
    endloop
  endfacet
  facet normal 0 1 0
    outer loop
      vertex -52.5633 -2.83925 2
      vertex -52.5633 -2.83925 -2
      vertex -57.1773 -2.83925 2
    endloop
  endfacet
  facet normal 0.999536 -0.0304674 0
    outer loop
      vertex -3.95275 -1.62773 -2
      vertex -3.99084 -2.87734 2
      vertex -3.99084 -2.87734 -2
    endloop
  endfacet
  facet normal 0.999536 -0.0304674 0
    outer loop
      vertex -3.95275 -1.62773 -2
      vertex -3.95275 -1.62773 2
      vertex -3.99084 -2.87734 2
    endloop
  endfacet
  facet normal 0.994914 -0.100728 0
    outer loop
      vertex -3.83849 -0.499161 -2
      vertex -3.95275 -1.62773 2
      vertex -3.95275 -1.62773 -2
    endloop
  endfacet
  facet normal 0.994914 -0.100728 0
    outer loop
      vertex -3.83849 -0.499161 -2
      vertex -3.83849 -0.499161 2
      vertex -3.95275 -1.62773 2
    endloop
  endfacet
  facet normal 0.982607 -0.185699 0
    outer loop
      vertex -3.64808 0.508376 -2
      vertex -3.83849 -0.499161 2
      vertex -3.83849 -0.499161 -2
    endloop
  endfacet
  facet normal 0.982607 -0.185699 0
    outer loop
      vertex -3.64808 0.508376 -2
      vertex -3.64808 0.508376 2
      vertex -3.83849 -0.499161 2
    endloop
  endfacet
  facet normal 0.957642 -0.287962 0
    outer loop
      vertex -3.3815 1.39491 -2
      vertex -3.64808 0.508376 2
      vertex -3.64808 0.508376 -2
    endloop
  endfacet
  facet normal 0.957642 -0.287962 0
    outer loop
      vertex -3.3815 1.39491 -2
      vertex -3.3815 1.39491 2
      vertex -3.64808 0.508376 2
    endloop
  endfacet
  facet normal 0.910998 -0.41241 0
    outer loop
      vertex -3.05431 2.11766 -2
      vertex -3.3815 1.39491 2
      vertex -3.3815 1.39491 -2
    endloop
  endfacet
  facet normal 0.910998 -0.41241 0
    outer loop
      vertex -3.05431 2.11766 -2
      vertex -3.05431 2.11766 2
      vertex -3.3815 1.39491 2
    endloop
  endfacet
  facet normal 0.811253 -0.584695 0
    outer loop
      vertex -2.68224 2.6339 -2
      vertex -3.05431 2.11766 2
      vertex -3.05431 2.11766 -2
    endloop
  endfacet
  facet normal 0.811253 -0.584695 0
    outer loop
      vertex -2.68224 2.6339 -2
      vertex -2.68224 2.6339 2
      vertex -3.05431 2.11766 2
    endloop
  endfacet
  facet normal 0.596343 -0.802729 0
    outer loop
      vertex -2.26529 2.94365 -2
      vertex -2.68224 2.6339 2
      vertex -2.68224 2.6339 -2
    endloop
  endfacet
  facet normal 0.596343 -0.802729 0
    outer loop
      vertex -2.26529 2.94365 -2
      vertex -2.26529 2.94365 2
      vertex -2.68224 2.6339 2
    endloop
  endfacet
  facet normal 0.21817 -0.975911 0
    outer loop
      vertex -1.80348 3.04689 -2
      vertex -2.26529 2.94365 2
      vertex -2.26529 2.94365 -2
    endloop
  endfacet
  facet normal 0.21817 -0.975911 0
    outer loop
      vertex -1.80348 3.04689 -2
      vertex -1.80348 3.04689 2
      vertex -2.26529 2.94365 2
    endloop
  endfacet
  facet normal -0.382317 -0.924031 0
    outer loop
      vertex -0.986077 2.70869 -2
      vertex -1.80348 3.04689 2
      vertex -1.80348 3.04689 -2
    endloop
  endfacet
  facet normal -0.382317 -0.924031 0
    outer loop
      vertex -0.986077 2.70869 -2
      vertex -0.986077 2.70869 2
      vertex -1.80348 3.04689 2
    endloop
  endfacet
  facet normal -0.866755 -0.498734 0
    outer loop
      vertex -0.402227 1.69401 -2
      vertex -0.986077 2.70869 2
      vertex -0.986077 2.70869 -2
    endloop
  endfacet
  facet normal -0.866755 -0.498734 0
    outer loop
      vertex -0.402227 1.69401 -2
      vertex -0.402227 1.69401 2
      vertex -0.986077 2.70869 2
    endloop
  endfacet
  facet normal -0.97921 -0.202848 0
    outer loop
      vertex -0.0519092 0.00291382 -2
      vertex -0.402227 1.69401 2
      vertex -0.402227 1.69401 -2
    endloop
  endfacet
  facet normal -0.97921 -0.202848 0
    outer loop
      vertex -0.0519092 0.00291382 -2
      vertex -0.0519092 0.00291382 2
      vertex -0.402227 1.69401 2
    endloop
  endfacet
  facet normal -0.998786 -0.0492589 0
    outer loop
      vertex 0.0648572 -2.36467 -2
      vertex -0.0519092 0.00291382 2
      vertex -0.0519092 0.00291382 -2
    endloop
  endfacet
  facet normal -0.998786 -0.0492589 0
    outer loop
      vertex 0.0648572 -2.36467 -2
      vertex 0.0648572 -2.36467 2
      vertex -0.0519092 0.00291382 2
    endloop
  endfacet
  facet normal -1 0 0
    outer loop
      vertex 0.0648572 -13.89 -2
      vertex 0.0648572 -2.36467 2
      vertex 0.0648572 -2.36467 -2
    endloop
  endfacet
  facet normal -1 0 0
    outer loop
      vertex 0.0648572 -13.89 -2
      vertex 0.0648572 -13.89 2
      vertex 0.0648572 -2.36467 2
    endloop
  endfacet
  facet normal 0 -1 0
    outer loop
      vertex 3.24324 -13.89 -2
      vertex 0.0648572 -13.89 2
      vertex 0.0648572 -13.89 -2
    endloop
  endfacet
  facet normal 0 -1 0
    outer loop
      vertex 3.24324 -13.89 -2
      vertex 3.24324 -13.89 2
      vertex 0.0648572 -13.89 2
    endloop
  endfacet
  facet normal 1 0 0
    outer loop
      vertex 3.24324 -2.63039 -2
      vertex 3.24324 -13.89 2
      vertex 3.24324 -13.89 -2
    endloop
  endfacet
  facet normal 1 0 -0
    outer loop
      vertex 3.24324 -2.63039 -2
      vertex 3.24324 -2.63039 2
      vertex 3.24324 -13.89 2
    endloop
  endfacet
  facet normal 0.998772 -0.0495509 0
    outer loop
      vertex 3.30562 -1.37303 -2
      vertex 3.24324 -2.63039 2
      vertex 3.24324 -2.63039 -2
    endloop
  endfacet
  facet normal 0.998772 -0.0495509 0
    outer loop
      vertex 3.30562 -1.37303 -2
      vertex 3.30562 -1.37303 2
      vertex 3.24324 -2.63039 2
    endloop
  endfacet
  facet normal 0.993258 -0.115925 0
    outer loop
      vertex 3.43561 -0.259263 -2
      vertex 3.30562 -1.37303 2
      vertex 3.30562 -1.37303 -2
    endloop
  endfacet
  facet normal 0.993258 -0.115925 0
    outer loop
      vertex 3.43561 -0.259263 -2
      vertex 3.43561 -0.259263 2
      vertex 3.30562 -1.37303 2
    endloop
  endfacet
  facet normal 0.979879 -0.199591 0
    outer loop
      vertex 3.63322 0.710891 -2
      vertex 3.43561 -0.259263 2
      vertex 3.43561 -0.259263 -2
    endloop
  endfacet
  facet normal 0.979879 -0.199591 0
    outer loop
      vertex 3.63322 0.710891 -2
      vertex 3.63322 0.710891 2
      vertex 3.43561 -0.259263 2
    endloop
  endfacet
  facet normal 0.952181 -0.305536 0
    outer loop
      vertex 3.89844 1.53743 -2
      vertex 3.63322 0.710891 2
      vertex 3.63322 0.710891 -2
    endloop
  endfacet
  facet normal 0.952181 -0.305536 0
    outer loop
      vertex 3.89844 1.53743 -2
      vertex 3.89844 1.53743 2
      vertex 3.63322 0.710891 2
    endloop
  endfacet
  facet normal 0.899891 -0.436115 0
    outer loop
      vertex 4.21849 2.19783 -2
      vertex 3.89844 1.53743 2
      vertex 3.89844 1.53743 -2
    endloop
  endfacet
  facet normal 0.899891 -0.436115 0
    outer loop
      vertex 4.21849 2.19783 -2
      vertex 4.21849 2.19783 2
      vertex 3.89844 1.53743 2
    endloop
  endfacet
  facet normal 0.793285 -0.608851 0
    outer loop
      vertex 4.58053 2.66954 -2
      vertex 4.21849 2.19783 2
      vertex 4.21849 2.19783 -2
    endloop
  endfacet
  facet normal 0.793285 -0.608851 0
    outer loop
      vertex 4.58053 2.66954 -2
      vertex 4.58053 2.66954 2
      vertex 4.21849 2.19783 2
    endloop
  endfacet
  facet normal 0.573724 -0.819049 0
    outer loop
      vertex 4.98457 2.95256 -2
      vertex 4.58053 2.66954 2
      vertex 4.58053 2.66954 -2
    endloop
  endfacet
  facet normal 0.573724 -0.819049 0
    outer loop
      vertex 4.98457 2.95256 -2
      vertex 4.98457 2.95256 2
      vertex 4.58053 2.66954 2
    endloop
  endfacet
  facet normal 0.206911 -0.97836 0
    outer loop
      vertex 5.4306 3.04689 -2
      vertex 4.98457 2.95256 2
      vertex 4.98457 2.95256 -2
    endloop
  endfacet
  facet normal 0.206911 -0.97836 0
    outer loop
      vertex 5.4306 3.04689 -2
      vertex 5.4306 3.04689 2
      vertex 4.98457 2.95256 2
    endloop
  endfacet
  facet normal -0.382291 -0.924042 0
    outer loop
      vertex 6.24807 2.70869 -2
      vertex 5.4306 3.04689 2
      vertex 5.4306 3.04689 -2
    endloop
  endfacet
  facet normal -0.382291 -0.924042 0
    outer loop
      vertex 6.24807 2.70869 -2
      vertex 6.24807 2.70869 2
      vertex 5.4306 3.04689 2
    endloop
  endfacet
  facet normal -0.866733 -0.498772 0
    outer loop
      vertex 6.83198 1.69401 -2
      vertex 6.24807 2.70869 2
      vertex 6.24807 2.70869 -2
    endloop
  endfacet
  facet normal -0.866733 -0.498772 0
    outer loop
      vertex 6.83198 1.69401 -2
      vertex 6.83198 1.69401 2
      vertex 6.24807 2.70869 2
    endloop
  endfacet
  facet normal -0.979209 -0.202854 0
    outer loop
      vertex 7.18231 0.00291382 -2
      vertex 6.83198 1.69401 2
      vertex 6.83198 1.69401 -2
    endloop
  endfacet
  facet normal -0.979209 -0.202854 0
    outer loop
      vertex 7.18231 0.00291382 -2
      vertex 7.18231 0.00291382 2
      vertex 6.83198 1.69401 2
    endloop
  endfacet
  facet normal -0.998786 -0.0492689 0
    outer loop
      vertex 7.2991 -2.36467 -2
      vertex 7.18231 0.00291382 2
      vertex 7.18231 0.00291382 -2
    endloop
  endfacet
  facet normal -0.998786 -0.0492689 0
    outer loop
      vertex 7.2991 -2.36467 -2
      vertex 7.2991 -2.36467 2
      vertex 7.18231 0.00291382 2
    endloop
  endfacet
  facet normal -1 0 0
    outer loop
      vertex 7.2991 -13.89 -2
      vertex 7.2991 -2.36467 2
      vertex 7.2991 -2.36467 -2
    endloop
  endfacet
  facet normal -1 0 0
    outer loop
      vertex 7.2991 -13.89 -2
      vertex 7.2991 -13.89 2
      vertex 7.2991 -2.36467 2
    endloop
  endfacet
  facet normal 0 -1 0
    outer loop
      vertex 10.4775 -13.89 -2
      vertex 7.2991 -13.89 2
      vertex 7.2991 -13.89 -2
    endloop
  endfacet
  facet normal 0 -1 0
    outer loop
      vertex 10.4775 -13.89 -2
      vertex 10.4775 -13.89 2
      vertex 7.2991 -13.89 2
    endloop
  endfacet
  facet normal 1 0 0
    outer loop
      vertex 10.4775 -0.845658 -2
      vertex 10.4775 -13.89 2
      vertex 10.4775 -13.89 -2
    endloop
  endfacet
  facet normal 1 0 -0
    outer loop
      vertex 10.4775 -0.845658 -2
      vertex 10.4775 -0.845658 2
      vertex 10.4775 -13.89 2
    endloop
  endfacet
  facet normal 0.99946 0.0328637 0
    outer loop
      vertex 10.4184 0.951705 -2
      vertex 10.4775 -0.845658 2
      vertex 10.4775 -0.845658 -2
    endloop
  endfacet
  facet normal 0.99946 0.0328637 -0
    outer loop
      vertex 10.4184 0.951705 -2
      vertex 10.4184 0.951705 2
      vertex 10.4775 -0.845658 2
    endloop
  endfacet
  facet normal 0.993726 0.111839 0
    outer loop
      vertex 10.2411 2.52708 -2
      vertex 10.4184 0.951705 2
      vertex 10.4184 0.951705 -2
    endloop
  endfacet
  facet normal 0.993726 0.111839 -0
    outer loop
      vertex 10.2411 2.52708 -2
      vertex 10.2411 2.52708 2
      vertex 10.4184 0.951705 2
    endloop
  endfacet
  facet normal 0.976992 0.213275 0
    outer loop
      vertex 9.94565 3.88051 -2
      vertex 10.2411 2.52708 2
      vertex 10.2411 2.52708 -2
    endloop
  endfacet
  facet normal 0.976992 0.213275 -0
    outer loop
      vertex 9.94565 3.88051 -2
      vertex 9.94565 3.88051 2
      vertex 10.2411 2.52708 2
    endloop
  endfacet
  facet normal 0.939201 0.343368 0
    outer loop
      vertex 9.532 5.01195 -2
      vertex 9.94565 3.88051 2
      vertex 9.94565 3.88051 -2
    endloop
  endfacet
  facet normal 0.939201 0.343368 -0
    outer loop
      vertex 9.532 5.01195 -2
      vertex 9.532 5.01195 2
      vertex 9.94565 3.88051 2
    endloop
  endfacet
  facet normal 0.861568 0.507642 0
    outer loop
      vertex 9.00582 5.90498 -2
      vertex 9.532 5.01195 2
      vertex 9.532 5.01195 -2
    endloop
  endfacet
  facet normal 0.861568 0.507642 -0
    outer loop
      vertex 9.00582 5.90498 -2
      vertex 9.00582 5.90498 2
      vertex 9.532 5.01195 2
    endloop
  endfacet
  facet normal 0.709806 0.704397 0
    outer loop
      vertex 8.37283 6.54283 -2
      vertex 9.00582 5.90498 2
      vertex 9.00582 5.90498 -2
    endloop
  endfacet
  facet normal 0.709806 0.704397 -0
    outer loop
      vertex 8.37283 6.54283 -2
      vertex 8.37283 6.54283 2
      vertex 9.00582 5.90498 2
    endloop
  endfacet
  facet normal 0.459503 0.888176 0
    outer loop
      vertex 7.63301 6.92558 -2
      vertex 8.37283 6.54283 2
      vertex 8.37283 6.54283 -2
    endloop
  endfacet
  facet normal 0.459503 0.888176 -0
    outer loop
      vertex 7.63301 6.92558 -2
      vertex 7.63301 6.92558 2
      vertex 8.37283 6.54283 2
    endloop
  endfacet
  facet normal 0.148996 0.988838 0
    outer loop
      vertex 6.78637 7.05315 -2
      vertex 7.63301 6.92558 2
      vertex 7.63301 6.92558 -2
    endloop
  endfacet
  facet normal 0.148996 0.988838 -0
    outer loop
      vertex 6.78637 7.05315 -2
      vertex 6.78637 7.05315 2
      vertex 7.63301 6.92558 2
    endloop
  endfacet
  facet normal -0.100236 0.994964 0
    outer loop
      vertex 6.13839 6.98787 -2
      vertex 6.78637 7.05315 2
      vertex 6.78637 7.05315 -2
    endloop
  endfacet
  facet normal -0.100236 0.994964 0
    outer loop
      vertex 6.13839 6.98787 -2
      vertex 6.13839 6.98787 2
      vertex 6.78637 7.05315 2
    endloop
  endfacet
  facet normal -0.315899 0.948793 0
    outer loop
      vertex 5.55022 6.79204 -2
      vertex 6.13839 6.98787 2
      vertex 6.13839 6.98787 -2
    endloop
  endfacet
  facet normal -0.315899 0.948793 0
    outer loop
      vertex 5.55022 6.79204 -2
      vertex 5.55022 6.79204 2
      vertex 6.13839 6.98787 2
    endloop
  endfacet
  facet normal -0.525523 0.850779 0
    outer loop
      vertex 5.02187 6.46568 -2
      vertex 5.55022 6.79204 2
      vertex 5.55022 6.79204 -2
    endloop
  endfacet
  facet normal -0.525523 0.850779 0
    outer loop
      vertex 5.02187 6.46568 -2
      vertex 5.02187 6.46568 2
      vertex 5.55022 6.79204 2
    endloop
  endfacet
  facet normal -0.698166 0.715936 0
    outer loop
      vertex 4.5533 6.00874 -2
      vertex 5.02187 6.46568 2
      vertex 5.02187 6.46568 -2
    endloop
  endfacet
  facet normal -0.698166 0.715936 0
    outer loop
      vertex 4.5533 6.00874 -2
      vertex 4.5533 6.00874 2
      vertex 5.02187 6.46568 2
    endloop
  endfacet
  facet normal -0.820212 0.57206 0
    outer loop
      vertex 4.13042 5.40242 -2
      vertex 4.5533 6.00874 2
      vertex 4.5533 6.00874 -2
    endloop
  endfacet
  facet normal -0.820212 0.57206 0
    outer loop
      vertex 4.13042 5.40242 -2
      vertex 4.13042 5.40242 2
      vertex 4.5533 6.00874 2
    endloop
  endfacet
  facet normal -0.892521 0.451006 0
    outer loop
      vertex 3.73885 4.62752 -2
      vertex 4.13042 5.40242 2
      vertex 4.13042 5.40242 -2
    endloop
  endfacet
  facet normal -0.892521 0.451006 0
    outer loop
      vertex 3.73885 4.62752 -2
      vertex 3.73885 4.62752 2
      vertex 4.13042 5.40242 2
    endloop
  endfacet
  facet normal -0.934218 0.356703 0
    outer loop
      vertex 3.37861 3.68404 -2
      vertex 3.73885 4.62752 2
      vertex 3.73885 4.62752 -2
    endloop
  endfacet
  facet normal -0.934218 0.356703 0
    outer loop
      vertex 3.37861 3.68404 -2
      vertex 3.37861 3.68404 2
      vertex 3.73885 4.62752 2
    endloop
  endfacet
  facet normal -0.958935 0.283627 0
    outer loop
      vertex 3.04971 2.57204 -2
      vertex 3.37861 3.68404 2
      vertex 3.37861 3.68404 -2
    endloop
  endfacet
  facet normal -0.958935 0.283627 0
    outer loop
      vertex 3.04971 2.57204 -2
      vertex 3.04971 2.57204 2
      vertex 3.37861 3.68404 2
    endloop
  endfacet
  facet normal 0 1 0
    outer loop
      vertex 2.98134 2.57204 -2
      vertex 3.04971 2.57204 2
      vertex 3.04971 2.57204 -2
    endloop
  endfacet
  facet normal 0 1 0
    outer loop
      vertex 2.98134 2.57204 -2
      vertex 2.98134 2.57204 2
      vertex 3.04971 2.57204 2
    endloop
  endfacet
  facet normal 0.975648 0.219343 0
    outer loop
      vertex 2.54059 4.53252 -2
      vertex 2.98134 2.57204 2
      vertex 2.98134 2.57204 -2
    endloop
  endfacet
  facet normal 0.975648 0.219343 -0
    outer loop
      vertex 2.54059 4.53252 -2
      vertex 2.54059 4.53252 2
      vertex 2.98134 2.57204 2
    endloop
  endfacet
  facet normal 0.889736 0.456476 0
    outer loop
      vertex 1.82214 5.93288 -2
      vertex 2.54059 4.53252 2
      vertex 2.54059 4.53252 -2
    endloop
  endfacet
  facet normal 0.889736 0.456476 -0
    outer loop
      vertex 1.82214 5.93288 -2
      vertex 1.82214 5.93288 2
      vertex 2.54059 4.53252 2
    endloop
  endfacet
  facet normal 0.644733 0.764407 0
    outer loop
      vertex 0.825972 6.77309 -2
      vertex 1.82214 5.93288 2
      vertex 1.82214 5.93288 -2
    endloop
  endfacet
  facet normal 0.644733 0.764407 -0
    outer loop
      vertex 0.825972 6.77309 -2
      vertex 0.825972 6.77309 2
      vertex 1.82214 5.93288 2
    endloop
  endfacet
  facet normal 0.214726 0.976674 0
    outer loop
      vertex -0.447875 7.05315 -2
      vertex 0.825972 6.77309 2
      vertex 0.825972 6.77309 -2
    endloop
  endfacet
  facet normal 0.214726 0.976674 -0
    outer loop
      vertex -0.447875 7.05315 -2
      vertex -0.447875 7.05315 2
      vertex 0.825972 6.77309 2
    endloop
  endfacet
  facet normal -0.111302 0.993787 0
    outer loop
      vertex -1.04137 6.98668 -2
      vertex -0.447875 7.05315 2
      vertex -0.447875 7.05315 -2
    endloop
  endfacet
  facet normal -0.111302 0.993787 0
    outer loop
      vertex -1.04137 6.98668 -2
      vertex -1.04137 6.98668 2
      vertex -0.447875 7.05315 2
    endloop
  endfacet
  facet normal -0.34081 0.940132 0
    outer loop
      vertex -1.59142 6.78728 -2
      vertex -1.04137 6.98668 2
      vertex -1.04137 6.98668 -2
    endloop
  endfacet
  facet normal -0.34081 0.940132 0
    outer loop
      vertex -1.59142 6.78728 -2
      vertex -1.59142 6.78728 2
      vertex -1.04137 6.98668 2
    endloop
  endfacet
  facet normal -0.548503 0.836149 0
    outer loop
      vertex -2.098 6.45497 -2
      vertex -1.59142 6.78728 2
      vertex -1.59142 6.78728 -2
    endloop
  endfacet
  facet normal -0.548503 0.836149 0
    outer loop
      vertex -2.098 6.45497 -2
      vertex -2.098 6.45497 2
      vertex -1.59142 6.78728 2
    endloop
  endfacet
  facet normal -0.70872 0.70549 0
    outer loop
      vertex -2.56115 5.9897 -2
      vertex -2.098 6.45497 2
      vertex -2.098 6.45497 -2
    endloop
  endfacet
  facet normal -0.70872 0.70549 0
    outer loop
      vertex -2.56115 5.9897 -2
      vertex -2.56115 5.9897 2
      vertex -2.098 6.45497 2
    endloop
  endfacet
  facet normal -0.822569 0.568666 0
    outer loop
      vertex -2.98443 5.37743 -2
      vertex -2.56115 5.9897 2
      vertex -2.56115 5.9897 -2
    endloop
  endfacet
  facet normal -0.822569 0.568666 0
    outer loop
      vertex -2.98443 5.37743 -2
      vertex -2.98443 5.37743 2
      vertex -2.56115 5.9897 2
    endloop
  endfacet
  facet normal -0.894372 0.447325 0
    outer loop
      vertex -3.37141 4.60371 -2
      vertex -2.98443 5.37743 2
      vertex -2.98443 5.37743 -2
    endloop
  endfacet
  facet normal -0.894372 0.447325 0
    outer loop
      vertex -3.37141 4.60371 -2
      vertex -3.37141 4.60371 2
      vertex -2.98443 5.37743 2
    endloop
  endfacet
  facet normal -0.936323 0.35114 0
    outer loop
      vertex -3.72211 3.66856 -2
      vertex -3.37141 4.60371 2
      vertex -3.37141 4.60371 -2
    endloop
  endfacet
  facet normal -0.936323 0.35114 0
    outer loop
      vertex -3.72211 3.66856 -2
      vertex -3.72211 3.66856 2
      vertex -3.37141 4.60371 2
    endloop
  endfacet
  facet normal -0.961264 0.275628 0
    outer loop
      vertex -4.03652 2.57204 -2
      vertex -3.72211 3.66856 2
      vertex -3.72211 3.66856 -2
    endloop
  endfacet
  facet normal -0.961264 0.275628 0
    outer loop
      vertex -4.03652 2.57204 -2
      vertex -4.03652 2.57204 2
      vertex -3.72211 3.66856 2
    endloop
  endfacet
  facet normal 0 1 0
    outer loop
      vertex -4.08206 2.57204 -2
      vertex -4.03652 2.57204 2
      vertex -4.03652 2.57204 -2
    endloop
  endfacet
  facet normal 0 1 0
    outer loop
      vertex -4.08206 2.57204 -2
      vertex -4.08206 2.57204 2
      vertex -4.03652 2.57204 2
    endloop
  endfacet
  facet normal 0.99995 0.00998544 0
    outer loop
      vertex -4.08561 2.92754 -2
      vertex -4.08206 2.57204 2
      vertex -4.08206 2.57204 -2
    endloop
  endfacet
  facet normal 0.99995 0.00998544 -0
    outer loop
      vertex -4.08561 2.92754 -2
      vertex -4.08561 2.92754 2
      vertex -4.08206 2.57204 2
    endloop
  endfacet
  facet normal 0.99975 0.022352 0
    outer loop
      vertex -4.09629 3.40523 -2
      vertex -4.08561 2.92754 2
      vertex -4.08561 2.92754 -2
    endloop
  endfacet
  facet normal 0.99975 0.022352 -0
    outer loop
      vertex -4.09629 3.40523 -2
      vertex -4.09629 3.40523 2
      vertex -4.08561 2.92754 2
    endloop
  endfacet
  facet normal 0.99956 0.0296595 0
    outer loop
      vertex -4.11409 4.00511 -2
      vertex -4.09629 3.40523 2
      vertex -4.09629 3.40523 -2
    endloop
  endfacet
  facet normal 0.99956 0.0296595 -0
    outer loop
      vertex -4.11409 4.00511 -2
      vertex -4.11409 4.00511 2
      vertex -4.09629 3.40523 2
    endloop
  endfacet
  facet normal 0.999405 0.0344909 0
    outer loop
      vertex -4.13901 4.72719 -2
      vertex -4.11409 4.00511 2
      vertex -4.11409 4.00511 -2
    endloop
  endfacet
  facet normal 0.999405 0.0344909 -0
    outer loop
      vertex -4.13901 4.72719 -2
      vertex -4.13901 4.72719 2
      vertex -4.11409 4.00511 2
    endloop
  endfacet
  facet normal 0.99927 0.0381973 0
    outer loop
      vertex -4.16607 5.4351 -2
      vertex -4.13901 4.72719 2
      vertex -4.13901 4.72719 -2
    endloop
  endfacet
  facet normal 0.99927 0.0381973 -0
    outer loop
      vertex -4.16607 5.4351 -2
      vertex -4.16607 5.4351 2
      vertex -4.13901 4.72719 2
    endloop
  endfacet
  facet normal 0.999057 0.0434271 0
    outer loop
      vertex -4.19029 5.99229 -2
      vertex -4.16607 5.4351 2
      vertex -4.16607 5.4351 -2
    endloop
  endfacet
  facet normal 0.999057 0.0434271 -0
    outer loop
      vertex -4.19029 5.99229 -2
      vertex -4.19029 5.99229 2
      vertex -4.16607 5.4351 2
    endloop
  endfacet
  facet normal 0.998618 0.052555 0
    outer loop
      vertex -4.21168 6.39873 -2
      vertex -4.19029 5.99229 2
      vertex -4.19029 5.99229 -2
    endloop
  endfacet
  facet normal 0.998618 0.052555 -0
    outer loop
      vertex -4.21168 6.39873 -2
      vertex -4.21168 6.39873 2
      vertex -4.19029 5.99229 2
    endloop
  endfacet
  facet normal 0.997379 0.0723558 0
    outer loop
      vertex -4.23023 6.65443 -2
      vertex -4.21168 6.39873 2
      vertex -4.21168 6.39873 -2
    endloop
  endfacet
  facet normal 0.997379 0.0723558 -0
    outer loop
      vertex -4.23023 6.65443 -2
      vertex -4.23023 6.65443 2
      vertex -4.21168 6.39873 2
    endloop
  endfacet
  facet normal 0 1 0
    outer loop
      vertex -7.28329 6.65443 -2
      vertex -4.23023 6.65443 2
      vertex -4.23023 6.65443 -2
    endloop
  endfacet
  facet normal 0 1 0
    outer loop
      vertex -7.28329 6.65443 -2
      vertex -7.28329 6.65443 2
      vertex -4.23023 6.65443 2
    endloop
  endfacet
  facet normal -0.999252 -0.0386804 0
    outer loop
      vertex -7.26659 6.22301 -2
      vertex -7.28329 6.65443 2
      vertex -7.28329 6.65443 -2
    endloop
  endfacet
  facet normal -0.999252 -0.0386804 0
    outer loop
      vertex -7.26659 6.22301 -2
      vertex -7.26659 6.22301 2
      vertex -7.28329 6.65443 2
    endloop
  endfacet
  facet normal -0.999395 -0.0347722 0
    outer loop
      vertex -7.25063 5.7643 -2
      vertex -7.26659 6.22301 2
      vertex -7.26659 6.22301 -2
    endloop
  endfacet
  facet normal -0.999395 -0.0347722 0
    outer loop
      vertex -7.25063 5.7643 -2
      vertex -7.25063 5.7643 2
      vertex -7.26659 6.22301 2
    endloop
  endfacet
  facet normal -0.999507 -0.0314043 0
    outer loop
      vertex -7.23536 5.2783 -2
      vertex -7.25063 5.7643 2
      vertex -7.25063 5.7643 -2
    endloop
  endfacet
  facet normal -0.999507 -0.0314043 0
    outer loop
      vertex -7.23536 5.2783 -2
      vertex -7.23536 5.2783 2
      vertex -7.25063 5.7643 2
    endloop
  endfacet
  facet normal -0.999598 -0.0283541 0
    outer loop
      vertex -7.2208 4.765 -2
      vertex -7.23536 5.2783 2
      vertex -7.23536 5.2783 -2
    endloop
  endfacet
  facet normal -0.999598 -0.0283541 0
    outer loop
      vertex -7.2208 4.765 -2
      vertex -7.2208 4.765 2
      vertex -7.23536 5.2783 2
    endloop
  endfacet
  facet normal -0.999755 -0.0221317 0
    outer loop
      vertex -7.20831 4.20079 -2
      vertex -7.2208 4.765 2
      vertex -7.2208 4.765 -2
    endloop
  endfacet
  facet normal -0.999755 -0.0221317 0
    outer loop
      vertex -7.20831 4.20079 -2
      vertex -7.20831 4.20079 2
      vertex -7.2208 4.765 2
    endloop
  endfacet
  facet normal -0.999902 -0.013974 0
    outer loop
      vertex -7.19938 3.56181 -2
      vertex -7.20831 4.20079 2
      vertex -7.20831 4.20079 -2
    endloop
  endfacet
  facet normal -0.999902 -0.013974 0
    outer loop
      vertex -7.19938 3.56181 -2
      vertex -7.19938 3.56181 2
      vertex -7.20831 4.20079 2
    endloop
  endfacet
  facet normal -0.999972 -0.00749583 0
    outer loop
      vertex -7.19403 2.8481 -2
      vertex -7.19938 3.56181 2
      vertex -7.19938 3.56181 -2
    endloop
  endfacet
  facet normal -0.999972 -0.00749583 0
    outer loop
      vertex -7.19403 2.8481 -2
      vertex -7.19403 2.8481 2
      vertex -7.19938 3.56181 2
    endloop
  endfacet
  facet normal -0.999997 -0.00228287 0
    outer loop
      vertex -7.19223 2.05962 -2
      vertex -7.19403 2.8481 2
      vertex -7.19403 2.8481 -2
    endloop
  endfacet
  facet normal -0.999997 -0.00228287 0
    outer loop
      vertex -7.19223 2.05962 -2
      vertex -7.19223 2.05962 2
      vertex -7.19403 2.8481 2
    endloop
  endfacet
  facet normal -1 0 0
    outer loop
      vertex -7.19223 -13.89 -2
      vertex -7.19223 2.05962 2
      vertex -7.19223 2.05962 -2
    endloop
  endfacet
  facet normal -1 0 0
    outer loop
      vertex -7.19223 -13.89 -2
      vertex -7.19223 -13.89 2
      vertex -7.19223 2.05962 2
    endloop
  endfacet
  facet normal 0 -1 0
    outer loop
      vertex -3.99084 -13.89 -2
      vertex -7.19223 -13.89 2
      vertex -7.19223 -13.89 -2
    endloop
  endfacet
  facet normal 0 -1 0
    outer loop
      vertex -3.99084 -13.89 -2
      vertex -3.99084 -13.89 2
      vertex -7.19223 -13.89 2
    endloop
  endfacet
  facet normal 1 0 0
    outer loop
      vertex -3.99084 -2.87734 -2
      vertex -3.99084 -13.89 2
      vertex -3.99084 -13.89 -2
    endloop
  endfacet
  facet normal 1 0 -0
    outer loop
      vertex -3.99084 -2.87734 -2
      vertex -3.99084 -2.87734 2
      vertex -3.99084 -13.89 2
    endloop
  endfacet
  facet normal 0.282296 -0.959327 0
    outer loop
      vertex 59.5035 -13.8449 -2
      vertex 58.4208 -14.1635 2
      vertex 58.4208 -14.1635 -2
    endloop
  endfacet
  facet normal 0.282296 -0.959327 0
    outer loop
      vertex 59.5035 -13.8449 -2
      vertex 59.5035 -13.8449 2
      vertex 58.4208 -14.1635 2
    endloop
  endfacet
  facet normal 0.491003 -0.871158 0
    outer loop
      vertex 60.4458 -13.3138 -2
      vertex 59.5035 -13.8449 2
      vertex 59.5035 -13.8449 -2
    endloop
  endfacet
  facet normal 0.491003 -0.871158 0
    outer loop
      vertex 60.4458 -13.3138 -2
      vertex 60.4458 -13.3138 2
      vertex 59.5035 -13.8449 2
    endloop
  endfacet
  facet normal 0.67976 -0.733435 0
    outer loop
      vertex 61.2479 -12.5704 -2
      vertex 60.4458 -13.3138 2
      vertex 60.4458 -13.3138 -2
    endloop
  endfacet
  facet normal 0.67976 -0.733435 0
    outer loop
      vertex 61.2479 -12.5704 -2
      vertex 61.2479 -12.5704 2
      vertex 60.4458 -13.3138 2
    endloop
  endfacet
  facet normal 0.82352 -0.567288 0
    outer loop
      vertex 61.8884 -11.6406 -2
      vertex 61.2479 -12.5704 2
      vertex 61.2479 -12.5704 -2
    endloop
  endfacet
  facet normal 0.82352 -0.567288 0
    outer loop
      vertex 61.8884 -11.6406 -2
      vertex 61.8884 -11.6406 2
      vertex 61.2479 -12.5704 2
    endloop
  endfacet
  facet normal 0.922073 -0.387017 0
    outer loop
      vertex 62.3459 -10.5506 -2
      vertex 61.8884 -11.6406 2
      vertex 61.8884 -11.6406 -2
    endloop
  endfacet
  facet normal 0.922073 -0.387017 0
    outer loop
      vertex 62.3459 -10.5506 -2
      vertex 62.3459 -10.5506 2
      vertex 61.8884 -11.6406 2
    endloop
  endfacet
  facet normal 0.976735 -0.214451 0
    outer loop
      vertex 62.6204 -9.30037 -2
      vertex 62.3459 -10.5506 2
      vertex 62.3459 -10.5506 -2
    endloop
  endfacet
  facet normal 0.976735 -0.214451 0
    outer loop
      vertex 62.6204 -9.30037 -2
      vertex 62.6204 -9.30037 2
      vertex 62.3459 -10.5506 2
    endloop
  endfacet
  facet normal 0.997902 -0.0647364 0
    outer loop
      vertex 62.7119 -7.88991 -2
      vertex 62.6204 -9.30037 2
      vertex 62.6204 -9.30037 -2
    endloop
  endfacet
  facet normal 0.997902 -0.0647364 0
    outer loop
      vertex 62.7119 -7.88991 -2
      vertex 62.7119 -7.88991 2
      vertex 62.6204 -9.30037 2
    endloop
  endfacet
  facet normal 0.99955 0.0299944 0
    outer loop
      vertex 62.6866 -7.0468 -2
      vertex 62.7119 -7.88991 2
      vertex 62.7119 -7.88991 -2
    endloop
  endfacet
  facet normal 0.99955 0.0299944 -0
    outer loop
      vertex 62.6866 -7.0468 -2
      vertex 62.6866 -7.0468 2
      vertex 62.7119 -7.88991 2
    endloop
  endfacet
  facet normal 0.995109 0.0987799 0
    outer loop
      vertex 62.6108 -6.28319 -2
      vertex 62.6866 -7.0468 2
      vertex 62.6866 -7.0468 -2
    endloop
  endfacet
  facet normal 0.995109 0.0987799 -0
    outer loop
      vertex 62.6108 -6.28319 -2
      vertex 62.6108 -6.28319 2
      vertex 62.6866 -7.0468 2
    endloop
  endfacet
  facet normal 0.983357 0.181683 0
    outer loop
      vertex 62.4844 -5.59905 -2
      vertex 62.6108 -6.28319 2
      vertex 62.6108 -6.28319 -2
    endloop
  endfacet
  facet normal 0.983357 0.181683 -0
    outer loop
      vertex 62.4844 -5.59905 -2
      vertex 62.4844 -5.59905 2
      vertex 62.6108 -6.28319 2
    endloop
  endfacet
  facet normal 0.959768 0.280795 0
    outer loop
      vertex 62.3075 -4.9944 -2
      vertex 62.4844 -5.59905 2
      vertex 62.4844 -5.59905 -2
    endloop
  endfacet
  facet normal 0.959768 0.280795 -0
    outer loop
      vertex 62.3075 -4.9944 -2
      vertex 62.3075 -4.9944 2
      vertex 62.4844 -5.59905 2
    endloop
  endfacet
  facet normal 0.926358 0.376644 0
    outer loop
      vertex 62.0882 -4.45503 -2
      vertex 62.3075 -4.9944 2
      vertex 62.3075 -4.9944 -2
    endloop
  endfacet
  facet normal 0.926358 0.376644 -0
    outer loop
      vertex 62.0882 -4.45503 -2
      vertex 62.0882 -4.45503 2
      vertex 62.3075 -4.9944 2
    endloop
  endfacet
  facet normal 0.887627 0.460562 0
    outer loop
      vertex 61.8348 -3.96666 -2
      vertex 62.0882 -4.45503 2
      vertex 62.0882 -4.45503 -2
    endloop
  endfacet
  facet normal 0.887627 0.460562 -0
    outer loop
      vertex 61.8348 -3.96666 -2
      vertex 61.8348 -3.96666 2
      vertex 62.0882 -4.45503 2
    endloop
  endfacet
  facet normal 0.835426 0.549602 0
    outer loop
      vertex 61.5471 -3.52934 -2
      vertex 61.8348 -3.96666 2
      vertex 61.8348 -3.96666 -2
    endloop
  endfacet
  facet normal 0.835426 0.549602 -0
    outer loop
      vertex 61.5471 -3.52934 -2
      vertex 61.5471 -3.52934 2
      vertex 61.8348 -3.96666 2
    endloop
  endfacet
  facet normal 0.768327 0.640057 0
    outer loop
      vertex 61.2253 -3.14305 -2
      vertex 61.5471 -3.52934 2
      vertex 61.5471 -3.52934 -2
    endloop
  endfacet
  facet normal 0.768327 0.640057 -0
    outer loop
      vertex 61.2253 -3.14305 -2
      vertex 61.2253 -3.14305 2
      vertex 61.5471 -3.52934 2
    endloop
  endfacet
  facet normal 0.688583 0.725157 0
    outer loop
      vertex 60.8585 -2.79475 -2
      vertex 61.2253 -3.14305 2
      vertex 61.2253 -3.14305 -2
    endloop
  endfacet
  facet normal 0.688583 0.725157 -0
    outer loop
      vertex 60.8585 -2.79475 -2
      vertex 60.8585 -2.79475 2
      vertex 61.2253 -3.14305 2
    endloop
  endfacet
  facet normal 0.608045 0.793903 0
    outer loop
      vertex 60.4363 -2.47139 -2
      vertex 60.8585 -2.79475 2
      vertex 60.8585 -2.79475 -2
    endloop
  endfacet
  facet normal 0.608045 0.793903 -0
    outer loop
      vertex 60.4363 -2.47139 -2
      vertex 60.4363 -2.47139 2
      vertex 60.8585 -2.79475 2
    endloop
  endfacet
  facet normal 0.529673 0.848202 0
    outer loop
      vertex 59.9585 -2.17302 -2
      vertex 60.4363 -2.47139 2
      vertex 60.4363 -2.47139 -2
    endloop
  endfacet
  facet normal 0.529673 0.848202 -0
    outer loop
      vertex 59.9585 -2.17302 -2
      vertex 59.9585 -2.17302 2
      vertex 60.4363 -2.47139 2
    endloop
  endfacet
  facet normal 0.456187 0.889884 0
    outer loop
      vertex 59.4251 -1.89958 -2
      vertex 59.9585 -2.17302 2
      vertex 59.9585 -2.17302 -2
    endloop
  endfacet
  facet normal 0.456187 0.889884 -0
    outer loop
      vertex 59.4251 -1.89958 -2
      vertex 59.4251 -1.89958 2
      vertex 59.9585 -2.17302 2
    endloop
  endfacet
  facet normal 0.40743 0.913237 0
    outer loop
      vertex 58.8438 -1.64024 -2
      vertex 59.4251 -1.89958 2
      vertex 59.4251 -1.89958 -2
    endloop
  endfacet
  facet normal 0.40743 0.913237 -0
    outer loop
      vertex 58.8438 -1.64024 -2
      vertex 58.8438 -1.64024 2
      vertex 59.4251 -1.89958 2
    endloop
  endfacet
  facet normal 0.380386 0.924828 0
    outer loop
      vertex 58.2219 -1.38445 -2
      vertex 58.8438 -1.64024 2
      vertex 58.8438 -1.64024 -2
    endloop
  endfacet
  facet normal 0.380386 0.924828 -0
    outer loop
      vertex 58.2219 -1.38445 -2
      vertex 58.2219 -1.38445 2
      vertex 58.8438 -1.64024 2
    endloop
  endfacet
  facet normal 0.355846 0.934544 0
    outer loop
      vertex 57.5594 -1.13219 -2
      vertex 58.2219 -1.38445 2
      vertex 58.2219 -1.38445 -2
    endloop
  endfacet
  facet normal 0.355846 0.934544 -0
    outer loop
      vertex 57.5594 -1.13219 -2
      vertex 57.5594 -1.13219 2
      vertex 58.2219 -1.38445 2
    endloop
  endfacet
  facet normal 0.333455 0.942766 0
    outer loop
      vertex 56.8562 -0.883469 -2
      vertex 57.5594 -1.13219 2
      vertex 57.5594 -1.13219 -2
    endloop
  endfacet
  facet normal 0.333455 0.942766 -0
    outer loop
      vertex 56.8562 -0.883469 -2
      vertex 56.8562 -0.883469 2
      vertex 57.5594 -1.13219 2
    endloop
  endfacet
  facet normal 0.354123 0.935199 0
    outer loop
      vertex 56.3753 -0.701371 -2
      vertex 56.8562 -0.883469 2
      vertex 56.8562 -0.883469 -2
    endloop
  endfacet
  facet normal 0.354123 0.935199 -0
    outer loop
      vertex 56.3753 -0.701371 -2
      vertex 56.3753 -0.701371 2
      vertex 56.8562 -0.883469 2
    endloop
  endfacet
  facet normal 0.449851 0.893104 0
    outer loop
      vertex 55.969 -0.49672 -2
      vertex 56.3753 -0.701371 2
      vertex 56.3753 -0.701371 -2
    endloop
  endfacet
  facet normal 0.449851 0.893104 -0
    outer loop
      vertex 55.969 -0.49672 -2
      vertex 55.969 -0.49672 2
      vertex 56.3753 -0.701371 2
    endloop
  endfacet
  facet normal 0.565559 0.824708 0
    outer loop
      vertex 55.6376 -0.269456 -2
      vertex 55.969 -0.49672 2
      vertex 55.969 -0.49672 -2
    endloop
  endfacet
  facet normal 0.565559 0.824708 -0
    outer loop
      vertex 55.6376 -0.269456 -2
      vertex 55.6376 -0.269456 2
      vertex 55.969 -0.49672 2
    endloop
  endfacet
  facet normal 0.69739 0.716692 0
    outer loop
      vertex 55.3809 -0.0196692 -2
      vertex 55.6376 -0.269456 2
      vertex 55.6376 -0.269456 -2
    endloop
  endfacet
  facet normal 0.69739 0.716692 -0
    outer loop
      vertex 55.3809 -0.0196692 -2
      vertex 55.3809 -0.0196692 2
      vertex 55.6376 -0.269456 2
    endloop
  endfacet
  facet normal 0.828798 0.559547 0
    outer loop
      vertex 55.189 0.264572 -2
      vertex 55.3809 -0.0196692 2
      vertex 55.3809 -0.0196692 -2
    endloop
  endfacet
  facet normal 0.828798 0.559547 -0
    outer loop
      vertex 55.189 0.264572 -2
      vertex 55.189 0.264572 2
      vertex 55.3809 -0.0196692 2
    endloop
  endfacet
  facet normal 0.923681 0.383161 0
    outer loop
      vertex 55.0519 0.595077 -2
      vertex 55.189 0.264572 2
      vertex 55.189 0.264572 -2
    endloop
  endfacet
  facet normal 0.923681 0.383161 -0
    outer loop
      vertex 55.0519 0.595077 -2
      vertex 55.0519 0.595077 2
      vertex 55.189 0.264572 2
    endloop
  endfacet
  facet normal 0.976964 0.213404 0
    outer loop
      vertex 54.9696 0.971847 -2
      vertex 55.0519 0.595077 2
      vertex 55.0519 0.595077 -2
    endloop
  endfacet
  facet normal 0.976964 0.213404 -0
    outer loop
      vertex 54.9696 0.971847 -2
      vertex 54.9696 0.971847 2
      vertex 55.0519 0.595077 2
    endloop
  endfacet
  facet normal 0.997909 0.0646304 0
    outer loop
      vertex 54.9422 1.39491 -2
      vertex 54.9696 0.971847 2
      vertex 54.9696 0.971847 -2
    endloop
  endfacet
  facet normal 0.997909 0.0646304 -0
    outer loop
      vertex 54.9422 1.39491 -2
      vertex 54.9422 1.39491 2
      vertex 54.9696 0.971847 2
    endloop
  endfacet
  facet normal 0.997741 -0.0671803 0
    outer loop
      vertex 54.9778 1.92363 -2
      vertex 54.9422 1.39491 2
      vertex 54.9422 1.39491 -2
    endloop
  endfacet
  facet normal 0.997741 -0.0671803 0
    outer loop
      vertex 54.9778 1.92363 -2
      vertex 54.9778 1.92363 2
      vertex 54.9422 1.39491 2
    endloop
  endfacet
  facet normal 0.972601 -0.232479 0
    outer loop
      vertex 55.0846 2.37044 -2
      vertex 54.9778 1.92363 2
      vertex 54.9778 1.92363 -2
    endloop
  endfacet
  facet normal 0.972601 -0.232479 0
    outer loop
      vertex 55.0846 2.37044 -2
      vertex 55.0846 2.37044 2
      vertex 54.9778 1.92363 2
    endloop
  endfacet
  facet normal 0.898768 -0.438424 0
    outer loop
      vertex 55.2626 2.73534 -2
      vertex 55.0846 2.37044 2
      vertex 55.0846 2.37044 -2
    endloop
  endfacet
  facet normal 0.898768 -0.438424 0
    outer loop
      vertex 55.2626 2.73534 -2
      vertex 55.2626 2.73534 2
      vertex 55.0846 2.37044 2
    endloop
  endfacet
  facet normal 0.750658 -0.660691 0
    outer loop
      vertex 55.5117 3.01836 -2
      vertex 55.2626 2.73534 2
      vertex 55.2626 2.73534 -2
    endloop
  endfacet
  facet normal 0.750658 -0.660691 0
    outer loop
      vertex 55.5117 3.01836 -2
      vertex 55.5117 3.01836 2
      vertex 55.2626 2.73534 2
    endloop
  endfacet
  facet normal 0.551314 -0.834298 0
    outer loop
      vertex 55.8322 3.23015 -2
      vertex 55.5117 3.01836 2
      vertex 55.5117 3.01836 -2
    endloop
  endfacet
  facet normal 0.551314 -0.834298 0
    outer loop
      vertex 55.8322 3.23015 -2
      vertex 55.8322 3.23015 2
      vertex 55.5117 3.01836 2
    endloop
  endfacet
  facet normal 0.360257 -0.932853 0
    outer loop
      vertex 56.2239 3.38142 -2
      vertex 55.8322 3.23015 2
      vertex 55.8322 3.23015 -2
    endloop
  endfacet
  facet normal 0.360257 -0.932853 0
    outer loop
      vertex 56.2239 3.38142 -2
      vertex 56.2239 3.38142 2
      vertex 55.8322 3.23015 2
    endloop
  endfacet
  facet normal 0.192506 -0.981296 0
    outer loop
      vertex 56.6867 3.47221 -2
      vertex 56.2239 3.38142 2
      vertex 56.2239 3.38142 -2
    endloop
  endfacet
  facet normal 0.192506 -0.981296 0
    outer loop
      vertex 56.6867 3.47221 -2
      vertex 56.6867 3.47221 2
      vertex 56.2239 3.38142 2
    endloop
  endfacet
  facet normal 0.0565467 -0.9984 0
    outer loop
      vertex 57.2208 3.50246 -2
      vertex 56.6867 3.47221 2
      vertex 56.6867 3.47221 -2
    endloop
  endfacet
  facet normal 0.0565467 -0.9984 0
    outer loop
      vertex 57.2208 3.50246 -2
      vertex 57.2208 3.50246 2
      vertex 56.6867 3.47221 2
    endloop
  endfacet
  facet normal -0.0710272 -0.997474 0
    outer loop
      vertex 57.7626 3.46388 -2
      vertex 57.2208 3.50246 2
      vertex 57.2208 3.50246 -2
    endloop
  endfacet
  facet normal -0.0710272 -0.997474 0
    outer loop
      vertex 57.7626 3.46388 -2
      vertex 57.7626 3.46388 2
      vertex 57.2208 3.50246 2
    endloop
  endfacet
  facet normal -0.242171 -0.970234 0
    outer loop
      vertex 58.2261 3.34819 -2
      vertex 57.7626 3.46388 2
      vertex 57.7626 3.46388 -2
    endloop
  endfacet
  facet normal -0.242171 -0.970234 0
    outer loop
      vertex 58.2261 3.34819 -2
      vertex 58.2261 3.34819 2
      vertex 57.7626 3.46388 2
    endloop
  endfacet
  facet normal -0.447752 -0.894158 0
    outer loop
      vertex 58.6112 3.15535 -2
      vertex 58.2261 3.34819 2
      vertex 58.2261 3.34819 -2
    endloop
  endfacet
  facet normal -0.447752 -0.894158 0
    outer loop
      vertex 58.6112 3.15535 -2
      vertex 58.6112 3.15535 2
      vertex 58.2261 3.34819 2
    endloop
  endfacet
  facet normal -0.660556 -0.750777 0
    outer loop
      vertex 58.9181 2.88533 -2
      vertex 58.6112 3.15535 2
      vertex 58.6112 3.15535 -2
    endloop
  endfacet
  facet normal -0.660556 -0.750777 0
    outer loop
      vertex 58.9181 2.88533 -2
      vertex 58.9181 2.88533 2
      vertex 58.6112 3.15535 2
    endloop
  endfacet
  facet normal -0.820237 -0.572023 0
    outer loop
      vertex 59.161 2.53703 -2
      vertex 58.9181 2.88533 2
      vertex 58.9181 2.88533 -2
    endloop
  endfacet
  facet normal -0.820237 -0.572023 0
    outer loop
      vertex 59.161 2.53703 -2
      vertex 59.161 2.53703 2
      vertex 58.9181 2.88533 2
    endloop
  endfacet
  facet normal -0.911516 -0.411265 0
    outer loop
      vertex 59.354 2.10927 -2
      vertex 59.161 2.53703 2
      vertex 59.161 2.53703 -2
    endloop
  endfacet
  facet normal -0.911516 -0.411265 0
    outer loop
      vertex 59.354 2.10927 -2
      vertex 59.354 2.10927 2
      vertex 59.161 2.53703 2
    endloop
  endfacet
  facet normal -0.962442 -0.271487 0
    outer loop
      vertex 59.4971 1.60197 -2
      vertex 59.354 2.10927 2
      vertex 59.354 2.10927 -2
    endloop
  endfacet
  facet normal -0.962442 -0.271487 0
    outer loop
      vertex 59.4971 1.60197 -2
      vertex 59.4971 1.60197 2
      vertex 59.354 2.10927 2
    endloop
  endfacet
  facet normal -0.987567 -0.1572 0
    outer loop
      vertex 59.5905 1.01521 -2
      vertex 59.4971 1.60197 2
      vertex 59.4971 1.60197 -2
    endloop
  endfacet
  facet normal -0.987567 -0.1572 0
    outer loop
      vertex 59.5905 1.01521 -2
      vertex 59.5905 1.01521 2
      vertex 59.4971 1.60197 2
    endloop
  endfacet
  facet normal 0.171452 -0.985193 0
    outer loop
      vertex 62.4271 1.50886 -2
      vertex 59.5905 1.01521 2
      vertex 59.5905 1.01521 -2
    endloop
  endfacet
  facet normal 0.171452 -0.985193 0
    outer loop
      vertex 62.4271 1.50886 -2
      vertex 62.4271 1.50886 2
      vertex 59.5905 1.01521 2
    endloop
  endfacet
  facet normal 0.984202 0.177047 0
    outer loop
      vertex 62.1989 2.77742 -2
      vertex 62.4271 1.50886 2
      vertex 62.4271 1.50886 -2
    endloop
  endfacet
  facet normal 0.984202 0.177047 -0
    outer loop
      vertex 62.1989 2.77742 -2
      vertex 62.1989 2.77742 2
      vertex 62.4271 1.50886 2
    endloop
  endfacet
  facet normal 0.952613 0.304184 0
    outer loop
      vertex 61.8446 3.88698 -2
      vertex 62.1989 2.77742 2
      vertex 62.1989 2.77742 -2
    endloop
  endfacet
  facet normal 0.952613 0.304184 -0
    outer loop
      vertex 61.8446 3.88698 -2
      vertex 61.8446 3.88698 2
      vertex 62.1989 2.77742 2
    endloop
  endfacet
  facet normal 0.892528 0.450992 0
    outer loop
      vertex 61.3643 4.83751 -2
      vertex 61.8446 3.88698 2
      vertex 61.8446 3.88698 -2
    endloop
  endfacet
  facet normal 0.892528 0.450992 -0
    outer loop
      vertex 61.3643 4.83751 -2
      vertex 61.3643 4.83751 2
      vertex 61.8446 3.88698 2
    endloop
  endfacet
  facet normal 0.793879 0.608076 0
    outer loop
      vertex 60.758 5.62907 -2
      vertex 61.3643 4.83751 2
      vertex 61.3643 4.83751 -2
    endloop
  endfacet
  facet normal 0.793879 0.608076 -0
    outer loop
      vertex 60.758 5.62907 -2
      vertex 60.758 5.62907 2
      vertex 61.3643 4.83751 2
    endloop
  endfacet
  facet normal 0.652786 0.757543 0
    outer loop
      vertex 60.035 6.25209 -2
      vertex 60.758 5.62907 2
      vertex 60.758 5.62907 -2
    endloop
  endfacet
  facet normal 0.652786 0.757543 -0
    outer loop
      vertex 60.035 6.25209 -2
      vertex 60.035 6.25209 2
      vertex 60.758 5.62907 2
    endloop
  endfacet
  facet normal 0.472284 0.881447 0
    outer loop
      vertex 59.2044 6.69713 -2
      vertex 60.035 6.25209 2
      vertex 60.035 6.25209 -2
    endloop
  endfacet
  facet normal 0.472284 0.881447 -0
    outer loop
      vertex 59.2044 6.69713 -2
      vertex 59.2044 6.69713 2
      vertex 60.035 6.25209 2
    endloop
  endfacet
  facet normal 0.273773 0.961794 0
    outer loop
      vertex 58.2664 6.96413 -2
      vertex 59.2044 6.69713 2
      vertex 59.2044 6.69713 -2
    endloop
  endfacet
  facet normal 0.273773 0.961794 -0
    outer loop
      vertex 58.2664 6.96413 -2
      vertex 58.2664 6.96413 2
      vertex 59.2044 6.69713 2
    endloop
  endfacet
  facet normal 0.0848308 0.996395 0
    outer loop
      vertex 57.2208 7.05315 -2
      vertex 58.2664 6.96413 2
      vertex 58.2664 6.96413 -2
    endloop
  endfacet
  facet normal 0.0848308 0.996395 -0
    outer loop
      vertex 57.2208 7.05315 -2
      vertex 57.2208 7.05315 2
      vertex 58.2664 6.96413 2
    endloop
  endfacet
  facet normal -0.0869296 0.996214 0
    outer loop
      vertex 56.0442 6.95048 -2
      vertex 57.2208 7.05315 2
      vertex 57.2208 7.05315 -2
    endloop
  endfacet
  facet normal -0.0869296 0.996214 0
    outer loop
      vertex 56.0442 6.95048 -2
      vertex 56.0442 6.95048 2
      vertex 57.2208 7.05315 2
    endloop
  endfacet
  facet normal -0.285181 0.958474 0
    outer loop
      vertex 55.0092 6.64253 -2
      vertex 56.0442 6.95048 2
      vertex 56.0442 6.95048 -2
    endloop
  endfacet
  facet normal -0.285181 0.958474 0
    outer loop
      vertex 55.0092 6.64253 -2
      vertex 55.0092 6.64253 2
      vertex 56.0442 6.95048 2
    endloop
  endfacet
  facet normal -0.498196 0.867065 0
    outer loop
      vertex 54.1159 6.12926 -2
      vertex 55.0092 6.64253 2
      vertex 55.0092 6.64253 -2
    endloop
  endfacet
  facet normal -0.498196 0.867065 0
    outer loop
      vertex 54.1159 6.12926 -2
      vertex 54.1159 6.12926 2
      vertex 55.0092 6.64253 2
    endloop
  endfacet
  facet normal -0.691109 0.72275 0
    outer loop
      vertex 53.3644 5.41066 -2
      vertex 54.1159 6.12926 2
      vertex 54.1159 6.12926 -2
    endloop
  endfacet
  facet normal -0.691109 0.72275 0
    outer loop
      vertex 53.3644 5.41066 -2
      vertex 53.3644 5.41066 2
      vertex 54.1159 6.12926 2
    endloop
  endfacet
  facet normal -0.834563 0.550913 0
    outer loop
      vertex 52.7687 4.50825 -2
      vertex 53.3644 5.41066 2
      vertex 53.3644 5.41066 -2
    endloop
  endfacet
  facet normal -0.834563 0.550913 0
    outer loop
      vertex 52.7687 4.50825 -2
      vertex 52.7687 4.50825 2
      vertex 53.3644 5.41066 2
    endloop
  endfacet
  facet normal -0.928657 0.37094 0
    outer loop
      vertex 52.3433 3.44325 -2
      vertex 52.7687 4.50825 2
      vertex 52.7687 4.50825 -2
    endloop
  endfacet
  facet normal -0.928657 0.37094 0
    outer loop
      vertex 52.3433 3.44325 -2
      vertex 52.3433 3.44325 2
      vertex 52.7687 4.50825 2
    endloop
  endfacet
  facet normal -0.979053 0.203606 0
    outer loop
      vertex 52.088 2.21562 -2
      vertex 52.3433 3.44325 2
      vertex 52.3433 3.44325 -2
    endloop
  endfacet
  facet normal -0.979053 0.203606 0
    outer loop
      vertex 52.088 2.21562 -2
      vertex 52.088 2.21562 2
      vertex 52.3433 3.44325 2
    endloop
  endfacet
  facet normal -0.998132 0.0610987 0
    outer loop
      vertex 52.0029 0.825393 -2
      vertex 52.088 2.21562 2
      vertex 52.088 2.21562 -2
    endloop
  endfacet
  facet normal -0.998132 0.0610987 0
    outer loop
      vertex 52.0029 0.825393 -2
      vertex 52.0029 0.825393 2
      vertex 52.088 2.21562 2
    endloop
  endfacet
  facet normal -0.999347 -0.0361287 0
    outer loop
      vertex 52.0339 -0.0320898 -2
      vertex 52.0029 0.825393 2
      vertex 52.0029 0.825393 -2
    endloop
  endfacet
  facet normal -0.999347 -0.0361287 0
    outer loop
      vertex 52.0339 -0.0320898 -2
      vertex 52.0339 -0.0320898 2
      vertex 52.0029 0.825393 2
    endloop
  endfacet
  facet normal -0.993113 -0.117164 0
    outer loop
      vertex 52.1268 -0.819535 -2
      vertex 52.0339 -0.0320898 2
      vertex 52.0339 -0.0320898 -2
    endloop
  endfacet
  facet normal -0.993113 -0.117164 0
    outer loop
      vertex 52.1268 -0.819535 -2
      vertex 52.1268 -0.819535 2
      vertex 52.0339 -0.0320898 2
    endloop
  endfacet
  facet normal -0.977476 -0.211045 0
    outer loop
      vertex 52.2817 -1.53697 -2
      vertex 52.1268 -0.819535 2
      vertex 52.1268 -0.819535 -2
    endloop
  endfacet
  facet normal -0.977476 -0.211045 0
    outer loop
      vertex 52.2817 -1.53697 -2
      vertex 52.2817 -1.53697 2
      vertex 52.1268 -0.819535 2
    endloop
  endfacet
  facet normal -0.948239 -0.317559 0
    outer loop
      vertex 52.4985 -2.18434 -2
      vertex 52.2817 -1.53697 2
      vertex 52.2817 -1.53697 -2
    endloop
  endfacet
  facet normal -0.948239 -0.317559 0
    outer loop
      vertex 52.4985 -2.18434 -2
      vertex 52.4985 -2.18434 2
      vertex 52.2817 -1.53697 2
    endloop
  endfacet
  facet normal -0.904111 -0.427299 0
    outer loop
      vertex 52.7744 -2.76811 -2
      vertex 52.4985 -2.18434 2
      vertex 52.4985 -2.18434 -2
    endloop
  endfacet
  facet normal -0.904111 -0.427299 0
    outer loop
      vertex 52.7744 -2.76811 -2
      vertex 52.7744 -2.76811 2
      vertex 52.4985 -2.18434 2
    endloop
  endfacet
  facet normal -0.84589 -0.533357 0
    outer loop
      vertex 53.1066 -3.29497 -2
      vertex 52.7744 -2.76811 2
      vertex 52.7744 -2.76811 -2
    endloop
  endfacet
  facet normal -0.84589 -0.533357 0
    outer loop
      vertex 53.1066 -3.29497 -2
      vertex 53.1066 -3.29497 2
      vertex 52.7744 -2.76811 2
    endloop
  endfacet
  facet normal -0.77081 -0.637065 0
    outer loop
      vertex 53.495 -3.76491 -2
      vertex 53.1066 -3.29497 2
      vertex 53.1066 -3.29497 -2
    endloop
  endfacet
  facet normal -0.77081 -0.637065 0
    outer loop
      vertex 53.495 -3.76491 -2
      vertex 53.495 -3.76491 2
      vertex 53.1066 -3.29497 2
    endloop
  endfacet
  facet normal -0.680608 -0.732648 0
    outer loop
      vertex 53.9396 -4.17793 -2
      vertex 53.495 -3.76491 2
      vertex 53.495 -3.76491 -2
    endloop
  endfacet
  facet normal -0.680608 -0.732648 0
    outer loop
      vertex 53.9396 -4.17793 -2
      vertex 53.9396 -4.17793 2
      vertex 53.495 -3.76491 2
    endloop
  endfacet
  facet normal -0.557996 -0.829844 0
    outer loop
      vertex 54.5228 -4.57008 -2
      vertex 53.9396 -4.17793 2
      vertex 53.9396 -4.17793 -2
    endloop
  endfacet
  facet normal -0.557996 -0.829844 0
    outer loop
      vertex 54.5228 -4.57008 -2
      vertex 54.5228 -4.57008 2
      vertex 53.9396 -4.17793 2
    endloop
  endfacet
  facet normal -0.452221 -0.891906 0
    outer loop
      vertex 55.3267 -4.97768 -2
      vertex 54.5228 -4.57008 2
      vertex 54.5228 -4.57008 -2
    endloop
  endfacet
  facet normal -0.452221 -0.891906 0
    outer loop
      vertex 55.3267 -4.97768 -2
      vertex 55.3267 -4.97768 2
      vertex 54.5228 -4.57008 2
    endloop
  endfacet
  facet normal -0.381626 -0.924317 0
    outer loop
      vertex 56.3513 -5.40071 -2
      vertex 55.3267 -4.97768 2
      vertex 55.3267 -4.97768 -2
    endloop
  endfacet
  facet normal -0.381626 -0.924317 0
    outer loop
      vertex 56.3513 -5.40071 -2
      vertex 56.3513 -5.40071 2
      vertex 55.3267 -4.97768 2
    endloop
  endfacet
  facet normal -0.332121 -0.943237 0
    outer loop
      vertex 57.5966 -5.83919 -2
      vertex 56.3513 -5.40071 2
      vertex 56.3513 -5.40071 -2
    endloop
  endfacet
  facet normal -0.332121 -0.943237 0
    outer loop
      vertex 57.5966 -5.83919 -2
      vertex 57.5966 -5.83919 2
      vertex 56.3513 -5.40071 2
    endloop
  endfacet
  facet normal -0.358153 -0.933663 0
    outer loop
      vertex 58.146 -6.04994 -2
      vertex 57.5966 -5.83919 2
      vertex 57.5966 -5.83919 -2
    endloop
  endfacet
  facet normal -0.358153 -0.933663 0
    outer loop
      vertex 58.146 -6.04994 -2
      vertex 58.146 -6.04994 2
      vertex 57.5966 -5.83919 2
    endloop
  endfacet
  facet normal -0.449757 -0.893151 0
    outer loop
      vertex 58.6092 -6.28319 -2
      vertex 58.146 -6.04994 2
      vertex 58.146 -6.04994 -2
    endloop
  endfacet
  facet normal -0.449757 -0.893151 0
    outer loop
      vertex 58.6092 -6.28319 -2
      vertex 58.6092 -6.28319 2
      vertex 58.146 -6.04994 2
    endloop
  endfacet
  facet normal -0.561424 -0.827528 0
    outer loop
      vertex 58.9862 -6.53896 -2
      vertex 58.6092 -6.28319 2
      vertex 58.6092 -6.28319 -2
    endloop
  endfacet
  facet normal -0.561424 -0.827528 0
    outer loop
      vertex 58.9862 -6.53896 -2
      vertex 58.9862 -6.53896 2
      vertex 58.6092 -6.28319 2
    endloop
  endfacet
  facet normal -0.691233 -0.722632 0
    outer loop
      vertex 59.2771 -6.81722 -2
      vertex 58.9862 -6.53896 2
      vertex 58.9862 -6.53896 -2
    endloop
  endfacet
  facet normal -0.691233 -0.722632 0
    outer loop
      vertex 59.2771 -6.81722 -2
      vertex 59.2771 -6.81722 2
      vertex 58.9862 -6.53896 2
    endloop
  endfacet
  facet normal -0.823655 -0.567091 0
    outer loop
      vertex 59.494 -7.13225 -2
      vertex 59.2771 -6.81722 2
      vertex 59.2771 -6.81722 -2
    endloop
  endfacet
  facet normal -0.823655 -0.567091 0
    outer loop
      vertex 59.494 -7.13225 -2
      vertex 59.494 -7.13225 2
      vertex 59.2771 -6.81722 2
    endloop
  endfacet
  facet normal -0.921032 -0.389487 0
    outer loop
      vertex 59.6488 -7.49831 -2
      vertex 59.494 -7.13225 2
      vertex 59.494 -7.13225 -2
    endloop
  endfacet
  facet normal -0.921032 -0.389487 0
    outer loop
      vertex 59.6488 -7.49831 -2
      vertex 59.6488 -7.49831 2
      vertex 59.494 -7.13225 2
    endloop
  endfacet
  facet normal -0.976083 -0.217396 0
    outer loop
      vertex 59.7417 -7.91542 -2
      vertex 59.6488 -7.49831 2
      vertex 59.6488 -7.49831 -2
    endloop
  endfacet
  facet normal -0.976083 -0.217396 0
    outer loop
      vertex 59.7417 -7.91542 -2
      vertex 59.7417 -7.91542 2
      vertex 59.6488 -7.49831 2
    endloop
  endfacet
  facet normal -0.997814 -0.066079 0
    outer loop
      vertex 59.7727 -8.38353 -2
      vertex 59.7417 -7.91542 2
      vertex 59.7417 -7.91542 -2
    endloop
  endfacet
  facet normal -0.997814 -0.066079 0
    outer loop
      vertex 59.7727 -8.38353 -2
      vertex 59.7727 -8.38353 2
      vertex 59.7417 -7.91542 2
    endloop
  endfacet
  facet normal -0.997717 0.0675393 0
    outer loop
      vertex 59.7343 -8.95079 -2
      vertex 59.7727 -8.38353 2
      vertex 59.7727 -8.38353 -2
    endloop
  endfacet
  facet normal -0.997717 0.0675393 0
    outer loop
      vertex 59.7343 -8.95079 -2
      vertex 59.7343 -8.95079 2
      vertex 59.7727 -8.38353 2
    endloop
  endfacet
  facet normal -0.973012 0.230755 0
    outer loop
      vertex 59.6189 -9.43739 -2
      vertex 59.7343 -8.95079 2
      vertex 59.7343 -8.95079 -2
    endloop
  endfacet
  facet normal -0.973012 0.230755 0
    outer loop
      vertex 59.6189 -9.43739 -2
      vertex 59.6189 -9.43739 2
      vertex 59.7343 -8.95079 2
    endloop
  endfacet
  facet normal -0.903805 0.427945 0
    outer loop
      vertex 59.4267 -9.84331 -2
      vertex 59.6189 -9.43739 2
      vertex 59.6189 -9.43739 -2
    endloop
  endfacet
  facet normal -0.903805 0.427945 0
    outer loop
      vertex 59.4267 -9.84331 -2
      vertex 59.4267 -9.84331 2
      vertex 59.6189 -9.43739 2
    endloop
  endfacet
  facet normal -0.770304 0.637676 0
    outer loop
      vertex 59.1575 -10.1685 -2
      vertex 59.4267 -9.84331 2
      vertex 59.4267 -9.84331 -2
    endloop
  endfacet
  facet normal -0.770304 0.637676 0
    outer loop
      vertex 59.1575 -10.1685 -2
      vertex 59.1575 -10.1685 2
      vertex 59.4267 -9.84331 2
    endloop
  endfacet
  facet normal -0.576502 0.817096 0
    outer loop
      vertex 58.8043 -10.4177 -2
      vertex 59.1575 -10.1685 2
      vertex 59.1575 -10.1685 -2
    endloop
  endfacet
  facet normal -0.576502 0.817096 0
    outer loop
      vertex 58.8043 -10.4177 -2
      vertex 58.8043 -10.4177 2
      vertex 59.1575 -10.1685 2
    endloop
  endfacet
  facet normal -0.371895 0.928275 0
    outer loop
      vertex 58.36 -10.5957 -2
      vertex 58.8043 -10.4177 2
      vertex 58.8043 -10.4177 -2
    endloop
  endfacet
  facet normal -0.371895 0.928275 0
    outer loop
      vertex 58.36 -10.5957 -2
      vertex 58.36 -10.5957 2
      vertex 58.8043 -10.4177 2
    endloop
  endfacet
  facet normal -0.195623 0.980679 0
    outer loop
      vertex 57.8246 -10.7025 -2
      vertex 58.36 -10.5957 2
      vertex 58.36 -10.5957 -2
    endloop
  endfacet
  facet normal -0.195623 0.980679 0
    outer loop
      vertex 57.8246 -10.7025 -2
      vertex 57.8246 -10.7025 2
      vertex 58.36 -10.5957 2
    endloop
  endfacet
  facet normal -0.0567231 0.99839 0
    outer loop
      vertex 57.198 -10.7381 -2
      vertex 57.8246 -10.7025 2
      vertex 57.8246 -10.7025 -2
    endloop
  endfacet
  facet normal -0.0567231 0.99839 0
    outer loop
      vertex 57.198 -10.7381 -2
      vertex 57.198 -10.7381 2
      vertex 57.8246 -10.7025 2
    endloop
  endfacet
  facet normal 0.0562322 0.998418 0
    outer loop
      vertex 56.5233 -10.7001 -2
      vertex 57.198 -10.7381 2
      vertex 57.198 -10.7381 -2
    endloop
  endfacet
  facet normal 0.0562322 0.998418 -0
    outer loop
      vertex 56.5233 -10.7001 -2
      vertex 56.5233 -10.7001 2
      vertex 57.198 -10.7381 2
    endloop
  endfacet
  facet normal 0.197382 0.980327 0
    outer loop
      vertex 55.9576 -10.5862 -2
      vertex 56.5233 -10.7001 2
      vertex 56.5233 -10.7001 -2
    endloop
  endfacet
  facet normal 0.197382 0.980327 -0
    outer loop
      vertex 55.9576 -10.5862 -2
      vertex 55.9576 -10.5862 2
      vertex 56.5233 -10.7001 2
    endloop
  endfacet
  facet normal 0.383869 0.923388 0
    outer loop
      vertex 55.5008 -10.3963 -2
      vertex 55.9576 -10.5862 2
      vertex 55.9576 -10.5862 -2
    endloop
  endfacet
  facet normal 0.383869 0.923388 -0
    outer loop
      vertex 55.5008 -10.3963 -2
      vertex 55.5008 -10.3963 2
      vertex 55.9576 -10.5862 2
    endloop
  endfacet
  facet normal 0.607247 0.794513 0
    outer loop
      vertex 55.1529 -10.1304 -2
      vertex 55.5008 -10.3963 2
      vertex 55.5008 -10.3963 -2
    endloop
  endfacet
  facet normal 0.607247 0.794513 -0
    outer loop
      vertex 55.1529 -10.1304 -2
      vertex 55.1529 -10.1304 2
      vertex 55.5008 -10.3963 2
    endloop
  endfacet
  facet normal 0.795968 0.605339 0
    outer loop
      vertex 54.8813 -9.77327 -2
      vertex 55.1529 -10.1304 2
      vertex 55.1529 -10.1304 -2
    endloop
  endfacet
  facet normal 0.795968 0.605339 -0
    outer loop
      vertex 54.8813 -9.77327 -2
      vertex 54.8813 -9.77327 2
      vertex 55.1529 -10.1304 2
    endloop
  endfacet
  facet normal 0.897344 0.441332 0
    outer loop
      vertex 54.6531 -9.30928 -2
      vertex 54.8813 -9.77327 2
      vertex 54.8813 -9.77327 -2
    endloop
  endfacet
  facet normal 0.897344 0.441332 -0
    outer loop
      vertex 54.6531 -9.30928 -2
      vertex 54.6531 -9.30928 2
      vertex 54.8813 -9.77327 2
    endloop
  endfacet
  facet normal 0.951377 0.30803 0
    outer loop
      vertex 54.4683 -8.73851 -2
      vertex 54.6531 -9.30928 2
      vertex 54.6531 -9.30928 -2
    endloop
  endfacet
  facet normal 0.951377 0.30803 -0
    outer loop
      vertex 54.4683 -8.73851 -2
      vertex 54.4683 -8.73851 2
      vertex 54.6531 -9.30928 2
    endloop
  endfacet
  facet normal 0.978937 0.204162 0
    outer loop
      vertex 54.327 -8.06099 -2
      vertex 54.4683 -8.73851 2
      vertex 54.4683 -8.73851 -2
    endloop
  endfacet
  facet normal 0.978937 0.204162 -0
    outer loop
      vertex 54.327 -8.06099 -2
      vertex 54.327 -8.06099 2
      vertex 54.4683 -8.73851 2
    endloop
  endfacet
  facet normal -0.242231 0.970219 0
    outer loop
      vertex 51.5132 -8.7635 -2
      vertex 54.327 -8.06099 2
      vertex 54.327 -8.06099 -2
    endloop
  endfacet
  facet normal -0.242231 0.970219 0
    outer loop
      vertex 51.5132 -8.7635 -2
      vertex 51.5132 -8.7635 2
      vertex 54.327 -8.06099 2
    endloop
  endfacet
  facet normal -0.978474 -0.206372 0
    outer loop
      vertex 51.7919 -10.0849 -2
      vertex 51.5132 -8.7635 2
      vertex 51.5132 -8.7635 -2
    endloop
  endfacet
  facet normal -0.978474 -0.206372 0
    outer loop
      vertex 51.7919 -10.0849 -2
      vertex 51.7919 -10.0849 2
      vertex 51.5132 -8.7635 2
    endloop
  endfacet
  facet normal -0.945248 -0.326353 0
    outer loop
      vertex 52.1838 -11.22 -2
      vertex 51.7919 -10.0849 2
      vertex 51.7919 -10.0849 -2
    endloop
  endfacet
  facet normal -0.945248 -0.326353 0
    outer loop
      vertex 52.1838 -11.22 -2
      vertex 52.1838 -11.22 2
      vertex 51.7919 -10.0849 2
    endloop
  endfacet
  facet normal -0.882672 -0.469989 0
    outer loop
      vertex 52.689 -12.1688 -2
      vertex 52.1838 -11.22 2
      vertex 52.1838 -11.22 -2
    endloop
  endfacet
  facet normal -0.882672 -0.469989 0
    outer loop
      vertex 52.689 -12.1688 -2
      vertex 52.689 -12.1688 2
      vertex 52.1838 -11.22 2
    endloop
  endfacet
  facet normal -0.776678 -0.629898 0
    outer loop
      vertex 53.3074 -12.9313 -2
      vertex 52.689 -12.1688 2
      vertex 52.689 -12.1688 -2
    endloop
  endfacet
  facet normal -0.776678 -0.629898 0
    outer loop
      vertex 53.3074 -12.9313 -2
      vertex 53.3074 -12.9313 2
      vertex 52.689 -12.1688 2
    endloop
  endfacet
  facet normal -0.615664 -0.788008 0
    outer loop
      vertex 54.0568 -13.5168 -2
      vertex 53.3074 -12.9313 2
      vertex 53.3074 -12.9313 -2
    endloop
  endfacet
  facet normal -0.615664 -0.788008 0
    outer loop
      vertex 54.0568 -13.5168 -2
      vertex 54.0568 -13.5168 2
      vertex 53.3074 -12.9313 2
    endloop
  endfacet
  facet normal -0.422134 -0.906533 0
    outer loop
      vertex 54.9551 -13.9351 -2
      vertex 54.0568 -13.5168 2
      vertex 54.0568 -13.5168 -2
    endloop
  endfacet
  facet normal -0.422134 -0.906533 0
    outer loop
      vertex 54.9551 -13.9351 -2
      vertex 54.9551 -13.9351 2
      vertex 54.0568 -13.5168 2
    endloop
  endfacet
  facet normal -0.233039 -0.972467 0
    outer loop
      vertex 56.0021 -14.186 -2
      vertex 54.9551 -13.9351 2
      vertex 54.9551 -13.9351 -2
    endloop
  endfacet
  facet normal -0.233039 -0.972467 0
    outer loop
      vertex 56.0021 -14.186 -2
      vertex 56.0021 -14.186 2
      vertex 54.9551 -13.9351 2
    endloop
  endfacet
  facet normal -0.0698183 -0.99756 0
    outer loop
      vertex 57.198 -14.2697 -2
      vertex 56.0021 -14.186 2
      vertex 56.0021 -14.186 -2
    endloop
  endfacet
  facet normal -0.0698183 -0.99756 0
    outer loop
      vertex 57.198 -14.2697 -2
      vertex 57.198 -14.2697 2
      vertex 56.0021 -14.186 2
    endloop
  endfacet
  facet normal 0.0865241 -0.99625 0
    outer loop
      vertex 58.4208 -14.1635 -2
      vertex 57.198 -14.2697 2
      vertex 57.198 -14.2697 -2
    endloop
  endfacet
  facet normal 0.0865241 -0.99625 0
    outer loop
      vertex 58.4208 -14.1635 -2
      vertex 58.4208 -14.1635 2
      vertex 57.198 -14.2697 2
    endloop
  endfacet
  facet normal 0.282296 -0.959327 0
    outer loop
      vertex -38.0287 -13.8449 -2
      vertex -39.1114 -14.1635 2
      vertex -39.1114 -14.1635 -2
    endloop
  endfacet
  facet normal 0.282296 -0.959327 0
    outer loop
      vertex -38.0287 -13.8449 -2
      vertex -38.0287 -13.8449 2
      vertex -39.1114 -14.1635 2
    endloop
  endfacet
  facet normal 0.491003 -0.871158 0
    outer loop
      vertex -37.0864 -13.3138 -2
      vertex -38.0287 -13.8449 2
      vertex -38.0287 -13.8449 -2
    endloop
  endfacet
  facet normal 0.491003 -0.871158 0
    outer loop
      vertex -37.0864 -13.3138 -2
      vertex -37.0864 -13.3138 2
      vertex -38.0287 -13.8449 2
    endloop
  endfacet
  facet normal 0.67976 -0.733435 0
    outer loop
      vertex -36.2843 -12.5704 -2
      vertex -37.0864 -13.3138 2
      vertex -37.0864 -13.3138 -2
    endloop
  endfacet
  facet normal 0.67976 -0.733435 0
    outer loop
      vertex -36.2843 -12.5704 -2
      vertex -36.2843 -12.5704 2
      vertex -37.0864 -13.3138 2
    endloop
  endfacet
  facet normal 0.82352 -0.567288 0
    outer loop
      vertex -35.6438 -11.6406 -2
      vertex -36.2843 -12.5704 2
      vertex -36.2843 -12.5704 -2
    endloop
  endfacet
  facet normal 0.82352 -0.567288 0
    outer loop
      vertex -35.6438 -11.6406 -2
      vertex -35.6438 -11.6406 2
      vertex -36.2843 -12.5704 2
    endloop
  endfacet
  facet normal 0.922073 -0.387017 0
    outer loop
      vertex -35.1863 -10.5506 -2
      vertex -35.6438 -11.6406 2
      vertex -35.6438 -11.6406 -2
    endloop
  endfacet
  facet normal 0.922073 -0.387017 0
    outer loop
      vertex -35.1863 -10.5506 -2
      vertex -35.1863 -10.5506 2
      vertex -35.6438 -11.6406 2
    endloop
  endfacet
  facet normal 0.976735 -0.214451 0
    outer loop
      vertex -34.9118 -9.30037 -2
      vertex -35.1863 -10.5506 2
      vertex -35.1863 -10.5506 -2
    endloop
  endfacet
  facet normal 0.976735 -0.214451 0
    outer loop
      vertex -34.9118 -9.30037 -2
      vertex -34.9118 -9.30037 2
      vertex -35.1863 -10.5506 2
    endloop
  endfacet
  facet normal 0.997902 -0.0647364 0
    outer loop
      vertex -34.8203 -7.88991 -2
      vertex -34.9118 -9.30037 2
      vertex -34.9118 -9.30037 -2
    endloop
  endfacet
  facet normal 0.997902 -0.0647364 0
    outer loop
      vertex -34.8203 -7.88991 -2
      vertex -34.8203 -7.88991 2
      vertex -34.9118 -9.30037 2
    endloop
  endfacet
  facet normal 0.99955 0.0299944 0
    outer loop
      vertex -34.8456 -7.0468 -2
      vertex -34.8203 -7.88991 2
      vertex -34.8203 -7.88991 -2
    endloop
  endfacet
  facet normal 0.99955 0.0299944 -0
    outer loop
      vertex -34.8456 -7.0468 -2
      vertex -34.8456 -7.0468 2
      vertex -34.8203 -7.88991 2
    endloop
  endfacet
  facet normal 0.995109 0.0987799 0
    outer loop
      vertex -34.9214 -6.28319 -2
      vertex -34.8456 -7.0468 2
      vertex -34.8456 -7.0468 -2
    endloop
  endfacet
  facet normal 0.995109 0.0987799 -0
    outer loop
      vertex -34.9214 -6.28319 -2
      vertex -34.9214 -6.28319 2
      vertex -34.8456 -7.0468 2
    endloop
  endfacet
  facet normal 0.983357 0.181683 0
    outer loop
      vertex -35.0478 -5.59905 -2
      vertex -34.9214 -6.28319 2
      vertex -34.9214 -6.28319 -2
    endloop
  endfacet
  facet normal 0.983357 0.181683 -0
    outer loop
      vertex -35.0478 -5.59905 -2
      vertex -35.0478 -5.59905 2
      vertex -34.9214 -6.28319 2
    endloop
  endfacet
  facet normal 0.959768 0.280795 0
    outer loop
      vertex -35.2247 -4.9944 -2
      vertex -35.0478 -5.59905 2
      vertex -35.0478 -5.59905 -2
    endloop
  endfacet
  facet normal 0.959768 0.280795 -0
    outer loop
      vertex -35.2247 -4.9944 -2
      vertex -35.2247 -4.9944 2
      vertex -35.0478 -5.59905 2
    endloop
  endfacet
  facet normal 0.926358 0.376644 0
    outer loop
      vertex -35.444 -4.45503 -2
      vertex -35.2247 -4.9944 2
      vertex -35.2247 -4.9944 -2
    endloop
  endfacet
  facet normal 0.926358 0.376644 -0
    outer loop
      vertex -35.444 -4.45503 -2
      vertex -35.444 -4.45503 2
      vertex -35.2247 -4.9944 2
    endloop
  endfacet
  facet normal 0.887553 0.460705 0
    outer loop
      vertex -35.6975 -3.96666 -2
      vertex -35.444 -4.45503 2
      vertex -35.444 -4.45503 -2
    endloop
  endfacet
  facet normal 0.887553 0.460705 -0
    outer loop
      vertex -35.6975 -3.96666 -2
      vertex -35.6975 -3.96666 2
      vertex -35.444 -4.45503 2
    endloop
  endfacet
  facet normal 0.835514 0.549469 0
    outer loop
      vertex -35.9851 -3.52934 -2
      vertex -35.6975 -3.96666 2
      vertex -35.6975 -3.96666 -2
    endloop
  endfacet
  facet normal 0.835514 0.549469 -0
    outer loop
      vertex -35.9851 -3.52934 -2
      vertex -35.9851 -3.52934 2
      vertex -35.6975 -3.96666 2
    endloop
  endfacet
  facet normal 0.768229 0.640175 0
    outer loop
      vertex -36.307 -3.14305 -2
      vertex -35.9851 -3.52934 2
      vertex -35.9851 -3.52934 -2
    endloop
  endfacet
  facet normal 0.768229 0.640175 -0
    outer loop
      vertex -36.307 -3.14305 -2
      vertex -36.307 -3.14305 2
      vertex -35.9851 -3.52934 2
    endloop
  endfacet
  facet normal 0.688682 0.725064 0
    outer loop
      vertex -36.6737 -2.79475 -2
      vertex -36.307 -3.14305 2
      vertex -36.307 -3.14305 -2
    endloop
  endfacet
  facet normal 0.688682 0.725064 -0
    outer loop
      vertex -36.6737 -2.79475 -2
      vertex -36.6737 -2.79475 2
      vertex -36.307 -3.14305 2
    endloop
  endfacet
  facet normal 0.608045 0.793903 0
    outer loop
      vertex -37.0959 -2.47139 -2
      vertex -36.6737 -2.79475 2
      vertex -36.6737 -2.79475 -2
    endloop
  endfacet
  facet normal 0.608045 0.793903 -0
    outer loop
      vertex -37.0959 -2.47139 -2
      vertex -37.0959 -2.47139 2
      vertex -36.6737 -2.79475 2
    endloop
  endfacet
  facet normal 0.529673 0.848202 0
    outer loop
      vertex -37.5737 -2.17302 -2
      vertex -37.0959 -2.47139 2
      vertex -37.0959 -2.47139 -2
    endloop
  endfacet
  facet normal 0.529673 0.848202 -0
    outer loop
      vertex -37.5737 -2.17302 -2
      vertex -37.5737 -2.17302 2
      vertex -37.0959 -2.47139 2
    endloop
  endfacet
  facet normal 0.456187 0.889884 0
    outer loop
      vertex -38.1071 -1.89958 -2
      vertex -37.5737 -2.17302 2
      vertex -37.5737 -2.17302 -2
    endloop
  endfacet
  facet normal 0.456187 0.889884 -0
    outer loop
      vertex -38.1071 -1.89958 -2
      vertex -38.1071 -1.89958 2
      vertex -37.5737 -2.17302 2
    endloop
  endfacet
  facet normal 0.40743 0.913237 0
    outer loop
      vertex -38.6884 -1.64024 -2
      vertex -38.1071 -1.89958 2
      vertex -38.1071 -1.89958 -2
    endloop
  endfacet
  facet normal 0.40743 0.913237 -0
    outer loop
      vertex -38.6884 -1.64024 -2
      vertex -38.6884 -1.64024 2
      vertex -38.1071 -1.89958 2
    endloop
  endfacet
  facet normal 0.380386 0.924828 0
    outer loop
      vertex -39.3103 -1.38445 -2
      vertex -38.6884 -1.64024 2
      vertex -38.6884 -1.64024 -2
    endloop
  endfacet
  facet normal 0.380386 0.924828 -0
    outer loop
      vertex -39.3103 -1.38445 -2
      vertex -39.3103 -1.38445 2
      vertex -38.6884 -1.64024 2
    endloop
  endfacet
  facet normal 0.355799 0.934562 0
    outer loop
      vertex -39.9729 -1.13219 -2
      vertex -39.3103 -1.38445 2
      vertex -39.3103 -1.38445 -2
    endloop
  endfacet
  facet normal 0.355799 0.934562 -0
    outer loop
      vertex -39.9729 -1.13219 -2
      vertex -39.9729 -1.13219 2
      vertex -39.3103 -1.38445 2
    endloop
  endfacet
  facet normal 0.333497 0.942751 0
    outer loop
      vertex -40.676 -0.883469 -2
      vertex -39.9729 -1.13219 2
      vertex -39.9729 -1.13219 -2
    endloop
  endfacet
  facet normal 0.333497 0.942751 -0
    outer loop
      vertex -40.676 -0.883469 -2
      vertex -40.676 -0.883469 2
      vertex -39.9729 -1.13219 2
    endloop
  endfacet
  facet normal 0.354123 0.935199 0
    outer loop
      vertex -41.1569 -0.701371 -2
      vertex -40.676 -0.883469 2
      vertex -40.676 -0.883469 -2
    endloop
  endfacet
  facet normal 0.354123 0.935199 -0
    outer loop
      vertex -41.1569 -0.701371 -2
      vertex -41.1569 -0.701371 2
      vertex -40.676 -0.883469 2
    endloop
  endfacet
  facet normal 0.449851 0.893104 0
    outer loop
      vertex -41.5632 -0.49672 -2
      vertex -41.1569 -0.701371 2
      vertex -41.1569 -0.701371 -2
    endloop
  endfacet
  facet normal 0.449851 0.893104 -0
    outer loop
      vertex -41.5632 -0.49672 -2
      vertex -41.5632 -0.49672 2
      vertex -41.1569 -0.701371 2
    endloop
  endfacet
  facet normal 0.565559 0.824708 0
    outer loop
      vertex -41.8946 -0.269456 -2
      vertex -41.5632 -0.49672 2
      vertex -41.5632 -0.49672 -2
    endloop
  endfacet
  facet normal 0.565559 0.824708 -0
    outer loop
      vertex -41.8946 -0.269456 -2
      vertex -41.8946 -0.269456 2
      vertex -41.5632 -0.49672 2
    endloop
  endfacet
  facet normal 0.69739 0.716692 0
    outer loop
      vertex -42.1513 -0.0196692 -2
      vertex -41.8946 -0.269456 2
      vertex -41.8946 -0.269456 -2
    endloop
  endfacet
  facet normal 0.69739 0.716692 -0
    outer loop
      vertex -42.1513 -0.0196692 -2
      vertex -42.1513 -0.0196692 2
      vertex -41.8946 -0.269456 2
    endloop
  endfacet
  facet normal 0.828798 0.559547 0
    outer loop
      vertex -42.3432 0.264572 -2
      vertex -42.1513 -0.0196692 2
      vertex -42.1513 -0.0196692 -2
    endloop
  endfacet
  facet normal 0.828798 0.559547 -0
    outer loop
      vertex -42.3432 0.264572 -2
      vertex -42.3432 0.264572 2
      vertex -42.1513 -0.0196692 2
    endloop
  endfacet
  facet normal 0.923681 0.383161 0
    outer loop
      vertex -42.4803 0.595077 -2
      vertex -42.3432 0.264572 2
      vertex -42.3432 0.264572 -2
    endloop
  endfacet
  facet normal 0.923681 0.383161 -0
    outer loop
      vertex -42.4803 0.595077 -2
      vertex -42.4803 0.595077 2
      vertex -42.3432 0.264572 2
    endloop
  endfacet
  facet normal 0.976964 0.213404 0
    outer loop
      vertex -42.5626 0.971847 -2
      vertex -42.4803 0.595077 2
      vertex -42.4803 0.595077 -2
    endloop
  endfacet
  facet normal 0.976964 0.213404 -0
    outer loop
      vertex -42.5626 0.971847 -2
      vertex -42.5626 0.971847 2
      vertex -42.4803 0.595077 2
    endloop
  endfacet
  facet normal 0.997909 0.0646304 0
    outer loop
      vertex -42.59 1.39491 -2
      vertex -42.5626 0.971847 2
      vertex -42.5626 0.971847 -2
    endloop
  endfacet
  facet normal 0.997909 0.0646304 -0
    outer loop
      vertex -42.59 1.39491 -2
      vertex -42.59 1.39491 2
      vertex -42.5626 0.971847 2
    endloop
  endfacet
  facet normal 0.997741 -0.0671803 0
    outer loop
      vertex -42.5544 1.92363 -2
      vertex -42.59 1.39491 2
      vertex -42.59 1.39491 -2
    endloop
  endfacet
  facet normal 0.997741 -0.0671803 0
    outer loop
      vertex -42.5544 1.92363 -2
      vertex -42.5544 1.92363 2
      vertex -42.59 1.39491 2
    endloop
  endfacet
  facet normal 0.972601 -0.232479 0
    outer loop
      vertex -42.4476 2.37044 -2
      vertex -42.5544 1.92363 2
      vertex -42.5544 1.92363 -2
    endloop
  endfacet
  facet normal 0.972601 -0.232479 0
    outer loop
      vertex -42.4476 2.37044 -2
      vertex -42.4476 2.37044 2
      vertex -42.5544 1.92363 2
    endloop
  endfacet
  facet normal 0.898768 -0.438424 0
    outer loop
      vertex -42.2696 2.73534 -2
      vertex -42.4476 2.37044 2
      vertex -42.4476 2.37044 -2
    endloop
  endfacet
  facet normal 0.898768 -0.438424 0
    outer loop
      vertex -42.2696 2.73534 -2
      vertex -42.2696 2.73534 2
      vertex -42.4476 2.37044 2
    endloop
  endfacet
  facet normal 0.750658 -0.660691 0
    outer loop
      vertex -42.0205 3.01836 -2
      vertex -42.2696 2.73534 2
      vertex -42.2696 2.73534 -2
    endloop
  endfacet
  facet normal 0.750658 -0.660691 0
    outer loop
      vertex -42.0205 3.01836 -2
      vertex -42.0205 3.01836 2
      vertex -42.2696 2.73534 2
    endloop
  endfacet
  facet normal 0.551314 -0.834298 0
    outer loop
      vertex -41.7 3.23015 -2
      vertex -42.0205 3.01836 2
      vertex -42.0205 3.01836 -2
    endloop
  endfacet
  facet normal 0.551314 -0.834298 0
    outer loop
      vertex -41.7 3.23015 -2
      vertex -41.7 3.23015 2
      vertex -42.0205 3.01836 2
    endloop
  endfacet
  facet normal 0.360337 -0.932822 0
    outer loop
      vertex -41.3084 3.38142 -2
      vertex -41.7 3.23015 2
      vertex -41.7 3.23015 -2
    endloop
  endfacet
  facet normal 0.360337 -0.932822 0
    outer loop
      vertex -41.3084 3.38142 -2
      vertex -41.3084 3.38142 2
      vertex -41.7 3.23015 2
    endloop
  endfacet
  facet normal 0.192466 -0.981304 0
    outer loop
      vertex -40.8455 3.47221 -2
      vertex -41.3084 3.38142 2
      vertex -41.3084 3.38142 -2
    endloop
  endfacet
  facet normal 0.192466 -0.981304 0
    outer loop
      vertex -40.8455 3.47221 -2
      vertex -40.8455 3.47221 2
      vertex -41.3084 3.38142 2
    endloop
  endfacet
  facet normal 0.0565467 -0.9984 0
    outer loop
      vertex -40.3114 3.50246 -2
      vertex -40.8455 3.47221 2
      vertex -40.8455 3.47221 -2
    endloop
  endfacet
  facet normal 0.0565467 -0.9984 0
    outer loop
      vertex -40.3114 3.50246 -2
      vertex -40.3114 3.50246 2
      vertex -40.8455 3.47221 2
    endloop
  endfacet
  facet normal -0.0710272 -0.997474 0
    outer loop
      vertex -39.7696 3.46388 -2
      vertex -40.3114 3.50246 2
      vertex -40.3114 3.50246 -2
    endloop
  endfacet
  facet normal -0.0710272 -0.997474 0
    outer loop
      vertex -39.7696 3.46388 -2
      vertex -39.7696 3.46388 2
      vertex -40.3114 3.50246 2
    endloop
  endfacet
  facet normal -0.242171 -0.970234 0
    outer loop
      vertex -39.3061 3.34819 -2
      vertex -39.7696 3.46388 2
      vertex -39.7696 3.46388 -2
    endloop
  endfacet
  facet normal -0.242171 -0.970234 0
    outer loop
      vertex -39.3061 3.34819 -2
      vertex -39.3061 3.34819 2
      vertex -39.7696 3.46388 2
    endloop
  endfacet
  facet normal -0.447752 -0.894158 0
    outer loop
      vertex -38.921 3.15535 -2
      vertex -39.3061 3.34819 2
      vertex -39.3061 3.34819 -2
    endloop
  endfacet
  facet normal -0.447752 -0.894158 0
    outer loop
      vertex -38.921 3.15535 -2
      vertex -38.921 3.15535 2
      vertex -39.3061 3.34819 2
    endloop
  endfacet
  facet normal -0.660556 -0.750777 0
    outer loop
      vertex -38.6141 2.88533 -2
      vertex -38.921 3.15535 2
      vertex -38.921 3.15535 -2
    endloop
  endfacet
  facet normal -0.660556 -0.750777 0
    outer loop
      vertex -38.6141 2.88533 -2
      vertex -38.6141 2.88533 2
      vertex -38.921 3.15535 2
    endloop
  endfacet
  facet normal -0.820237 -0.572023 0
    outer loop
      vertex -38.3712 2.53703 -2
      vertex -38.6141 2.88533 2
      vertex -38.6141 2.88533 -2
    endloop
  endfacet
  facet normal -0.820237 -0.572023 0
    outer loop
      vertex -38.3712 2.53703 -2
      vertex -38.3712 2.53703 2
      vertex -38.6141 2.88533 2
    endloop
  endfacet
  facet normal -0.911516 -0.411265 0
    outer loop
      vertex -38.1782 2.10927 -2
      vertex -38.3712 2.53703 2
      vertex -38.3712 2.53703 -2
    endloop
  endfacet
  facet normal -0.911516 -0.411265 0
    outer loop
      vertex -38.1782 2.10927 -2
      vertex -38.1782 2.10927 2
      vertex -38.3712 2.53703 2
    endloop
  endfacet
  facet normal -0.962442 -0.271487 0
    outer loop
      vertex -38.0351 1.60197 -2
      vertex -38.1782 2.10927 2
      vertex -38.1782 2.10927 -2
    endloop
  endfacet
  facet normal -0.962442 -0.271487 0
    outer loop
      vertex -38.0351 1.60197 -2
      vertex -38.0351 1.60197 2
      vertex -38.1782 2.10927 2
    endloop
  endfacet
  facet normal -0.987593 -0.157036 0
    outer loop
      vertex -37.9418 1.01521 -2
      vertex -38.0351 1.60197 2
      vertex -38.0351 1.60197 -2
    endloop
  endfacet
  facet normal -0.987593 -0.157036 0
    outer loop
      vertex -37.9418 1.01521 -2
      vertex -37.9418 1.01521 2
      vertex -38.0351 1.60197 2
    endloop
  endfacet
  facet normal 0.171446 -0.985194 0
    outer loop
      vertex -35.1051 1.50886 -2
      vertex -37.9418 1.01521 2
      vertex -37.9418 1.01521 -2
    endloop
  endfacet
  facet normal 0.171446 -0.985194 0
    outer loop
      vertex -35.1051 1.50886 -2
      vertex -35.1051 1.50886 2
      vertex -37.9418 1.01521 2
    endloop
  endfacet
  facet normal 0.984202 0.177047 0
    outer loop
      vertex -35.3333 2.77742 -2
      vertex -35.1051 1.50886 2
      vertex -35.1051 1.50886 -2
    endloop
  endfacet
  facet normal 0.984202 0.177047 -0
    outer loop
      vertex -35.3333 2.77742 -2
      vertex -35.3333 2.77742 2
      vertex -35.1051 1.50886 2
    endloop
  endfacet
  facet normal 0.952613 0.304184 0
    outer loop
      vertex -35.6876 3.88698 -2
      vertex -35.3333 2.77742 2
      vertex -35.3333 2.77742 -2
    endloop
  endfacet
  facet normal 0.952613 0.304184 -0
    outer loop
      vertex -35.6876 3.88698 -2
      vertex -35.6876 3.88698 2
      vertex -35.3333 2.77742 2
    endloop
  endfacet
  facet normal 0.892528 0.450992 0
    outer loop
      vertex -36.1679 4.83751 -2
      vertex -35.6876 3.88698 2
      vertex -35.6876 3.88698 -2
    endloop
  endfacet
  facet normal 0.892528 0.450992 -0
    outer loop
      vertex -36.1679 4.83751 -2
      vertex -36.1679 4.83751 2
      vertex -35.6876 3.88698 2
    endloop
  endfacet
  facet normal 0.793879 0.608076 0
    outer loop
      vertex -36.7742 5.62907 -2
      vertex -36.1679 4.83751 2
      vertex -36.1679 4.83751 -2
    endloop
  endfacet
  facet normal 0.793879 0.608076 -0
    outer loop
      vertex -36.7742 5.62907 -2
      vertex -36.7742 5.62907 2
      vertex -36.1679 4.83751 2
    endloop
  endfacet
  facet normal 0.652786 0.757543 0
    outer loop
      vertex -37.4972 6.25209 -2
      vertex -36.7742 5.62907 2
      vertex -36.7742 5.62907 -2
    endloop
  endfacet
  facet normal 0.652786 0.757543 -0
    outer loop
      vertex -37.4972 6.25209 -2
      vertex -37.4972 6.25209 2
      vertex -36.7742 5.62907 2
    endloop
  endfacet
  facet normal 0.472284 0.881447 0
    outer loop
      vertex -38.3278 6.69713 -2
      vertex -37.4972 6.25209 2
      vertex -37.4972 6.25209 -2
    endloop
  endfacet
  facet normal 0.472284 0.881447 -0
    outer loop
      vertex -38.3278 6.69713 -2
      vertex -38.3278 6.69713 2
      vertex -37.4972 6.25209 2
    endloop
  endfacet
  facet normal 0.273746 0.961802 0
    outer loop
      vertex -39.2659 6.96413 -2
      vertex -38.3278 6.69713 2
      vertex -38.3278 6.69713 -2
    endloop
  endfacet
  facet normal 0.273746 0.961802 -0
    outer loop
      vertex -39.2659 6.96413 -2
      vertex -39.2659 6.96413 2
      vertex -38.3278 6.69713 2
    endloop
  endfacet
  facet normal 0.0848389 0.996395 0
    outer loop
      vertex -40.3114 7.05315 -2
      vertex -39.2659 6.96413 2
      vertex -39.2659 6.96413 -2
    endloop
  endfacet
  facet normal 0.0848389 0.996395 -0
    outer loop
      vertex -40.3114 7.05315 -2
      vertex -40.3114 7.05315 2
      vertex -39.2659 6.96413 2
    endloop
  endfacet
  facet normal -0.0869296 0.996214 0
    outer loop
      vertex -41.488 6.95048 -2
      vertex -40.3114 7.05315 2
      vertex -40.3114 7.05315 -2
    endloop
  endfacet
  facet normal -0.0869296 0.996214 0
    outer loop
      vertex -41.488 6.95048 -2
      vertex -41.488 6.95048 2
      vertex -40.3114 7.05315 2
    endloop
  endfacet
  facet normal -0.285181 0.958474 0
    outer loop
      vertex -42.523 6.64253 -2
      vertex -41.488 6.95048 2
      vertex -41.488 6.95048 -2
    endloop
  endfacet
  facet normal -0.285181 0.958474 0
    outer loop
      vertex -42.523 6.64253 -2
      vertex -42.523 6.64253 2
      vertex -41.488 6.95048 2
    endloop
  endfacet
  facet normal -0.498196 0.867065 0
    outer loop
      vertex -43.4163 6.12926 -2
      vertex -42.523 6.64253 2
      vertex -42.523 6.64253 -2
    endloop
  endfacet
  facet normal -0.498196 0.867065 0
    outer loop
      vertex -43.4163 6.12926 -2
      vertex -43.4163 6.12926 2
      vertex -42.523 6.64253 2
    endloop
  endfacet
  facet normal -0.691109 0.72275 0
    outer loop
      vertex -44.1678 5.41066 -2
      vertex -43.4163 6.12926 2
      vertex -43.4163 6.12926 -2
    endloop
  endfacet
  facet normal -0.691109 0.72275 0
    outer loop
      vertex -44.1678 5.41066 -2
      vertex -44.1678 5.41066 2
      vertex -43.4163 6.12926 2
    endloop
  endfacet
  facet normal -0.834563 0.550913 0
    outer loop
      vertex -44.7635 4.50825 -2
      vertex -44.1678 5.41066 2
      vertex -44.1678 5.41066 -2
    endloop
  endfacet
  facet normal -0.834563 0.550913 0
    outer loop
      vertex -44.7635 4.50825 -2
      vertex -44.7635 4.50825 2
      vertex -44.1678 5.41066 2
    endloop
  endfacet
  facet normal -0.928657 0.37094 0
    outer loop
      vertex -45.1889 3.44325 -2
      vertex -44.7635 4.50825 2
      vertex -44.7635 4.50825 -2
    endloop
  endfacet
  facet normal -0.928657 0.37094 0
    outer loop
      vertex -45.1889 3.44325 -2
      vertex -45.1889 3.44325 2
      vertex -44.7635 4.50825 2
    endloop
  endfacet
  facet normal -0.979053 0.203606 0
    outer loop
      vertex -45.4442 2.21562 -2
      vertex -45.1889 3.44325 2
      vertex -45.1889 3.44325 -2
    endloop
  endfacet
  facet normal -0.979053 0.203606 0
    outer loop
      vertex -45.4442 2.21562 -2
      vertex -45.4442 2.21562 2
      vertex -45.1889 3.44325 2
    endloop
  endfacet
  facet normal -0.998132 0.0610987 0
    outer loop
      vertex -45.5293 0.825393 -2
      vertex -45.4442 2.21562 2
      vertex -45.4442 2.21562 -2
    endloop
  endfacet
  facet normal -0.998132 0.0610987 0
    outer loop
      vertex -45.5293 0.825393 -2
      vertex -45.5293 0.825393 2
      vertex -45.4442 2.21562 2
    endloop
  endfacet
  facet normal -0.999347 -0.0361287 0
    outer loop
      vertex -45.4983 -0.0320898 -2
      vertex -45.5293 0.825393 2
      vertex -45.5293 0.825393 -2
    endloop
  endfacet
  facet normal -0.999347 -0.0361287 0
    outer loop
      vertex -45.4983 -0.0320898 -2
      vertex -45.4983 -0.0320898 2
      vertex -45.5293 0.825393 2
    endloop
  endfacet
  facet normal -0.993113 -0.117164 0
    outer loop
      vertex -45.4054 -0.819535 -2
      vertex -45.4983 -0.0320898 2
      vertex -45.4983 -0.0320898 -2
    endloop
  endfacet
  facet normal -0.993113 -0.117164 0
    outer loop
      vertex -45.4054 -0.819535 -2
      vertex -45.4054 -0.819535 2
      vertex -45.4983 -0.0320898 2
    endloop
  endfacet
  facet normal -0.977476 -0.211045 0
    outer loop
      vertex -45.2505 -1.53697 -2
      vertex -45.4054 -0.819535 2
      vertex -45.4054 -0.819535 -2
    endloop
  endfacet
  facet normal -0.977476 -0.211045 0
    outer loop
      vertex -45.2505 -1.53697 -2
      vertex -45.2505 -1.53697 2
      vertex -45.4054 -0.819535 2
    endloop
  endfacet
  facet normal -0.948239 -0.317559 0
    outer loop
      vertex -45.0337 -2.18434 -2
      vertex -45.2505 -1.53697 2
      vertex -45.2505 -1.53697 -2
    endloop
  endfacet
  facet normal -0.948239 -0.317559 0
    outer loop
      vertex -45.0337 -2.18434 -2
      vertex -45.0337 -2.18434 2
      vertex -45.2505 -1.53697 2
    endloop
  endfacet
  facet normal -0.904111 -0.427299 0
    outer loop
      vertex -44.7578 -2.76811 -2
      vertex -45.0337 -2.18434 2
      vertex -45.0337 -2.18434 -2
    endloop
  endfacet
  facet normal -0.904111 -0.427299 0
    outer loop
      vertex -44.7578 -2.76811 -2
      vertex -44.7578 -2.76811 2
      vertex -45.0337 -2.18434 2
    endloop
  endfacet
  facet normal -0.84589 -0.533357 0
    outer loop
      vertex -44.4256 -3.29497 -2
      vertex -44.7578 -2.76811 2
      vertex -44.7578 -2.76811 -2
    endloop
  endfacet
  facet normal -0.84589 -0.533357 0
    outer loop
      vertex -44.4256 -3.29497 -2
      vertex -44.4256 -3.29497 2
      vertex -44.7578 -2.76811 2
    endloop
  endfacet
  facet normal -0.77081 -0.637065 0
    outer loop
      vertex -44.0372 -3.76491 -2
      vertex -44.4256 -3.29497 2
      vertex -44.4256 -3.29497 -2
    endloop
  endfacet
  facet normal -0.77081 -0.637065 0
    outer loop
      vertex -44.0372 -3.76491 -2
      vertex -44.0372 -3.76491 2
      vertex -44.4256 -3.29497 2
    endloop
  endfacet
  facet normal -0.680608 -0.732648 0
    outer loop
      vertex -43.5926 -4.17793 -2
      vertex -44.0372 -3.76491 2
      vertex -44.0372 -3.76491 -2
    endloop
  endfacet
  facet normal -0.680608 -0.732648 0
    outer loop
      vertex -43.5926 -4.17793 -2
      vertex -43.5926 -4.17793 2
      vertex -44.0372 -3.76491 2
    endloop
  endfacet
  facet normal -0.557996 -0.829844 0
    outer loop
      vertex -43.0094 -4.57008 -2
      vertex -43.5926 -4.17793 2
      vertex -43.5926 -4.17793 -2
    endloop
  endfacet
  facet normal -0.557996 -0.829844 0
    outer loop
      vertex -43.0094 -4.57008 -2
      vertex -43.0094 -4.57008 2
      vertex -43.5926 -4.17793 2
    endloop
  endfacet
  facet normal -0.452221 -0.891906 0
    outer loop
      vertex -42.2055 -4.97768 -2
      vertex -43.0094 -4.57008 2
      vertex -43.0094 -4.57008 -2
    endloop
  endfacet
  facet normal -0.452221 -0.891906 0
    outer loop
      vertex -42.2055 -4.97768 -2
      vertex -42.2055 -4.97768 2
      vertex -43.0094 -4.57008 2
    endloop
  endfacet
  facet normal -0.381626 -0.924317 0
    outer loop
      vertex -41.1809 -5.40071 -2
      vertex -42.2055 -4.97768 2
      vertex -42.2055 -4.97768 -2
    endloop
  endfacet
  facet normal -0.381626 -0.924317 0
    outer loop
      vertex -41.1809 -5.40071 -2
      vertex -41.1809 -5.40071 2
      vertex -42.2055 -4.97768 2
    endloop
  endfacet
  facet normal -0.332121 -0.943237 0
    outer loop
      vertex -39.9356 -5.83919 -2
      vertex -41.1809 -5.40071 2
      vertex -41.1809 -5.40071 -2
    endloop
  endfacet
  facet normal -0.332121 -0.943237 0
    outer loop
      vertex -39.9356 -5.83919 -2
      vertex -39.9356 -5.83919 2
      vertex -41.1809 -5.40071 2
    endloop
  endfacet
  facet normal -0.358153 -0.933663 0
    outer loop
      vertex -39.3862 -6.04994 -2
      vertex -39.9356 -5.83919 2
      vertex -39.9356 -5.83919 -2
    endloop
  endfacet
  facet normal -0.358153 -0.933663 0
    outer loop
      vertex -39.3862 -6.04994 -2
      vertex -39.3862 -6.04994 2
      vertex -39.9356 -5.83919 2
    endloop
  endfacet
  facet normal -0.449757 -0.893151 0
    outer loop
      vertex -38.923 -6.28319 -2
      vertex -39.3862 -6.04994 2
      vertex -39.3862 -6.04994 -2
    endloop
  endfacet
  facet normal -0.449757 -0.893151 0
    outer loop
      vertex -38.923 -6.28319 -2
      vertex -38.923 -6.28319 2
      vertex -39.3862 -6.04994 2
    endloop
  endfacet
  facet normal -0.561424 -0.827528 0
    outer loop
      vertex -38.546 -6.53896 -2
      vertex -38.923 -6.28319 2
      vertex -38.923 -6.28319 -2
    endloop
  endfacet
  facet normal -0.561424 -0.827528 0
    outer loop
      vertex -38.546 -6.53896 -2
      vertex -38.546 -6.53896 2
      vertex -38.923 -6.28319 2
    endloop
  endfacet
  facet normal -0.691233 -0.722632 0
    outer loop
      vertex -38.2551 -6.81722 -2
      vertex -38.546 -6.53896 2
      vertex -38.546 -6.53896 -2
    endloop
  endfacet
  facet normal -0.691233 -0.722632 0
    outer loop
      vertex -38.2551 -6.81722 -2
      vertex -38.2551 -6.81722 2
      vertex -38.546 -6.53896 2
    endloop
  endfacet
  facet normal -0.823777 -0.566914 0
    outer loop
      vertex -38.0383 -7.13225 -2
      vertex -38.2551 -6.81722 2
      vertex -38.2551 -6.81722 -2
    endloop
  endfacet
  facet normal -0.823777 -0.566914 0
    outer loop
      vertex -38.0383 -7.13225 -2
      vertex -38.0383 -7.13225 2
      vertex -38.2551 -6.81722 2
    endloop
  endfacet
  facet normal -0.920942 -0.389701 0
    outer loop
      vertex -37.8834 -7.49831 -2
      vertex -38.0383 -7.13225 2
      vertex -38.0383 -7.13225 -2
    endloop
  endfacet
  facet normal -0.920942 -0.389701 0
    outer loop
      vertex -37.8834 -7.49831 -2
      vertex -37.8834 -7.49831 2
      vertex -38.0383 -7.13225 2
    endloop
  endfacet
  facet normal -0.976083 -0.217396 0
    outer loop
      vertex -37.7905 -7.91542 -2
      vertex -37.8834 -7.49831 2
      vertex -37.8834 -7.49831 -2
    endloop
  endfacet
  facet normal -0.976083 -0.217396 0
    outer loop
      vertex -37.7905 -7.91542 -2
      vertex -37.7905 -7.91542 2
      vertex -37.8834 -7.49831 2
    endloop
  endfacet
  facet normal -0.997814 -0.066079 0
    outer loop
      vertex -37.7595 -8.38353 -2
      vertex -37.7905 -7.91542 2
      vertex -37.7905 -7.91542 -2
    endloop
  endfacet
  facet normal -0.997814 -0.066079 0
    outer loop
      vertex -37.7595 -8.38353 -2
      vertex -37.7595 -8.38353 2
      vertex -37.7905 -7.91542 2
    endloop
  endfacet
  facet normal -0.997717 0.0675393 0
    outer loop
      vertex -37.7979 -8.95079 -2
      vertex -37.7595 -8.38353 2
      vertex -37.7595 -8.38353 -2
    endloop
  endfacet
  facet normal -0.997717 0.0675393 0
    outer loop
      vertex -37.7979 -8.95079 -2
      vertex -37.7979 -8.95079 2
      vertex -37.7595 -8.38353 2
    endloop
  endfacet
  facet normal -0.973012 0.230755 0
    outer loop
      vertex -37.9133 -9.43739 -2
      vertex -37.7979 -8.95079 2
      vertex -37.7979 -8.95079 -2
    endloop
  endfacet
  facet normal -0.973012 0.230755 0
    outer loop
      vertex -37.9133 -9.43739 -2
      vertex -37.9133 -9.43739 2
      vertex -37.7979 -8.95079 2
    endloop
  endfacet
  facet normal -0.903805 0.427945 0
    outer loop
      vertex -38.1055 -9.84331 -2
      vertex -37.9133 -9.43739 2
      vertex -37.9133 -9.43739 -2
    endloop
  endfacet
  facet normal -0.903805 0.427945 0
    outer loop
      vertex -38.1055 -9.84331 -2
      vertex -38.1055 -9.84331 2
      vertex -37.9133 -9.43739 2
    endloop
  endfacet
  facet normal -0.770304 0.637676 0
    outer loop
      vertex -38.3747 -10.1685 -2
      vertex -38.1055 -9.84331 2
      vertex -38.1055 -9.84331 -2
    endloop
  endfacet
  facet normal -0.770304 0.637676 0
    outer loop
      vertex -38.3747 -10.1685 -2
      vertex -38.3747 -10.1685 2
      vertex -38.1055 -9.84331 2
    endloop
  endfacet
  facet normal -0.576502 0.817096 0
    outer loop
      vertex -38.7279 -10.4177 -2
      vertex -38.3747 -10.1685 2
      vertex -38.3747 -10.1685 -2
    endloop
  endfacet
  facet normal -0.576502 0.817096 0
    outer loop
      vertex -38.7279 -10.4177 -2
      vertex -38.7279 -10.4177 2
      vertex -38.3747 -10.1685 2
    endloop
  endfacet
  facet normal -0.371895 0.928275 0
    outer loop
      vertex -39.1722 -10.5957 -2
      vertex -38.7279 -10.4177 2
      vertex -38.7279 -10.4177 -2
    endloop
  endfacet
  facet normal -0.371895 0.928275 0
    outer loop
      vertex -39.1722 -10.5957 -2
      vertex -39.1722 -10.5957 2
      vertex -38.7279 -10.4177 2
    endloop
  endfacet
  facet normal -0.195623 0.980679 0
    outer loop
      vertex -39.7076 -10.7025 -2
      vertex -39.1722 -10.5957 2
      vertex -39.1722 -10.5957 -2
    endloop
  endfacet
  facet normal -0.195623 0.980679 0
    outer loop
      vertex -39.7076 -10.7025 -2
      vertex -39.7076 -10.7025 2
      vertex -39.1722 -10.5957 2
    endloop
  endfacet
  facet normal -0.0567141 0.99839 0
    outer loop
      vertex -40.3343 -10.7381 -2
      vertex -39.7076 -10.7025 2
      vertex -39.7076 -10.7025 -2
    endloop
  endfacet
  facet normal -0.0567141 0.99839 0
    outer loop
      vertex -40.3343 -10.7381 -2
      vertex -40.3343 -10.7381 2
      vertex -39.7076 -10.7025 2
    endloop
  endfacet
  facet normal 0.0562405 0.998417 0
    outer loop
      vertex -41.0089 -10.7001 -2
      vertex -40.3343 -10.7381 2
      vertex -40.3343 -10.7381 -2
    endloop
  endfacet
  facet normal 0.0562405 0.998417 -0
    outer loop
      vertex -41.0089 -10.7001 -2
      vertex -41.0089 -10.7001 2
      vertex -40.3343 -10.7381 2
    endloop
  endfacet
  facet normal 0.197382 0.980327 0
    outer loop
      vertex -41.5746 -10.5862 -2
      vertex -41.0089 -10.7001 2
      vertex -41.0089 -10.7001 -2
    endloop
  endfacet
  facet normal 0.197382 0.980327 -0
    outer loop
      vertex -41.5746 -10.5862 -2
      vertex -41.5746 -10.5862 2
      vertex -41.0089 -10.7001 2
    endloop
  endfacet
  facet normal 0.383869 0.923388 0
    outer loop
      vertex -42.0314 -10.3963 -2
      vertex -41.5746 -10.5862 2
      vertex -41.5746 -10.5862 -2
    endloop
  endfacet
  facet normal 0.383869 0.923388 -0
    outer loop
      vertex -42.0314 -10.3963 -2
      vertex -42.0314 -10.3963 2
      vertex -41.5746 -10.5862 2
    endloop
  endfacet
  facet normal 0.607247 0.794513 0
    outer loop
      vertex -42.3793 -10.1304 -2
      vertex -42.0314 -10.3963 2
      vertex -42.0314 -10.3963 -2
    endloop
  endfacet
  facet normal 0.607247 0.794513 -0
    outer loop
      vertex -42.3793 -10.1304 -2
      vertex -42.3793 -10.1304 2
      vertex -42.0314 -10.3963 2
    endloop
  endfacet
  facet normal 0.795968 0.605339 0
    outer loop
      vertex -42.6509 -9.77327 -2
      vertex -42.3793 -10.1304 2
      vertex -42.3793 -10.1304 -2
    endloop
  endfacet
  facet normal 0.795968 0.605339 -0
    outer loop
      vertex -42.6509 -9.77327 -2
      vertex -42.6509 -9.77327 2
      vertex -42.3793 -10.1304 2
    endloop
  endfacet
  facet normal 0.897344 0.441332 0
    outer loop
      vertex -42.8791 -9.30928 -2
      vertex -42.6509 -9.77327 2
      vertex -42.6509 -9.77327 -2
    endloop
  endfacet
  facet normal 0.897344 0.441332 -0
    outer loop
      vertex -42.8791 -9.30928 -2
      vertex -42.8791 -9.30928 2
      vertex -42.6509 -9.77327 2
    endloop
  endfacet
  facet normal 0.951377 0.30803 0
    outer loop
      vertex -43.0639 -8.73851 -2
      vertex -42.8791 -9.30928 2
      vertex -42.8791 -9.30928 -2
    endloop
  endfacet
  facet normal 0.951377 0.30803 -0
    outer loop
      vertex -43.0639 -8.73851 -2
      vertex -43.0639 -8.73851 2
      vertex -42.8791 -9.30928 2
    endloop
  endfacet
  facet normal 0.978937 0.204162 0
    outer loop
      vertex -43.2052 -8.06099 -2
      vertex -43.0639 -8.73851 2
      vertex -43.0639 -8.73851 -2
    endloop
  endfacet
  facet normal 0.978937 0.204162 -0
    outer loop
      vertex -43.2052 -8.06099 -2
      vertex -43.2052 -8.06099 2
      vertex -43.0639 -8.73851 2
    endloop
  endfacet
  facet normal -0.242231 0.970219 0
    outer loop
      vertex -46.019 -8.7635 -2
      vertex -43.2052 -8.06099 2
      vertex -43.2052 -8.06099 -2
    endloop
  endfacet
  facet normal -0.242231 0.970219 0
    outer loop
      vertex -46.019 -8.7635 -2
      vertex -46.019 -8.7635 2
      vertex -43.2052 -8.06099 2
    endloop
  endfacet
  facet normal -0.978474 -0.206372 0
    outer loop
      vertex -45.7403 -10.0849 -2
      vertex -46.019 -8.7635 2
      vertex -46.019 -8.7635 -2
    endloop
  endfacet
  facet normal -0.978474 -0.206372 0
    outer loop
      vertex -45.7403 -10.0849 -2
      vertex -45.7403 -10.0849 2
      vertex -46.019 -8.7635 2
    endloop
  endfacet
  facet normal -0.945248 -0.326353 0
    outer loop
      vertex -45.3484 -11.22 -2
      vertex -45.7403 -10.0849 2
      vertex -45.7403 -10.0849 -2
    endloop
  endfacet
  facet normal -0.945248 -0.326353 0
    outer loop
      vertex -45.3484 -11.22 -2
      vertex -45.3484 -11.22 2
      vertex -45.7403 -10.0849 2
    endloop
  endfacet
  facet normal -0.882672 -0.469989 0
    outer loop
      vertex -44.8432 -12.1688 -2
      vertex -45.3484 -11.22 2
      vertex -45.3484 -11.22 -2
    endloop
  endfacet
  facet normal -0.882672 -0.469989 0
    outer loop
      vertex -44.8432 -12.1688 -2
      vertex -44.8432 -12.1688 2
      vertex -45.3484 -11.22 2
    endloop
  endfacet
  facet normal -0.776678 -0.629898 0
    outer loop
      vertex -44.2248 -12.9313 -2
      vertex -44.8432 -12.1688 2
      vertex -44.8432 -12.1688 -2
    endloop
  endfacet
  facet normal -0.776678 -0.629898 0
    outer loop
      vertex -44.2248 -12.9313 -2
      vertex -44.2248 -12.9313 2
      vertex -44.8432 -12.1688 2
    endloop
  endfacet
  facet normal -0.615664 -0.788008 0
    outer loop
      vertex -43.4754 -13.5168 -2
      vertex -44.2248 -12.9313 2
      vertex -44.2248 -12.9313 -2
    endloop
  endfacet
  facet normal -0.615664 -0.788008 0
    outer loop
      vertex -43.4754 -13.5168 -2
      vertex -43.4754 -13.5168 2
      vertex -44.2248 -12.9313 2
    endloop
  endfacet
  facet normal -0.422134 -0.906533 0
    outer loop
      vertex -42.5771 -13.9351 -2
      vertex -43.4754 -13.5168 2
      vertex -43.4754 -13.5168 -2
    endloop
  endfacet
  facet normal -0.422134 -0.906533 0
    outer loop
      vertex -42.5771 -13.9351 -2
      vertex -42.5771 -13.9351 2
      vertex -43.4754 -13.5168 2
    endloop
  endfacet
  facet normal -0.233039 -0.972467 0
    outer loop
      vertex -41.5301 -14.186 -2
      vertex -42.5771 -13.9351 2
      vertex -42.5771 -13.9351 -2
    endloop
  endfacet
  facet normal -0.233039 -0.972467 0
    outer loop
      vertex -41.5301 -14.186 -2
      vertex -41.5301 -14.186 2
      vertex -42.5771 -13.9351 2
    endloop
  endfacet
  facet normal -0.0698241 -0.997559 0
    outer loop
      vertex -40.3343 -14.2697 -2
      vertex -41.5301 -14.186 2
      vertex -41.5301 -14.186 -2
    endloop
  endfacet
  facet normal -0.0698241 -0.997559 0
    outer loop
      vertex -40.3343 -14.2697 -2
      vertex -40.3343 -14.2697 2
      vertex -41.5301 -14.186 2
    endloop
  endfacet
  facet normal 0.0865171 -0.99625 0
    outer loop
      vertex -39.1114 -14.1635 -2
      vertex -40.3343 -14.2697 2
      vertex -40.3343 -14.2697 -2
    endloop
  endfacet
  facet normal 0.0865171 -0.99625 0
    outer loop
      vertex -39.1114 -14.1635 -2
      vertex -39.1114 -14.1635 2
      vertex -40.3343 -14.2697 2
    endloop
  endfacet
  facet normal 0.28232 -0.95932 0
    outer loop
      vertex -25.3561 -13.8449 -2
      vertex -26.4387 -14.1635 2
      vertex -26.4387 -14.1635 -2
    endloop
  endfacet
  facet normal 0.28232 -0.95932 0
    outer loop
      vertex -25.3561 -13.8449 -2
      vertex -25.3561 -13.8449 2
      vertex -26.4387 -14.1635 2
    endloop
  endfacet
  facet normal 0.490963 -0.87118 0
    outer loop
      vertex -24.4137 -13.3138 -2
      vertex -25.3561 -13.8449 2
      vertex -25.3561 -13.8449 -2
    endloop
  endfacet
  facet normal 0.490963 -0.87118 0
    outer loop
      vertex -24.4137 -13.3138 -2
      vertex -24.4137 -13.3138 2
      vertex -25.3561 -13.8449 2
    endloop
  endfacet
  facet normal 0.67976 -0.733435 0
    outer loop
      vertex -23.6116 -12.5704 -2
      vertex -24.4137 -13.3138 2
      vertex -24.4137 -13.3138 -2
    endloop
  endfacet
  facet normal 0.67976 -0.733435 0
    outer loop
      vertex -23.6116 -12.5704 -2
      vertex -23.6116 -12.5704 2
      vertex -24.4137 -13.3138 2
    endloop
  endfacet
  facet normal 0.82352 -0.567288 0
    outer loop
      vertex -22.9711 -11.6406 -2
      vertex -23.6116 -12.5704 2
      vertex -23.6116 -12.5704 -2
    endloop
  endfacet
  facet normal 0.82352 -0.567288 0
    outer loop
      vertex -22.9711 -11.6406 -2
      vertex -22.9711 -11.6406 2
      vertex -23.6116 -12.5704 2
    endloop
  endfacet
  facet normal 0.922073 -0.387017 0
    outer loop
      vertex -22.5136 -10.5506 -2
      vertex -22.9711 -11.6406 2
      vertex -22.9711 -11.6406 -2
    endloop
  endfacet
  facet normal 0.922073 -0.387017 0
    outer loop
      vertex -22.5136 -10.5506 -2
      vertex -22.5136 -10.5506 2
      vertex -22.9711 -11.6406 2
    endloop
  endfacet
  facet normal 0.976735 -0.214451 0
    outer loop
      vertex -22.2391 -9.30037 -2
      vertex -22.5136 -10.5506 2
      vertex -22.5136 -10.5506 -2
    endloop
  endfacet
  facet normal 0.976735 -0.214451 0
    outer loop
      vertex -22.2391 -9.30037 -2
      vertex -22.2391 -9.30037 2
      vertex -22.5136 -10.5506 2
    endloop
  endfacet
  facet normal 0.997902 -0.0647364 0
    outer loop
      vertex -22.1476 -7.88991 -2
      vertex -22.2391 -9.30037 2
      vertex -22.2391 -9.30037 -2
    endloop
  endfacet
  facet normal 0.997902 -0.0647364 0
    outer loop
      vertex -22.1476 -7.88991 -2
      vertex -22.1476 -7.88991 2
      vertex -22.2391 -9.30037 2
    endloop
  endfacet
  facet normal 0.99955 0.0299944 0
    outer loop
      vertex -22.1729 -7.0468 -2
      vertex -22.1476 -7.88991 2
      vertex -22.1476 -7.88991 -2
    endloop
  endfacet
  facet normal 0.99955 0.0299944 -0
    outer loop
      vertex -22.1729 -7.0468 -2
      vertex -22.1729 -7.0468 2
      vertex -22.1476 -7.88991 2
    endloop
  endfacet
  facet normal 0.995109 0.0987799 0
    outer loop
      vertex -22.2487 -6.28319 -2
      vertex -22.1729 -7.0468 2
      vertex -22.1729 -7.0468 -2
    endloop
  endfacet
  facet normal 0.995109 0.0987799 -0
    outer loop
      vertex -22.2487 -6.28319 -2
      vertex -22.2487 -6.28319 2
      vertex -22.1729 -7.0468 2
    endloop
  endfacet
  facet normal 0.983357 0.181683 0
    outer loop
      vertex -22.3751 -5.59905 -2
      vertex -22.2487 -6.28319 2
      vertex -22.2487 -6.28319 -2
    endloop
  endfacet
  facet normal 0.983357 0.181683 -0
    outer loop
      vertex -22.3751 -5.59905 -2
      vertex -22.3751 -5.59905 2
      vertex -22.2487 -6.28319 2
    endloop
  endfacet
  facet normal 0.959768 0.280795 0
    outer loop
      vertex -22.552 -4.9944 -2
      vertex -22.3751 -5.59905 2
      vertex -22.3751 -5.59905 -2
    endloop
  endfacet
  facet normal 0.959768 0.280795 -0
    outer loop
      vertex -22.552 -4.9944 -2
      vertex -22.552 -4.9944 2
      vertex -22.3751 -5.59905 2
    endloop
  endfacet
  facet normal 0.926358 0.376644 0
    outer loop
      vertex -22.7713 -4.45503 -2
      vertex -22.552 -4.9944 2
      vertex -22.552 -4.9944 -2
    endloop
  endfacet
  facet normal 0.926358 0.376644 -0
    outer loop
      vertex -22.7713 -4.45503 -2
      vertex -22.7713 -4.45503 2
      vertex -22.552 -4.9944 2
    endloop
  endfacet
  facet normal 0.887553 0.460705 0
    outer loop
      vertex -23.0248 -3.96666 -2
      vertex -22.7713 -4.45503 2
      vertex -22.7713 -4.45503 -2
    endloop
  endfacet
  facet normal 0.887553 0.460705 -0
    outer loop
      vertex -23.0248 -3.96666 -2
      vertex -23.0248 -3.96666 2
      vertex -22.7713 -4.45503 2
    endloop
  endfacet
  facet normal 0.835514 0.549469 0
    outer loop
      vertex -23.3124 -3.52934 -2
      vertex -23.0248 -3.96666 2
      vertex -23.0248 -3.96666 -2
    endloop
  endfacet
  facet normal 0.835514 0.549469 -0
    outer loop
      vertex -23.3124 -3.52934 -2
      vertex -23.3124 -3.52934 2
      vertex -23.0248 -3.96666 2
    endloop
  endfacet
  facet normal 0.768229 0.640175 0
    outer loop
      vertex -23.6343 -3.14305 -2
      vertex -23.3124 -3.52934 2
      vertex -23.3124 -3.52934 -2
    endloop
  endfacet
  facet normal 0.768229 0.640175 -0
    outer loop
      vertex -23.6343 -3.14305 -2
      vertex -23.6343 -3.14305 2
      vertex -23.3124 -3.52934 2
    endloop
  endfacet
  facet normal 0.688682 0.725064 0
    outer loop
      vertex -24.001 -2.79475 -2
      vertex -23.6343 -3.14305 2
      vertex -23.6343 -3.14305 -2
    endloop
  endfacet
  facet normal 0.688682 0.725064 -0
    outer loop
      vertex -24.001 -2.79475 -2
      vertex -24.001 -2.79475 2
      vertex -23.6343 -3.14305 2
    endloop
  endfacet
  facet normal 0.608045 0.793903 0
    outer loop
      vertex -24.4232 -2.47139 -2
      vertex -24.001 -2.79475 2
      vertex -24.001 -2.79475 -2
    endloop
  endfacet
  facet normal 0.608045 0.793903 -0
    outer loop
      vertex -24.4232 -2.47139 -2
      vertex -24.4232 -2.47139 2
      vertex -24.001 -2.79475 2
    endloop
  endfacet
  facet normal 0.529673 0.848202 0
    outer loop
      vertex -24.901 -2.17302 -2
      vertex -24.4232 -2.47139 2
      vertex -24.4232 -2.47139 -2
    endloop
  endfacet
  facet normal 0.529673 0.848202 -0
    outer loop
      vertex -24.901 -2.17302 -2
      vertex -24.901 -2.17302 2
      vertex -24.4232 -2.47139 2
    endloop
  endfacet
  facet normal 0.456187 0.889884 0
    outer loop
      vertex -25.4344 -1.89958 -2
      vertex -24.901 -2.17302 2
      vertex -24.901 -2.17302 -2
    endloop
  endfacet
  facet normal 0.456187 0.889884 -0
    outer loop
      vertex -25.4344 -1.89958 -2
      vertex -25.4344 -1.89958 2
      vertex -24.901 -2.17302 2
    endloop
  endfacet
  facet normal 0.40743 0.913237 0
    outer loop
      vertex -26.0157 -1.64024 -2
      vertex -25.4344 -1.89958 2
      vertex -25.4344 -1.89958 -2
    endloop
  endfacet
  facet normal 0.40743 0.913237 -0
    outer loop
      vertex -26.0157 -1.64024 -2
      vertex -26.0157 -1.64024 2
      vertex -25.4344 -1.89958 2
    endloop
  endfacet
  facet normal 0.380333 0.92485 0
    outer loop
      vertex -26.6377 -1.38445 -2
      vertex -26.0157 -1.64024 2
      vertex -26.0157 -1.64024 -2
    endloop
  endfacet
  facet normal 0.380333 0.92485 -0
    outer loop
      vertex -26.6377 -1.38445 -2
      vertex -26.6377 -1.38445 2
      vertex -26.0157 -1.64024 2
    endloop
  endfacet
  facet normal 0.355846 0.934544 0
    outer loop
      vertex -27.3002 -1.13219 -2
      vertex -26.6377 -1.38445 2
      vertex -26.6377 -1.38445 -2
    endloop
  endfacet
  facet normal 0.355846 0.934544 -0
    outer loop
      vertex -27.3002 -1.13219 -2
      vertex -27.3002 -1.13219 2
      vertex -26.6377 -1.38445 2
    endloop
  endfacet
  facet normal 0.333497 0.942751 0
    outer loop
      vertex -28.0033 -0.883469 -2
      vertex -27.3002 -1.13219 2
      vertex -27.3002 -1.13219 -2
    endloop
  endfacet
  facet normal 0.333497 0.942751 -0
    outer loop
      vertex -28.0033 -0.883469 -2
      vertex -28.0033 -0.883469 2
      vertex -27.3002 -1.13219 2
    endloop
  endfacet
  facet normal 0.354059 0.935223 0
    outer loop
      vertex -28.4843 -0.701371 -2
      vertex -28.0033 -0.883469 2
      vertex -28.0033 -0.883469 -2
    endloop
  endfacet
  facet normal 0.354059 0.935223 -0
    outer loop
      vertex -28.4843 -0.701371 -2
      vertex -28.4843 -0.701371 2
      vertex -28.0033 -0.883469 2
    endloop
  endfacet
  facet normal 0.44994 0.893059 0
    outer loop
      vertex -28.8905 -0.49672 -2
      vertex -28.4843 -0.701371 2
      vertex -28.4843 -0.701371 -2
    endloop
  endfacet
  facet normal 0.44994 0.893059 -0
    outer loop
      vertex -28.8905 -0.49672 -2
      vertex -28.8905 -0.49672 2
      vertex -28.4843 -0.701371 2
    endloop
  endfacet
  facet normal 0.565559 0.824708 0
    outer loop
      vertex -29.2219 -0.269456 -2
      vertex -28.8905 -0.49672 2
      vertex -28.8905 -0.49672 -2
    endloop
  endfacet
  facet normal 0.565559 0.824708 -0
    outer loop
      vertex -29.2219 -0.269456 -2
      vertex -29.2219 -0.269456 2
      vertex -28.8905 -0.49672 2
    endloop
  endfacet
  facet normal 0.697251 0.716827 0
    outer loop
      vertex -29.4787 -0.0196692 -2
      vertex -29.2219 -0.269456 2
      vertex -29.2219 -0.269456 -2
    endloop
  endfacet
  facet normal 0.697251 0.716827 -0
    outer loop
      vertex -29.4787 -0.0196692 -2
      vertex -29.4787 -0.0196692 2
      vertex -29.2219 -0.269456 2
    endloop
  endfacet
  facet normal 0.828798 0.559547 0
    outer loop
      vertex -29.6706 0.264572 -2
      vertex -29.4787 -0.0196692 2
      vertex -29.4787 -0.0196692 -2
    endloop
  endfacet
  facet normal 0.828798 0.559547 -0
    outer loop
      vertex -29.6706 0.264572 -2
      vertex -29.6706 0.264572 2
      vertex -29.4787 -0.0196692 2
    endloop
  endfacet
  facet normal 0.92378 0.382923 0
    outer loop
      vertex -29.8076 0.595077 -2
      vertex -29.6706 0.264572 2
      vertex -29.6706 0.264572 -2
    endloop
  endfacet
  facet normal 0.92378 0.382923 -0
    outer loop
      vertex -29.8076 0.595077 -2
      vertex -29.8076 0.595077 2
      vertex -29.6706 0.264572 2
    endloop
  endfacet
  facet normal 0.976964 0.213404 0
    outer loop
      vertex -29.8899 0.971847 -2
      vertex -29.8076 0.595077 2
      vertex -29.8076 0.595077 -2
    endloop
  endfacet
  facet normal 0.976964 0.213404 -0
    outer loop
      vertex -29.8899 0.971847 -2
      vertex -29.8899 0.971847 2
      vertex -29.8076 0.595077 2
    endloop
  endfacet
  facet normal 0.997909 0.0646304 0
    outer loop
      vertex -29.9173 1.39491 -2
      vertex -29.8899 0.971847 2
      vertex -29.8899 0.971847 -2
    endloop
  endfacet
  facet normal 0.997909 0.0646304 -0
    outer loop
      vertex -29.9173 1.39491 -2
      vertex -29.9173 1.39491 2
      vertex -29.8899 0.971847 2
    endloop
  endfacet
  facet normal 0.997741 -0.0671803 0
    outer loop
      vertex -29.8817 1.92363 -2
      vertex -29.9173 1.39491 2
      vertex -29.9173 1.39491 -2
    endloop
  endfacet
  facet normal 0.997741 -0.0671803 0
    outer loop
      vertex -29.8817 1.92363 -2
      vertex -29.8817 1.92363 2
      vertex -29.9173 1.39491 2
    endloop
  endfacet
  facet normal 0.972601 -0.232479 0
    outer loop
      vertex -29.7749 2.37044 -2
      vertex -29.8817 1.92363 2
      vertex -29.8817 1.92363 -2
    endloop
  endfacet
  facet normal 0.972601 -0.232479 0
    outer loop
      vertex -29.7749 2.37044 -2
      vertex -29.7749 2.37044 2
      vertex -29.8817 1.92363 2
    endloop
  endfacet
  facet normal 0.898768 -0.438424 0
    outer loop
      vertex -29.5969 2.73534 -2
      vertex -29.7749 2.37044 2
      vertex -29.7749 2.37044 -2
    endloop
  endfacet
  facet normal 0.898768 -0.438424 0
    outer loop
      vertex -29.5969 2.73534 -2
      vertex -29.5969 2.73534 2
      vertex -29.7749 2.37044 2
    endloop
  endfacet
  facet normal 0.750658 -0.660691 0
    outer loop
      vertex -29.3478 3.01836 -2
      vertex -29.5969 2.73534 2
      vertex -29.5969 2.73534 -2
    endloop
  endfacet
  facet normal 0.750658 -0.660691 0
    outer loop
      vertex -29.3478 3.01836 -2
      vertex -29.3478 3.01836 2
      vertex -29.5969 2.73534 2
    endloop
  endfacet
  facet normal 0.551314 -0.834298 0
    outer loop
      vertex -29.0273 3.23015 -2
      vertex -29.3478 3.01836 2
      vertex -29.3478 3.01836 -2
    endloop
  endfacet
  facet normal 0.551314 -0.834298 0
    outer loop
      vertex -29.0273 3.23015 -2
      vertex -29.0273 3.23015 2
      vertex -29.3478 3.01836 2
    endloop
  endfacet
  facet normal 0.360337 -0.932822 0
    outer loop
      vertex -28.6357 3.38142 -2
      vertex -29.0273 3.23015 2
      vertex -29.0273 3.23015 -2
    endloop
  endfacet
  facet normal 0.360337 -0.932822 0
    outer loop
      vertex -28.6357 3.38142 -2
      vertex -28.6357 3.38142 2
      vertex -29.0273 3.23015 2
    endloop
  endfacet
  facet normal 0.192466 -0.981304 0
    outer loop
      vertex -28.1728 3.47221 -2
      vertex -28.6357 3.38142 2
      vertex -28.6357 3.38142 -2
    endloop
  endfacet
  facet normal 0.192466 -0.981304 0
    outer loop
      vertex -28.1728 3.47221 -2
      vertex -28.1728 3.47221 2
      vertex -28.6357 3.38142 2
    endloop
  endfacet
  facet normal 0.0565467 -0.9984 0
    outer loop
      vertex -27.6387 3.50246 -2
      vertex -28.1728 3.47221 2
      vertex -28.1728 3.47221 -2
    endloop
  endfacet
  facet normal 0.0565467 -0.9984 0
    outer loop
      vertex -27.6387 3.50246 -2
      vertex -27.6387 3.50246 2
      vertex -28.1728 3.47221 2
    endloop
  endfacet
  facet normal -0.0710272 -0.997474 0
    outer loop
      vertex -27.0969 3.46388 -2
      vertex -27.6387 3.50246 2
      vertex -27.6387 3.50246 -2
    endloop
  endfacet
  facet normal -0.0710272 -0.997474 0
    outer loop
      vertex -27.0969 3.46388 -2
      vertex -27.0969 3.46388 2
      vertex -27.6387 3.50246 2
    endloop
  endfacet
  facet normal -0.24222 -0.970221 0
    outer loop
      vertex -26.6335 3.34819 -2
      vertex -27.0969 3.46388 2
      vertex -27.0969 3.46388 -2
    endloop
  endfacet
  facet normal -0.24222 -0.970221 0
    outer loop
      vertex -26.6335 3.34819 -2
      vertex -26.6335 3.34819 2
      vertex -27.0969 3.46388 2
    endloop
  endfacet
  facet normal -0.447659 -0.894204 0
    outer loop
      vertex -26.2483 3.15535 -2
      vertex -26.6335 3.34819 2
      vertex -26.6335 3.34819 -2
    endloop
  endfacet
  facet normal -0.447659 -0.894204 0
    outer loop
      vertex -26.2483 3.15535 -2
      vertex -26.2483 3.15535 2
      vertex -26.6335 3.34819 2
    endloop
  endfacet
  facet normal -0.660556 -0.750777 0
    outer loop
      vertex -25.9414 2.88533 -2
      vertex -26.2483 3.15535 2
      vertex -26.2483 3.15535 -2
    endloop
  endfacet
  facet normal -0.660556 -0.750777 0
    outer loop
      vertex -25.9414 2.88533 -2
      vertex -25.9414 2.88533 2
      vertex -26.2483 3.15535 2
    endloop
  endfacet
  facet normal -0.820348 -0.571865 0
    outer loop
      vertex -25.6986 2.53703 -2
      vertex -25.9414 2.88533 2
      vertex -25.9414 2.88533 -2
    endloop
  endfacet
  facet normal -0.820348 -0.571865 0
    outer loop
      vertex -25.6986 2.53703 -2
      vertex -25.6986 2.53703 2
      vertex -25.9414 2.88533 2
    endloop
  endfacet
  facet normal -0.911436 -0.411442 0
    outer loop
      vertex -25.5055 2.10927 -2
      vertex -25.6986 2.53703 2
      vertex -25.6986 2.53703 -2
    endloop
  endfacet
  facet normal -0.911436 -0.411442 0
    outer loop
      vertex -25.5055 2.10927 -2
      vertex -25.5055 2.10927 2
      vertex -25.6986 2.53703 2
    endloop
  endfacet
  facet normal -0.962442 -0.271487 0
    outer loop
      vertex -25.3624 1.60197 -2
      vertex -25.5055 2.10927 2
      vertex -25.5055 2.10927 -2
    endloop
  endfacet
  facet normal -0.962442 -0.271487 0
    outer loop
      vertex -25.3624 1.60197 -2
      vertex -25.3624 1.60197 2
      vertex -25.5055 2.10927 2
    endloop
  endfacet
  facet normal -0.987593 -0.157036 0
    outer loop
      vertex -25.2691 1.01521 -2
      vertex -25.3624 1.60197 2
      vertex -25.3624 1.60197 -2
    endloop
  endfacet
  facet normal -0.987593 -0.157036 0
    outer loop
      vertex -25.2691 1.01521 -2
      vertex -25.2691 1.01521 2
      vertex -25.3624 1.60197 2
    endloop
  endfacet
  facet normal 0.171446 -0.985194 0
    outer loop
      vertex -22.4324 1.50886 -2
      vertex -25.2691 1.01521 2
      vertex -25.2691 1.01521 -2
    endloop
  endfacet
  facet normal 0.171446 -0.985194 0
    outer loop
      vertex -22.4324 1.50886 -2
      vertex -22.4324 1.50886 2
      vertex -25.2691 1.01521 2
    endloop
  endfacet
  facet normal 0.984202 0.177047 0
    outer loop
      vertex -22.6606 2.77742 -2
      vertex -22.4324 1.50886 2
      vertex -22.4324 1.50886 -2
    endloop
  endfacet
  facet normal 0.984202 0.177047 -0
    outer loop
      vertex -22.6606 2.77742 -2
      vertex -22.6606 2.77742 2
      vertex -22.4324 1.50886 2
    endloop
  endfacet
  facet normal 0.952613 0.304184 0
    outer loop
      vertex -23.0149 3.88698 -2
      vertex -22.6606 2.77742 2
      vertex -22.6606 2.77742 -2
    endloop
  endfacet
  facet normal 0.952613 0.304184 -0
    outer loop
      vertex -23.0149 3.88698 -2
      vertex -23.0149 3.88698 2
      vertex -22.6606 2.77742 2
    endloop
  endfacet
  facet normal 0.892528 0.450992 0
    outer loop
      vertex -23.4952 4.83751 -2
      vertex -23.0149 3.88698 2
      vertex -23.0149 3.88698 -2
    endloop
  endfacet
  facet normal 0.892528 0.450992 -0
    outer loop
      vertex -23.4952 4.83751 -2
      vertex -23.4952 4.83751 2
      vertex -23.0149 3.88698 2
    endloop
  endfacet
  facet normal 0.793879 0.608076 0
    outer loop
      vertex -24.1015 5.62907 -2
      vertex -23.4952 4.83751 2
      vertex -23.4952 4.83751 -2
    endloop
  endfacet
  facet normal 0.793879 0.608076 -0
    outer loop
      vertex -24.1015 5.62907 -2
      vertex -24.1015 5.62907 2
      vertex -23.4952 4.83751 2
    endloop
  endfacet
  facet normal 0.652786 0.757543 0
    outer loop
      vertex -24.8245 6.25209 -2
      vertex -24.1015 5.62907 2
      vertex -24.1015 5.62907 -2
    endloop
  endfacet
  facet normal 0.652786 0.757543 -0
    outer loop
      vertex -24.8245 6.25209 -2
      vertex -24.8245 6.25209 2
      vertex -24.1015 5.62907 2
    endloop
  endfacet
  facet normal 0.472284 0.881447 0
    outer loop
      vertex -25.6551 6.69713 -2
      vertex -24.8245 6.25209 2
      vertex -24.8245 6.25209 -2
    endloop
  endfacet
  facet normal 0.472284 0.881447 -0
    outer loop
      vertex -25.6551 6.69713 -2
      vertex -25.6551 6.69713 2
      vertex -24.8245 6.25209 2
    endloop
  endfacet
  facet normal 0.273746 0.961802 0
    outer loop
      vertex -26.5932 6.96413 -2
      vertex -25.6551 6.69713 2
      vertex -25.6551 6.69713 -2
    endloop
  endfacet
  facet normal 0.273746 0.961802 -0
    outer loop
      vertex -26.5932 6.96413 -2
      vertex -26.5932 6.96413 2
      vertex -25.6551 6.69713 2
    endloop
  endfacet
  facet normal 0.0848389 0.996395 0
    outer loop
      vertex -27.6387 7.05315 -2
      vertex -26.5932 6.96413 2
      vertex -26.5932 6.96413 -2
    endloop
  endfacet
  facet normal 0.0848389 0.996395 -0
    outer loop
      vertex -27.6387 7.05315 -2
      vertex -27.6387 7.05315 2
      vertex -26.5932 6.96413 2
    endloop
  endfacet
  facet normal -0.0869222 0.996215 0
    outer loop
      vertex -28.8154 6.95048 -2
      vertex -27.6387 7.05315 2
      vertex -27.6387 7.05315 -2
    endloop
  endfacet
  facet normal -0.0869222 0.996215 0
    outer loop
      vertex -28.8154 6.95048 -2
      vertex -28.8154 6.95048 2
      vertex -27.6387 7.05315 2
    endloop
  endfacet
  facet normal -0.285206 0.958466 0
    outer loop
      vertex -29.8503 6.64253 -2
      vertex -28.8154 6.95048 2
      vertex -28.8154 6.95048 -2
    endloop
  endfacet
  facet normal -0.285206 0.958466 0
    outer loop
      vertex -29.8503 6.64253 -2
      vertex -29.8503 6.64253 2
      vertex -28.8154 6.95048 2
    endloop
  endfacet
  facet normal -0.498196 0.867065 0
    outer loop
      vertex -30.7436 6.12926 -2
      vertex -29.8503 6.64253 2
      vertex -29.8503 6.64253 -2
    endloop
  endfacet
  facet normal -0.498196 0.867065 0
    outer loop
      vertex -30.7436 6.12926 -2
      vertex -30.7436 6.12926 2
      vertex -29.8503 6.64253 2
    endloop
  endfacet
  facet normal -0.691061 0.722796 0
    outer loop
      vertex -31.4952 5.41066 -2
      vertex -30.7436 6.12926 2
      vertex -30.7436 6.12926 -2
    endloop
  endfacet
  facet normal -0.691061 0.722796 0
    outer loop
      vertex -31.4952 5.41066 -2
      vertex -31.4952 5.41066 2
      vertex -30.7436 6.12926 2
    endloop
  endfacet
  facet normal -0.834605 0.550848 0
    outer loop
      vertex -32.0908 4.50825 -2
      vertex -31.4952 5.41066 2
      vertex -31.4952 5.41066 -2
    endloop
  endfacet
  facet normal -0.834605 0.550848 0
    outer loop
      vertex -32.0908 4.50825 -2
      vertex -32.0908 4.50825 2
      vertex -31.4952 5.41066 2
    endloop
  endfacet
  facet normal -0.928627 0.371015 0
    outer loop
      vertex -32.5163 3.44325 -2
      vertex -32.0908 4.50825 2
      vertex -32.0908 4.50825 -2
    endloop
  endfacet
  facet normal -0.928627 0.371015 0
    outer loop
      vertex -32.5163 3.44325 -2
      vertex -32.5163 3.44325 2
      vertex -32.0908 4.50825 2
    endloop
  endfacet
  facet normal -0.979069 0.203529 0
    outer loop
      vertex -32.7715 2.21562 -2
      vertex -32.5163 3.44325 2
      vertex -32.5163 3.44325 -2
    endloop
  endfacet
  facet normal -0.979069 0.203529 0
    outer loop
      vertex -32.7715 2.21562 -2
      vertex -32.7715 2.21562 2
      vertex -32.5163 3.44325 2
    endloop
  endfacet
  facet normal -0.998132 0.0610987 0
    outer loop
      vertex -32.8566 0.825393 -2
      vertex -32.7715 2.21562 2
      vertex -32.7715 2.21562 -2
    endloop
  endfacet
  facet normal -0.998132 0.0610987 0
    outer loop
      vertex -32.8566 0.825393 -2
      vertex -32.8566 0.825393 2
      vertex -32.7715 2.21562 2
    endloop
  endfacet
  facet normal -0.999351 -0.0360123 0
    outer loop
      vertex -32.8257 -0.0320898 -2
      vertex -32.8566 0.825393 2
      vertex -32.8566 0.825393 -2
    endloop
  endfacet
  facet normal -0.999351 -0.0360123 0
    outer loop
      vertex -32.8257 -0.0320898 -2
      vertex -32.8257 -0.0320898 2
      vertex -32.8566 0.825393 2
    endloop
  endfacet
  facet normal -0.993098 -0.117288 0
    outer loop
      vertex -32.7327 -0.819535 -2
      vertex -32.8257 -0.0320898 2
      vertex -32.8257 -0.0320898 -2
    endloop
  endfacet
  facet normal -0.993098 -0.117288 0
    outer loop
      vertex -32.7327 -0.819535 -2
      vertex -32.7327 -0.819535 2
      vertex -32.8257 -0.0320898 2
    endloop
  endfacet
  facet normal -0.977504 -0.210915 0
    outer loop
      vertex -32.5779 -1.53697 -2
      vertex -32.7327 -0.819535 2
      vertex -32.7327 -0.819535 -2
    endloop
  endfacet
  facet normal -0.977504 -0.210915 0
    outer loop
      vertex -32.5779 -1.53697 -2
      vertex -32.5779 -1.53697 2
      vertex -32.7327 -0.819535 2
    endloop
  endfacet
  facet normal -0.948194 -0.317691 0
    outer loop
      vertex -32.361 -2.18434 -2
      vertex -32.5779 -1.53697 2
      vertex -32.5779 -1.53697 -2
    endloop
  endfacet
  facet normal -0.948194 -0.317691 0
    outer loop
      vertex -32.361 -2.18434 -2
      vertex -32.361 -2.18434 2
      vertex -32.5779 -1.53697 2
    endloop
  endfacet
  facet normal -0.904111 -0.427299 0
    outer loop
      vertex -32.0851 -2.76811 -2
      vertex -32.361 -2.18434 2
      vertex -32.361 -2.18434 -2
    endloop
  endfacet
  facet normal -0.904111 -0.427299 0
    outer loop
      vertex -32.0851 -2.76811 -2
      vertex -32.0851 -2.76811 2
      vertex -32.361 -2.18434 2
    endloop
  endfacet
  facet normal -0.845962 -0.533242 0
    outer loop
      vertex -31.753 -3.29497 -2
      vertex -32.0851 -2.76811 2
      vertex -32.0851 -2.76811 -2
    endloop
  endfacet
  facet normal -0.845962 -0.533242 0
    outer loop
      vertex -31.753 -3.29497 -2
      vertex -31.753 -3.29497 2
      vertex -32.0851 -2.76811 2
    endloop
  endfacet
  facet normal -0.77081 -0.637065 0
    outer loop
      vertex -31.3646 -3.76491 -2
      vertex -31.753 -3.29497 2
      vertex -31.753 -3.29497 -2
    endloop
  endfacet
  facet normal -0.77081 -0.637065 0
    outer loop
      vertex -31.3646 -3.76491 -2
      vertex -31.3646 -3.76491 2
      vertex -31.753 -3.29497 2
    endloop
  endfacet
  facet normal -0.680526 -0.732724 0
    outer loop
      vertex -30.9199 -4.17793 -2
      vertex -31.3646 -3.76491 2
      vertex -31.3646 -3.76491 -2
    endloop
  endfacet
  facet normal -0.680526 -0.732724 0
    outer loop
      vertex -30.9199 -4.17793 -2
      vertex -30.9199 -4.17793 2
      vertex -31.3646 -3.76491 2
    endloop
  endfacet
  facet normal -0.557996 -0.829844 0
    outer loop
      vertex -30.3367 -4.57008 -2
      vertex -30.9199 -4.17793 2
      vertex -30.9199 -4.17793 -2
    endloop
  endfacet
  facet normal -0.557996 -0.829844 0
    outer loop
      vertex -30.3367 -4.57008 -2
      vertex -30.3367 -4.57008 2
      vertex -30.9199 -4.17793 2
    endloop
  endfacet
  facet normal -0.452221 -0.891906 0
    outer loop
      vertex -29.5328 -4.97768 -2
      vertex -30.3367 -4.57008 2
      vertex -30.3367 -4.57008 -2
    endloop
  endfacet
  facet normal -0.452221 -0.891906 0
    outer loop
      vertex -29.5328 -4.97768 -2
      vertex -29.5328 -4.97768 2
      vertex -30.3367 -4.57008 2
    endloop
  endfacet
  facet normal -0.381626 -0.924317 0
    outer loop
      vertex -28.5082 -5.40071 -2
      vertex -29.5328 -4.97768 2
      vertex -29.5328 -4.97768 -2
    endloop
  endfacet
  facet normal -0.381626 -0.924317 0
    outer loop
      vertex -28.5082 -5.40071 -2
      vertex -28.5082 -5.40071 2
      vertex -29.5328 -4.97768 2
    endloop
  endfacet
  facet normal -0.332121 -0.943237 0
    outer loop
      vertex -27.2629 -5.83919 -2
      vertex -28.5082 -5.40071 2
      vertex -28.5082 -5.40071 -2
    endloop
  endfacet
  facet normal -0.332121 -0.943237 0
    outer loop
      vertex -27.2629 -5.83919 -2
      vertex -27.2629 -5.83919 2
      vertex -28.5082 -5.40071 2
    endloop
  endfacet
  facet normal -0.358153 -0.933663 0
    outer loop
      vertex -26.7135 -6.04994 -2
      vertex -27.2629 -5.83919 2
      vertex -27.2629 -5.83919 -2
    endloop
  endfacet
  facet normal -0.358153 -0.933663 0
    outer loop
      vertex -26.7135 -6.04994 -2
      vertex -26.7135 -6.04994 2
      vertex -27.2629 -5.83919 2
    endloop
  endfacet
  facet normal -0.449757 -0.893151 0
    outer loop
      vertex -26.2503 -6.28319 -2
      vertex -26.7135 -6.04994 2
      vertex -26.7135 -6.04994 -2
    endloop
  endfacet
  facet normal -0.449757 -0.893151 0
    outer loop
      vertex -26.2503 -6.28319 -2
      vertex -26.2503 -6.28319 2
      vertex -26.7135 -6.04994 2
    endloop
  endfacet
  facet normal -0.561424 -0.827528 0
    outer loop
      vertex -25.8733 -6.53896 -2
      vertex -26.2503 -6.28319 2
      vertex -26.2503 -6.28319 -2
    endloop
  endfacet
  facet normal -0.561424 -0.827528 0
    outer loop
      vertex -25.8733 -6.53896 -2
      vertex -25.8733 -6.53896 2
      vertex -26.2503 -6.28319 2
    endloop
  endfacet
  facet normal -0.691233 -0.722632 0
    outer loop
      vertex -25.5824 -6.81722 -2
      vertex -25.8733 -6.53896 2
      vertex -25.8733 -6.53896 -2
    endloop
  endfacet
  facet normal -0.691233 -0.722632 0
    outer loop
      vertex -25.5824 -6.81722 -2
      vertex -25.5824 -6.81722 2
      vertex -25.8733 -6.53896 2
    endloop
  endfacet
  facet normal -0.823777 -0.566914 0
    outer loop
      vertex -25.3656 -7.13225 -2
      vertex -25.5824 -6.81722 2
      vertex -25.5824 -6.81722 -2
    endloop
  endfacet
  facet normal -0.823777 -0.566914 0
    outer loop
      vertex -25.3656 -7.13225 -2
      vertex -25.3656 -7.13225 2
      vertex -25.5824 -6.81722 2
    endloop
  endfacet
  facet normal -0.920942 -0.389701 0
    outer loop
      vertex -25.2107 -7.49831 -2
      vertex -25.3656 -7.13225 2
      vertex -25.3656 -7.13225 -2
    endloop
  endfacet
  facet normal -0.920942 -0.389701 0
    outer loop
      vertex -25.2107 -7.49831 -2
      vertex -25.2107 -7.49831 2
      vertex -25.3656 -7.13225 2
    endloop
  endfacet
  facet normal -0.976083 -0.217396 0
    outer loop
      vertex -25.1178 -7.91542 -2
      vertex -25.2107 -7.49831 2
      vertex -25.2107 -7.49831 -2
    endloop
  endfacet
  facet normal -0.976083 -0.217396 0
    outer loop
      vertex -25.1178 -7.91542 -2
      vertex -25.1178 -7.91542 2
      vertex -25.2107 -7.49831 2
    endloop
  endfacet
  facet normal -0.997814 -0.066079 0
    outer loop
      vertex -25.0868 -8.38353 -2
      vertex -25.1178 -7.91542 2
      vertex -25.1178 -7.91542 -2
    endloop
  endfacet
  facet normal -0.997814 -0.066079 0
    outer loop
      vertex -25.0868 -8.38353 -2
      vertex -25.0868 -8.38353 2
      vertex -25.1178 -7.91542 2
    endloop
  endfacet
  facet normal -0.997705 0.0677143 0
    outer loop
      vertex -25.1253 -8.95079 -2
      vertex -25.0868 -8.38353 2
      vertex -25.0868 -8.38353 -2
    endloop
  endfacet
  facet normal -0.997705 0.0677143 0
    outer loop
      vertex -25.1253 -8.95079 -2
      vertex -25.1253 -8.95079 2
      vertex -25.0868 -8.38353 2
    endloop
  endfacet
  facet normal -0.973057 0.230566 0
    outer loop
      vertex -25.2406 -9.43739 -2
      vertex -25.1253 -8.95079 2
      vertex -25.1253 -8.95079 -2
    endloop
  endfacet
  facet normal -0.973057 0.230566 0
    outer loop
      vertex -25.2406 -9.43739 -2
      vertex -25.2406 -9.43739 2
      vertex -25.1253 -8.95079 2
    endloop
  endfacet
  facet normal -0.903719 0.428127 0
    outer loop
      vertex -25.4329 -9.84331 -2
      vertex -25.2406 -9.43739 2
      vertex -25.2406 -9.43739 -2
    endloop
  endfacet
  facet normal -0.903719 0.428127 0
    outer loop
      vertex -25.4329 -9.84331 -2
      vertex -25.4329 -9.84331 2
      vertex -25.2406 -9.43739 2
    endloop
  endfacet
  facet normal -0.770421 0.637536 0
    outer loop
      vertex -25.702 -10.1685 -2
      vertex -25.4329 -9.84331 2
      vertex -25.4329 -9.84331 -2
    endloop
  endfacet
  facet normal -0.770421 0.637536 0
    outer loop
      vertex -25.702 -10.1685 -2
      vertex -25.702 -10.1685 2
      vertex -25.4329 -9.84331 2
    endloop
  endfacet
  facet normal -0.576502 0.817096 0
    outer loop
      vertex -26.0552 -10.4177 -2
      vertex -25.702 -10.1685 2
      vertex -25.702 -10.1685 -2
    endloop
  endfacet
  facet normal -0.576502 0.817096 0
    outer loop
      vertex -26.0552 -10.4177 -2
      vertex -26.0552 -10.4177 2
      vertex -25.702 -10.1685 2
    endloop
  endfacet
  facet normal -0.371895 0.928275 0
    outer loop
      vertex -26.4995 -10.5957 -2
      vertex -26.0552 -10.4177 2
      vertex -26.0552 -10.4177 -2
    endloop
  endfacet
  facet normal -0.371895 0.928275 0
    outer loop
      vertex -26.4995 -10.5957 -2
      vertex -26.4995 -10.5957 2
      vertex -26.0552 -10.4177 2
    endloop
  endfacet
  facet normal -0.195588 0.980686 0
    outer loop
      vertex -27.035 -10.7025 -2
      vertex -26.4995 -10.5957 2
      vertex -26.4995 -10.5957 -2
    endloop
  endfacet
  facet normal -0.195588 0.980686 0
    outer loop
      vertex -27.035 -10.7025 -2
      vertex -27.035 -10.7025 2
      vertex -26.4995 -10.5957 2
    endloop
  endfacet
  facet normal -0.0567231 0.99839 0
    outer loop
      vertex -27.6616 -10.7381 -2
      vertex -27.035 -10.7025 2
      vertex -27.035 -10.7025 -2
    endloop
  endfacet
  facet normal -0.0567231 0.99839 0
    outer loop
      vertex -27.6616 -10.7381 -2
      vertex -27.6616 -10.7381 2
      vertex -27.035 -10.7025 2
    endloop
  endfacet
  facet normal 0.0562405 0.998417 0
    outer loop
      vertex -28.3362 -10.7001 -2
      vertex -27.6616 -10.7381 2
      vertex -27.6616 -10.7381 -2
    endloop
  endfacet
  facet normal 0.0562405 0.998417 -0
    outer loop
      vertex -28.3362 -10.7001 -2
      vertex -28.3362 -10.7001 2
      vertex -27.6616 -10.7381 2
    endloop
  endfacet
  facet normal 0.197349 0.980333 0
    outer loop
      vertex -28.902 -10.5862 -2
      vertex -28.3362 -10.7001 2
      vertex -28.3362 -10.7001 -2
    endloop
  endfacet
  facet normal 0.197349 0.980333 -0
    outer loop
      vertex -28.902 -10.5862 -2
      vertex -28.902 -10.5862 2
      vertex -28.3362 -10.7001 2
    endloop
  endfacet
  facet normal 0.383869 0.923388 0
    outer loop
      vertex -29.3588 -10.3963 -2
      vertex -28.902 -10.5862 2
      vertex -28.902 -10.5862 -2
    endloop
  endfacet
  facet normal 0.383869 0.923388 -0
    outer loop
      vertex -29.3588 -10.3963 -2
      vertex -29.3588 -10.3963 2
      vertex -28.902 -10.5862 2
    endloop
  endfacet
  facet normal 0.607357 0.794429 0
    outer loop
      vertex -29.7066 -10.1304 -2
      vertex -29.3588 -10.3963 2
      vertex -29.3588 -10.3963 -2
    endloop
  endfacet
  facet normal 0.607357 0.794429 -0
    outer loop
      vertex -29.7066 -10.1304 -2
      vertex -29.7066 -10.1304 2
      vertex -29.3588 -10.3963 2
    endloop
  endfacet
  facet normal 0.795968 0.605339 0
    outer loop
      vertex -29.9782 -9.77327 -2
      vertex -29.7066 -10.1304 2
      vertex -29.7066 -10.1304 -2
    endloop
  endfacet
  facet normal 0.795968 0.605339 -0
    outer loop
      vertex -29.9782 -9.77327 -2
      vertex -29.9782 -9.77327 2
      vertex -29.7066 -10.1304 2
    endloop
  endfacet
  facet normal 0.897344 0.441332 0
    outer loop
      vertex -30.2064 -9.30928 -2
      vertex -29.9782 -9.77327 2
      vertex -29.9782 -9.77327 -2
    endloop
  endfacet
  facet normal 0.897344 0.441332 -0
    outer loop
      vertex -30.2064 -9.30928 -2
      vertex -30.2064 -9.30928 2
      vertex -29.9782 -9.77327 2
    endloop
  endfacet
  facet normal 0.951377 0.30803 0
    outer loop
      vertex -30.3912 -8.73851 -2
      vertex -30.2064 -9.30928 2
      vertex -30.2064 -9.30928 -2
    endloop
  endfacet
  facet normal 0.951377 0.30803 -0
    outer loop
      vertex -30.3912 -8.73851 -2
      vertex -30.3912 -8.73851 2
      vertex -30.2064 -9.30928 2
    endloop
  endfacet
  facet normal 0.978937 0.204162 0
    outer loop
      vertex -30.5325 -8.06099 -2
      vertex -30.3912 -8.73851 2
      vertex -30.3912 -8.73851 -2
    endloop
  endfacet
  facet normal 0.978937 0.204162 -0
    outer loop
      vertex -30.5325 -8.06099 -2
      vertex -30.5325 -8.06099 2
      vertex -30.3912 -8.73851 2
    endloop
  endfacet
  facet normal -0.242222 0.970221 0
    outer loop
      vertex -33.3464 -8.7635 -2
      vertex -30.5325 -8.06099 2
      vertex -30.5325 -8.06099 -2
    endloop
  endfacet
  facet normal -0.242222 0.970221 0
    outer loop
      vertex -33.3464 -8.7635 -2
      vertex -33.3464 -8.7635 2
      vertex -30.5325 -8.06099 2
    endloop
  endfacet
  facet normal -0.978459 -0.206443 0
    outer loop
      vertex -33.0676 -10.0849 -2
      vertex -33.3464 -8.7635 2
      vertex -33.3464 -8.7635 -2
    endloop
  endfacet
  facet normal -0.978459 -0.206443 0
    outer loop
      vertex -33.0676 -10.0849 -2
      vertex -33.0676 -10.0849 2
      vertex -33.3464 -8.7635 2
    endloop
  endfacet
  facet normal -0.945248 -0.326353 0
    outer loop
      vertex -32.6757 -11.22 -2
      vertex -33.0676 -10.0849 2
      vertex -33.0676 -10.0849 -2
    endloop
  endfacet
  facet normal -0.945248 -0.326353 0
    outer loop
      vertex -32.6757 -11.22 -2
      vertex -32.6757 -11.22 2
      vertex -33.0676 -10.0849 2
    endloop
  endfacet
  facet normal -0.882672 -0.469989 0
    outer loop
      vertex -32.1705 -12.1688 -2
      vertex -32.6757 -11.22 2
      vertex -32.6757 -11.22 -2
    endloop
  endfacet
  facet normal -0.882672 -0.469989 0
    outer loop
      vertex -32.1705 -12.1688 -2
      vertex -32.1705 -12.1688 2
      vertex -32.6757 -11.22 2
    endloop
  endfacet
  facet normal -0.776678 -0.629898 0
    outer loop
      vertex -31.5521 -12.9313 -2
      vertex -32.1705 -12.1688 2
      vertex -32.1705 -12.1688 -2
    endloop
  endfacet
  facet normal -0.776678 -0.629898 0
    outer loop
      vertex -31.5521 -12.9313 -2
      vertex -31.5521 -12.9313 2
      vertex -32.1705 -12.1688 2
    endloop
  endfacet
  facet normal -0.615664 -0.788008 0
    outer loop
      vertex -30.8027 -13.5168 -2
      vertex -31.5521 -12.9313 2
      vertex -31.5521 -12.9313 -2
    endloop
  endfacet
  facet normal -0.615664 -0.788008 0
    outer loop
      vertex -30.8027 -13.5168 -2
      vertex -30.8027 -13.5168 2
      vertex -31.5521 -12.9313 2
    endloop
  endfacet
  facet normal -0.422173 -0.906515 0
    outer loop
      vertex -29.9045 -13.9351 -2
      vertex -30.8027 -13.5168 2
      vertex -30.8027 -13.5168 -2
    endloop
  endfacet
  facet normal -0.422173 -0.906515 0
    outer loop
      vertex -29.9045 -13.9351 -2
      vertex -29.9045 -13.9351 2
      vertex -30.8027 -13.5168 2
    endloop
  endfacet
  facet normal -0.233018 -0.972472 0
    outer loop
      vertex -28.8574 -14.186 -2
      vertex -29.9045 -13.9351 2
      vertex -29.9045 -13.9351 -2
    endloop
  endfacet
  facet normal -0.233018 -0.972472 0
    outer loop
      vertex -28.8574 -14.186 -2
      vertex -28.8574 -14.186 2
      vertex -29.9045 -13.9351 2
    endloop
  endfacet
  facet normal -0.0698241 -0.997559 0
    outer loop
      vertex -27.6616 -14.2697 -2
      vertex -28.8574 -14.186 2
      vertex -28.8574 -14.186 -2
    endloop
  endfacet
  facet normal -0.0698241 -0.997559 0
    outer loop
      vertex -27.6616 -14.2697 -2
      vertex -27.6616 -14.2697 2
      vertex -28.8574 -14.186 2
    endloop
  endfacet
  facet normal 0.0865171 -0.99625 0
    outer loop
      vertex -26.4387 -14.1635 -2
      vertex -27.6616 -14.2697 2
      vertex -27.6616 -14.2697 -2
    endloop
  endfacet
  facet normal 0.0865171 -0.99625 0
    outer loop
      vertex -26.4387 -14.1635 -2
      vertex -26.4387 -14.1635 2
      vertex -27.6616 -14.2697 2
    endloop
  endfacet
  facet normal 0.572559 -0.819864 0
    outer loop
      vertex -11.4829 -12.8741 -2
      vertex -12.9817 -13.9208 2
      vertex -12.9817 -13.9208 -2
    endloop
  endfacet
  facet normal 0.572559 -0.819864 0
    outer loop
      vertex -11.4829 -12.8741 -2
      vertex -11.4829 -12.8741 2
      vertex -12.9817 -13.9208 2
    endloop
  endfacet
  facet normal 0.832402 -0.554172 0
    outer loop
      vertex -10.3215 -11.1296 -2
      vertex -11.4829 -12.8741 2
      vertex -11.4829 -12.8741 -2
    endloop
  endfacet
  facet normal 0.832402 -0.554172 0
    outer loop
      vertex -10.3215 -11.1296 -2
      vertex -10.3215 -11.1296 2
      vertex -11.4829 -12.8741 2
    endloop
  endfacet
  facet normal 0.94754 -0.319637 0
    outer loop
      vertex -9.49764 -8.68733 -2
      vertex -10.3215 -11.1296 2
      vertex -10.3215 -11.1296 -2
    endloop
  endfacet
  facet normal 0.94754 -0.319637 0
    outer loop
      vertex -9.49764 -8.68733 -2
      vertex -9.49764 -8.68733 2
      vertex -10.3215 -11.1296 2
    endloop
  endfacet
  facet normal 0.143095 0.989709 0
    outer loop
      vertex -12.5168 -8.25081 -2
      vertex -9.49764 -8.68733 2
      vertex -9.49764 -8.68733 -2
    endloop
  endfacet
  facet normal 0.143095 0.989709 -0
    outer loop
      vertex -12.5168 -8.25081 -2
      vertex -12.5168 -8.25081 2
      vertex -9.49764 -8.68733 2
    endloop
  endfacet
  facet normal -0.962875 0.269947 0
    outer loop
      vertex -12.8172 -9.32231 -2
      vertex -12.5168 -8.25081 2
      vertex -12.5168 -8.25081 -2
    endloop
  endfacet
  facet normal -0.962875 0.269947 0
    outer loop
      vertex -12.8172 -9.32231 -2
      vertex -12.8172 -9.32231 2
      vertex -12.5168 -8.25081 2
    endloop
  endfacet
  facet normal -0.858547 0.512735 0
    outer loop
      vertex -13.2743 -10.0877 -2
      vertex -12.8172 -9.32231 2
      vertex -12.8172 -9.32231 -2
    endloop
  endfacet
  facet normal -0.858547 0.512735 0
    outer loop
      vertex -13.2743 -10.0877 -2
      vertex -13.2743 -10.0877 2
      vertex -12.8172 -9.32231 2
    endloop
  endfacet
  facet normal -0.599102 0.800673 0
    outer loop
      vertex -13.888 -10.5469 -2
      vertex -13.2743 -10.0877 2
      vertex -13.2743 -10.0877 -2
    endloop
  endfacet
  facet normal -0.599102 0.800673 0
    outer loop
      vertex -13.888 -10.5469 -2
      vertex -13.888 -10.5469 2
      vertex -13.2743 -10.0877 2
    endloop
  endfacet
  facet normal -0.194916 0.98082 0
    outer loop
      vertex -14.6584 -10.7 -2
      vertex -13.888 -10.5469 2
      vertex -13.888 -10.5469 -2
    endloop
  endfacet
  facet normal -0.194916 0.98082 0
    outer loop
      vertex -14.6584 -10.7 -2
      vertex -14.6584 -10.7 2
      vertex -13.888 -10.5469 2
    endloop
  endfacet
  facet normal 0.162633 0.986687 0
    outer loop
      vertex -15.2384 -10.6044 -2
      vertex -14.6584 -10.7 2
      vertex -14.6584 -10.7 -2
    endloop
  endfacet
  facet normal 0.162633 0.986687 -0
    outer loop
      vertex -15.2384 -10.6044 -2
      vertex -15.2384 -10.6044 2
      vertex -14.6584 -10.7 2
    endloop
  endfacet
  facet normal 0.490139 0.871644 0
    outer loop
      vertex -15.7479 -10.3179 -2
      vertex -15.2384 -10.6044 2
      vertex -15.2384 -10.6044 -2
    endloop
  endfacet
  facet normal 0.490139 0.871644 -0
    outer loop
      vertex -15.7479 -10.3179 -2
      vertex -15.7479 -10.3179 2
      vertex -15.2384 -10.6044 2
    endloop
  endfacet
  facet normal 0.736197 0.676768 0
    outer loop
      vertex -16.1869 -9.84035 -2
      vertex -15.7479 -10.3179 2
      vertex -15.7479 -10.3179 -2
    endloop
  endfacet
  facet normal 0.736197 0.676768 -0
    outer loop
      vertex -16.1869 -9.84035 -2
      vertex -16.1869 -9.84035 2
      vertex -15.7479 -10.3179 2
    endloop
  endfacet
  facet normal 0.875848 0.482587 0
    outer loop
      vertex -16.5553 -9.17174 -2
      vertex -16.1869 -9.84035 2
      vertex -16.1869 -9.84035 -2
    endloop
  endfacet
  facet normal 0.875848 0.482587 -0
    outer loop
      vertex -16.5553 -9.17174 -2
      vertex -16.5553 -9.17174 2
      vertex -16.1869 -9.84035 2
    endloop
  endfacet
  facet normal 0.94661 0.32238 0
    outer loop
      vertex -16.8469 -8.31551 -2
      vertex -16.5553 -9.17174 2
      vertex -16.5553 -9.17174 -2
    endloop
  endfacet
  facet normal 0.94661 0.32238 -0
    outer loop
      vertex -16.8469 -8.31551 -2
      vertex -16.8469 -8.31551 2
      vertex -16.5553 -9.17174 2
    endloop
  endfacet
  facet normal 0.980535 0.196346 0
    outer loop
      vertex -17.0552 -7.27528 -2
      vertex -16.8469 -8.31551 2
      vertex -16.8469 -8.31551 -2
    endloop
  endfacet
  facet normal 0.980535 0.196346 -0
    outer loop
      vertex -17.0552 -7.27528 -2
      vertex -17.0552 -7.27528 2
      vertex -16.8469 -8.31551 2
    endloop
  endfacet
  facet normal 0.994835 0.101503 0
    outer loop
      vertex -17.1801 -6.05113 -2
      vertex -17.0552 -7.27528 2
      vertex -17.0552 -7.27528 -2
    endloop
  endfacet
  facet normal 0.994835 0.101503 -0
    outer loop
      vertex -17.1801 -6.05113 -2
      vertex -17.1801 -6.05113 2
      vertex -17.0552 -7.27528 2
    endloop
  endfacet
  facet normal 0.999562 0.0296012 0
    outer loop
      vertex -17.2218 -4.64302 -2
      vertex -17.1801 -6.05113 2
      vertex -17.1801 -6.05113 -2
    endloop
  endfacet
  facet normal 0.999562 0.0296012 -0
    outer loop
      vertex -17.2218 -4.64302 -2
      vertex -17.2218 -4.64302 2
      vertex -17.1801 -6.05113 2
    endloop
  endfacet
  facet normal 0 -1 0
    outer loop
      vertex -9.31536 -4.64302 -2
      vertex -17.2218 -4.64302 2
      vertex -17.2218 -4.64302 -2
    endloop
  endfacet
  facet normal 0 -1 0
    outer loop
      vertex -9.31536 -4.64302 -2
      vertex -9.31536 -4.64302 2
      vertex -17.2218 -4.64302 2
    endloop
  endfacet
  facet normal 1 0 0
    outer loop
      vertex -9.31536 -4.49126 -2
      vertex -9.31536 -4.64302 2
      vertex -9.31536 -4.64302 -2
    endloop
  endfacet
  facet normal 1 0 -0
    outer loop
      vertex -9.31536 -4.49126 -2
      vertex -9.31536 -4.49126 2
      vertex -9.31536 -4.64302 2
    endloop
  endfacet
  facet normal 0.999458 0.0329212 0
    outer loop
      vertex -9.40294 -1.83241 -2
      vertex -9.31536 -4.49126 2
      vertex -9.31536 -4.49126 -2
    endloop
  endfacet
  facet normal 0.999458 0.0329212 -0
    outer loop
      vertex -9.40294 -1.83241 -2
      vertex -9.40294 -1.83241 2
      vertex -9.31536 -4.49126 2
    endloop
  endfacet
  facet normal 0.993639 0.112615 0
    outer loop
      vertex -9.66568 0.485824 -2
      vertex -9.40294 -1.83241 2
      vertex -9.40294 -1.83241 -2
    endloop
  endfacet
  facet normal 0.993639 0.112615 -0
    outer loop
      vertex -9.66568 0.485824 -2
      vertex -9.66568 0.485824 2
      vertex -9.40294 -1.83241 2
    endloop
  endfacet
  facet normal 0.97635 0.216196 0
    outer loop
      vertex -10.1036 2.46349 -2
      vertex -9.66568 0.485824 2
      vertex -9.66568 0.485824 -2
    endloop
  endfacet
  facet normal 0.97635 0.216196 -0
    outer loop
      vertex -10.1036 2.46349 -2
      vertex -10.1036 2.46349 2
      vertex -9.66568 0.485824 2
    endloop
  endfacet
  facet normal 0.936497 0.350675 0
    outer loop
      vertex -10.7166 4.10054 -2
      vertex -10.1036 2.46349 2
      vertex -10.1036 2.46349 -2
    endloop
  endfacet
  facet normal 0.936497 0.350675 -0
    outer loop
      vertex -10.7166 4.10054 -2
      vertex -10.7166 4.10054 2
      vertex -10.1036 2.46349 2
    endloop
  endfacet
  facet normal 0.854858 0.518863 0
    outer loop
      vertex -11.4956 5.38399 -2
      vertex -10.7166 4.10054 2
      vertex -10.7166 4.10054 -2
    endloop
  endfacet
  facet normal 0.854858 0.518863 -0
    outer loop
      vertex -11.4956 5.38399 -2
      vertex -11.4956 5.38399 2
      vertex -10.7166 4.10054 2
    endloop
  endfacet
  facet normal 0.699859 0.714281 0
    outer loop
      vertex -12.4312 6.3007 -2
      vertex -11.4956 5.38399 2
      vertex -11.4956 5.38399 -2
    endloop
  endfacet
  facet normal 0.699859 0.714281 -0
    outer loop
      vertex -12.4312 6.3007 -2
      vertex -12.4312 6.3007 2
      vertex -11.4956 5.38399 2
    endloop
  endfacet
  facet normal 0.449763 0.893148 0
    outer loop
      vertex -13.5235 6.85075 -2
      vertex -12.4312 6.3007 2
      vertex -12.4312 6.3007 -2
    endloop
  endfacet
  facet normal 0.449763 0.893148 -0
    outer loop
      vertex -13.5235 6.85075 -2
      vertex -13.5235 6.85075 2
      vertex -12.4312 6.3007 2
    endloop
  endfacet
  facet normal 0.145241 0.989396 0
    outer loop
      vertex -14.7725 7.0341 -2
      vertex -13.5235 6.85075 2
      vertex -13.5235 6.85075 -2
    endloop
  endfacet
  facet normal 0.145241 0.989396 -0
    outer loop
      vertex -14.7725 7.0341 -2
      vertex -14.7725 7.0341 2
      vertex -13.5235 6.85075 2
    endloop
  endfacet
  facet normal -0.129284 0.991608 0
    outer loop
      vertex -16.0833 6.8632 -2
      vertex -14.7725 7.0341 2
      vertex -14.7725 7.0341 -2
    endloop
  endfacet
  facet normal -0.129284 0.991608 0
    outer loop
      vertex -16.0833 6.8632 -2
      vertex -16.0833 6.8632 2
      vertex -14.7725 7.0341 2
    endloop
  endfacet
  facet normal -0.40634 0.913722 0
    outer loop
      vertex -17.2361 6.35054 -2
      vertex -16.0833 6.8632 2
      vertex -16.0833 6.8632 -2
    endloop
  endfacet
  facet normal -0.40634 0.913722 0
    outer loop
      vertex -17.2361 6.35054 -2
      vertex -17.2361 6.35054 2
      vertex -16.0833 6.8632 2
    endloop
  endfacet
  facet normal -0.651596 0.758567 0
    outer loop
      vertex -18.2308 5.49611 -2
      vertex -17.2361 6.35054 2
      vertex -17.2361 6.35054 -2
    endloop
  endfacet
  facet normal -0.651596 0.758567 0
    outer loop
      vertex -18.2308 5.49611 -2
      vertex -18.2308 5.49611 2
      vertex -17.2361 6.35054 2
    endloop
  endfacet
  facet normal -0.81947 0.573122 0
    outer loop
      vertex -19.0674 4.29991 -2
      vertex -18.2308 5.49611 2
      vertex -18.2308 5.49611 -2
    endloop
  endfacet
  facet normal -0.81947 0.573122 0
    outer loop
      vertex -19.0674 4.29991 -2
      vertex -19.0674 4.29991 2
      vertex -18.2308 5.49611 2
    endloop
  endfacet
  facet normal -0.916065 0.40103 0
    outer loop
      vertex -19.7303 2.78566 -2
      vertex -19.0674 4.29991 2
      vertex -19.0674 4.29991 -2
    endloop
  endfacet
  facet normal -0.916065 0.40103 0
    outer loop
      vertex -19.7303 2.78566 -2
      vertex -19.7303 2.78566 2
      vertex -19.0674 4.29991 2
    endloop
  endfacet
  facet normal -0.967393 0.253282 0
    outer loop
      vertex -20.2038 0.977157 -2
      vertex -19.7303 2.78566 2
      vertex -19.7303 2.78566 -2
    endloop
  endfacet
  facet normal -0.967393 0.253282 0
    outer loop
      vertex -20.2038 0.977157 -2
      vertex -20.2038 0.977157 2
      vertex -19.7303 2.78566 2
    endloop
  endfacet
  facet normal -0.990996 0.133888 0
    outer loop
      vertex -20.4879 -1.12566 -2
      vertex -20.2038 0.977157 2
      vertex -20.2038 0.977157 -2
    endloop
  endfacet
  facet normal -0.990996 0.133888 0
    outer loop
      vertex -20.4879 -1.12566 -2
      vertex -20.4879 -1.12566 2
      vertex -20.2038 0.977157 2
    endloop
  endfacet
  facet normal -0.999221 0.0394759 0
    outer loop
      vertex -20.5826 -3.52272 -2
      vertex -20.4879 -1.12566 2
      vertex -20.4879 -1.12566 -2
    endloop
  endfacet
  facet normal -0.999221 0.0394759 0
    outer loop
      vertex -20.5826 -3.52272 -2
      vertex -20.5826 -3.52272 2
      vertex -20.4879 -1.12566 2
    endloop
  endfacet
  facet normal -0.99929 -0.0376674 0
    outer loop
      vertex -20.4894 -5.99525 -2
      vertex -20.5826 -3.52272 2
      vertex -20.5826 -3.52272 -2
    endloop
  endfacet
  facet normal -0.99929 -0.0376674 0
    outer loop
      vertex -20.4894 -5.99525 -2
      vertex -20.4894 -5.99525 2
      vertex -20.5826 -3.52272 2
    endloop
  endfacet
  facet normal -0.991694 -0.128622 0
    outer loop
      vertex -20.2095 -8.15331 -2
      vertex -20.4894 -5.99525 2
      vertex -20.4894 -5.99525 -2
    endloop
  endfacet
  facet normal -0.991694 -0.128622 0
    outer loop
      vertex -20.2095 -8.15331 -2
      vertex -20.2095 -8.15331 2
      vertex -20.4894 -5.99525 2
    endloop
  endfacet
  facet normal -0.969469 -0.245212 0
    outer loop
      vertex -19.7432 -9.99687 -2
      vertex -20.2095 -8.15331 2
      vertex -20.2095 -8.15331 -2
    endloop
  endfacet
  facet normal -0.969469 -0.245212 0
    outer loop
      vertex -19.7432 -9.99687 -2
      vertex -19.7432 -9.99687 2
      vertex -20.2095 -8.15331 2
    endloop
  endfacet
  facet normal -0.919676 -0.392678 0
    outer loop
      vertex -19.0903 -11.526 -2
      vertex -19.7432 -9.99687 2
      vertex -19.7432 -9.99687 -2
    endloop
  endfacet
  facet normal -0.919676 -0.392678 0
    outer loop
      vertex -19.0903 -11.526 -2
      vertex -19.0903 -11.526 2
      vertex -19.7432 -9.99687 2
    endloop
  endfacet
  facet normal -0.823585 -0.567193 0
    outer loop
      vertex -18.2636 -12.7264 -2
      vertex -19.0903 -11.526 2
      vertex -19.0903 -11.526 -2
    endloop
  endfacet
  facet normal -0.823585 -0.567193 0
    outer loop
      vertex -18.2636 -12.7264 -2
      vertex -18.2636 -12.7264 2
      vertex -19.0903 -11.526 2
    endloop
  endfacet
  facet normal -0.655577 -0.755129 0
    outer loop
      vertex -17.276 -13.5838 -2
      vertex -18.2636 -12.7264 2
      vertex -18.2636 -12.7264 -2
    endloop
  endfacet
  facet normal -0.655577 -0.755129 0
    outer loop
      vertex -17.276 -13.5838 -2
      vertex -17.276 -13.5838 2
      vertex -18.2636 -12.7264 2
    endloop
  endfacet
  facet normal -0.408762 -0.912641 0
    outer loop
      vertex -16.1275 -14.0982 -2
      vertex -17.276 -13.5838 2
      vertex -17.276 -13.5838 -2
    endloop
  endfacet
  facet normal -0.408762 -0.912641 0
    outer loop
      vertex -16.1275 -14.0982 -2
      vertex -16.1275 -14.0982 2
      vertex -17.276 -13.5838 2
    endloop
  endfacet
  facet normal -0.129857 -0.991533 0
    outer loop
      vertex -14.818 -14.2697 -2
      vertex -16.1275 -14.0982 2
      vertex -16.1275 -14.0982 -2
    endloop
  endfacet
  facet normal -0.129857 -0.991533 0
    outer loop
      vertex -14.818 -14.2697 -2
      vertex -14.818 -14.2697 2
      vertex -16.1275 -14.0982 2
    endloop
  endfacet
  facet normal 0.186662 -0.982424 0
    outer loop
      vertex -12.9817 -13.9208 -2
      vertex -14.818 -14.2697 2
      vertex -14.818 -14.2697 -2
    endloop
  endfacet
  facet normal 0.186662 -0.982424 0
    outer loop
      vertex -12.9817 -13.9208 -2
      vertex -12.9817 -13.9208 2
      vertex -14.818 -14.2697 2
    endloop
  endfacet
  facet normal 0.998862 -0.0477029 0
    outer loop
      vertex -17.146 -0.189347 -2
      vertex -17.146 -0.189347 2
      vertex -17.1991 -1.30122 -2
    endloop
  endfacet
  facet normal 0.998862 -0.0477029 0
    outer loop
      vertex -17.1991 -1.30122 2
      vertex -17.1991 -1.30122 -2
      vertex -17.146 -0.189347 2
    endloop
  endfacet
  facet normal 0.991985 -0.126354 0
    outer loop
      vertex -17.021 0.792007 -2
      vertex -17.021 0.792007 2
      vertex -17.146 -0.189347 -2
    endloop
  endfacet
  facet normal 0.991985 -0.126354 0
    outer loop
      vertex -17.146 -0.189347 2
      vertex -17.146 -0.189347 -2
      vertex -17.021 0.792007 2
    endloop
  endfacet
  facet normal 0.974252 -0.225462 0
    outer loop
      vertex -16.8241 1.64284 -2
      vertex -16.8241 1.64284 2
      vertex -17.021 0.792007 -2
    endloop
  endfacet
  facet normal 0.974252 -0.225462 0
    outer loop
      vertex -17.021 0.792007 2
      vertex -17.021 0.792007 -2
      vertex -16.8241 1.64284 2
    endloop
  endfacet
  facet normal 0.936889 -0.349626 0
    outer loop
      vertex -16.5553 2.36314 -2
      vertex -16.5553 2.36314 2
      vertex -16.8241 1.64284 -2
    endloop
  endfacet
  facet normal 0.936889 -0.349626 0
    outer loop
      vertex -16.8241 1.64284 2
      vertex -16.8241 1.64284 -2
      vertex -16.5553 2.36314 2
    endloop
  endfacet
  facet normal 0.862027 -0.506862 0
    outer loop
      vertex -16.2182 2.93645 -2
      vertex -16.2182 2.93645 2
      vertex -16.5553 2.36314 -2
    endloop
  endfacet
  facet normal 0.862027 -0.506862 0
    outer loop
      vertex -16.5553 2.36314 2
      vertex -16.5553 2.36314 -2
      vertex -16.2182 2.93645 2
    endloop
  endfacet
  facet normal 0.713594 -0.700559 0
    outer loop
      vertex -15.8162 3.34593 -2
      vertex -15.8162 3.34593 2
      vertex -16.2182 2.93645 -2
    endloop
  endfacet
  facet normal 0.713594 -0.700559 0
    outer loop
      vertex -16.2182 2.93645 2
      vertex -16.2182 2.93645 -2
      vertex -15.8162 3.34593 2
    endloop
  endfacet
  facet normal 0.465893 -0.884841 0
    outer loop
      vertex -15.3495 3.59166 -2
      vertex -15.3495 3.59166 2
      vertex -15.8162 3.34593 -2
    endloop
  endfacet
  facet normal 0.465893 -0.884841 0
    outer loop
      vertex -15.8162 3.34593 2
      vertex -15.8162 3.34593 -2
      vertex -15.3495 3.59166 2
    endloop
  endfacet
  facet normal 0.152258 -0.988341 0
    outer loop
      vertex -14.818 3.67354 -2
      vertex -14.818 3.67354 2
      vertex -15.3495 3.59166 -2
    endloop
  endfacet
  facet normal 0.152258 -0.988341 0
    outer loop
      vertex -15.3495 3.59166 2
      vertex -15.3495 3.59166 -2
      vertex -14.818 3.67354 2
    endloop
  endfacet
  facet normal -0.152809 -0.988256 0
    outer loop
      vertex -14.3153 3.59581 -2
      vertex -14.3153 3.59581 2
      vertex -14.818 3.67354 -2
    endloop
  endfacet
  facet normal -0.152809 -0.988256 -0
    outer loop
      vertex -14.818 3.67354 2
      vertex -14.818 3.67354 -2
      vertex -14.3153 3.59581 2
    endloop
  endfacet
  facet normal -0.461272 -0.887259 0
    outer loop
      vertex -13.8667 3.36259 -2
      vertex -13.8667 3.36259 2
      vertex -14.3153 3.59581 -2
    endloop
  endfacet
  facet normal -0.461272 -0.887259 -0
    outer loop
      vertex -14.3153 3.59581 2
      vertex -14.3153 3.59581 -2
      vertex -13.8667 3.36259 2
    endloop
  endfacet
  facet normal -0.701914 -0.712262 0
    outer loop
      vertex -13.4723 2.97392 -2
      vertex -13.4723 2.97392 2
      vertex -13.8667 3.36259 -2
    endloop
  endfacet
  facet normal -0.701914 -0.712262 -0
    outer loop
      vertex -13.8667 3.36259 2
      vertex -13.8667 3.36259 -2
      vertex -13.4723 2.97392 2
    endloop
  endfacet
  facet normal -0.847845 -0.530244 0
    outer loop
      vertex -13.132 2.42979 -2
      vertex -13.132 2.42979 2
      vertex -13.4723 2.97392 -2
    endloop
  endfacet
  facet normal -0.847845 -0.530244 -0
    outer loop
      vertex -13.4723 2.97392 2
      vertex -13.4723 2.97392 -2
      vertex -13.132 2.42979 2
    endloop
  endfacet
  facet normal -0.928451 -0.371455 0
    outer loop
      vertex -12.8521 1.73018 -2
      vertex -12.8521 1.73018 2
      vertex -13.132 2.42979 -2
    endloop
  endfacet
  facet normal -0.928451 -0.371455 -0
    outer loop
      vertex -13.132 2.42979 2
      vertex -13.132 2.42979 -2
      vertex -12.8521 1.73018 2
    endloop
  endfacet
  facet normal -0.97037 -0.241624 0
    outer loop
      vertex -12.6392 0.875167 -2
      vertex -12.6392 0.875167 2
      vertex -12.8521 1.73018 -2
    endloop
  endfacet
  facet normal -0.97037 -0.241624 -0
    outer loop
      vertex -12.8521 1.73018 2
      vertex -12.8521 1.73018 -2
      vertex -12.6392 0.875167 2
    endloop
  endfacet
  facet normal -0.989722 -0.143003 0
    outer loop
      vertex -12.4932 -0.1353 -2
      vertex -12.4932 -0.1353 2
      vertex -12.6392 0.875167 -2
    endloop
  endfacet
  facet normal -0.989722 -0.143003 -0
    outer loop
      vertex -12.6392 0.875167 2
      vertex -12.6392 0.875167 -2
      vertex -12.4932 -0.1353 2
    endloop
  endfacet
  facet normal -0.997707 -0.0676878 0
    outer loop
      vertex -12.4141 -1.30122 -2
      vertex -12.4141 -1.30122 2
      vertex -12.4932 -0.1353 -2
    endloop
  endfacet
  facet normal -0.997707 -0.0676878 -0
    outer loop
      vertex -12.4932 -0.1353 2
      vertex -12.4932 -0.1353 -2
      vertex -12.4141 -1.30122 2
    endloop
  endfacet
  facet normal 0 1 0
    outer loop
      vertex -17.1991 -1.30122 -2
      vertex -17.1991 -1.30122 2
      vertex -12.4141 -1.30122 -2
    endloop
  endfacet
  facet normal 0 1 0
    outer loop
      vertex -12.4141 -1.30122 2
      vertex -12.4141 -1.30122 -2
      vertex -17.1991 -1.30122 2
    endloop
  endfacet
  facet normal 0.572559 -0.819864 0
    outer loop
      vertex 48.0313 -12.8741 -2
      vertex 46.5325 -13.9208 2
      vertex 46.5325 -13.9208 -2
    endloop
  endfacet
  facet normal 0.572559 -0.819864 0
    outer loop
      vertex 48.0313 -12.8741 -2
      vertex 48.0313 -12.8741 2
      vertex 46.5325 -13.9208 2
    endloop
  endfacet
  facet normal 0.832402 -0.554172 0
    outer loop
      vertex 49.1927 -11.1296 -2
      vertex 48.0313 -12.8741 2
      vertex 48.0313 -12.8741 -2
    endloop
  endfacet
  facet normal 0.832402 -0.554172 0
    outer loop
      vertex 49.1927 -11.1296 -2
      vertex 49.1927 -11.1296 2
      vertex 48.0313 -12.8741 2
    endloop
  endfacet
  facet normal 0.947547 -0.319616 0
    outer loop
      vertex 50.0165 -8.68733 -2
      vertex 49.1927 -11.1296 2
      vertex 49.1927 -11.1296 -2
    endloop
  endfacet
  facet normal 0.947547 -0.319616 0
    outer loop
      vertex 50.0165 -8.68733 -2
      vertex 50.0165 -8.68733 2
      vertex 49.1927 -11.1296 2
    endloop
  endfacet
  facet normal 0.143098 0.989709 0
    outer loop
      vertex 46.9974 -8.25081 -2
      vertex 50.0165 -8.68733 2
      vertex 50.0165 -8.68733 -2
    endloop
  endfacet
  facet normal 0.143098 0.989709 -0
    outer loop
      vertex 46.9974 -8.25081 -2
      vertex 46.9974 -8.25081 2
      vertex 50.0165 -8.68733 2
    endloop
  endfacet
  facet normal -0.962875 0.269947 0
    outer loop
      vertex 46.697 -9.32231 -2
      vertex 46.9974 -8.25081 2
      vertex 46.9974 -8.25081 -2
    endloop
  endfacet
  facet normal -0.962875 0.269947 0
    outer loop
      vertex 46.697 -9.32231 -2
      vertex 46.697 -9.32231 2
      vertex 46.9974 -8.25081 2
    endloop
  endfacet
  facet normal -0.858547 0.512735 0
    outer loop
      vertex 46.2399 -10.0877 -2
      vertex 46.697 -9.32231 2
      vertex 46.697 -9.32231 -2
    endloop
  endfacet
  facet normal -0.858547 0.512735 0
    outer loop
      vertex 46.2399 -10.0877 -2
      vertex 46.2399 -10.0877 2
      vertex 46.697 -9.32231 2
    endloop
  endfacet
  facet normal -0.599039 0.80072 0
    outer loop
      vertex 45.6261 -10.5469 -2
      vertex 46.2399 -10.0877 2
      vertex 46.2399 -10.0877 -2
    endloop
  endfacet
  facet normal -0.599039 0.80072 0
    outer loop
      vertex 45.6261 -10.5469 -2
      vertex 45.6261 -10.5469 2
      vertex 46.2399 -10.0877 2
    endloop
  endfacet
  facet normal -0.194916 0.98082 0
    outer loop
      vertex 44.8557 -10.7 -2
      vertex 45.6261 -10.5469 2
      vertex 45.6261 -10.5469 -2
    endloop
  endfacet
  facet normal -0.194916 0.98082 0
    outer loop
      vertex 44.8557 -10.7 -2
      vertex 44.8557 -10.7 2
      vertex 45.6261 -10.5469 2
    endloop
  endfacet
  facet normal 0.16266 0.986682 0
    outer loop
      vertex 44.2758 -10.6044 -2
      vertex 44.8557 -10.7 2
      vertex 44.8557 -10.7 -2
    endloop
  endfacet
  facet normal 0.16266 0.986682 -0
    outer loop
      vertex 44.2758 -10.6044 -2
      vertex 44.2758 -10.6044 2
      vertex 44.8557 -10.7 2
    endloop
  endfacet
  facet normal 0.490139 0.871644 0
    outer loop
      vertex 43.7663 -10.3179 -2
      vertex 44.2758 -10.6044 2
      vertex 44.2758 -10.6044 -2
    endloop
  endfacet
  facet normal 0.490139 0.871644 -0
    outer loop
      vertex 43.7663 -10.3179 -2
      vertex 43.7663 -10.3179 2
      vertex 44.2758 -10.6044 2
    endloop
  endfacet
  facet normal 0.736197 0.676768 0
    outer loop
      vertex 43.3273 -9.84035 -2
      vertex 43.7663 -10.3179 2
      vertex 43.7663 -10.3179 -2
    endloop
  endfacet
  facet normal 0.736197 0.676768 -0
    outer loop
      vertex 43.3273 -9.84035 -2
      vertex 43.3273 -9.84035 2
      vertex 43.7663 -10.3179 2
    endloop
  endfacet
  facet normal 0.875848 0.482587 0
    outer loop
      vertex 42.9589 -9.17174 -2
      vertex 43.3273 -9.84035 2
      vertex 43.3273 -9.84035 -2
    endloop
  endfacet
  facet normal 0.875848 0.482587 -0
    outer loop
      vertex 42.9589 -9.17174 -2
      vertex 42.9589 -9.17174 2
      vertex 43.3273 -9.84035 2
    endloop
  endfacet
  facet normal 0.94661 0.32238 0
    outer loop
      vertex 42.6673 -8.31551 -2
      vertex 42.9589 -9.17174 2
      vertex 42.9589 -9.17174 -2
    endloop
  endfacet
  facet normal 0.94661 0.32238 -0
    outer loop
      vertex 42.6673 -8.31551 -2
      vertex 42.6673 -8.31551 2
      vertex 42.9589 -9.17174 2
    endloop
  endfacet
  facet normal 0.980535 0.196346 0
    outer loop
      vertex 42.459 -7.27528 -2
      vertex 42.6673 -8.31551 2
      vertex 42.6673 -8.31551 -2
    endloop
  endfacet
  facet normal 0.980535 0.196346 -0
    outer loop
      vertex 42.459 -7.27528 -2
      vertex 42.459 -7.27528 2
      vertex 42.6673 -8.31551 2
    endloop
  endfacet
  facet normal 0.994827 0.101583 0
    outer loop
      vertex 42.334 -6.05113 -2
      vertex 42.459 -7.27528 2
      vertex 42.459 -7.27528 -2
    endloop
  endfacet
  facet normal 0.994827 0.101583 -0
    outer loop
      vertex 42.334 -6.05113 -2
      vertex 42.334 -6.05113 2
      vertex 42.459 -7.27528 2
    endloop
  endfacet
  facet normal 0.999564 0.0295303 0
    outer loop
      vertex 42.2924 -4.64302 -2
      vertex 42.334 -6.05113 2
      vertex 42.334 -6.05113 -2
    endloop
  endfacet
  facet normal 0.999564 0.0295303 -0
    outer loop
      vertex 42.2924 -4.64302 -2
      vertex 42.2924 -4.64302 2
      vertex 42.334 -6.05113 2
    endloop
  endfacet
  facet normal 0 -1 0
    outer loop
      vertex 50.1988 -4.64302 -2
      vertex 42.2924 -4.64302 2
      vertex 42.2924 -4.64302 -2
    endloop
  endfacet
  facet normal 0 -1 0
    outer loop
      vertex 50.1988 -4.64302 -2
      vertex 50.1988 -4.64302 2
      vertex 42.2924 -4.64302 2
    endloop
  endfacet
  facet normal 1 0 0
    outer loop
      vertex 50.1988 -4.49126 -2
      vertex 50.1988 -4.64302 2
      vertex 50.1988 -4.64302 -2
    endloop
  endfacet
  facet normal 1 0 -0
    outer loop
      vertex 50.1988 -4.49126 -2
      vertex 50.1988 -4.49126 2
      vertex 50.1988 -4.64302 2
    endloop
  endfacet
  facet normal 0.999458 0.0329287 0
    outer loop
      vertex 50.1112 -1.83241 -2
      vertex 50.1988 -4.49126 2
      vertex 50.1988 -4.49126 -2
    endloop
  endfacet
  facet normal 0.999458 0.0329287 -0
    outer loop
      vertex 50.1112 -1.83241 -2
      vertex 50.1112 -1.83241 2
      vertex 50.1988 -4.49126 2
    endloop
  endfacet
  facet normal 0.993641 0.112598 0
    outer loop
      vertex 49.8485 0.485824 -2
      vertex 50.1112 -1.83241 2
      vertex 50.1112 -1.83241 -2
    endloop
  endfacet
  facet normal 0.993641 0.112598 -0
    outer loop
      vertex 49.8485 0.485824 -2
      vertex 49.8485 0.485824 2
      vertex 50.1112 -1.83241 2
    endloop
  endfacet
  facet normal 0.976352 0.216186 0
    outer loop
      vertex 49.4106 2.46349 -2
      vertex 49.8485 0.485824 2
      vertex 49.8485 0.485824 -2
    endloop
  endfacet
  facet normal 0.976352 0.216186 -0
    outer loop
      vertex 49.4106 2.46349 -2
      vertex 49.4106 2.46349 2
      vertex 49.8485 0.485824 2
    endloop
  endfacet
  facet normal 0.936478 0.350725 0
    outer loop
      vertex 48.7975 4.10054 -2
      vertex 49.4106 2.46349 2
      vertex 49.4106 2.46349 -2
    endloop
  endfacet
  facet normal 0.936478 0.350725 -0
    outer loop
      vertex 48.7975 4.10054 -2
      vertex 48.7975 4.10054 2
      vertex 49.4106 2.46349 2
    endloop
  endfacet
  facet normal 0.854887 0.518814 0
    outer loop
      vertex 48.0186 5.38399 -2
      vertex 48.7975 4.10054 2
      vertex 48.7975 4.10054 -2
    endloop
  endfacet
  facet normal 0.854887 0.518814 -0
    outer loop
      vertex 48.0186 5.38399 -2
      vertex 48.0186 5.38399 2
      vertex 48.7975 4.10054 2
    endloop
  endfacet
  facet normal 0.699821 0.714318 0
    outer loop
      vertex 47.0829 6.3007 -2
      vertex 48.0186 5.38399 2
      vertex 48.0186 5.38399 -2
    endloop
  endfacet
  facet normal 0.699821 0.714318 -0
    outer loop
      vertex 47.0829 6.3007 -2
      vertex 47.0829 6.3007 2
      vertex 48.0186 5.38399 2
    endloop
  endfacet
  facet normal 0.449763 0.893148 0
    outer loop
      vertex 45.9906 6.85075 -2
      vertex 47.0829 6.3007 2
      vertex 47.0829 6.3007 -2
    endloop
  endfacet
  facet normal 0.449763 0.893148 -0
    outer loop
      vertex 45.9906 6.85075 -2
      vertex 45.9906 6.85075 2
      vertex 47.0829 6.3007 2
    endloop
  endfacet
  facet normal 0.145252 0.989395 0
    outer loop
      vertex 44.7417 7.0341 -2
      vertex 45.9906 6.85075 2
      vertex 45.9906 6.85075 -2
    endloop
  endfacet
  facet normal 0.145252 0.989395 -0
    outer loop
      vertex 44.7417 7.0341 -2
      vertex 44.7417 7.0341 2
      vertex 45.9906 6.85075 2
    endloop
  endfacet
  facet normal -0.129275 0.991609 0
    outer loop
      vertex 43.4308 6.8632 -2
      vertex 44.7417 7.0341 2
      vertex 44.7417 7.0341 -2
    endloop
  endfacet
  facet normal -0.129275 0.991609 0
    outer loop
      vertex 43.4308 6.8632 -2
      vertex 43.4308 6.8632 2
      vertex 44.7417 7.0341 2
    endloop
  endfacet
  facet normal -0.406369 0.913709 0
    outer loop
      vertex 42.2781 6.35054 -2
      vertex 43.4308 6.8632 2
      vertex 43.4308 6.8632 -2
    endloop
  endfacet
  facet normal -0.406369 0.913709 0
    outer loop
      vertex 42.2781 6.35054 -2
      vertex 42.2781 6.35054 2
      vertex 43.4308 6.8632 2
    endloop
  endfacet
  facet normal -0.651596 0.758567 0
    outer loop
      vertex 41.2834 5.49611 -2
      vertex 42.2781 6.35054 2
      vertex 42.2781 6.35054 -2
    endloop
  endfacet
  facet normal -0.651596 0.758567 0
    outer loop
      vertex 41.2834 5.49611 -2
      vertex 41.2834 5.49611 2
      vertex 42.2781 6.35054 2
    endloop
  endfacet
  facet normal -0.819438 0.573168 0
    outer loop
      vertex 40.4467 4.29991 -2
      vertex 41.2834 5.49611 2
      vertex 41.2834 5.49611 -2
    endloop
  endfacet
  facet normal -0.819438 0.573168 0
    outer loop
      vertex 40.4467 4.29991 -2
      vertex 40.4467 4.29991 2
      vertex 41.2834 5.49611 2
    endloop
  endfacet
  facet normal -0.916065 0.40103 0
    outer loop
      vertex 39.7838 2.78566 -2
      vertex 40.4467 4.29991 2
      vertex 40.4467 4.29991 -2
    endloop
  endfacet
  facet normal -0.916065 0.40103 0
    outer loop
      vertex 39.7838 2.78566 -2
      vertex 39.7838 2.78566 2
      vertex 40.4467 4.29991 2
    endloop
  endfacet
  facet normal -0.967393 0.253282 0
    outer loop
      vertex 39.3103 0.977157 -2
      vertex 39.7838 2.78566 2
      vertex 39.7838 2.78566 -2
    endloop
  endfacet
  facet normal -0.967393 0.253282 0
    outer loop
      vertex 39.3103 0.977157 -2
      vertex 39.3103 0.977157 2
      vertex 39.7838 2.78566 2
    endloop
  endfacet
  facet normal -0.990996 0.133888 0
    outer loop
      vertex 39.0262 -1.12566 -2
      vertex 39.3103 0.977157 2
      vertex 39.3103 0.977157 -2
    endloop
  endfacet
  facet normal -0.990996 0.133888 0
    outer loop
      vertex 39.0262 -1.12566 -2
      vertex 39.0262 -1.12566 2
      vertex 39.3103 0.977157 2
    endloop
  endfacet
  facet normal -0.999221 0.0394759 0
    outer loop
      vertex 38.9315 -3.52272 -2
      vertex 39.0262 -1.12566 2
      vertex 39.0262 -1.12566 -2
    endloop
  endfacet
  facet normal -0.999221 0.0394759 0
    outer loop
      vertex 38.9315 -3.52272 -2
      vertex 38.9315 -3.52272 2
      vertex 39.0262 -1.12566 2
    endloop
  endfacet
  facet normal -0.999289 -0.0377078 0
    outer loop
      vertex 39.0248 -5.99525 -2
      vertex 38.9315 -3.52272 2
      vertex 38.9315 -3.52272 -2
    endloop
  endfacet
  facet normal -0.999289 -0.0377078 0
    outer loop
      vertex 39.0248 -5.99525 -2
      vertex 39.0248 -5.99525 2
      vertex 38.9315 -3.52272 2
    endloop
  endfacet
  facet normal -0.991699 -0.128577 0
    outer loop
      vertex 39.3046 -8.15331 -2
      vertex 39.0248 -5.99525 2
      vertex 39.0248 -5.99525 -2
    endloop
  endfacet
  facet normal -0.991699 -0.128577 0
    outer loop
      vertex 39.3046 -8.15331 -2
      vertex 39.3046 -8.15331 2
      vertex 39.0248 -5.99525 2
    endloop
  endfacet
  facet normal -0.969457 -0.245262 0
    outer loop
      vertex 39.771 -9.99687 -2
      vertex 39.3046 -8.15331 2
      vertex 39.3046 -8.15331 -2
    endloop
  endfacet
  facet normal -0.969457 -0.245262 0
    outer loop
      vertex 39.771 -9.99687 -2
      vertex 39.771 -9.99687 2
      vertex 39.3046 -8.15331 2
    endloop
  endfacet
  facet normal -0.919676 -0.392678 0
    outer loop
      vertex 40.4239 -11.526 -2
      vertex 39.771 -9.99687 2
      vertex 39.771 -9.99687 -2
    endloop
  endfacet
  facet normal -0.919676 -0.392678 0
    outer loop
      vertex 40.4239 -11.526 -2
      vertex 40.4239 -11.526 2
      vertex 39.771 -9.99687 2
    endloop
  endfacet
  facet normal -0.823585 -0.567193 0
    outer loop
      vertex 41.2506 -12.7264 -2
      vertex 40.4239 -11.526 2
      vertex 40.4239 -11.526 -2
    endloop
  endfacet
  facet normal -0.823585 -0.567193 0
    outer loop
      vertex 41.2506 -12.7264 -2
      vertex 41.2506 -12.7264 2
      vertex 40.4239 -11.526 2
    endloop
  endfacet
  facet normal -0.655577 -0.755129 0
    outer loop
      vertex 42.2382 -13.5838 -2
      vertex 41.2506 -12.7264 2
      vertex 41.2506 -12.7264 -2
    endloop
  endfacet
  facet normal -0.655577 -0.755129 0
    outer loop
      vertex 42.2382 -13.5838 -2
      vertex 42.2382 -13.5838 2
      vertex 41.2506 -12.7264 2
    endloop
  endfacet
  facet normal -0.408762 -0.912641 0
    outer loop
      vertex 43.3867 -14.0982 -2
      vertex 42.2382 -13.5838 2
      vertex 42.2382 -13.5838 -2
    endloop
  endfacet
  facet normal -0.408762 -0.912641 0
    outer loop
      vertex 43.3867 -14.0982 -2
      vertex 43.3867 -14.0982 2
      vertex 42.2382 -13.5838 2
    endloop
  endfacet
  facet normal -0.129867 -0.991531 0
    outer loop
      vertex 44.6961 -14.2697 -2
      vertex 43.3867 -14.0982 2
      vertex 43.3867 -14.0982 -2
    endloop
  endfacet
  facet normal -0.129867 -0.991531 0
    outer loop
      vertex 44.6961 -14.2697 -2
      vertex 44.6961 -14.2697 2
      vertex 43.3867 -14.0982 2
    endloop
  endfacet
  facet normal 0.186652 -0.982426 0
    outer loop
      vertex 46.5325 -13.9208 -2
      vertex 44.6961 -14.2697 2
      vertex 44.6961 -14.2697 -2
    endloop
  endfacet
  facet normal 0.186652 -0.982426 0
    outer loop
      vertex 46.5325 -13.9208 -2
      vertex 46.5325 -13.9208 2
      vertex 44.6961 -14.2697 2
    endloop
  endfacet
  facet normal 0.998862 -0.0477029 0
    outer loop
      vertex 42.3682 -0.189347 -2
      vertex 42.3682 -0.189347 2
      vertex 42.3151 -1.30122 -2
    endloop
  endfacet
  facet normal 0.998862 -0.0477029 0
    outer loop
      vertex 42.3151 -1.30122 2
      vertex 42.3151 -1.30122 -2
      vertex 42.3682 -0.189347 2
    endloop
  endfacet
  facet normal 0.991998 -0.126255 0
    outer loop
      vertex 42.4931 0.792007 -2
      vertex 42.4931 0.792007 2
      vertex 42.3682 -0.189347 -2
    endloop
  endfacet
  facet normal 0.991998 -0.126255 0
    outer loop
      vertex 42.3682 -0.189347 2
      vertex 42.3682 -0.189347 -2
      vertex 42.4931 0.792007 2
    endloop
  endfacet
  facet normal 0.974252 -0.225462 0
    outer loop
      vertex 42.69 1.64284 -2
      vertex 42.69 1.64284 2
      vertex 42.4931 0.792007 -2
    endloop
  endfacet
  facet normal 0.974252 -0.225462 0
    outer loop
      vertex 42.4931 0.792007 2
      vertex 42.4931 0.792007 -2
      vertex 42.69 1.64284 2
    endloop
  endfacet
  facet normal 0.936847 -0.34974 0
    outer loop
      vertex 42.9589 2.36314 -2
      vertex 42.9589 2.36314 2
      vertex 42.69 1.64284 -2
    endloop
  endfacet
  facet normal 0.936847 -0.34974 0
    outer loop
      vertex 42.69 1.64284 2
      vertex 42.69 1.64284 -2
      vertex 42.9589 2.36314 2
    endloop
  endfacet
  facet normal 0.862027 -0.506862 0
    outer loop
      vertex 43.296 2.93645 -2
      vertex 43.296 2.93645 2
      vertex 42.9589 2.36314 -2
    endloop
  endfacet
  facet normal 0.862027 -0.506862 0
    outer loop
      vertex 42.9589 2.36314 2
      vertex 42.9589 2.36314 -2
      vertex 43.296 2.93645 2
    endloop
  endfacet
  facet normal 0.713682 -0.70047 0
    outer loop
      vertex 43.6979 3.34593 -2
      vertex 43.6979 3.34593 2
      vertex 43.296 2.93645 -2
    endloop
  endfacet
  facet normal 0.713682 -0.70047 0
    outer loop
      vertex 43.296 2.93645 2
      vertex 43.296 2.93645 -2
      vertex 43.6979 3.34593 2
    endloop
  endfacet
  facet normal 0.465893 -0.884841 0
    outer loop
      vertex 44.1646 3.59166 -2
      vertex 44.1646 3.59166 2
      vertex 43.6979 3.34593 -2
    endloop
  endfacet
  facet normal 0.465893 -0.884841 0
    outer loop
      vertex 43.6979 3.34593 2
      vertex 43.6979 3.34593 -2
      vertex 44.1646 3.59166 2
    endloop
  endfacet
  facet normal 0.152258 -0.988341 0
    outer loop
      vertex 44.6961 3.67354 -2
      vertex 44.6961 3.67354 2
      vertex 44.1646 3.59166 -2
    endloop
  endfacet
  facet normal 0.152258 -0.988341 0
    outer loop
      vertex 44.1646 3.59166 2
      vertex 44.1646 3.59166 -2
      vertex 44.6961 3.67354 2
    endloop
  endfacet
  facet normal -0.152779 -0.98826 0
    outer loop
      vertex 45.1989 3.59581 -2
      vertex 45.1989 3.59581 2
      vertex 44.6961 3.67354 -2
    endloop
  endfacet
  facet normal -0.152779 -0.98826 -0
    outer loop
      vertex 44.6961 3.67354 2
      vertex 44.6961 3.67354 -2
      vertex 45.1989 3.59581 2
    endloop
  endfacet
  facet normal -0.461353 -0.887217 0
    outer loop
      vertex 45.6474 3.36259 -2
      vertex 45.6474 3.36259 2
      vertex 45.1989 3.59581 -2
    endloop
  endfacet
  facet normal -0.461353 -0.887217 -0
    outer loop
      vertex 45.1989 3.59581 2
      vertex 45.1989 3.59581 -2
      vertex 45.6474 3.36259 2
    endloop
  endfacet
  facet normal -0.701824 -0.712351 0
    outer loop
      vertex 46.0419 2.97392 -2
      vertex 46.0419 2.97392 2
      vertex 45.6474 3.36259 -2
    endloop
  endfacet
  facet normal -0.701824 -0.712351 -0
    outer loop
      vertex 45.6474 3.36259 2
      vertex 45.6474 3.36259 -2
      vertex 46.0419 2.97392 2
    endloop
  endfacet
  facet normal -0.847845 -0.530244 0
    outer loop
      vertex 46.3822 2.42979 -2
      vertex 46.3822 2.42979 2
      vertex 46.0419 2.97392 -2
    endloop
  endfacet
  facet normal -0.847845 -0.530244 -0
    outer loop
      vertex 46.0419 2.97392 2
      vertex 46.0419 2.97392 -2
      vertex 46.3822 2.42979 2
    endloop
  endfacet
  facet normal -0.928497 -0.37134 0
    outer loop
      vertex 46.662 1.73018 -2
      vertex 46.662 1.73018 2
      vertex 46.3822 2.42979 -2
    endloop
  endfacet
  facet normal -0.928497 -0.37134 -0
    outer loop
      vertex 46.3822 2.42979 2
      vertex 46.3822 2.42979 -2
      vertex 46.662 1.73018 2
    endloop
  endfacet
  facet normal -0.970343 -0.241731 0
    outer loop
      vertex 46.875 0.875167 -2
      vertex 46.875 0.875167 2
      vertex 46.662 1.73018 -2
    endloop
  endfacet
  facet normal -0.970343 -0.241731 -0
    outer loop
      vertex 46.662 1.73018 2
      vertex 46.662 1.73018 -2
      vertex 46.875 0.875167 2
    endloop
  endfacet
  facet normal -0.989722 -0.143003 0
    outer loop
      vertex 47.021 -0.1353 -2
      vertex 47.021 -0.1353 2
      vertex 46.875 0.875167 -2
    endloop
  endfacet
  facet normal -0.989722 -0.143003 -0
    outer loop
      vertex 46.875 0.875167 2
      vertex 46.875 0.875167 -2
      vertex 47.021 -0.1353 2
    endloop
  endfacet
  facet normal -0.997712 -0.0676026 0
    outer loop
      vertex 47.1 -1.30122 -2
      vertex 47.1 -1.30122 2
      vertex 47.021 -0.1353 -2
    endloop
  endfacet
  facet normal -0.997712 -0.0676026 -0
    outer loop
      vertex 47.021 -0.1353 2
      vertex 47.021 -0.1353 -2
      vertex 47.1 -1.30122 2
    endloop
  endfacet
  facet normal 0 1 0
    outer loop
      vertex 42.3151 -1.30122 -2
      vertex 42.3151 -1.30122 2
      vertex 47.1 -1.30122 -2
    endloop
  endfacet
  facet normal 0 1 0
    outer loop
      vertex 47.1 -1.30122 2
      vertex 47.1 -1.30122 -2
      vertex 42.3151 -1.30122 2
    endloop
  endfacet
  facet normal 0 1 0
    outer loop
      vertex 33.3184 6.65443 -2
      vertex 36.5198 6.65443 2
      vertex 36.5198 6.65443 -2
    endloop
  endfacet
  facet normal 0 1 0
    outer loop
      vertex 33.3184 6.65443 -2
      vertex 33.3184 6.65443 2
      vertex 36.5198 6.65443 2
    endloop
  endfacet
  facet normal -1 0 0
    outer loop
      vertex 33.3184 -13.89 -2
      vertex 33.3184 6.65443 2
      vertex 33.3184 6.65443 -2
    endloop
  endfacet
  facet normal -1 0 0
    outer loop
      vertex 33.3184 -13.89 -2
      vertex 33.3184 -13.89 2
      vertex 33.3184 6.65443 2
    endloop
  endfacet
  facet normal 0 -1 0
    outer loop
      vertex 36.5198 -13.89 -2
      vertex 33.3184 -13.89 2
      vertex 33.3184 -13.89 -2
    endloop
  endfacet
  facet normal 0 -1 0
    outer loop
      vertex 36.5198 -13.89 -2
      vertex 36.5198 -13.89 2
      vertex 33.3184 -13.89 2
    endloop
  endfacet
  facet normal 1 0 0
    outer loop
      vertex 36.5198 6.65443 -2
      vertex 36.5198 -13.89 2
      vertex 36.5198 -13.89 -2
    endloop
  endfacet
  facet normal 1 0 -0
    outer loop
      vertex 36.5198 6.65443 -2
      vertex 36.5198 6.65443 2
      vertex 36.5198 -13.89 2
    endloop
  endfacet
endsolid OpenSCAD_Model
