# FreeCAD v1.0 build0 Arch module
# https://www.freecad.org
mtllib colors.mtl
o part_right_upper
usemtl color_0a0a64
v -85.0 -50.0 -10.0
v -85.0 -50.0 10.0
v -85.0 -17.310301 -10.0
v -85.0 -17.310301 10.0
v -85.0 17.310301 -10.0
v -85.0 17.310301 10.0
v -85.0 50.0 -10.0
v -85.0 50.0 10.0
v -84.635101 -17.5261 -10.0
v -84.635101 -17.5261 10.0
v -84.635101 17.5261 -10.0
v -84.635101 17.5261 10.0
v -83.515602 -18.0965 -10.0
v -83.515602 -18.0965 10.0
v -83.515602 18.0965 -10.0
v -83.515602 18.0965 10.0
v -82.362503 -18.595501 -10.0
v -82.362503 -18.595501 10.0
v -82.362503 18.595501 -10.0
v -82.362503 18.595501 10.0
v -81.180298 -19.021099 -10.0
v -81.180298 -19.021099 10.0
v -81.180298 19.021099 -10.0
v -81.180298 19.021099 10.0
v -79.973801 -19.3717 -10.0
v -79.973801 -19.3717 10.0
v -79.973801 19.3717 -10.0
v -79.973801 19.3717 10.0
v -78.747597 -19.6457 -10.0
v -78.747597 -19.6457 10.0
v -78.747597 19.6457 -10.0
v -78.747597 19.6457 10.0
v -77.506699 -19.8423 -10.0
v -77.506699 -19.8423 10.0
v -77.506699 19.8423 -10.0
v -77.506699 19.8423 10.0
v -76.255798 -19.960501 -10.0
v -76.255798 -19.960501 10.0
v -76.255798 19.960501 -10.0
v -76.255798 19.960501 10.0
v -75.0 -20.0 -10.0
v -75.0 -20.0 10.0
v -75.0 20.0 -10.0
v -75.0 20.0 10.0
v -75.0 45.0 -10.0
v -75.0 45.0 0.0
v -75.0 50.0 -10.0
v -75.0 50.0 0.0
v -73.744202 -19.960501 -10.0
v -73.744202 -19.960501 10.0
v -73.744202 19.960501 -10.0
v -73.744202 19.960501 10.0
v -72.493301 -19.8423 -10.0
v -72.493301 -19.8423 10.0
v -72.493301 19.8423 -10.0
v -72.493301 19.8423 10.0
v -71.252403 -19.6457 -10.0
v -71.252403 -19.6457 10.0
v -71.252403 19.6457 -10.0
v -71.252403 19.6457 10.0
v -70.026199 -19.3717 -10.0
v -70.026199 -19.3717 10.0
v -70.026199 19.3717 -10.0
v -70.026199 19.3717 10.0
v -68.819702 -19.021099 -10.0
v -68.819702 -19.021099 10.0
v -68.819702 19.021099 -10.0
v -68.819702 19.021099 10.0
v -67.637497 -18.595501 -10.0
v -67.637497 -18.595501 10.0
v -67.637497 18.595501 -10.0
v -67.637497 18.595501 10.0
v -66.484398 -18.0965 -10.0
v -66.484398 -18.0965 10.0
v -66.484398 18.0965 -10.0
v -66.484398 18.0965 10.0
v -65.364899 -17.5261 -10.0
v -65.364899 -17.5261 10.0
v -65.364899 17.5261 -10.0
v -65.364899 17.5261 10.0
v -64.283501 -16.8866 -10.0
v -64.283501 -16.8866 10.0
v -64.283501 16.8866 -10.0
v -64.283501 16.8866 10.0
v -63.244301 -16.1803 -10.0
v -63.244301 -16.1803 10.0
v -63.244301 16.1803 -10.0
v -63.244301 16.1803 10.0
v -62.251499 -15.4103 -10.0
v -62.251499 -15.4103 10.0
v -62.251499 15.4103 -10.0
v -62.251499 15.4103 10.0
v -61.309101 -14.5794 -10.0
v -61.309101 -14.5794 10.0
v -61.309101 14.5794 -10.0
v -61.309101 14.5794 10.0
v -60.420601 -13.6909 -10.0
v -60.420601 -13.6909 10.0
v -60.420601 13.6909 -10.0
v -60.420601 13.6909 10.0
v -60.0 45.0 -10.0
v -60.0 45.0 0.0
v -60.0 50.0 -10.0
v -60.0 50.0 0.0
v -59.589699 -12.7485 -10.0
v -59.589699 -12.7485 10.0
v -59.589699 12.7485 -10.0
v -59.589699 12.7485 10.0
v -58.819698 -11.7557 -10.0
v -58.819698 -11.7557 10.0
v -58.819698 11.7557 -10.0
v -58.819698 11.7557 10.0
v -58.1134 -10.7165 -10.0
v -58.1134 -10.7165 10.0
v -58.1134 10.7165 -10.0
v -58.1134 10.7165 10.0
v -57.4739 -9.63507 -10.0
v -57.4739 -9.63507 10.0
v -57.4739 9.63507 -10.0
v -57.4739 9.63507 10.0
v -56.9035 -8.51558 -10.0
v -56.9035 -8.51558 10.0
v -56.9035 8.51558 -10.0
v -56.9035 8.51558 10.0
v -56.404499 -7.36249 -10.0
v -56.404499 -7.36249 10.0
v -56.404499 7.36249 -10.0
v -56.404499 7.36249 10.0
v -55.978901 -6.18034 -10.0
v -55.978901 -6.18034 10.0
v -55.978901 6.18034 -10.0
v -55.978901 6.18034 10.0
v -55.6283 -4.9738 -10.0
v -55.6283 -4.9738 10.0
v -55.6283 4.9738 -10.0
v -55.6283 4.9738 10.0
v -55.354301 -3.74763 -10.0
v -55.354301 -3.74763 10.0
v -55.354301 3.74763 -10.0
v -55.354301 3.74763 10.0
v -55.1577 -2.50666 -10.0
v -55.1577 -2.50666 10.0
v -55.1577 2.50666 -10.0
v -55.1577 2.50666 10.0
v -55.039501 -1.25581 -10.0
v -55.039501 -1.25581 10.0
v -55.039501 1.25581 -10.0
v -55.039501 1.25581 10.0
v -55.0 0.0 -10.0
v -55.0 0.0 10.0
v -49.7141 -13.89 8.001
v -49.7141 -13.89 10.0
v -46.353199 -13.89 8.001
v -46.353199 -13.89 10.0
v -44.9291 -7.05437 8.001
v -44.9291 -7.05437 10.0
v -44.177299 -2.83925 8.001
v -44.177299 -2.83925 10.0
v -43.858299 12.8634 8.001
v -43.858299 12.8634 10.0
v -43.379799 1.0366 8.001
v -43.379799 1.0366 10.0
v -42.7873 3.92982 8.001
v -42.7873 3.92982 10.0
v -42.400002 5.84041 8.001
v -42.400002 5.84041 10.0
v -42.217701 6.76839 8.001
v -42.217701 6.76839 10.0
v -42.1409 7.19319 8.001
v -42.1409 7.19319 10.0
v -42.069599 7.59431 8.001
v -42.069599 7.59431 10.0
v -42.004101 7.97172 8.001
v -42.004101 7.97172 10.0
v -41.944199 8.32545 8.001
v -41.944199 8.32545 10.0
v -41.875999 8.74324 8.001
v -41.875999 8.74324 10.0
v -41.6366 7.43281 8.001
v -41.6366 7.43281 10.0
v -41.1469 4.85066 8.001
v -41.1469 4.85066 10.0
v -39.8936 12.8634 8.001
v -39.8936 12.8634 10.0
v -39.563301 -2.83925 8.001
v -39.563301 -2.83925 10.0
v -38.811401 -7.05437 8.001
v -38.811401 -7.05437 10.0
v -37.387199 -13.89 8.001
v -37.387199 -13.89 10.0
v -34.060699 -13.89 8.001
v -34.060699 -13.89 10.0
v -33.019001 -8.7635 8.001
v -33.019001 -8.7635 10.0
v -32.740299 -10.0849 8.001
v -32.740299 -10.0849 10.0
v -32.529301 0.825393 8.001
v -32.529301 0.825393 10.0
v -32.498299 -0.032089 8.001
v -32.498299 -0.032089 10.0
v -32.444199 2.21562 8.001
v -32.444199 2.21562 10.0
v -32.405399 -0.819534 8.001
v -32.405399 -0.819534 10.0
v -32.3484 -11.22 8.001
v -32.3484 -11.22 10.0
v -32.2505 -1.53697 8.001
v -32.2505 -1.53697 10.0
v -32.1889 3.44325 8.001
v -32.1889 3.44325 10.0
v -32.033699 -2.18434 8.001
v -32.033699 -2.18434 10.0
v -31.843201 -12.1688 8.001
v -31.843201 -12.1688 10.0
v -31.7635 4.50825 8.001
v -31.7635 4.50825 10.0
v -31.757799 -2.76811 8.001
v -31.757799 -2.76811 10.0
v -31.4256 -3.29497 8.001
v -31.4256 -3.29497 10.0
v -31.2248 -12.9313 8.001
v -31.2248 -12.9313 10.0
v -31.167801 5.41066 8.001
v -31.167801 5.41066 10.0
v -31.037201 -3.76491 8.001
v -31.037201 -3.76491 10.0
v -30.5926 -4.17793 8.001
v -30.5926 -4.17793 10.0
v -30.475401 -13.5168 8.001
v -30.475401 -13.5168 10.0
v -30.4163 6.12926 8.001
v -30.4163 6.12926 10.0
v -30.2052 -8.06099 8.001
v -30.2052 -8.06099 10.0
v -30.0639 -8.73851 8.001
v -30.0639 -8.73851 10.0
v -30.009399 -4.57008 8.001
v -30.009399 -4.57008 10.0
v -29.879101 -9.30928 8.001
v -29.879101 -9.30928 10.0
v -29.6509 -9.77327 8.001
v -29.6509 -9.77327 10.0
v -29.59 1.39491 8.001
v -29.59 1.39491 10.0
v -29.577101 -13.9351 8.001
v -29.577101 -13.9351 10.0
v -29.562599 0.971847 8.001
v -29.562599 0.971847 10.0
v -29.554399 1.92363 8.001
v -29.554399 1.92363 10.0
v -29.523001 6.64253 8.001
v -29.523001 6.64253 10.0
v -29.480301 0.595077 8.001
v -29.480301 0.595077 10.0
v -29.447599 2.37044 8.001
v -29.447599 2.37044 10.0
v -29.379299 -10.1304 8.001
v -29.379299 -10.1304 10.0
v -29.343201 0.264571 8.001
v -29.343201 0.264571 10.0
v -29.2696 2.73534 8.001
v -29.2696 2.73534 10.0
v -29.2055 -4.97768 8.001
v -29.2055 -4.97768 10.0
v -29.1513 -0.019669 8.001
v -29.1513 -0.019669 10.0
v -29.031401 -10.3963 8.001
v -29.031401 -10.3963 10.0
v -29.0205 3.01836 8.001
v -29.0205 3.01836 10.0
v -28.8946 -0.269455 8.001
v -28.8946 -0.269455 10.0
v -28.700001 3.23015 8.001
v -28.700001 3.23015 10.0
v -28.5746 -10.5862 8.001
v -28.5746 -10.5862 10.0
v -28.5632 -0.496719 8.001
v -28.5632 -0.496719 10.0
v -28.5301 -14.186 8.001
v -28.5301 -14.186 10.0
v -28.488001 6.95048 8.001
v -28.488001 6.95048 10.0
v -28.308399 3.38142 8.001
v -28.308399 3.38142 10.0
v -28.180901 -5.40071 8.001
v -28.180901 -5.40071 10.0
v -28.1569 -0.70137 8.001
v -28.1569 -0.70137 10.0
v -28.0089 -10.7001 8.001
v -28.0089 -10.7001 10.0
v -27.845501 3.47221 8.001
v -27.845501 3.47221 10.0
v -27.676001 -0.883469 8.001
v -27.676001 -0.883469 10.0
v -27.334299 -14.2697 8.001
v -27.334299 -14.2697 10.0
v -27.334299 -10.7381 8.001
v -27.334299 -10.7381 10.0
v -27.311399 3.50246 8.001
v -27.311399 3.50246 10.0
v -27.311399 7.05315 8.001
v -27.311399 7.05315 10.0
v -26.9729 -1.13219 8.001
v -26.9729 -1.13219 10.0
v -26.9356 -5.83919 8.001
v -26.9356 -5.83919 10.0
v -26.7696 3.46388 8.001
v -26.7696 3.46388 10.0
v -26.7076 -10.7025 8.001
v -26.7076 -10.7025 10.0
v -26.3862 -6.04994 8.001
v -26.3862 -6.04994 10.0
v -26.310301 -1.38445 8.001
v -26.310301 -1.38445 10.0
v -26.306101 3.34819 8.001
v -26.306101 3.34819 10.0
v -26.2659 6.96413 8.001
v -26.2659 6.96413 10.0
v -26.172199 -10.5957 8.001
v -26.172199 -10.5957 10.0
v -26.111401 -14.1635 8.001
v -26.111401 -14.1635 10.0
v -25.923 -6.28319 8.001
v -25.923 -6.28319 10.0
v -25.921 3.15535 8.001
v -25.921 3.15535 10.0
v -25.7279 -10.4177 8.001
v -25.7279 -10.4177 10.0
v -25.6884 -1.64024 8.001
v -25.6884 -1.64024 10.0
v -25.6141 2.88533 8.001
v -25.6141 2.88533 10.0
v -25.546 -6.53896 8.001
v -25.546 -6.53896 10.0
v -25.374701 -10.1685 8.001
v -25.374701 -10.1685 10.0
v -25.371201 2.53703 8.001
v -25.371201 2.53703 10.0
v -25.327801 6.69713 8.001
v -25.327801 6.69713 10.0
v -25.2551 -6.81721 8.001
v -25.2551 -6.81721 10.0
v -25.1782 2.10927 8.001
v -25.1782 2.10927 10.0
v -25.1071 -1.89958 8.001
v -25.1071 -1.89958 10.0
v -25.105499 -9.84331 8.001
v -25.105499 -9.84331 10.0
v -25.0383 -7.13225 8.001
v -25.0383 -7.13225 10.0
v -25.035101 1.60197 8.001
v -25.035101 1.60197 10.0
v -25.0287 -13.8449 8.001
v -25.0287 -13.8449 10.0
v -24.941799 1.01521 8.001
v -24.941799 1.01521 10.0
v -24.9133 -9.43739 8.001
v -24.9133 -9.43739 10.0
v -24.8834 -7.49831 8.001
v -24.8834 -7.49831 10.0
v -24.797899 -8.95079 8.001
v -24.797899 -8.95079 10.0
v -24.790501 -7.91542 8.001
v -24.790501 -7.91542 10.0
v -24.759501 -8.38353 8.001
v -24.759501 -8.38353 10.0
v -24.5737 -2.17302 8.001
v -24.5737 -2.17302 10.0
v -24.4972 6.25209 8.001
v -24.4972 6.25209 10.0
v -24.0959 -2.47139 8.001
v -24.0959 -2.47139 10.0
v -24.086399 -13.3138 8.001
v -24.086399 -13.3138 10.0
v -23.7742 5.62907 8.001
v -23.7742 5.62907 10.0
v -23.6737 -2.79475 8.001
v -23.6737 -2.79475 10.0
v -23.306999 -3.14305 8.001
v -23.306999 -3.14305 10.0
v -23.2843 -12.5704 8.001
v -23.2843 -12.5704 10.0
v -23.1679 4.83751 8.001
v -23.1679 4.83751 10.0
v -22.9851 -3.52934 8.001
v -22.9851 -3.52934 10.0
v -22.6975 -3.96666 8.001
v -22.6975 -3.96666 10.0
v -22.687599 3.88698 8.001
v -22.687599 3.88698 10.0
v -22.643801 -11.6406 8.001
v -22.643801 -11.6406 10.0
v -22.444 -4.45503 8.001
v -22.444 -4.45503 10.0
v -22.3333 2.77742 8.001
v -22.3333 2.77742 10.0
v -22.224701 -4.9944 8.001
v -22.224701 -4.9944 10.0
v -22.1863 -10.5506 8.001
v -22.1863 -10.5506 10.0
v -22.105101 1.50886 8.001
v -22.105101 1.50886 10.0
v -22.0478 -5.59904 8.001
v -22.0478 -5.59904 10.0
v -21.9214 -6.28319 8.001
v -21.9214 -6.28319 10.0
v -21.9118 -9.30037 8.001
v -21.9118 -9.30037 10.0
v -21.8456 -7.0468 8.001
v -21.8456 -7.0468 10.0
v -21.820299 -7.88991 8.001
v -21.820299 -7.88991 10.0
v -20.346399 -8.7635 8.001
v -20.346399 -8.7635 10.0
v -20.0676 -10.0849 8.001
v -20.0676 -10.0849 10.0
v -19.8566 0.825393 8.001
v -19.8566 0.825393 10.0
v -19.825701 -0.032089 8.001
v -19.825701 -0.032089 10.0
v -19.7715 2.21562 8.001
v -19.7715 2.21562 10.0
v -19.7327 -0.819534 8.001
v -19.7327 -0.819534 10.0
v -19.675699 -11.22 8.001
v -19.675699 -11.22 10.0
v -19.577801 -1.53697 8.001
v -19.577801 -1.53697 10.0
v -19.5163 3.44325 8.001
v -19.5163 3.44325 10.0
v -19.361 -2.18434 8.001
v -19.361 -2.18434 10.0
v -19.1705 -12.1688 8.001
v -19.1705 -12.1688 10.0
v -19.090799 4.50825 8.001
v -19.090799 4.50825 10.0
v -19.0851 -2.76811 8.001
v -19.0851 -2.76811 10.0
v -18.753 -3.29497 8.001
v -18.753 -3.29497 10.0
v -18.552099 -12.9313 8.001
v -18.552099 -12.9313 10.0
v -18.495199 5.41066 8.001
v -18.495199 5.41066 10.0
v -18.364599 -3.76491 8.001
v -18.364599 -3.76491 10.0
v -17.919901 -4.17793 8.001
v -17.919901 -4.17793 10.0
v -17.8027 -13.5168 8.001
v -17.8027 -13.5168 10.0
v -17.743601 6.12926 8.001
v -17.743601 6.12926 10.0
v -17.532499 -8.06099 8.001
v -17.532499 -8.06099 10.0
v -17.391199 -8.73851 8.001
v -17.391199 -8.73851 10.0
v -17.3367 -4.57008 8.001
v -17.3367 -4.57008 10.0
v -17.2064 -9.30928 8.001
v -17.2064 -9.30928 10.0
v -16.978201 -9.77327 8.001
v -16.978201 -9.77327 10.0
v -16.917299 1.39491 8.001
v -16.917299 1.39491 10.0
v -16.904499 -13.9351 8.001
v -16.904499 -13.9351 10.0
v -16.8899 0.971847 8.001
v -16.8899 0.971847 10.0
v -16.881701 1.92363 8.001
v -16.881701 1.92363 10.0
v -16.8503 6.64253 8.001
v -16.8503 6.64253 10.0
v -16.8076 0.595077 8.001
v -16.8076 0.595077 10.0
v -16.7749 2.37044 8.001
v -16.7749 2.37044 10.0
v -16.7066 -10.1304 8.001
v -16.7066 -10.1304 10.0
v -16.670601 0.264571 8.001
v -16.670601 0.264571 10.0
v -16.596901 2.73534 8.001
v -16.596901 2.73534 10.0
v -16.532801 -4.97768 8.001
v -16.532801 -4.97768 10.0
v -16.478701 -0.019669 8.001
v -16.478701 -0.019669 10.0
v -16.358801 -10.3963 8.001
v -16.358801 -10.3963 10.0
v -16.347799 3.01836 8.001
v -16.347799 3.01836 10.0
v -16.221901 -0.269455 8.001
v -16.221901 -0.269455 10.0
v -16.0273 3.23015 8.001
v -16.0273 3.23015 10.0
v -15.902 -10.5862 8.001
v -15.902 -10.5862 10.0
v -15.8905 -0.496719 8.001
v -15.8905 -0.496719 10.0
v -15.8574 -14.186 8.001
v -15.8574 -14.186 10.0
v -15.8154 6.95048 8.001
v -15.8154 6.95048 10.0
v -15.6357 3.38142 8.001
v -15.6357 3.38142 10.0
v -15.5082 -5.40071 8.001
v -15.5082 -5.40071 10.0
v -15.4843 -0.70137 8.001
v -15.4843 -0.70137 10.0
v -15.3362 -10.7001 8.001
v -15.3362 -10.7001 10.0
v -15.1728 3.47221 8.001
v -15.1728 3.47221 10.0
v -15.0033 -0.883469 8.001
v -15.0033 -0.883469 10.0
v -14.6616 -14.2697 8.001
v -14.6616 -14.2697 10.0
v -14.6616 -10.7381 8.001
v -14.6616 -10.7381 10.0
v -14.6387 3.50246 8.001
v -14.6387 3.50246 10.0
v -14.6387 7.05315 8.001
v -14.6387 7.05315 10.0
v -14.3002 -1.13219 8.001
v -14.3002 -1.13219 10.0
v -14.2629 -5.83919 8.001
v -14.2629 -5.83919 10.0
v -14.0969 3.46388 8.001
v -14.0969 3.46388 10.0
v -14.035 -10.7025 8.001
v -14.035 -10.7025 10.0
v -13.7135 -6.04994 8.001
v -13.7135 -6.04994 10.0
v -13.6377 -1.38445 8.001
v -13.6377 -1.38445 10.0
v -13.6335 3.34819 8.001
v -13.6335 3.34819 10.0
v -13.5932 6.96413 8.001
v -13.5932 6.96413 10.0
v -13.4995 -10.5957 8.001
v -13.4995 -10.5957 10.0
v -13.4387 -14.1635 8.001
v -13.4387 -14.1635 10.0
v -13.2503 -6.28319 8.001
v -13.2503 -6.28319 10.0
v -13.2483 3.15535 8.001
v -13.2483 3.15535 10.0
v -13.0552 -10.4177 8.001
v -13.0552 -10.4177 10.0
v -13.0157 -1.64024 8.001
v -13.0157 -1.64024 10.0
v -12.9414 2.88533 8.001
v -12.9414 2.88533 10.0
v -12.8733 -6.53896 8.001
v -12.8733 -6.53896 10.0
v -12.702 -10.1685 8.001
v -12.702 -10.1685 10.0
v -12.6986 2.53703 8.001
v -12.6986 2.53703 10.0
v -12.6551 6.69713 8.001
v -12.6551 6.69713 10.0
v -12.5824 -6.81721 8.001
v -12.5824 -6.81721 10.0
v -12.5055 2.10927 8.001
v -12.5055 2.10927 10.0
v -12.4344 -1.89958 8.001
v -12.4344 -1.89958 10.0
v -12.4329 -9.84331 8.001
v -12.4329 -9.84331 10.0
v -12.3656 -7.13225 8.001
v -12.3656 -7.13225 10.0
v -12.3624 1.60197 8.001
v -12.3624 1.60197 10.0
v -12.3561 -13.8449 8.001
v -12.3561 -13.8449 10.0
v -12.2691 1.01521 8.001
v -12.2691 1.01521 10.0
v -12.2406 -9.43739 8.001
v -12.2406 -9.43739 10.0
v -12.2107 -7.49831 8.001
v -12.2107 -7.49831 10.0
v -12.1253 -8.95079 8.001
v -12.1253 -8.95079 10.0
v -12.1178 -7.91542 8.001
v -12.1178 -7.91542 10.0
v -12.0868 -8.38353 8.001
v -12.0868 -8.38353 10.0
v -11.901 -2.17302 8.001
v -11.901 -2.17302 10.0
v -11.8245 6.25209 8.001
v -11.8245 6.25209 10.0
v -11.4232 -2.47139 8.001
v -11.4232 -2.47139 10.0
v -11.4137 -13.3138 8.001
v -11.4137 -13.3138 10.0
v -11.1015 5.62907 8.001
v -11.1015 5.62907 10.0
v -11.001 -2.79475 8.001
v -11.001 -2.79475 10.0
v -10.6343 -3.14305 8.001
v -10.6343 -3.14305 10.0
v -10.6116 -12.5704 8.001
v -10.6116 -12.5704 10.0
v -10.4952 4.83751 8.001
v -10.4952 4.83751 10.0
v -10.3124 -3.52934 8.001
v -10.3124 -3.52934 10.0
v -10.0248 -3.96666 8.001
v -10.0248 -3.96666 10.0
v -10.0149 3.88698 8.001
v -10.0149 3.88698 10.0
v -9.97111 -11.6406 8.001
v -9.97111 -11.6406 10.0
v -9.77131 -4.45503 8.001
v -9.77131 -4.45503 10.0
v -9.66064 2.77742 8.001
v -9.66064 2.77742 10.0
v -9.55202 -4.9944 8.001
v -9.55202 -4.9944 10.0
v -9.51362 -10.5506 8.001
v -9.51362 -10.5506 10.0
v -9.4324 1.50886 8.001
v -9.4324 1.50886 10.0
v -9.3751 -5.59904 8.001
v -9.3751 -5.59904 10.0
v -9.24874 -6.28319 8.001
v -9.24874 -6.28319 10.0
v -9.23915 -9.30037 8.001
v -9.23915 -9.30037 10.0
v -9.17292 -7.0468 8.001
v -9.17292 -7.0468 10.0
v -9.14765 -7.88991 8.001
v -9.14765 -7.88991 10.0
v -7.58261 -3.52272 8.001
v -7.58261 -3.52272 10.0
v -7.48936 -5.99525 8.001
v -7.48936 -5.99525 10.0
v -7.48793 -1.12566 8.001
v -7.48793 -1.12566 10.0
v -7.20953 -8.15331 8.001
v -7.20953 -8.15331 10.0
v -7.20382 0.977157 8.001
v -7.20382 0.977157 10.0
v -6.74318 -9.99687 8.001
v -6.74318 -9.99687 10.0
v -6.73033 2.78566 8.001
v -6.73033 2.78566 10.0
v -6.09028 -11.526 8.001
v -6.09028 -11.526 10.0
v -6.06743 4.29991 8.001
v -6.06743 4.29991 10.0
v -5.26356 -12.7264 8.001
v -5.26356 -12.7264 10.0
v -5.2308 5.49611 8.001
v -5.2308 5.49611 10.0
v -4.27596 -13.5838 8.001
v -4.27596 -13.5838 10.0
v -4.2361 6.35054 8.001
v -4.2361 6.35054 10.0
v -4.22178 -4.64302 8.001
v -4.22178 -4.64302 10.0
v -4.1991 -1.30122 8.001
v -4.1991 -1.30122 10.0
v -4.18013 -6.05113 8.001
v -4.18013 -6.05113 10.0
v -4.14601 -0.189346 8.001
v -4.14601 -0.189346 10.0
v -4.05516 -7.27528 8.001
v -4.05516 -7.27528 10.0
v -4.02103 0.792006 8.001
v -4.02103 0.792006 10.0
v -3.84689 -8.31551 8.001
v -3.84689 -8.31551 10.0
v -3.82411 1.64284 8.001
v -3.82411 1.64284 10.0
v -3.55532 -9.17174 8.001
v -3.55532 -9.17174 10.0
v -3.55532 2.36314 8.001
v -3.55532 2.36314 10.0
v -3.21818 2.93645 8.001
v -3.21818 2.93645 10.0
v -3.18685 -9.84035 8.001
v -3.18685 -9.84035 10.0
v -3.12745 -14.0982 8.001
v -3.12745 -14.0982 10.0
v -3.08334 6.8632 8.001
v -3.08334 6.8632 10.0
v -2.81625 3.34593 8.001
v -2.81625 3.34593 10.0
v -2.74788 -10.3179 8.001
v -2.74788 -10.3179 10.0
v -2.34953 3.59166 8.001
v -2.34953 3.59166 10.0
v -2.2384 -10.6044 8.001
v -2.2384 -10.6044 10.0
v -1.81803 -14.2697 8.001
v -1.81803 -14.2697 10.0
v -1.81803 3.67354 8.001
v -1.81803 3.67354 10.0
v -1.77251 7.0341 8.001
v -1.77251 7.0341 10.0
v -1.65843 -10.7 8.001
v -1.65843 -10.7 10.0
v -1.31531 3.59581 8.001
v -1.31531 3.59581 10.0
v -0.888037 -10.5469 8.001
v -0.888037 -10.5469 10.0
v -0.866741 3.36259 8.001
v -0.866741 3.36259 10.0
v -0.523546 6.85075 8.001
v -0.523546 6.85075 10.0
v -0.472296 2.97392 8.001
v -0.472296 2.97392 10.0
v -0.274285 -10.0877 8.001
v -0.274285 -10.0877 10.0
v -0.131994 2.42979 8.001
v -0.131994 2.42979 10.0
v 0.018299 -13.9208 8.001
v 0.018299 -13.9208 10.0
v 0.147864 1.73018 8.001
v 0.147864 1.73018 10.0
v 0.182801 -9.32231 8.001
v 0.182801 -9.32231 10.0
v 0.360798 0.875167 8.001
v 0.360798 0.875167 10.0
v 0.483222 -8.25081 8.001
v 0.483222 -8.25081 10.0
v 0.506806 -0.1353 8.001
v 0.506806 -0.1353 10.0
v 0.56875 6.3007 8.001
v 0.56875 6.3007 10.0
v 0.585871 -1.30122 8.001
v 0.585871 -1.30122 10.0
v 1.50438 5.38399 8.001
v 1.50438 5.38399 10.0
v 1.51715 -12.8741 8.001
v 1.51715 -12.8741 10.0
v 2.28335 4.10054 8.001
v 2.28335 4.10054 10.0
v 2.67849 -11.1296 8.001
v 2.67849 -11.1296 10.0
v 2.89641 2.46348 8.001
v 2.89641 2.46348 10.0
v 3.33432 0.485824 8.001
v 3.33432 0.485824 10.0
v 3.50236 -8.68733 8.001
v 3.50236 -8.68733 10.0
v 3.59706 -1.83241 8.001
v 3.59706 -1.83241 10.0
v 3.68464 -4.64302 8.001
v 3.68464 -4.64302 10.0
v 3.68464 -4.49126 8.001
v 3.68464 -4.49126 10.0
v 5.71671 6.65443 8.001
v 5.71671 6.65443 10.0
v 5.73341 6.22301 8.001
v 5.73341 6.22301 10.0
v 5.74937 5.7643 8.001
v 5.74937 5.7643 10.0
v 5.76464 5.2783 8.001
v 5.76464 5.2783 10.0
v 5.7792 4.765 8.001
v 5.7792 4.765 10.0
v 5.79169 4.20079 8.001
v 5.79169 4.20079 10.0
v 5.80062 3.56181 8.001
v 5.80062 3.56181 10.0
v 5.80597 2.8481 8.001
v 5.80597 2.8481 10.0
v 5.80776 -13.89 8.001
v 5.80776 -13.89 10.0
v 5.80776 2.05962 8.001
v 5.80776 2.05962 10.0
v 8.76977 6.65443 8.001
v 8.76977 6.65443 10.0
v 8.78832 6.39873 8.001
v 8.78832 6.39873 10.0
v 8.80971 5.99229 8.001
v 8.80971 5.99229 10.0
v 8.83393 5.4351 8.001
v 8.83393 5.4351 10.0
v 8.86099 4.72719 8.001
v 8.86099 4.72719 10.0
v 8.88591 4.00511 8.001
v 8.88591 4.00511 10.0
v 8.90371 3.40523 8.001
v 8.90371 3.40523 10.0
v 8.91439 2.92754 8.001
v 8.91439 2.92754 10.0
v 8.91794 2.57204 8.001
v 8.91794 2.57204 10.0
v 8.96348 2.57204 8.001
v 8.96348 2.57204 10.0
v 9.00916 -13.89 8.001
v 9.00916 -13.89 10.0
v 9.00916 -2.87733 8.001
v 9.00916 -2.87733 10.0
v 9.04725 -1.62773 8.001
v 9.04725 -1.62773 10.0
v 9.16151 -0.499161 8.001
v 9.16151 -0.499161 10.0
v 9.27789 3.66856 8.001
v 9.27789 3.66856 10.0
v 9.35192 0.508376 8.001
v 9.35192 0.508376 10.0
v 9.6185 1.39491 8.001
v 9.6185 1.39491 10.0
v 9.62859 4.60371 8.001
v 9.62859 4.60371 10.0
v 9.94569 2.11766 8.001
v 9.94569 2.11766 10.0
v 10.0156 5.37743 8.001
v 10.0156 5.37743 10.0
v 10.3178 2.63389 8.001
v 10.3178 2.63389 10.0
v 10.4388 5.9897 8.001
v 10.4388 5.9897 10.0
v 10.7347 2.94365 8.001
v 10.7347 2.94365 10.0
v 10.902 6.45497 8.001
v 10.902 6.45497 10.0
v 11.1965 3.04689 8.001
v 11.1965 3.04689 10.0
v 11.4086 6.78728 8.001
v 11.4086 6.78728 10.0
v 11.9586 6.98668 8.001
v 11.9586 6.98668 10.0
v 12.0139 2.70869 8.001
v 12.0139 2.70869 10.0
v 12.5521 7.05315 8.001
v 12.5521 7.05315 10.0
v 12.5978 1.69401 8.001
v 12.5978 1.69401 10.0
v 12.9481 0.002913 8.001
v 12.9481 0.002913 10.0
v 13.0649 -13.89 8.001
v 13.0649 -13.89 10.0
v 13.0649 -2.36467 8.001
v 13.0649 -2.36467 10.0
v 13.826 6.77309 8.001
v 13.826 6.77309 10.0
v 14.8221 5.93288 8.001
v 14.8221 5.93288 10.0
v 15.5406 4.53252 8.001
v 15.5406 4.53252 10.0
v 15.9813 2.57204 8.001
v 15.9813 2.57204 10.0
v 16.0497 2.57204 8.001
v 16.0497 2.57204 10.0
v 16.2432 -13.89 8.001
v 16.2432 -13.89 10.0
v 16.2432 -2.63039 8.001
v 16.2432 -2.63039 10.0
v 16.305599 -1.37303 8.001
v 16.305599 -1.37303 10.0
v 16.378599 3.68404 8.001
v 16.378599 3.68404 10.0
v 16.4356 -0.259262 8.001
v 16.4356 -0.259262 10.0
v 16.6332 0.710891 8.001
v 16.6332 0.710891 10.0
v 16.7388 4.62752 8.001
v 16.7388 4.62752 10.0
v 16.898399 1.53743 8.001
v 16.898399 1.53743 10.0
v 17.1304 5.40242 8.001
v 17.1304 5.40242 10.0
v 17.2185 2.19783 8.001
v 17.2185 2.19783 10.0
v 17.553301 6.00874 8.001
v 17.553301 6.00874 10.0
v 17.5805 2.66954 8.001
v 17.5805 2.66954 10.0
v 17.9846 2.95256 8.001
v 17.9846 2.95256 10.0
v 18.0219 6.46568 8.001
v 18.0219 6.46568 10.0
v 18.430599 3.04689 8.001
v 18.430599 3.04689 10.0
v 18.5502 6.79204 8.001
v 18.5502 6.79204 10.0
v 19.138399 6.98787 8.001
v 19.138399 6.98787 10.0
v 19.2481 2.70869 8.001
v 19.2481 2.70869 10.0
v 19.7864 7.05315 8.001
v 19.7864 7.05315 10.0
v 19.832001 1.69401 8.001
v 19.832001 1.69401 10.0
v 20.182301 0.002913 8.001
v 20.182301 0.002913 10.0
v 20.299101 -13.89 8.001
v 20.299101 -13.89 10.0
v 20.299101 -2.36467 8.001
v 20.299101 -2.36467 10.0
v 20.632999 6.92558 8.001
v 20.632999 6.92558 10.0
v 21.372801 6.54283 8.001
v 21.372801 6.54283 10.0
v 22.0058 5.90498 8.001
v 22.0058 5.90498 10.0
v 22.532 5.01195 8.001
v 22.532 5.01195 10.0
v 22.945601 3.88051 8.001
v 22.945601 3.88051 10.0
v 23.2411 2.52708 8.001
v 23.2411 2.52708 10.0
v 23.4184 0.951705 8.001
v 23.4184 0.951705 10.0
v 23.477501 -13.89 8.001
v 23.477501 -13.89 10.0
v 23.477501 -0.845657 8.001
v 23.477501 -0.845657 10.0
v 25.9776 -13.89 8.001
v 25.9776 -13.89 10.0
v 26.017401 -12.9346 8.001
v 26.017401 -12.9346 10.0
v 26.0459 -11.8345 8.001
v 26.0459 -11.8345 10.0
v 26.063 -10.5896 8.001
v 26.063 -10.5896 10.0
v 26.068701 -9.20003 8.001
v 26.068701 -9.20003 10.0
v 26.068701 14.2875 8.001
v 26.068701 14.2875 10.0
v 29.087799 -13.89 8.001
v 29.087799 -13.89 10.0
v 29.1159 -13.6764 8.001
v 29.1159 -13.6764 10.0
v 29.143299 -13.3584 8.001
v 29.143299 -13.3584 10.0
v 29.17 -12.9359 8.001
v 29.17 -12.9359 10.0
v 29.195999 -12.4091 8.001
v 29.195999 -12.4091 10.0
v 29.218399 -11.8608 8.001
v 29.218399 -11.8608 10.0
v 29.2244 -3.71257 8.001
v 29.2244 -3.71257 10.0
v 29.2244 3.0847 8.001
v 29.2244 3.0847 10.0
v 29.2344 -11.3742 8.001
v 29.2344 -11.3742 10.0
v 29.243999 -10.9494 8.001
v 29.243999 -10.9494 10.0
v 29.2472 -10.5863 8.001
v 29.2472 -10.5863 10.0
v 29.266001 -5.25533 8.001
v 29.266001 -5.25533 10.0
v 29.266701 -2.10402 8.001
v 29.266701 -2.10402 10.0
v 29.2701 -10.5863 8.001
v 29.2701 -10.5863 10.0
v 29.2701 3.0847 8.001
v 29.2701 3.0847 10.0
v 29.2701 6.4265 8.001
v 29.2701 6.4265 10.0
v 29.2701 14.2875 8.001
v 29.2701 14.2875 10.0
v 29.391001 -6.61772 8.001
v 29.391001 -6.61772 10.0
v 29.393801 -0.695999 8.001
v 29.393801 -0.695999 10.0
v 29.5541 -11.4264 8.001
v 29.5541 -11.4264 10.0
v 29.599199 -7.7997 8.001
v 29.599199 -7.7997 10.0
v 29.6057 0.511458 8.001
v 29.6057 0.511458 10.0
v 29.8908 -8.80128 8.001
v 29.8908 -8.80128 10.0
v 29.8937 -12.1622 8.001
v 29.8937 -12.1622 10.0
v 29.902201 1.51839 8.001
v 29.902201 1.51839 10.0
v 29.9223 4.81258 8.001
v 29.9223 4.81258 10.0
v 30.0 45.0 -10.0
v 30.0 45.0 0.0
v 30.0 50.0 -10.0
v 30.0 50.0 0.0
v 30.263599 -9.59877 8.001
v 30.263599 -9.59877 10.0
v 30.280001 2.31169 8.001
v 30.280001 2.31169 10.0
v 30.2889 -12.7936 8.001
v 30.2889 -12.7936 10.0
v 30.715401 -10.1684 8.001
v 30.715401 -10.1684 10.0
v 30.735399 2.87834 8.001
v 30.735399 2.87834 10.0
v 30.739599 -13.3205 8.001
v 30.739599 -13.3205 10.0
v 30.7966 6.04677 8.001
v 30.7966 6.04677 10.0
v 31.2402 -13.7358 8.001
v 31.2402 -13.7358 10.0
v 31.246201 -10.5102 8.001
v 31.246201 -10.5102 10.0
v 31.268299 3.21834 8.001
v 31.268299 3.21834 10.0
v 31.784901 -14.0324 8.001
v 31.784901 -14.0324 10.0
v 31.8561 -10.6241 8.001
v 31.8561 -10.6241 10.0
v 31.878901 3.33168 8.001
v 31.878901 3.33168 10.0
v 31.8932 6.78728 8.001
v 31.8932 6.78728 10.0
v 32.373699 -14.2103 8.001
v 32.373699 -14.2103 10.0
v 32.480499 3.22603 8.001
v 32.480499 3.22603 10.0
v 32.967602 -10.1814 8.001
v 32.967602 -10.1814 10.0
v 32.998199 2.90913 8.001
v 32.998199 2.90913 10.0
v 33.006699 -14.2697 8.001
v 33.006699 -14.2697 10.0
v 33.2118 7.0341 8.001
v 33.2118 7.0341 10.0
v 33.431801 2.381 8.001
v 33.431801 2.381 10.0
v 33.761501 -8.8535 8.001
v 33.761501 -8.8535 10.0
v 33.781399 1.64159 8.001
v 33.781399 1.64159 10.0
v 34.050499 0.683944 8.001
v 34.050499 0.683944 10.0
v 34.080101 -14.0934 8.001
v 34.080101 -14.0934 10.0
v 34.237801 -6.6403 8.001
v 34.237801 -6.6403 10.0
v 34.241798 6.86143 8.001
v 34.241798 6.86143 10.0
v 34.242802 -0.499161 8.001
v 34.242802 -0.499161 10.0
v 34.358101 -1.90773 8.001
v 34.358101 -1.90773 10.0
v 34.396599 -3.54176 8.001
v 34.396599 -3.54176 10.0
v 35.021801 -13.5648 8.001
v 35.021801 -13.5648 10.0
v 35.144299 6.34343 8.001
v 35.144299 6.34343 10.0
v 35.831699 -12.6837 8.001
v 35.831699 -12.6837 10.0
v 35.9193 5.48006 8.001
v 35.9193 5.48006 10.0
v 36.509899 -11.4501 8.001
v 36.509899 -11.4501 10.0
v 36.566799 4.27135 8.001
v 36.566799 4.27135 10.0
v 37.0457 -9.89848 8.001
v 37.0457 -9.89848 10.0
v 37.077702 2.74708 8.001
v 37.077702 2.74708 10.0
v 37.428398 -8.06322 8.001
v 37.428398 -8.06322 10.0
v 37.4426 0.936812 8.001
v 37.4426 0.936812 10.0
v 37.658001 -5.94432 8.001
v 37.658001 -5.94432 10.0
v 37.661598 -1.15947 8.001
v 37.661598 -1.15947 10.0
v 37.7346 -3.54176 8.001
v 37.7346 -3.54176 10.0
v 39.987499 -13.89 8.001
v 39.987499 -13.89 10.0
v 39.987499 14.2875 8.001
v 39.987499 14.2875 10.0
v 43.188999 -13.89 8.001
v 43.188999 -13.89 10.0
v 43.188999 14.2875 8.001
v 43.188999 14.2875 10.0
v 45.0 45.0 -10.0
v 45.0 45.0 0.0
v 45.0 50.0 -10.0
v 45.0 50.0 0.0
v 46.318401 -13.89 8.001
v 46.318401 -13.89 10.0
v 46.318401 6.65443 8.001
v 46.318401 6.65443 10.0
v 46.318401 10.3571 8.001
v 46.318401 10.3571 10.0
v 46.318401 14.2875 8.001
v 46.318401 14.2875 10.0
v 49.519798 -13.89 8.001
v 49.519798 -13.89 10.0
v 49.519798 6.65443 8.001
v 49.519798 6.65443 10.0
v 49.519798 10.3571 8.001
v 49.519798 10.3571 10.0
v 49.519798 14.2875 8.001
v 49.519798 14.2875 10.0
v 51.931499 -3.52272 8.001
v 51.931499 -3.52272 10.0
v 52.024799 -5.99525 8.001
v 52.024799 -5.99525 10.0
v 52.026199 -1.12566 8.001
v 52.026199 -1.12566 10.0
v 52.3046 -8.15331 8.001
v 52.3046 -8.15331 10.0
v 52.310299 0.977157 8.001
v 52.310299 0.977157 10.0
v 52.771 -9.99687 8.001
v 52.771 -9.99687 10.0
v 52.783798 2.78566 8.001
v 52.783798 2.78566 10.0
v 53.423901 -11.526 8.001
v 53.423901 -11.526 10.0
v 53.446701 4.29991 8.001
v 53.446701 4.29991 10.0
v 54.250599 -12.7264 8.001
v 54.250599 -12.7264 10.0
v 54.283401 5.49611 8.001
v 54.283401 5.49611 10.0
v 55.238201 -13.5838 8.001
v 55.238201 -13.5838 10.0
v 55.278099 6.35054 8.001
v 55.278099 6.35054 10.0
v 55.2924 -4.64302 8.001
v 55.2924 -4.64302 10.0
v 55.315102 -1.30122 8.001
v 55.315102 -1.30122 10.0
v 55.334 -6.05113 8.001
v 55.334 -6.05113 10.0
v 55.368198 -0.189346 8.001
v 55.368198 -0.189346 10.0
v 55.459 -7.27528 8.001
v 55.459 -7.27528 10.0
v 55.493099 0.792006 8.001
v 55.493099 0.792006 10.0
v 55.667301 -8.31551 8.001
v 55.667301 -8.31551 10.0
v 55.689999 1.64284 8.001
v 55.689999 1.64284 10.0
v 55.9589 -9.17174 8.001
v 55.9589 -9.17174 10.0
v 55.9589 2.36314 8.001
v 55.9589 2.36314 10.0
v 56.296001 2.93645 8.001
v 56.296001 2.93645 10.0
v 56.327301 -9.84035 8.001
v 56.327301 -9.84035 10.0
v 56.3867 -14.0982 8.001
v 56.3867 -14.0982 10.0
v 56.430801 6.8632 8.001
v 56.430801 6.8632 10.0
v 56.697899 3.34593 8.001
v 56.697899 3.34593 10.0
v 56.7663 -10.3179 8.001
v 56.7663 -10.3179 10.0
v 57.1646 3.59166 8.001
v 57.1646 3.59166 10.0
v 57.275799 -10.6044 8.001
v 57.275799 -10.6044 10.0
v 57.696098 -14.2697 8.001
v 57.696098 -14.2697 10.0
v 57.696098 3.67354 8.001
v 57.696098 3.67354 10.0
v 57.741699 7.0341 8.001
v 57.741699 7.0341 10.0
v 57.855701 -10.7 8.001
v 57.855701 -10.7 10.0
v 58.198898 3.59581 8.001
v 58.198898 3.59581 10.0
v 58.626099 -10.5469 8.001
v 58.626099 -10.5469 10.0
v 58.6474 3.36259 8.001
v 58.6474 3.36259 10.0
v 58.990601 6.85075 8.001
v 58.990601 6.85075 10.0
v 59.041901 2.97392 8.001
v 59.041901 2.97392 10.0
v 59.239899 -10.0877 8.001
v 59.239899 -10.0877 10.0
v 59.382198 2.42979 8.001
v 59.382198 2.42979 10.0
v 59.532501 -13.9208 8.001
v 59.532501 -13.9208 10.0
v 59.661999 1.73018 8.001
v 59.661999 1.73018 10.0
v 59.696999 -9.32231 8.001
v 59.696999 -9.32231 10.0
v 59.875 0.875167 8.001
v 59.875 0.875167 10.0
v 59.997398 -8.25081 8.001
v 59.997398 -8.25081 10.0
v 60.021 -0.1353 8.001
v 60.021 -0.1353 10.0
v 60.082901 6.3007 8.001
v 60.082901 6.3007 10.0
v 60.099998 -1.30122 8.001
v 60.099998 -1.30122 10.0
v 61.018501 5.38399 8.001
v 61.018501 5.38399 10.0
v 61.0313 -12.8741 8.001
v 61.0313 -12.8741 10.0
v 61.797501 4.10054 8.001
v 61.797501 4.10054 10.0
v 62.192699 -11.1296 8.001
v 62.192699 -11.1296 10.0
v 62.410599 2.46348 8.001
v 62.410599 2.46348 10.0
v 62.848499 0.485824 8.001
v 62.848499 0.485824 10.0
v 63.016499 -8.68733 8.001
v 63.016499 -8.68733 10.0
v 63.111198 -1.83241 8.001
v 63.111198 -1.83241 10.0
v 63.198799 -4.64302 8.001
v 63.198799 -4.64302 10.0
v 63.198799 -4.49126 8.001
v 63.198799 -4.49126 10.0
v 64.513199 -8.7635 8.001
v 64.513199 -8.7635 10.0
v 64.791901 -10.0849 8.001
v 64.791901 -10.0849 10.0
v 65.0 -50.0 -10.0
v 65.0 -50.0 10.0
v 65.0 50.0 -10.0
v 65.0 50.0 10.0
v 65.002899 0.825393 8.001
v 65.002899 0.825393 10.0
v 65.033897 -0.032089 8.001
v 65.033897 -0.032089 10.0
v 65.087997 2.21562 8.001
v 65.087997 2.21562 10.0
v 65.126801 -0.819534 8.001
v 65.126801 -0.819534 10.0
v 65.1838 -11.22 8.001
v 65.1838 -11.22 10.0
v 65.2817 -1.53697 8.001
v 65.2817 -1.53697 10.0
v 65.3433 3.44325 8.001
v 65.3433 3.44325 10.0
v 65.498497 -2.18434 8.001
v 65.498497 -2.18434 10.0
v 65.689003 -12.1688 8.001
v 65.689003 -12.1688 10.0
v 65.7687 4.50825 8.001
v 65.7687 4.50825 10.0
v 65.774399 -2.76811 8.001
v 65.774399 -2.76811 10.0
v 66.106598 -3.29497 8.001
v 66.106598 -3.29497 10.0
v 66.255798 -49.960499 -10.0
v 66.255798 -49.960499 10.0
v 66.255798 49.960499 -10.0
v 66.255798 49.960499 10.0
v 66.307404 -12.9313 8.001
v 66.307404 -12.9313 10.0
v 66.364403 5.41066 8.001
v 66.364403 5.41066 10.0
v 66.495003 -3.76491 8.001
v 66.495003 -3.76491 10.0
v 66.939598 -4.17793 8.001
v 66.939598 -4.17793 10.0
v 67.056801 -13.5168 8.001
v 67.056801 -13.5168 10.0
v 67.115898 6.12926 8.001
v 67.115898 6.12926 10.0
v 67.327003 -8.06099 8.001
v 67.327003 -8.06099 10.0
v 67.4683 -8.73851 8.001
v 67.4683 -8.73851 10.0
v 67.506699 -49.8423 -10.0
v 67.506699 -49.8423 10.0
v 67.506699 49.8423 -10.0
v 67.506699 49.8423 10.0
v 67.522797 -4.57008 8.001
v 67.522797 -4.57008 10.0
v 67.653099 -9.30928 8.001
v 67.653099 -9.30928 10.0
v 67.881302 -9.77327 8.001
v 67.881302 -9.77327 10.0
v 67.9422 1.39491 8.001
v 67.9422 1.39491 10.0
v 67.955101 -13.9351 8.001
v 67.955101 -13.9351 10.0
v 67.969597 0.971847 8.001
v 67.969597 0.971847 10.0
v 67.977798 1.92363 8.001
v 67.977798 1.92363 10.0
v 68.009201 6.64253 8.001
v 68.009201 6.64253 10.0
v 68.051903 0.595077 8.001
v 68.051903 0.595077 10.0
v 68.084602 2.37044 8.001
v 68.084602 2.37044 10.0
v 68.152901 -10.1304 8.001
v 68.152901 -10.1304 10.0
v 68.189003 0.264571 8.001
v 68.189003 0.264571 10.0
v 68.262604 2.73534 8.001
v 68.262604 2.73534 10.0
v 68.326698 -4.97768 8.001
v 68.326698 -4.97768 10.0
v 68.380898 -0.019669 8.001
v 68.380898 -0.019669 10.0
v 68.500801 -10.3963 8.001
v 68.500801 -10.3963 10.0
v 68.511703 3.01836 8.001
v 68.511703 3.01836 10.0
v 68.637604 -0.269455 8.001
v 68.637604 -0.269455 10.0
v 68.747597 -49.645699 -10.0
v 68.747597 -49.645699 10.0
v 68.747597 49.645699 -10.0
v 68.747597 49.645699 10.0
v 68.832199 3.23015 8.001
v 68.832199 3.23015 10.0
v 68.957603 -10.5862 8.001
v 68.957603 -10.5862 10.0
v 68.969002 -0.496719 8.001
v 68.969002 -0.496719 10.0
v 69.002098 -14.186 8.001
v 69.002098 -14.186 10.0
v 69.044197 6.95048 8.001
v 69.044197 6.95048 10.0
v 69.2239 3.38142 8.001
v 69.2239 3.38142 10.0
v 69.351303 -5.40071 8.001
v 69.351303 -5.40071 10.0
v 69.375298 -0.70137 8.001
v 69.375298 -0.70137 10.0
v 69.5233 -10.7001 8.001
v 69.5233 -10.7001 10.0
v 69.686699 3.47221 8.001
v 69.686699 3.47221 10.0
v 69.856201 -0.883469 8.001
v 69.856201 -0.883469 10.0
v 69.973801 -49.3717 -10.0
v 69.973801 -49.3717 10.0
v 69.973801 49.3717 -10.0
v 69.973801 49.3717 10.0
v 70.197998 -14.2697 8.001
v 70.197998 -14.2697 10.0
v 70.197998 -10.7381 8.001
v 70.197998 -10.7381 10.0
v 70.220802 3.50246 8.001
v 70.220802 3.50246 10.0
v 70.220802 7.05315 8.001
v 70.220802 7.05315 10.0
v 70.559303 -1.13219 8.001
v 70.559303 -1.13219 10.0
v 70.596603 -5.83919 8.001
v 70.596603 -5.83919 10.0
v 70.762604 3.46388 8.001
v 70.762604 3.46388 10.0
v 70.8246 -10.7025 8.001
v 70.8246 -10.7025 10.0
v 71.146004 -6.04994 8.001
v 71.146004 -6.04994 10.0
v 71.180298 -49.021099 -10.0
v 71.180298 -49.021099 10.0
v 71.180298 49.021099 -10.0
v 71.180298 49.021099 10.0
v 71.221901 -1.38445 8.001
v 71.221901 -1.38445 10.0
v 71.226097 3.34819 8.001
v 71.226097 3.34819 10.0
v 71.266403 6.96413 8.001
v 71.266403 6.96413 10.0
v 71.360001 -10.5957 8.001
v 71.360001 -10.5957 10.0
v 71.420799 -14.1635 8.001
v 71.420799 -14.1635 10.0
v 71.6092 -6.28319 8.001
v 71.6092 -6.28319 10.0
v 71.611198 3.15535 8.001
v 71.611198 3.15535 10.0
v 71.804298 -10.4177 8.001
v 71.804298 -10.4177 10.0
v 71.843803 -1.64024 8.001
v 71.843803 -1.64024 10.0
v 71.918098 2.88533 8.001
v 71.918098 2.88533 10.0
v 71.986198 -6.53896 8.001
v 71.986198 -6.53896 10.0
v 72.157501 -10.1685 8.001
v 72.157501 -10.1685 10.0
v 72.161003 2.53703 8.001
v 72.161003 2.53703 10.0
v 72.204399 6.69713 8.001
v 72.204399 6.69713 10.0
v 72.2771 -6.81721 8.001
v 72.2771 -6.81721 10.0
v 72.353996 2.10927 8.001
v 72.353996 2.10927 10.0
v 72.362503 -48.595501 -10.0
v 72.362503 -48.595501 10.0
v 72.362503 48.595501 -10.0
v 72.362503 48.595501 10.0
v 72.425102 -1.89958 8.001
v 72.425102 -1.89958 10.0
v 72.426697 -9.84331 8.001
v 72.426697 -9.84331 10.0
v 72.493896 -7.13225 8.001
v 72.493896 -7.13225 10.0
v 72.497101 1.60197 8.001
v 72.497101 1.60197 10.0
v 72.503502 -13.8449 8.001
v 72.503502 -13.8449 10.0
v 72.590401 1.01521 8.001
v 72.590401 1.01521 10.0
v 72.618896 -9.43739 8.001
v 72.618896 -9.43739 10.0
v 72.648804 -7.49831 8.001
v 72.648804 -7.49831 10.0
v 72.734299 -8.95079 8.001
v 72.734299 -8.95079 10.0
v 72.741699 -7.91542 8.001
v 72.741699 -7.91542 10.0
v 72.772697 -8.38353 8.001
v 72.772697 -8.38353 10.0
v 72.958504 -2.17302 8.001
v 72.958504 -2.17302 10.0
v 73.035004 6.25209 8.001
v 73.035004 6.25209 10.0
v 73.436302 -2.47139 8.001
v 73.436302 -2.47139 10.0
v 73.445801 -13.3138 8.001
v 73.445801 -13.3138 10.0
v 73.515602 -48.0965 -10.0
v 73.515602 -48.0965 10.0
v 73.515602 48.0965 -10.0
v 73.515602 48.0965 10.0
v 73.758003 5.62907 8.001
v 73.758003 5.62907 10.0
v 73.858498 -2.79475 8.001
v 73.858498 -2.79475 10.0
v 74.225304 -3.14305 8.001
v 74.225304 -3.14305 10.0
v 74.247902 -12.5704 8.001
v 74.247902 -12.5704 10.0
v 74.364304 4.83751 8.001
v 74.364304 4.83751 10.0
v 74.547096 -3.52934 8.001
v 74.547096 -3.52934 10.0
v 74.635101 -47.5261 -10.0
v 74.635101 -47.5261 10.0
v 74.635101 47.5261 -10.0
v 74.635101 47.5261 10.0
v 74.834801 -3.96666 8.001
v 74.834801 -3.96666 10.0
v 74.844597 3.88698 8.001
v 74.844597 3.88698 10.0
v 74.888397 -11.6406 8.001
v 74.888397 -11.6406 10.0
v 75.088203 -4.45503 8.001
v 75.088203 -4.45503 10.0
v 75.198898 2.77742 8.001
v 75.198898 2.77742 10.0
v 75.307503 -4.9944 8.001
v 75.307503 -4.9944 10.0
v 75.345901 -10.5506 8.001
v 75.345901 -10.5506 10.0
v 75.427101 1.50886 8.001
v 75.427101 1.50886 10.0
v 75.484398 -5.59904 8.001
v 75.484398 -5.59904 10.0
v 75.610802 -6.28319 8.001
v 75.610802 -6.28319 10.0
v 75.620399 -9.30037 8.001
v 75.620399 -9.30037 10.0
v 75.6866 -7.0468 8.001
v 75.6866 -7.0468 10.0
v 75.711899 -7.88991 8.001
v 75.711899 -7.88991 10.0
v 75.716499 -46.8866 -10.0
v 75.716499 -46.8866 10.0
v 75.716499 46.8866 -10.0
v 75.716499 46.8866 10.0
v 76.755699 -46.180302 -10.0
v 76.755699 -46.180302 10.0
v 76.755699 46.180302 -10.0
v 76.755699 46.180302 10.0
v 77.748497 -45.410301 -10.0
v 77.748497 -45.410301 10.0
v 77.748497 45.410301 -10.0
v 77.748497 45.410301 10.0
v 78.690903 -44.579399 -10.0
v 78.690903 -44.579399 10.0
v 78.690903 44.579399 -10.0
v 78.690903 44.579399 10.0
v 79.579399 -43.690899 -10.0
v 79.579399 -43.690899 10.0
v 79.579399 43.690899 -10.0
v 79.579399 43.690899 10.0
v 80.410301 -42.748501 -10.0
v 80.410301 -42.748501 10.0
v 80.410301 42.748501 -10.0
v 80.410301 42.748501 10.0
v 81.180298 -41.755699 -10.0
v 81.180298 -41.755699 10.0
v 81.180298 41.755699 -10.0
v 81.180298 41.755699 10.0
v 81.886597 -40.716499 -10.0
v 81.886597 -40.716499 10.0
v 81.886597 40.716499 -10.0
v 81.886597 40.716499 10.0
v 82.5261 -39.635101 -10.0
v 82.5261 -39.635101 10.0
v 82.5261 39.635101 -10.0
v 82.5261 39.635101 10.0
v 83.096497 -38.515598 -10.0
v 83.096497 -38.515598 10.0
v 83.096497 38.515598 -10.0
v 83.096497 38.515598 10.0
v 83.595497 -37.362499 -10.0
v 83.595497 -37.362499 10.0
v 83.595497 37.362499 -10.0
v 83.595497 37.362499 10.0
v 84.021103 -36.180302 -10.0
v 84.021103 -36.180302 10.0
v 84.021103 36.180302 -10.0
v 84.021103 36.180302 10.0
v 84.371696 -34.973801 -10.0
v 84.371696 -34.973801 10.0
v 84.371696 34.973801 -10.0
v 84.371696 34.973801 10.0
v 84.645699 -33.747601 -10.0
v 84.645699 -33.747601 10.0
v 84.645699 33.747601 -10.0
v 84.645699 33.747601 10.0
v 84.8423 -32.506699 -10.0
v 84.8423 -32.506699 10.0
v 84.8423 32.506699 -10.0
v 84.8423 32.506699 10.0
v 84.960503 -31.2558 -10.0
v 84.960503 -31.2558 10.0
v 84.960503 31.2558 -10.0
v 84.960503 31.2558 10.0
v 85.0 -30.0 -10.0
v 85.0 -30.0 10.0
v 85.0 30.0 -10.0
v 85.0 30.0 10.0
vn 1.0 -0.0 0.0
vn 1.0 0.0 0.0
vn 0.0 0.0 1.0
vn -0.0 0.0 1.0
vn 0.0 -0.0 1.0
vn 0.0 -0.0 1.0
vn 0.0 0.0 1.0
vn -0.0 0.0 1.0
vn 0.0 -0.0 1.0
vn 0.0 0.0 1.0
vn 0.0 0.0 1.0
vn 0.0 0.0 1.0
vn 0.0 0.0 1.0
vn 0.0 0.0 1.0
vn 0.0 0.0 1.0
vn 0.0 0.0 1.0
vn 0.0 0.0 1.0
vn 0.0 0.0 1.0
vn 0.0 0.0 1.0
vn 0.0 0.0 1.0
vn 0.0 0.0 1.0
vn 0.0 0.0 1.0
vn 0.0 0.0 1.0
vn -0.0 0.0 1.0
vn 0.0 0.0 1.0
vn 0.0 0.0 1.0
vn 0.0 0.0 1.0
vn 0.0 0.0 1.0
vn 0.0 0.0 1.0
vn 0.0 0.0 1.0
vn 0.0 0.0 1.0
vn 0.0 0.0 1.0
vn 0.0 0.0 1.0
vn 0.0 0.0 1.0
vn 0.0 0.0 1.0
vn 0.0 0.0 1.0
vn 0.0 0.0 1.0
vn 0.0 0.0 1.0
vn 0.0 0.0 1.0
vn 0.0 0.0 1.0
vn 0.0 0.0 1.0
vn 0.0 0.0 1.0
vn 0.0 0.0 1.0
vn 0.0 0.0 1.0
vn -0.0 -0.0 1.0
vn 0.0 0.0 1.0
vn 0.0 0.0 1.0
vn 0.0 0.0 1.0
vn -0.0 -0.0 1.0
vn 0.0 0.0 1.0
vn 0.0 0.0 1.0
vn 0.0 0.0 1.0
vn 0.0 0.0 1.0
vn 0.0 0.0 1.0
vn 0.0 0.0 1.0
vn 0.0 0.0 1.0
vn 0.0 -0.0 1.0
vn 0.0 0.0 1.0
vn 0.0 0.0 1.0
vn 0.0 0.0 1.0
vn 0.0 0.0 1.0
vn 0.0 0.0 1.0
vn 0.0 0.0 1.0
vn 0.0 0.0 1.0
vn 0.0 -0.0 1.0
vn 0.0 0.0 1.0
vn 0.0 0.0 1.0
vn 0.0 0.0 1.0
vn 0.0 0.0 1.0
vn 0.0 0.0 1.0
vn -0.0 -0.0 1.0
vn 0.0 0.0 1.0
vn 0.0 0.0 1.0
vn -0.0 -0.0 1.0
vn 0.0 0.0 1.0
vn 0.0 0.0 1.0
vn 0.0 0.0 1.0
vn 0.0 0.0 1.0
vn 0.0 0.0 1.0
vn 0.0 0.0 1.0
vn 0.0 0.0 1.0
vn 0.0 0.0 1.0
vn 0.0 0.0 1.0
vn 0.0 0.0 1.0
vn 0.0 0.0 1.0
vn 0.0 0.0 1.0
vn 0.0 0.0 1.0
vn 0.0 0.0 1.0
vn 0.0 0.0 1.0
vn 0.0 0.0 1.0
vn 0.0 0.0 1.0
vn 0.0 0.0 1.0
vn 0.0 0.0 1.0
vn 0.0 0.0 1.0
vn 0.0 0.0 1.0
vn 0.0 0.0 1.0
vn -0.0 0.0 1.0
vn 0.0 0.0 1.0
vn 0.0 0.0 1.0
vn 0.0 0.0 1.0
vn 0.0 0.0 1.0
vn 0.0 0.0 1.0
vn 0.0 0.0 1.0
vn 0.0 0.0 1.0
vn 0.0 0.0 1.0
vn 0.0 0.0 1.0
vn 0.0 0.0 1.0
vn 0.0 0.0 1.0
vn 0.0 0.0 1.0
vn 0.0 0.0 1.0
vn 0.0 0.0 1.0
vn 0.0 0.0 1.0
vn 0.0 0.0 1.0
vn 0.0 0.0 1.0
vn 0.0 0.0 1.0
vn 0.0 0.0 1.0
vn 0.0 0.0 1.0
vn -0.0 -0.0 1.0
vn 0.0 0.0 1.0
vn 0.0 0.0 1.0
vn 0.0 0.0 1.0
vn -0.0 -0.0 1.0
vn 0.0 0.0 1.0
vn 0.0 0.0 1.0
vn 0.0 0.0 1.0
vn 0.0 0.0 1.0
vn 0.0 0.0 1.0
vn 0.0 0.0 1.0
vn 0.0 0.0 1.0
vn 0.0 -0.0 1.0
vn 0.0 0.0 1.0
vn 0.0 0.0 1.0
vn 0.0 0.0 1.0
vn 0.0 0.0 1.0
vn 0.0 0.0 1.0
vn 0.0 0.0 1.0
vn 0.0 0.0 1.0
vn 0.0 -0.0 1.0
vn 0.0 0.0 1.0
vn 0.0 0.0 1.0
vn 0.0 0.0 1.0
vn 0.0 0.0 1.0
vn 0.0 0.0 1.0
vn -0.0 -0.0 1.0
vn 0.0 0.0 1.0
vn 0.0 0.0 1.0
vn -0.0 -0.0 1.0
vn 0.0 0.0 1.0
vn 0.0 0.0 1.0
vn 0.0 0.0 1.0
vn 0.0 0.0 1.0
vn 0.0 0.0 1.0
vn 0.0 0.0 1.0
vn 0.0 0.0 1.0
vn 0.0 0.0 1.0
vn 0.0 0.0 1.0
vn 0.0 0.0 1.0
vn 0.0 0.0 1.0
vn 0.0 0.0 1.0
vn 0.0 0.0 1.0
vn 0.0 0.0 1.0
vn -0.0 0.0 1.0
vn -0.0 0.0 1.0
vn -0.0 0.0 1.0
vn -0.0 0.0 1.0
vn 0.0 0.0 1.0
vn 0.0 0.0 1.0
vn -0.0 0.0 1.0
vn 0.0 -0.0 1.0
vn 0.0 -0.0 1.0
vn 0.0 0.0 1.0
vn -0.0 0.0 1.0
vn 0.0 -0.0 1.0
vn 0.0 0.0 1.0
vn 0.0 0.0 1.0
vn 0.0 0.0 1.0
vn 0.0 0.0 1.0
vn 0.0 0.0 1.0
vn 0.0 0.0 1.0
vn 0.0 0.0 1.0
vn 0.0 0.0 1.0
vn 0.0 0.0 1.0
vn 0.0 0.0 1.0
vn 0.0 0.0 1.0
vn 0.0 0.0 1.0
vn -0.0 -0.0 1.0
vn 0.0 0.0 1.0
vn -0.0 -0.0 1.0
vn 0.0 0.0 1.0
vn -0.0 0.0 1.0
vn 0.0 0.0 1.0
vn -0.0 0.0 1.0
vn 0.0 0.0 1.0
vn -0.0 0.0 1.0
vn 0.0 0.0 1.0
vn -0.0 0.0 1.0
vn 0.0 0.0 1.0
vn -0.0 0.0 1.0
vn 0.0 0.0 1.0
vn -0.0 0.0 1.0
vn 0.0 0.0 1.0
vn -0.0 0.0 1.0
vn 0.0 0.0 1.0
vn 0.0 0.0 1.0
vn 0.0 0.0 1.0
vn 0.0 0.0 1.0
vn 0.0 0.0 1.0
vn 0.0 0.0 1.0
vn 0.0 0.0 1.0
vn 0.0 0.0 1.0
vn 0.0 0.0 1.0
vn 0.0 0.0 1.0
vn 0.0 0.0 1.0
vn 0.0 0.0 1.0
vn 0.0 0.0 1.0
vn 0.0 0.0 1.0
vn -0.0 0.0 1.0
vn 0.0 0.0 1.0
vn 0.0 0.0 1.0
vn 0.0 0.0 1.0
vn 0.0 0.0 1.0
vn 0.0 0.0 1.0
vn 0.0 0.0 1.0
vn 0.0 0.0 1.0
vn 0.0 0.0 1.0
vn 0.0 0.0 1.0
vn 0.0 0.0 1.0
vn 0.0 0.0 1.0
vn 0.0 0.0 1.0
vn 0.0 0.0 1.0
vn 0.0 0.0 1.0
vn 0.0 0.0 1.0
vn 0.0 0.0 1.0
vn 0.0 0.0 1.0
vn 0.0 0.0 1.0
vn 0.0 0.0 1.0
vn 0.0 0.0 1.0
vn -0.0 -0.0 1.0
vn 0.0 0.0 1.0
vn 0.0 -0.0 1.0
vn 0.0 -0.0 1.0
vn 0.0 0.0 1.0
vn 0.0 0.0 1.0
vn 0.0 0.0 1.0
vn 0.0 0.0 1.0
vn 0.0 0.0 1.0
vn 0.0 0.0 1.0
vn 0.0 0.0 1.0
vn 0.0 0.0 1.0
vn 0.0 0.0 1.0
vn 0.0 0.0 1.0
vn 0.0 0.0 1.0
vn 0.0 0.0 1.0
vn 0.0 0.0 1.0
vn 0.0 0.0 1.0
vn 0.0 0.0 1.0
vn 0.0 0.0 1.0
vn 0.0 0.0 1.0
vn 0.0 0.0 1.0
vn 0.0 0.0 1.0
vn 0.0 0.0 1.0
vn -0.0 0.0 1.0
vn 0.0 0.0 1.0
vn 0.0 0.0 1.0
vn -0.0 0.0 1.0
vn 0.0 0.0 1.0
vn 0.0 0.0 1.0
vn -0.0 0.0 1.0
vn 0.0 0.0 1.0
vn 0.0 0.0 1.0
vn -0.0 0.0 1.0
vn 0.0 0.0 1.0
vn 0.0 0.0 1.0
vn 0.0 0.0 1.0
vn 0.0 0.0 1.0
vn -0.0 0.0 1.0
vn 0.0 0.0 1.0
vn -0.0 0.0 1.0
vn 0.0 0.0 1.0
vn 0.0 0.0 1.0
vn 0.0 0.0 1.0
vn 0.0 0.0 1.0
vn 0.0 0.0 1.0
vn 0.0 0.0 1.0
vn 0.0 0.0 1.0
vn 0.0 0.0 1.0
vn 0.0 0.0 1.0
vn 0.0 0.0 1.0
vn -0.0 0.0 1.0
vn 0.0 0.0 1.0
vn -0.0 0.0 1.0
vn -0.0 0.0 1.0
vn -0.0 0.0 1.0
vn -0.0 0.0 1.0
vn -0.0 0.0 1.0
vn -0.0 0.0 1.0
vn -0.0 0.0 1.0
vn -0.0 0.0 1.0
vn 0.0 0.0 1.0
vn 0.0 0.0 1.0
vn -0.0 0.0 1.0
vn 0.0 0.0 1.0
vn 0.0 0.0 1.0
vn -0.0 0.0 1.0
vn 0.0 0.0 1.0
vn 0.0 0.0 1.0
vn 0.0 0.0 1.0
vn -0.0 0.0 1.0
vn 0.0 0.0 1.0
vn 0.0 0.0 1.0
vn 0.0 0.0 1.0
vn 0.0 0.0 1.0
vn 0.0 0.0 1.0
vn 0.0 0.0 1.0
vn 0.0 0.0 1.0
vn 0.0 0.0 1.0
vn 0.0 0.0 1.0
vn -0.0 0.0 1.0
vn 0.0 0.0 1.0
vn 0.0 0.0 1.0
vn -0.0 0.0 1.0
vn -0.0 0.0 1.0
vn -0.0 0.0 1.0
vn -0.0 0.0 1.0
vn -0.0 0.0 1.0
vn 0.0 0.0 1.0
vn 0.0 0.0 1.0
vn 0.0 0.0 1.0
vn 0.0 0.0 1.0
vn 0.0 0.0 1.0
vn 0.0 0.0 1.0
vn 0.0 0.0 1.0
vn 0.0 0.0 1.0
vn 0.0 0.0 1.0
vn -0.0 0.0 1.0
vn -0.0 0.0 1.0
vn -0.0 0.0 1.0
vn -0.0 0.0 1.0
vn -0.0 0.0 1.0
vn 0.0 0.0 1.0
vn 0.0 0.0 1.0
vn 0.0 0.0 1.0
vn 0.0 0.0 1.0
vn 0.0 0.0 1.0
vn 0.0 0.0 1.0
vn 0.0 0.0 1.0
vn 0.0 0.0 1.0
vn 0.0 0.0 1.0
vn -0.0 0.0 1.0
vn -0.0 0.0 1.0
vn 0.0 0.0 1.0
vn -0.0 0.0 1.0
vn 0.0 0.0 1.0
vn 0.0 0.0 1.0
vn 0.0 0.0 1.0
vn 0.0 0.0 1.0
vn 0.0 0.0 1.0
vn 0.0 0.0 1.0
vn 0.0 0.0 1.0
vn -0.0 0.0 1.0
vn -0.0 0.0 1.0
vn -0.0 0.0 1.0
vn 0.0 0.0 1.0
vn 0.0 0.0 1.0
vn 0.0 0.0 1.0
vn -0.0 0.0 1.0
vn -0.0 0.0 1.0
vn -0.0 0.0 1.0
vn -0.0 0.0 1.0
vn 0.0 0.0 1.0
vn 0.0 0.0 1.0
vn 0.0 0.0 1.0
vn 0.0 0.0 1.0
vn 0.0 0.0 1.0
vn 0.0 0.0 1.0
vn -0.0 0.0 1.0
vn 0.0 0.0 1.0
vn 0.0 0.0 1.0
vn 0.0 0.0 1.0
vn 0.0 0.0 1.0
vn 0.0 0.0 1.0
vn 0.0 0.0 1.0
vn 0.0 0.0 1.0
vn -0.0 0.0 1.0
vn 0.0 0.0 1.0
vn 0.0 0.0 1.0
vn 0.0 0.0 1.0
vn 0.0 0.0 1.0
vn 0.0 0.0 1.0
vn 0.0 0.0 1.0
vn 0.0 0.0 1.0
vn 0.0 0.0 1.0
vn 0.0 0.0 1.0
vn 0.0 0.0 1.0
vn 0.0 0.0 1.0
vn 0.0 0.0 1.0
vn 0.0 0.0 1.0
vn 0.0 0.0 1.0
vn 0.0 0.0 1.0
vn 0.0 0.0 1.0
vn 0.0 0.0 1.0
vn 0.0 0.0 1.0
vn 0.0 0.0 1.0
vn 0.0 0.0 1.0
vn 0.0 0.0 1.0
vn 0.0 0.0 1.0
vn -0.0 0.0 1.0
vn 0.0 0.0 1.0
vn 0.0 0.0 1.0
vn -0.0 0.0 1.0
vn 0.0 0.0 1.0
vn 0.0 0.0 1.0
vn 0.0 0.0 1.0
vn 0.0 0.0 1.0
vn -0.0 0.0 1.0
vn -0.0 0.0 1.0
vn -0.0 0.0 1.0
vn -0.0 0.0 1.0
vn -0.0 0.0 1.0
vn -0.0 0.0 1.0
vn -0.0 0.0 1.0
vn -0.0 0.0 1.0
vn -0.0 0.0 1.0
vn -0.0 0.0 1.0
vn -0.0 0.0 1.0
vn 0.0 0.0 1.0
vn 0.0 0.0 1.0
vn 0.0 0.0 1.0
vn 0.0 0.0 1.0
vn 0.0 0.0 1.0
vn 0.0 0.0 1.0
vn 0.0 0.0 1.0
vn 0.0 0.0 1.0
vn 0.0 0.0 1.0
vn 0.0 0.0 1.0
vn 0.0 0.0 1.0
vn 0.0 0.0 1.0
vn 0.0 0.0 1.0
vn 0.0 0.0 1.0
vn 0.0 0.0 1.0
vn 0.0 0.0 1.0
vn 0.0 0.0 1.0
vn 0.0 0.0 1.0
vn 0.0 0.0 1.0
vn 0.0 0.0 1.0
vn 0.0 0.0 1.0
vn 0.0 0.0 1.0
vn 0.0 0.0 1.0
vn 0.0 0.0 1.0
vn 0.0 0.0 1.0
vn 0.0 0.0 1.0
vn 0.0 0.0 1.0
vn 0.0 0.0 1.0
vn 0.0 0.0 1.0
vn 0.0 0.0 1.0
vn 0.0 0.0 1.0
vn 0.0 0.0 1.0
vn -0.0 0.0 1.0
vn 0.0 0.0 1.0
vn 0.0 0.0 1.0
vn 0.0 0.0 1.0
vn 0.0 0.0 1.0
vn 0.0 0.0 1.0
vn 0.0 0.0 1.0
vn 0.0 0.0 1.0
vn 0.0 0.0 1.0
vn 0.0 0.0 1.0
vn 0.0 0.0 1.0
vn 0.0 0.0 1.0
vn 0.0 0.0 1.0
vn 0.0 0.0 1.0
vn 0.0 0.0 1.0
vn 0.0 0.0 1.0
vn 0.0 0.0 1.0
vn 0.0 0.0 1.0
vn 0.0 0.0 1.0
vn 0.0 0.0 1.0
vn 0.0 0.0 1.0
vn -0.0 -0.0 1.0
vn 0.0 0.0 1.0
vn 0.0 0.0 1.0
vn 0.0 0.0 1.0
vn -0.0 -0.0 1.0
vn 0.0 0.0 1.0
vn 0.0 0.0 1.0
vn 0.0 0.0 1.0
vn 0.0 0.0 1.0
vn 0.0 0.0 1.0
vn 0.0 0.0 1.0
vn 0.0 0.0 1.0
vn 0.0 -0.0 1.0
vn 0.0 0.0 1.0
vn 0.0 0.0 1.0
vn 0.0 0.0 1.0
vn 0.0 0.0 1.0
vn 0.0 0.0 1.0
vn 0.0 0.0 1.0
vn 0.0 0.0 1.0
vn 0.0 -0.0 1.0
vn 0.0 0.0 1.0
vn 0.0 0.0 1.0
vn 0.0 0.0 1.0
vn 0.0 0.0 1.0
vn 0.0 0.0 1.0
vn -0.0 -0.0 1.0
vn 0.0 0.0 1.0
vn 0.0 0.0 1.0
vn -0.0 -0.0 1.0
vn 0.0 0.0 1.0
vn 0.0 0.0 1.0
vn 0.0 0.0 1.0
vn 0.0 0.0 1.0
vn 0.0 0.0 1.0
vn 0.0 0.0 1.0
vn 0.0 0.0 1.0
vn 0.0 0.0 1.0
vn 0.0 0.0 1.0
vn -0.0 0.0 1.0
vn 0.0 0.0 1.0
vn 0.0 0.0 1.0
vn 0.0 0.0 1.0
vn -0.0 0.0 1.0
vn 0.0 -0.0 1.0
vn 0.0 0.0 1.0
vn 0.0 0.0 1.0
vn 0.0 0.0 1.0
vn 0.0 0.0 1.0
vn 0.0 -0.0 1.0
vn 0.0 0.0 1.0
vn 0.0 -0.0 1.0
vn 0.0 0.0 1.0
vn 0.0 0.0 1.0
vn 0.0 0.0 1.0
vn 0.0 0.0 1.0
vn -0.0 0.0 1.0
vn 0.0 0.0 1.0
vn 0.0 0.0 1.0
vn -0.0 0.0 1.0
vn 0.0 0.0 1.0
vn 0.0 0.0 1.0
vn 0.0 0.0 1.0
vn 0.0 0.0 1.0
vn -0.0 0.0 1.0
vn 0.0 0.0 1.0
vn 0.0 0.0 1.0
vn 0.0 0.0 1.0
vn 0.0 0.0 1.0
vn -0.0 0.0 1.0
vn 0.0 0.0 1.0
vn 0.0 0.0 1.0
vn 0.0 0.0 1.0
vn 0.0 0.0 1.0
vn 0.0 0.0 1.0
vn 0.0 0.0 1.0
vn 0.0 0.0 1.0
vn 0.0 0.0 1.0
vn 0.0 0.0 1.0
vn 0.0 0.0 1.0
vn 0.0 0.0 1.0
vn 0.0 0.0 1.0
vn 0.0 0.0 1.0
vn 0.0 0.0 1.0
vn -0.0 0.0 1.0
vn -0.0 -0.0 1.0
vn 0.0 0.0 1.0
vn 0.0 0.0 1.0
vn 0.0 0.0 1.0
vn 0.0 0.0 1.0
vn 0.0 0.0 1.0
vn 0.0 0.0 1.0
vn 0.0 0.0 1.0
vn 0.0 0.0 1.0
vn 0.0 0.0 1.0
vn 0.0 0.0 1.0
vn 0.0 0.0 1.0
vn 0.0 0.0 1.0
vn 0.0 0.0 1.0
vn 0.0 0.0 1.0
vn 0.0 0.0 1.0
vn 0.0 0.0 1.0
vn 0.0 0.0 1.0
vn 0.0 0.0 1.0
vn -0.0 0.0 1.0
vn 0.0 0.0 1.0
vn 0.0 0.0 1.0
vn 0.0 0.0 1.0
vn 0.0 0.0 1.0
vn 0.0 0.0 1.0
vn 0.0 0.0 1.0
vn 0.0 0.0 1.0
vn 0.0 -0.0 1.0
vn 0.0 0.0 1.0
vn -0.0 0.0 1.0
vn 0.0 0.0 1.0
vn -0.0 0.0 1.0
vn 0.0 0.0 1.0
vn 0.0 0.0 1.0
vn 0.0 0.0 1.0
vn 0.0 0.0 1.0
vn 0.0 0.0 1.0
vn 0.0 0.0 1.0
vn 0.0 0.0 1.0
vn 0.0 0.0 1.0
vn 0.0 0.0 1.0
vn 0.0 0.0 1.0
vn 0.0 0.0 1.0
vn 0.0 0.0 1.0
vn 0.0 0.0 1.0
vn 0.0 0.0 1.0
vn 0.0 0.0 1.0
vn 0.0 0.0 1.0
vn 0.0 0.0 1.0
vn 0.0 0.0 1.0
vn 0.0 0.0 1.0
vn 0.0 0.0 1.0
vn 0.0 0.0 1.0
vn -0.0 0.0 1.0
vn 0.0 0.0 1.0
vn 0.0 0.0 1.0
vn 0.0 0.0 1.0
vn 0.0 0.0 1.0
vn 0.0 0.0 1.0
vn -0.0 0.0 1.0
vn 0.0 0.0 1.0
vn 0.0 0.0 1.0
vn -0.0 0.0 1.0
vn -0.0 0.0 1.0
vn 0.0 0.0 1.0
vn -0.0 0.0 1.0
vn 0.0 0.0 1.0
vn 0.0 -0.0 1.0
vn 0.0 0.0 1.0
vn 0.0 0.0 1.0
vn 0.0 0.0 1.0
vn 0.0 0.0 1.0
vn 0.0 0.0 1.0
vn 0.0 0.0 1.0
vn -0.0 0.0 1.0
vn 0.0 0.0 1.0
vn 0.0 0.0 1.0
vn -0.0 0.0 1.0
vn 0.0 0.0 1.0
vn -0.0 0.0 1.0
vn 0.0 0.0 1.0
vn -0.0 -0.0 1.0
vn 0.0 0.0 1.0
vn -0.0 0.0 1.0
vn -0.0 0.0 1.0
vn 0.0 0.0 1.0
vn -0.0 0.0 1.0
vn 0.0 0.0 1.0
vn -0.0 0.0 1.0
vn -0.0 -0.0 1.0
vn 0.0 0.0 1.0
vn 0.0 0.0 1.0
vn 0.0 0.0 1.0
vn 0.0 0.0 1.0
vn 0.0 -0.0 1.0
vn 0.0 0.0 1.0
vn 0.0 0.0 1.0
vn 0.0 0.0 1.0
vn 0.0 0.0 1.0
vn 0.0 0.0 1.0
vn 0.0 0.0 1.0
vn 0.0 0.0 1.0
vn 0.0 0.0 1.0
vn 0.0 0.0 1.0
vn 0.0 0.0 1.0
vn 0.0 0.0 1.0
vn 0.0 0.0 1.0
vn -0.0 0.0 1.0
vn 0.0 0.0 1.0
vn 0.0 0.0 1.0
vn 0.0 0.0 1.0
vn 0.0 0.0 1.0
vn 0.0 0.0 1.0
vn 0.0 0.0 1.0
vn 0.0 0.0 1.0
vn 0.0 0.0 1.0
vn 0.0 0.0 1.0
vn 0.0 0.0 1.0
vn 0.0 0.0 1.0
vn 0.0 0.0 1.0
vn 0.0 0.0 1.0
vn 0.0 0.0 1.0
vn 0.0 0.0 1.0
vn 0.0 0.0 1.0
vn -0.0 -0.0 1.0
vn 0.0 0.0 1.0
vn 0.0 0.0 1.0
vn 0.0 0.0 1.0
vn 0.0 0.0 1.0
vn 0.0 0.0 1.0
vn 0.0 0.0 1.0
vn 0.0 0.0 1.0
vn 0.0 0.0 1.0
vn 0.0 0.0 1.0
vn 0.0 0.0 1.0
vn 0.0 0.0 1.0
vn 0.0 0.0 1.0
vn 0.0 0.0 1.0
vn 0.0 0.0 1.0
vn 0.0 0.0 1.0
vn 0.0 0.0 1.0
vn 0.0 0.0 1.0
vn 0.0 0.0 1.0
vn 0.0 0.0 1.0
vn 0.0 0.0 1.0
vn -0.0 0.0 1.0
vn -0.0 0.0 1.0
vn -0.0 0.0 1.0
vn 0.0 0.0 1.0
vn 0.0 0.0 1.0
vn 0.0 0.0 1.0
vn -0.0 0.0 1.0
vn 0.0 0.0 1.0
vn 0.0 0.0 1.0
vn 0.0 0.0 1.0
vn 0.0 0.0 1.0
vn -0.0 0.0 1.0
vn -0.0 0.0 1.0
vn -0.0 0.0 1.0
vn 0.0 0.0 1.0
vn 0.0 0.0 1.0
vn 0.0 0.0 1.0
vn 0.0 0.0 1.0
vn 0.0 0.0 1.0
vn 0.0 0.0 1.0
vn 0.0 0.0 1.0
vn 0.0 0.0 1.0
vn 0.0 0.0 1.0
vn 0.0 0.0 1.0
vn 0.0 0.0 1.0
vn 0.0 0.0 1.0
vn -0.0 0.0 1.0
vn 0.0 0.0 1.0
vn -0.0 0.0 1.0
vn -0.0 0.0 1.0
vn 0.0 0.0 1.0
vn -0.0 0.0 1.0
vn -0.0 0.0 1.0
vn 0.0 -0.0 1.0
vn 0.0 0.0 1.0
vn 0.0 0.0 1.0
vn 0.0 0.0 1.0
vn 0.0 0.0 1.0
vn 0.0 -0.0 1.0
vn 0.0 0.0 1.0
vn 0.0 0.0 1.0
vn 0.0 0.0 1.0
vn -0.0 -0.0 1.0
vn 0.0 0.0 1.0
vn 0.0 -0.0 1.0
vn 0.0 0.0 1.0
vn 0.0 0.0 1.0
vn 0.0 0.0 1.0
vn -0.0 -0.0 1.0
vn -0.0 -0.0 1.0
vn 0.0 0.0 1.0
vn 0.0 0.0 1.0
vn -0.0 0.0 1.0
vn -0.0 0.0 1.0
vn -0.0 0.0 1.0
vn 0.0 0.0 1.0
vn 0.0 0.0 1.0
vn 0.0 0.0 1.0
vn 0.0 0.0 1.0
vn 0.0 0.0 1.0
vn 0.0 0.0 1.0
vn 0.0 0.0 1.0
vn 0.0 0.0 1.0
vn 0.0 0.0 1.0
vn 0.0 0.0 1.0
vn 0.0 0.0 1.0
vn 0.0 0.0 1.0
vn 0.0 0.0 -1.0
vn 0.0 0.0 -1.0
vn 0.0 0.0 -1.0
vn 0.0 0.0 -1.0
vn 0.0 0.0 -1.0
vn 0.0 0.0 -1.0
vn 0.0 0.0 -1.0
vn 0.0 0.0 -1.0
vn 0.0 0.0 -1.0
vn 0.0 0.0 -1.0
vn 0.0 0.0 -1.0
vn 0.0 0.0 -1.0
vn 0.0 0.0 -1.0
vn 0.0 0.0 -1.0
vn 0.0 0.0 -1.0
vn 0.0 0.0 -1.0
vn 0.0 0.0 -1.0
vn 0.0 0.0 -1.0
vn 0.0 0.0 -1.0
vn 0.0 0.0 -1.0
vn -0.0 0.0 -1.0
vn 0.0 0.0 -1.0
vn 0.0 0.0 -1.0
vn 0.0 0.0 -1.0
vn 0.0 0.0 -1.0
vn 0.0 0.0 -1.0
vn 0.0 0.0 -1.0
vn 0.0 0.0 -1.0
vn 0.0 0.0 -1.0
vn 0.0 -0.0 -1.0
vn 0.0 0.0 -1.0
vn 0.0 0.0 -1.0
vn 0.0 0.0 -1.0
vn 0.0 0.0 -1.0
vn 0.0 0.0 -1.0
vn 0.0 0.0 -1.0
vn 0.0 0.0 -1.0
vn 0.0 0.0 -1.0
vn 0.0 0.0 -1.0
vn 0.0 0.0 -1.0
vn 0.0 0.0 -1.0
vn 0.0 0.0 -1.0
vn 0.0 0.0 -1.0
vn 0.0 0.0 -1.0
vn 0.0 0.0 -1.0
vn 0.0 0.0 -1.0
vn 0.0 0.0 -1.0
vn 0.0 0.0 -1.0
vn 0.0 0.0 -1.0
vn 0.0 0.0 -1.0
vn 0.0 0.0 -1.0
vn 0.0 0.0 -1.0
vn 0.0 0.0 -1.0
vn 0.0 0.0 -1.0
vn 0.0 0.0 -1.0
vn 0.0 0.0 -1.0
vn 0.0 0.0 -1.0
vn 0.0 0.0 -1.0
vn 0.0 0.0 -1.0
vn 0.0 0.0 -1.0
vn 0.0 0.0 -1.0
vn 0.0 0.0 -1.0
vn 0.0 0.0 -1.0
vn 0.0 0.0 -1.0
vn 0.0 0.0 -1.0
vn 0.0 0.0 -1.0
vn 0.0 0.0 -1.0
vn 0.0 0.0 -1.0
vn 0.0 0.0 -1.0
vn 0.0 0.0 -1.0
vn 0.0 0.0 -1.0
vn 0.0 0.0 -1.0
vn 0.0 0.0 -1.0
vn 0.0 0.0 -1.0
vn -0.0 0.0 -1.0
vn 0.0 0.0 -1.0
vn 0.0 0.0 -1.0
vn 0.0 0.0 -1.0
vn 0.0 0.0 -1.0
vn 0.0 0.0 -1.0
vn 0.0 0.0 -1.0
vn 0.0 0.0 -1.0
vn 0.0 0.0 -1.0
vn 0.0 0.0 -1.0
vn 0.0 0.0 -1.0
vn 0.0 0.0 -1.0
vn 0.0 0.0 -1.0
vn 0.0 0.0 -1.0
vn 0.0 0.0 -1.0
vn 0.0 0.0 -1.0
vn 0.0 0.0 -1.0
vn 0.0 0.0 -1.0
vn 0.0 0.0 -1.0
vn 0.0 0.0 -1.0
vn 0.0 0.0 -1.0
vn 0.0 0.0 -1.0
vn 0.0 0.0 -1.0
vn 0.0 0.0 -1.0
vn 0.0 0.0 -1.0
vn 0.0 0.0 -1.0
vn 0.0 0.0 -1.0
vn 0.0 0.0 -1.0
vn 0.0 0.0 -1.0
vn 0.0 0.0 -1.0
vn 0.0 0.0 -1.0
vn 0.0 0.0 -1.0
vn -0.0 0.0 -1.0
vn -0.0 0.0 -1.0
vn -0.0 0.0 -1.0
vn 0.0 0.0 -1.0
vn 0.0 0.0 -1.0
vn 0.0 0.0 -1.0
vn 0.0 0.0 -1.0
vn 0.0 0.0 -1.0
vn -0.0 0.0 -1.0
vn -0.0 0.0 -1.0
vn 0.0 0.0 -1.0
vn 0.0 0.0 -1.0
vn 0.0 0.0 -1.0
vn 0.0 0.0 -1.0
vn 0.0 0.0 -1.0
vn 0.0 0.0 -1.0
vn 0.0 0.0 -1.0
vn 0.0 0.0 -1.0
vn 0.0 0.0 -1.0
vn 0.0 0.0 -1.0
vn 0.0 0.0 -1.0
vn 0.0 0.0 -1.0
vn -0.0 0.0 -1.0
vn -1.0 0.0 0.0
vn -1.0 -0.0 0.0
vn -1.0 0.0 0.0
vn -1.0 -0.0 0.0
vn 0.0 1.0 -0.0
vn 0.0 1.0 0.0
vn 0.0 1.0 0.0
vn 0.0 1.0 -0.0
vn 0.0 1.0 0.0
vn 0.0 1.0 0.0
vn 0.0 1.0 -0.0
vn 0.0 1.0 -0.0
vn 0.0 1.0 0.0
vn 0.0 1.0 0.0
vn 0.0 -1.0 0.0
vn 0.0 -1.0 -0.0
vn 0.453982 -0.891011 0.0
vn 0.453982 -0.891011 0.0
vn 0.707108 -0.707105 0.0
vn 0.707108 -0.707105 0.0
vn 0.891013 -0.453979 0.0
vn 0.891013 -0.453979 0.0
vn 0.790193 -0.612858 0.0
vn 0.790193 -0.612858 0.0
vn 0.031439 -0.999506 0.0
vn 0.031439 -0.999506 0.0
vn 0.094072 -0.995565 0.0
vn 0.094072 -0.995565 0.0
vn 0.279051 -0.960276 0.0
vn 0.279051 -0.960276 0.0
vn 0.999506 -0.031436 0.0
vn 0.999506 -0.031436 0.0
vn 0.218074 -0.975932 0.0
vn 0.218074 -0.975932 0.0
vn 0.940884 -0.33873 0.0
vn 0.940884 -0.33873 0.0
vn 0.397155 -0.917752 0.0
vn 0.397155 -0.917752 0.0
vn 0.661339 -0.750087 0.0
vn 0.661339 -0.750087 0.0
vn 0.960278 -0.279044 0.0
vn 0.960278 -0.279044 0.0
vn 0.975931 -0.218078 0.0
vn 0.975931 -0.218078 0.0
vn 0.338722 -0.940886 0.0
vn 0.338722 -0.940886 0.0
vn 0.860754 -0.509022 0.0
vn 0.860754 -0.509022 0.0
vn 0.827059 -0.562116 0.0
vn 0.827059 -0.562116 0.0
vn 0.995565 -0.094075 0.0
vn 0.995565 -0.094075 0.0
vn 0.987681 -0.156483 0.0
vn 0.987681 -0.156483 0.0
vn 0.750085 -0.661342 0.0
vn 0.750085 -0.661342 0.0
vn 0.562116 -0.827059 0.0
vn 0.562116 -0.827059 0.0
vn 0.156483 -0.987681 0.0
vn 0.156483 -0.987681 0.0
vn 0.509019 -0.860755 0.0
vn 0.509019 -0.860755 0.0
vn 0.612861 -0.790191 0.0
vn 0.612861 -0.790191 0.0
vn 0.917752 -0.397155 0.0
vn 0.917752 -0.397155 0.0
vn 0.995565 0.094075 0.0
vn 0.995565 0.094075 0.0
vn 0.999506 0.031436 0.0
vn 0.999506 0.031436 0.0
vn 0.156483 0.987681 -0.0
vn 0.156483 0.987681 0.0
vn 0.960278 0.279044 0.0
vn 0.960278 0.279044 0.0
vn 0.562116 0.827059 -0.0
vn 0.562116 0.827059 0.0
vn 0.860754 0.509022 0.0
vn 0.860754 0.509022 0.0
vn 0.612861 0.790191 -0.0
vn 0.612861 0.790191 0.0
vn 0.509019 0.860755 -0.0
vn 0.509019 0.860755 0.0
vn 0.707108 0.707105 -0.0
vn 0.707108 0.707105 0.0
vn 0.750085 0.661342 0.0
vn 0.750085 0.661342 0.0
vn 0.917752 0.397155 0.0
vn 0.917752 0.397155 0.0
vn 0.891013 0.453979 0.0
vn 0.891013 0.453979 0.0
vn 0.094072 0.995565 -0.0
vn 0.094072 0.995565 0.0
vn 0.453982 0.891011 -0.0
vn 0.453982 0.891011 0.0
vn 0.661339 0.750087 -0.0
vn 0.661339 0.750087 0.0
vn 0.218074 0.975932 -0.0
vn 0.218074 0.975932 0.0
vn 0.790193 0.612858 0.0
vn 0.790193 0.612858 0.0
vn 0.827059 0.562116 0.0
vn 0.827059 0.562116 0.0
vn 0.397155 0.917752 -0.0
vn 0.397155 0.917752 0.0
vn 0.975931 0.218078 0.0
vn 0.975931 0.218078 0.0
vn 0.940884 0.33873 0.0
vn 0.940884 0.33873 0.0
vn 0.987681 0.156483 0.0
vn 0.987681 0.156483 0.0
vn 0.031439 0.999506 -0.0
vn 0.031439 0.999506 0.0
vn 0.279051 0.960276 -0.0
vn 0.279051 0.960276 0.0
vn 0.338722 0.940886 -0.0
vn 0.338722 0.940886 0.0
vn -0.995565 -0.094075 0.0
vn -0.995565 -0.094075 0.0
vn -0.999506 -0.031439 0.0
vn -0.999506 -0.031439 0.0
vn -0.940881 0.338736 0.0
vn -0.940881 0.338736 0.0
vn -0.338722 0.940886 0.0
vn -0.338722 0.940886 0.0
vn -0.397155 -0.917752 0.0
vn -0.397155 -0.917752 -0.0
vn -0.612859 0.790192 0.0
vn -0.612859 0.790192 0.0
vn -0.975931 0.21808 0.0
vn -0.975931 0.21808 0.0
vn -0.860762 0.509008 0.0
vn -0.860762 0.509008 0.0
vn -0.031438 0.999506 0.0
vn -0.031438 0.999506 0.0
vn 0.218076 -0.975932 0.0
vn 0.218076 -0.975932 0.0
vn 0.397155 0.917752 -0.0
vn 0.397155 0.917752 0.0
vn -0.156482 0.987681 0.0
vn -0.156482 0.987681 0.0
vn -0.790191 0.61286 0.0
vn -0.790191 0.61286 0.0
vn 0.031438 0.999506 -0.0
vn 0.031438 0.999506 0.0
vn -0.960279 0.279042 0.0
vn -0.960279 0.279042 0.0
vn -0.999506 0.031439 0.0
vn -0.999506 0.031439 0.0
vn -0.562117 -0.827058 0.0
vn -0.562117 -0.827058 -0.0
vn -0.509019 0.860755 0.0
vn -0.509019 0.860755 0.0
vn -0.661341 -0.750086 0.0
vn -0.661341 -0.750086 -0.0
vn -0.860762 -0.509008 0.0
vn -0.860762 -0.509008 0.0
vn -0.509019 -0.860755 0.0
vn -0.509019 -0.860755 -0.0
vn -0.279051 -0.960276 0.0
vn -0.279051 -0.960276 -0.0
vn -0.790191 -0.61286 0.0
vn -0.790191 -0.61286 0.0
vn 0.279051 0.960276 -0.0
vn 0.279051 0.960276 0.0
vn -0.562117 0.827058 0.0
vn -0.562117 0.827058 0.0
vn -0.279051 0.960276 0.0
vn -0.279051 0.960276 0.0
vn 0.094073 0.995565 -0.0
vn 0.094073 0.995565 0.0
vn 0.279051 -0.960276 0.0
vn 0.279051 -0.960276 0.0
vn 0.031438 -0.999506 0.0
vn 0.031438 -0.999506 0.0
vn -0.707107 0.707107 0.0
vn -0.707107 0.707107 0.0
vn -0.031438 -0.999506 0.0
vn -0.031438 -0.999506 -0.0
vn -0.827059 0.562116 0.0
vn -0.827059 0.562116 0.0
vn 0.156482 0.987681 -0.0
vn 0.156482 0.987681 0.0
vn -0.156482 -0.987681 0.0
vn -0.156482 -0.987681 -0.0
vn -0.661341 0.750086 0.0
vn -0.661341 0.750086 0.0
vn -0.453982 -0.891011 0.0
vn -0.453982 -0.891011 -0.0
vn -0.995565 0.094075 0.0
vn -0.995565 0.094075 0.0
vn -0.975931 -0.21808 0.0
vn -0.975931 -0.21808 0.0
vn -0.917751 -0.397157 0.0
vn -0.917751 -0.397157 0.0
vn -0.891009 0.453985 0.0
vn -0.891009 0.453985 0.0
vn -0.453982 0.891011 0.0
vn -0.453982 0.891011 0.0
vn -0.891009 -0.453985 0.0
vn -0.891009 -0.453985 0.0
vn -0.960279 -0.279042 0.0
vn -0.960279 -0.279042 0.0
vn 0.156482 -0.987681 0.0
vn 0.156482 -0.987681 0.0
vn -0.397155 0.917752 0.0
vn -0.397155 0.917752 0.0
vn 0.094073 -0.995565 0.0
vn 0.094073 -0.995565 0.0
vn 0.509039 0.860743 -0.0
vn 0.509039 0.860743 0.0
vn -0.094073 0.995565 0.0
vn -0.094073 0.995565 0.0
vn 0.397155 -0.917752 0.0
vn 0.397155 -0.917752 0.0
vn -0.612859 -0.790192 0.0
vn -0.612859 -0.790192 -0.0
vn -0.094073 -0.995565 0.0
vn -0.094073 -0.995565 -0.0
vn -0.750085 0.661341 0.0
vn -0.750085 0.661341 0.0
vn -0.218076 0.975932 0.0
vn -0.218076 0.975932 0.0
vn 0.509039 -0.860743 0.0
vn 0.509039 -0.860743 0.0
vn 0.338722 -0.940886 0.0
vn 0.338722 -0.940886 0.0
vn -0.827059 -0.562116 0.0
vn -0.827059 -0.562116 0.0
vn 0.218076 0.975932 -0.0
vn 0.218076 0.975932 0.0
vn -0.940881 -0.338736 0.0
vn -0.940881 -0.338736 0.0
vn -0.707107 -0.707107 0.0
vn -0.707107 -0.707107 -0.0
vn -0.987682 -0.156475 0.0
vn -0.987682 -0.156475 0.0
vn -0.917751 0.397157 0.0
vn -0.917751 0.397157 0.0
vn -0.218076 -0.975932 0.0
vn -0.218076 -0.975932 -0.0
vn -0.750085 -0.661341 0.0
vn -0.750085 -0.661341 0.0
vn -0.338722 -0.940886 0.0
vn -0.338722 -0.940886 -0.0
vn -0.987682 0.156475 0.0
vn -0.987682 0.156475 0.0
vn 0.338722 0.940886 -0.0
vn 0.338722 0.940886 0.0
vn 0.453982 -0.891011 0.0
vn 0.453982 -0.891011 0.0
vn 0.453982 0.891011 -0.0
vn 0.453982 0.891011 0.0
vn -1.0 0.0 0.0
vn -1.0 -0.0 0.0
vn 0.0 0.0 -1.0
vn -0.0 0.0 -1.0
vn 1.0 -0.0 0.0
vn 1.0 0.0 0.0
vn 0.0 1.0 -0.0
vn 0.0 1.0 0.0
vn -1.0 0.0 0.0
vn -1.0 -0.0 0.0
vn 0.0 0.0 -1.0
vn -0.0 0.0 -1.0
vn 1.0 -0.0 0.0
vn 1.0 0.0 0.0
vn 0.0 1.0 -0.0
vn 0.0 1.0 0.0
vn -0.0 0.0 1.0
vn 0.0 0.0 1.0
vn -0.0 0.0 1.0
vn 0.0 0.0 1.0
vn -0.0 0.0 1.0
vn 0.0 0.0 1.0
vn 0.0 0.0 1.0
vn -0.0 0.0 1.0
vn -0.0 0.0 1.0
vn 0.0 0.0 1.0
vn 0.0 0.0 1.0
vn 0.0 0.0 1.0
vn 0.0 0.0 1.0
vn 0.0 0.0 1.0
vn 0.0 0.0 1.0
vn 0.0 0.0 1.0
vn 0.0 0.0 1.0
vn 0.0 0.0 1.0
vn -0.0 0.0 1.0
vn -0.0 0.0 1.0
vn 0.0 0.0 1.0
vn 0.0 0.0 1.0
vn 0.0 0.0 1.0
vn 0.0 0.0 1.0
vn 0.0 0.0 1.0
vn 0.0 0.0 1.0
vn 0.0 0.0 1.0
vn 0.0 0.0 1.0
vn 0.0 0.0 1.0
vn 0.0 0.0 1.0
vn 0.0 0.0 1.0
vn 0.0 0.0 1.0
vn 0.0 0.0 1.0
vn 0.0 0.0 1.0
vn 0.0 0.0 1.0
vn 0.0 0.0 1.0
vn 0.0 0.0 1.0
vn 0.0 0.0 1.0
vn 0.0 0.0 1.0
vn -0.0 0.0 1.0
vn 0.0 0.0 1.0
vn -0.0 0.0 1.0
vn -0.0 0.0 1.0
vn 0.0 0.0 1.0
vn 0.0 0.0 1.0
vn -0.0 0.0 1.0
vn 0.0 0.0 1.0
vn 0.0 0.0 1.0
vn -0.0 0.0 1.0
vn 0.0 0.0 1.0
vn 0.0 0.0 1.0
vn 0.0 0.0 1.0
vn 0.0 0.0 1.0
vn -0.0 0.0 1.0
vn 0.0 0.0 1.0
vn 0.0 0.0 1.0
vn 0.0 0.0 1.0
vn 0.0 0.0 1.0
vn -0.0 0.0 1.0
vn 0.0 0.0 1.0
vn 0.0 0.0 1.0
vn 0.0 0.0 1.0
vn 0.0 0.0 1.0
vn 0.0 0.0 1.0
vn 0.0 0.0 1.0
vn 0.0 0.0 1.0
vn 0.0 0.0 1.0
vn 0.0 0.0 1.0
vn 0.0 0.0 1.0
vn 0.0 0.0 1.0
vn 0.0 0.0 1.0
vn 0.0 0.0 1.0
vn 0.0 0.0 1.0
vn 0.0 0.0 1.0
vn 0.0 0.0 1.0
vn 0.0 0.0 1.0
vn 0.0 0.0 1.0
vn 0.0 0.0 1.0
vn 0.0 0.0 1.0
vn 0.0 0.0 1.0
vn 0.0 0.0 1.0
vn 0.0 0.0 1.0
vn 0.0 0.0 1.0
vn 0.0 0.0 1.0
vn 0.0 0.0 1.0
vn 0.0 0.0 1.0
vn 0.0 0.0 1.0
vn 0.0 0.0 1.0
vn 0.0 0.0 1.0
vn 0.0 0.0 1.0
vn 0.0 0.0 1.0
vn 0.0 0.0 1.0
vn -0.0 0.0 1.0
vn 0.0 0.0 1.0
vn 0.0 0.0 1.0
vn 0.0 0.0 1.0
vn 0.0 0.0 1.0
vn 0.0 0.0 1.0
vn -0.0 0.0 1.0
vn 0.0 0.0 1.0
vn 0.0 0.0 1.0
vn 0.0 0.0 1.0
vn 0.0 0.0 1.0
vn 0.0 0.0 1.0
vn 0.0 0.0 1.0
vn 0.0 0.0 1.0
vn 0.0 0.0 1.0
vn 0.0 -0.0 1.0
vn 0.0 0.0 1.0
vn 0.0 0.0 1.0
vn 0.0 0.0 1.0
vn 0.0 0.0 1.0
vn -0.0 0.0 1.0
vn -0.0 0.0 1.0
vn 0.0 0.0 1.0
vn -0.0 0.0 1.0
vn -0.0 0.0 1.0
vn -0.0 0.0 1.0
vn -0.0 0.0 1.0
vn 0.0 0.0 1.0
vn -0.0 0.0 1.0
vn 0.0 0.0 1.0
vn 0.0 0.0 1.0
vn 0.0 0.0 1.0
vn 0.0 0.0 1.0
vn -0.0 0.0 1.0
vn 0.0 0.0 1.0
vn -0.0 0.0 1.0
vn 0.0 0.0 1.0
vn 0.0 0.0 1.0
vn 0.0 0.0 1.0
vn -0.0 0.0 1.0
vn 0.0 0.0 1.0
vn 0.0 0.0 1.0
vn 0.0 0.0 1.0
vn 0.0 0.0 1.0
vn 0.0 0.0 1.0
vn 0.0 0.0 1.0
vn 0.0 0.0 1.0
vn 0.0 0.0 1.0
vn 0.0 0.0 1.0
vn 0.0 0.0 1.0
vn 0.0 0.0 1.0
vn 0.0 0.0 1.0
vn 0.0 0.0 1.0
vn -0.0 0.0 1.0
vn 0.0 0.0 1.0
vn 0.0 0.0 1.0
vn -0.0 0.0 1.0
vn -0.0 0.0 1.0
vn -0.0 0.0 1.0
vn -0.0 0.0 1.0
vn 0.0 0.0 1.0
vn -0.0 0.0 1.0
vn 0.0 0.0 1.0
vn 0.0 0.0 1.0
vn 0.0 0.0 1.0
vn 0.0 0.0 1.0
vn -0.0 0.0 1.0
vn 0.0 0.0 1.0
vn 0.0 0.0 1.0
vn 0.0 0.0 1.0
vn 0.0 0.0 1.0
vn 0.0 0.0 1.0
vn 0.0 0.0 1.0
vn 0.0 0.0 1.0
vn 0.0 0.0 1.0
vn 0.0 0.0 1.0
vn 0.0 0.0 1.0
vn -0.0 0.0 1.0
vn 0.0 0.0 1.0
vn 0.0 0.0 1.0
vn 0.0 0.0 1.0
vn 0.0 0.0 1.0
vn 0.0 0.0 1.0
vn 0.0 0.0 1.0
vn 0.0 0.0 1.0
vn 0.0 0.0 1.0
vn 0.0 0.0 1.0
vn 0.0 0.0 1.0
vn 0.0 0.0 1.0
vn 0.0 0.0 1.0
vn 0.0 0.0 1.0
vn 0.0 0.0 1.0
vn 0.0 0.0 1.0
vn 0.0 0.0 1.0
vn 0.0 -0.0 1.0
vn 0.0 0.0 1.0
vn 0.0 0.0 1.0
vn 0.0 0.0 1.0
vn 0.0 0.0 1.0
vn 0.0 0.0 1.0
vn 0.0 0.0 1.0
vn 0.0 0.0 1.0
vn 0.0 0.0 1.0
vn -0.0 0.0 1.0
vn 0.0 0.0 1.0
vn -0.0 0.0 1.0
vn 0.0 0.0 1.0
vn -0.0 0.0 1.0
vn -0.0 0.0 1.0
vn 0.0 0.0 1.0
vn -0.0 0.0 1.0
vn 0.0 0.0 1.0
vn -0.0 0.0 1.0
vn 0.0 0.0 1.0
vn 0.0 -0.0 1.0
vn 0.0 -0.0 1.0
vn 0.0 0.0 1.0
vn 0.0 -0.0 1.0
vn 0.0 -0.0 1.0
vn 0.0 0.0 1.0
vn 0.0 -0.0 1.0
vn 0.0 0.0 1.0
vn 0.0 -0.0 1.0
vn 0.0 0.0 1.0
vn 0.0 0.0 1.0
vn 0.0 -0.0 1.0
vn 0.0 0.0 1.0
vn 0.0 0.0 1.0
vn 0.0 0.0 1.0
vn 0.0 0.0 1.0
vn 0.0 0.0 1.0
vn 0.0 0.0 1.0
vn 0.0 0.0 1.0
vn 0.0 0.0 1.0
vn 0.0 0.0 1.0
vn 0.0 0.0 1.0
vn 0.0 0.0 1.0
vn 0.0 0.0 1.0
vn 0.0 0.0 1.0
vn 0.0 0.0 1.0
vn 0.0 0.0 1.0
vn 0.0 0.0 1.0
vn 0.0 0.0 1.0
vn 0.0 0.0 1.0
vn 0.0 0.0 1.0
vn 0.0 0.0 1.0
vn 0.0 0.0 1.0
vn 0.0 0.0 1.0
vn 0.0 0.0 1.0
vn 0.0 0.0 1.0
vn 0.0 0.0 1.0
vn 0.0 0.0 1.0
vn 0.0 0.0 1.0
vn 0.0 0.0 1.0
vn 0.0 0.0 1.0
vn 0.0 0.0 1.0
vn 0.0 0.0 1.0
vn -0.0 0.0 1.0
vn 0.0 0.0 1.0
vn 0.0 0.0 1.0
vn 0.0 0.0 1.0
vn 0.0 0.0 1.0
vn 0.0 0.0 1.0
vn 0.0 0.0 1.0
vn 0.0 0.0 1.0
vn 0.0 0.0 1.0
vn -0.0 0.0 1.0
vn 0.0 0.0 1.0
vn -0.0 0.0 1.0
vn 0.0 0.0 1.0
vn -0.0 0.0 1.0
vn 0.0 0.0 1.0
vn -0.0 0.0 1.0
vn 0.0 0.0 1.0
vn 0.0 0.0 1.0
vn -0.0 0.0 1.0
vn 0.0 0.0 1.0
vn 0.0 0.0 1.0
vn 0.0 0.0 1.0
vn 0.0 0.0 1.0
vn 0.0 0.0 1.0
vn 0.0 0.0 1.0
vn 0.0 0.0 1.0
vn 0.0 0.0 1.0
vn 0.0 0.0 1.0
vn 0.0 0.0 1.0
vn 0.0 0.0 1.0
vn 0.0 0.0 1.0
vn 0.0 0.0 1.0
vn 0.0 0.0 1.0
vn 0.0 0.0 1.0
vn 0.0 0.0 1.0
vn 0.0 0.0 1.0
vn 0.0 0.0 1.0
vn 0.0 0.0 1.0
vn 0.0 0.0 1.0
vn 0.0 0.0 1.0
vn 0.0 0.0 1.0
vn 0.0 0.0 1.0
vn 0.0 0.0 1.0
vn 0.0 0.0 1.0
vn 0.0 0.0 1.0
vn 0.0 -0.0 1.0
vn 0.0 0.0 1.0
vn 0.0 0.0 1.0
vn 0.0 0.0 1.0
vn 0.0 0.0 1.0
vn 0.0 0.0 1.0
vn 0.0 0.0 1.0
vn 0.0 0.0 1.0
vn 0.0 0.0 1.0
vn -0.0 0.0 1.0
vn 0.0 0.0 1.0
vn -0.0 0.0 1.0
vn 0.0 0.0 1.0
vn -0.0 0.0 1.0
vn -0.0 0.0 1.0
vn 0.0 0.0 1.0
vn -0.0 0.0 1.0
vn 0.0 0.0 1.0
vn -0.0 0.0 1.0
vn 0.0 0.0 1.0
vn 0.0 -0.0 1.0
vn 0.0 -0.0 1.0
vn 0.0 0.0 1.0
vn 0.0 -0.0 1.0
vn 0.0 -0.0 1.0
vn 0.0 0.0 1.0
vn 0.0 -0.0 1.0
vn 0.0 0.0 1.0
vn 0.0 -0.0 1.0
vn 0.0 0.0 1.0
vn 0.0 0.0 1.0
vn 0.0 -0.0 1.0
vn 0.0 0.0 1.0
vn 0.0 0.0 1.0
vn 0.0 0.0 1.0
vn 0.0 0.0 1.0
vn 0.0 0.0 1.0
vn 0.0 0.0 1.0
vn 0.0 0.0 1.0
vn 0.0 0.0 1.0
vn 0.0 0.0 1.0
vn 0.0 0.0 1.0
vn 0.0 0.0 1.0
vn 0.0 0.0 1.0
vn 0.0 0.0 1.0
vn 0.0 0.0 1.0
vn 0.0 0.0 1.0
vn 0.0 0.0 1.0
vn 0.0 0.0 1.0
vn 0.0 0.0 1.0
vn 0.0 0.0 1.0
vn 0.0 0.0 1.0
vn 0.0 0.0 1.0
vn 0.0 0.0 1.0
vn 0.0 0.0 1.0
vn 0.0 0.0 1.0
vn 0.0 0.0 1.0
vn 0.0 0.0 1.0
vn 0.0 0.0 1.0
vn 0.0 0.0 1.0
vn 0.0 0.0 1.0
vn 0.0 0.0 1.0
vn 0.0 0.0 1.0
vn -0.0 0.0 1.0
vn 0.0 0.0 1.0
vn 0.0 0.0 1.0
vn 0.0 0.0 1.0
vn 0.0 0.0 1.0
vn 0.0 0.0 1.0
vn 0.0 0.0 1.0
vn 0.0 0.0 1.0
vn 0.0 0.0 1.0
vn -0.0 0.0 1.0
vn 0.0 0.0 1.0
vn -0.0 0.0 1.0
vn 0.0 0.0 1.0
vn -0.0 0.0 1.0
vn 0.0 0.0 1.0
vn -0.0 0.0 1.0
vn 0.0 0.0 1.0
vn 0.0 0.0 1.0
vn -0.0 0.0 1.0
vn 0.0 0.0 1.0
vn 0.0 0.0 1.0
vn 0.0 0.0 1.0
vn 0.0 0.0 1.0
vn 0.0 0.0 1.0
vn 0.0 0.0 1.0
vn 0.0 0.0 1.0
vn 0.0 0.0 1.0
vn 0.0 0.0 1.0
vn 0.0 0.0 1.0
vn 0.0 0.0 1.0
vn 0.0 0.0 1.0
vn 0.0 0.0 1.0
vn 0.0 0.0 1.0
vn 0.0 0.0 1.0
vn 0.0 0.0 1.0
vn 0.0 0.0 1.0
vn 0.0 0.0 1.0
vn 0.0 0.0 1.0
vn 0.0 0.0 1.0
vn 0.0 0.0 1.0
vn 0.0 0.0 1.0
vn 0.0 0.0 1.0
vn 0.0 0.0 1.0
vn 0.0 0.0 1.0
vn 0.0 0.0 1.0
vn 0.0 -0.0 1.0
vn 0.0 0.0 1.0
vn 0.0 0.0 1.0
vn 0.0 0.0 1.0
vn 0.0 0.0 1.0
vn 0.0 0.0 1.0
vn 0.0 0.0 1.0
vn 0.0 0.0 1.0
vn 0.0 0.0 1.0
vn -0.0 0.0 1.0
vn 0.0 0.0 1.0
vn -0.0 0.0 1.0
vn 0.0 0.0 1.0
vn -0.0 0.0 1.0
vn -0.0 0.0 1.0
vn 0.0 0.0 1.0
vn -0.0 0.0 1.0
vn 0.0 0.0 1.0
vn -0.0 0.0 1.0
vn 0.0 0.0 1.0
vn 0.0 -0.0 1.0
vn 0.0 -0.0 1.0
vn 0.0 0.0 1.0
vn 0.0 -0.0 1.0
vn 0.0 -0.0 1.0
vn 0.0 0.0 1.0
vn 0.0 -0.0 1.0
vn 0.0 0.0 1.0
vn 0.0 -0.0 1.0
vn 0.0 0.0 1.0
vn 0.0 0.0 1.0
vn 0.0 -0.0 1.0
vn 0.0 0.0 1.0
vn 0.0 0.0 1.0
vn 0.0 0.0 1.0
vn 0.0 0.0 1.0
vn 0.0 0.0 1.0
vn 0.0 0.0 1.0
vn 0.0 0.0 1.0
vn 0.0 0.0 1.0
vn 0.0 0.0 1.0
vn 0.0 0.0 1.0
vn 0.0 0.0 1.0
vn 0.0 0.0 1.0
vn 0.0 0.0 1.0
vn 0.0 0.0 1.0
vn 0.0 0.0 1.0
vn 0.0 0.0 1.0
vn 0.0 0.0 1.0
vn 0.0 0.0 1.0
vn 0.0 0.0 1.0
vn 0.0 0.0 1.0
vn 0.0 0.0 1.0
vn 0.0 0.0 1.0
vn 0.0 0.0 1.0
vn 0.0 0.0 1.0
vn 0.0 0.0 1.0
vn 0.0 0.0 1.0
vn 0.0 0.0 1.0
vn 0.0 0.0 1.0
vn 0.0 0.0 1.0
vn 0.0 0.0 1.0
vn 0.0 0.0 1.0
vn -0.0 0.0 1.0
vn 0.0 0.0 1.0
vn 0.0 0.0 1.0
vn 0.0 0.0 1.0
vn 0.0 0.0 1.0
vn 0.0 0.0 1.0
vn 0.0 0.0 1.0
vn 0.0 0.0 1.0
vn 0.0 0.0 1.0
vn -0.0 0.0 1.0
vn 0.0 0.0 1.0
vn -0.0 0.0 1.0
vn 0.0 0.0 1.0
vn -0.0 0.0 1.0
vn 0.0 0.0 1.0
vn -0.0 0.0 1.0
vn 0.0 0.0 1.0
vn 0.0 0.0 1.0
vn -0.0 0.0 1.0
vn 0.0 0.0 1.0
vn 0.0 0.0 1.0
vn 0.0 0.0 1.0
vn 0.0 0.0 1.0
vn 0.0 0.0 1.0
vn 0.0 0.0 1.0
vn 0.0 0.0 1.0
vn 0.0 0.0 1.0
vn 0.0 0.0 1.0
vn 0.0 0.0 1.0
vn 0.0 0.0 1.0
vn 0.0 0.0 1.0
vn 0.0 0.0 1.0
vn 0.0 0.0 1.0
vn 0.0 0.0 1.0
vn 0.0 0.0 1.0
vn 0.0 0.0 1.0
vn 0.0 0.0 1.0
vn 0.0 0.0 1.0
vn 0.0 0.0 1.0
vn 0.0 0.0 1.0
vn 0.0 0.0 1.0
vn 0.0 0.0 1.0
vn 0.0 0.0 1.0
vn 0.0 0.0 1.0
vn 0.0 0.0 1.0
vn 0.0 0.0 1.0
vn 0.0 0.0 1.0
vn 0.0 0.0 1.0
vn -0.0 0.0 1.0
vn 0.0 0.0 1.0
vn -0.0 0.0 1.0
vn 0.0 0.0 1.0
vn -0.0 0.0 1.0
vn 0.0 0.0 1.0
vn -0.0 0.0 1.0
vn 0.0 0.0 1.0
vn 0.0 0.0 1.0
vn -0.0 0.0 1.0
vn 0.0 0.0 1.0
vn 0.0 0.0 1.0
vn -0.0 0.0 1.0
vn 0.0 0.0 1.0
vn 0.0 0.0 1.0
vn 0.0 0.0 1.0
vn 0.0 0.0 1.0
vn 0.0 0.0 1.0
vn 0.0 0.0 1.0
vn -0.0 0.0 1.0
vn 0.0 0.0 1.0
vn -0.0 0.0 1.0
vn 0.0 0.0 1.0
vn -0.0 0.0 1.0
vn 0.0 0.0 1.0
vn -0.0 0.0 1.0
vn 0.0 0.0 1.0
vn 0.0 0.0 1.0
vn 0.0 0.0 1.0
vn 0.0 0.0 1.0
vn 0.0 0.0 1.0
vn 0.0 0.0 1.0
vn 0.0 0.0 1.0
vn -0.0 0.0 1.0
vn 0.0 0.0 1.0
vn 0.0 0.0 1.0
vn -0.0 0.0 1.0
vn 0.0 0.0 1.0
vn -0.0 0.0 1.0
vn 0.0 -0.0 1.0
vn 0.0 0.0 1.0
vn 0.0 0.0 1.0
vn 0.0 0.0 1.0
vn 0.0 0.0 1.0
vn 0.0 0.0 1.0
vn 0.0 0.0 1.0
vn 0.0 0.0 1.0
vn 0.0 0.0 1.0
vn 0.0 0.0 1.0
vn 0.0 0.0 1.0
vn 0.0 0.0 1.0
vn 0.0 0.0 1.0
vn 0.0 0.0 1.0
vn 0.0 0.0 1.0
vn 0.0 0.0 1.0
vn 0.0 0.0 1.0
vn 0.0 0.0 1.0
vn 0.0 0.0 1.0
vn 0.0 0.0 1.0
vn 0.0 0.0 1.0
vn -0.0 0.0 1.0
vn 0.0 0.0 1.0
vn -0.0 0.0 1.0
vn 0.0 0.0 1.0
vn -0.0 0.0 1.0
vn 0.0 0.0 1.0
vn -0.0 0.0 1.0
vn 0.0 0.0 1.0
vn 0.0 0.0 1.0
vn -0.0 0.0 1.0
vn 0.0 0.0 1.0
vn 0.0 0.0 1.0
vn -0.0 0.0 1.0
vn 0.0 0.0 1.0
vn 0.0 0.0 1.0
vn 0.0 0.0 1.0
vn 0.0 0.0 1.0
vn 0.0 0.0 1.0
vn 0.0 0.0 1.0
vn -0.0 0.0 1.0
vn 0.0 0.0 1.0
vn -0.0 0.0 1.0
vn 0.0 0.0 1.0
vn -0.0 0.0 1.0
vn 0.0 0.0 1.0
vn -0.0 0.0 1.0
vn 0.0 0.0 1.0
vn 0.0 0.0 1.0
vn 0.0 0.0 1.0
vn 0.0 0.0 1.0
vn 0.0 0.0 1.0
vn 0.0 0.0 1.0
vn 0.0 0.0 1.0
vn -0.0 0.0 1.0
vn 0.0 0.0 1.0
vn 0.0 0.0 1.0
vn -0.0 0.0 1.0
vn 0.0 0.0 1.0
vn -0.0 0.0 1.0
vn 0.0 -0.0 1.0
vn 0.0 0.0 1.0
vn 0.0 0.0 1.0
vn 0.0 0.0 1.0
vn 0.0 0.0 1.0
vn 0.0 0.0 1.0
vn 0.0 0.0 1.0
vn 0.0 0.0 1.0
vn 0.0 0.0 1.0
vn 0.0 0.0 1.0
vn -0.0 0.0 1.0
vn 0.0 0.0 1.0
vn 0.0 -1.0 0.0
vn 0.0 -1.0 -0.0
vn 1.0 -0.0 0.0
vn 1.0 0.0 0.0
vn 0.0 1.0 -0.0
vn 0.0 1.0 0.0
vn -1.0 0.0 0.0
vn -1.0 -0.0 0.0
vn 0.0 -1.0 0.0
vn 0.0 -1.0 -0.0
vn 1.0 -0.0 0.0
vn 1.0 0.0 0.0
vn 0.0 1.0 -0.0
vn 0.0 1.0 0.0
vn -1.0 0.0 0.0
vn -1.0 -0.0 0.0
vn -0.489483 0.872013 0.0
vn -0.489483 0.872013 0.0
vn -0.736228 0.676733 0.0
vn -0.736228 0.676733 0.0
vn -0.8763 0.481766 0.0
vn -0.8763 0.481766 0.0
vn -0.94523 0.326404 0.0
vn -0.94523 0.326404 0.0
vn -0.978943 0.204134 0.0
vn -0.978943 0.204134 0.0
vn -0.99418 0.107729 0.0
vn -0.99418 0.107729 0.0
vn -0.999492 0.031866 0.0
vn -0.999492 0.031866 0.0
vn -0.999531 -0.030629 0.0
vn -0.999531 -0.030629 0.0
vn -0.994587 -0.103904 0.0
vn -0.994587 -0.103904 0.0
vn -0.980283 -0.197597 0.0
vn -0.980283 -0.197597 0.0
vn -0.948157 -0.317802 0.0
vn -0.948157 -0.317802 0.0
vn -0.881487 -0.472208 0.0
vn -0.881487 -0.472208 0.0
vn -0.744164 -0.667997 0.0
vn -0.744164 -0.667997 0.0
vn -0.497794 -0.867295 0.0
vn -0.497794 -0.867295 -0.0
vn -0.165334 -0.986238 0.0
vn -0.165334 -0.986238 -0.0
vn 0.183988 -0.982929 0.0
vn 0.183988 -0.982929 0.0
vn 0.559631 -0.828742 0.0
vn 0.559631 -0.828742 0.0
vn 0.815999 -0.578053 0.0
vn 0.815999 -0.578053 0.0
vn 0.935571 -0.353138 0.0
vn 0.935571 -0.353138 0.0
vn 0.0 -1.0 0.0
vn 0.0 -1.0 -0.0
vn -0.999906 0.013674 0.0
vn -0.999906 0.013674 0.0
vn -1.0 0.0 0.0
vn -1.0 -0.0 0.0
vn 0.0 -1.0 0.0
vn 0.0 -1.0 -0.0
vn 1.0 -0.0 0.0
vn 1.0 0.0 0.0
vn 0.999992 -0.004103 0.0
vn 0.999992 -0.004103 0.0
vn 0.999906 -0.013734 0.0
vn 0.999906 -0.013734 0.0
vn 0.999665 -0.025898 0.0
vn 0.999665 -0.025898 0.0
vn 0.999133 -0.041622 0.0
vn 0.999133 -0.041622 0.0
vn 0.0 1.0 -0.0
vn 0.0 1.0 0.0
vn -0.991457 0.130435 0.0
vn -0.991457 0.130435 0.0
vn -0.996309 0.085843 0.0
vn -0.996309 0.085843 0.0
vn -0.998009 0.063072 0.0
vn -0.998009 0.063072 0.0
vn -0.998784 0.049293 0.0
vn -0.998784 0.049293 0.0
vn -0.999167 0.040819 0.0
vn -0.999167 0.040819 0.0
vn -0.99946 0.032865 0.0
vn -0.99946 0.032865 0.0
vn -0.999745 0.022592 0.0
vn -0.999745 0.022592 0.0
vn -0.999961 0.008814 0.0
vn -0.999961 0.008814 0.0
vn 0.0 1.0 -0.0
vn 0.0 1.0 0.0
vn 0.947333 0.320251 0.0
vn 0.947333 0.320251 0.0
vn 0.90796 0.419058 0.0
vn 0.90796 0.419058 0.0
vn 0.847651 0.530555 0.0
vn 0.847651 0.530555 0.0
vn 0.759919 0.650018 0.0
vn 0.759919 0.650018 0.0
vn 0.638488 0.769632 -0.0
vn 0.638488 0.769632 0.0
vn 0.478219 0.87824 -0.0
vn 0.478219 0.87824 0.0
vn 0.289228 0.95726 -0.0
vn 0.289228 0.95726 0.0
vn 0.093428 0.995626 -0.0
vn 0.093428 0.995626 0.0
vn -0.162073 0.986779 0.0
vn -0.162073 0.986779 0.0
vn -0.541398 -0.840767 0.0
vn -0.541398 -0.840767 -0.0
vn -0.78348 -0.621417 0.0
vn -0.78348 -0.621417 0.0
vn -0.905906 -0.423479 0.0
vn -0.905906 -0.423479 0.0
vn -0.960136 -0.279535 0.0
vn -0.960136 -0.279535 0.0
vn -0.984839 -0.173473 0.0
vn -0.984839 -0.173473 0.0
vn -0.995817 -0.091367 0.0
vn -0.995817 -0.091367 0.0
vn -0.999637 -0.026956 0.0
vn -0.999637 -0.026956 0.0
vn -0.999654 0.026289 0.0
vn -0.999654 0.026289 0.0
vn -0.995951 0.089903 0.0
vn -0.995951 0.089903 0.0
vn -0.984948 0.17285 0.0
vn -0.984948 0.17285 0.0
vn -0.959276 0.282469 0.0
vn -0.959276 0.282469 0.0
vn -0.902844 0.429969 0.0
vn -0.902844 0.429969 0.0
vn -0.779472 0.626437 0.0
vn -0.779472 0.626437 0.0
vn -0.537868 0.843029 0.0
vn -0.537868 0.843029 0.0
vn -0.182503 0.983205 0.0
vn -0.182503 0.983205 0.0
vn 0.172968 0.984927 -0.0
vn 0.172968 0.984927 0.0
vn 0.522083 0.852895 -0.0
vn 0.522083 0.852895 0.0
vn 0.772884 0.634547 0.0
vn 0.772884 0.634547 0.0
vn 0.904045 0.427438 0.0
vn 0.904045 0.427438 0.0
vn 0.962713 0.270524 0.0
vn 0.962713 0.270524 0.0
vn 0.987046 0.160435 0.0
vn 0.987046 0.160435 0.0
vn 0.996667 0.081583 0.0
vn 0.996667 0.081583 0.0
vn 0.999723 0.023554 0.0
vn 0.999723 0.023554 0.0
vn 0.998689 -0.051182 0.0
vn 0.998689 -0.051182 0.0
vn 0.977617 -0.210391 0.0
vn 0.977617 -0.210391 0.0
vn 0.858302 -0.513145 0.0
vn 0.858302 -0.513145 0.0
vn 0.37002 -0.929024 0.0
vn 0.37002 -0.929024 0.0
vn -0.183579 -0.983005 0.0
vn -0.183579 -0.983005 -0.0
vn 0.0 1.0 -0.0
vn 0.0 1.0 0.0
vn 0.978977 0.20397 0.0
vn 0.978977 0.20397 0.0
vn 0.0 1.0 -0.0
vn 0.0 1.0 0.0
vn -0.977048 -0.21302 0.0
vn -0.977048 -0.21302 0.0
vn 0.0 -1.0 0.0
vn 0.0 -1.0 -0.0
vn 0.976873 -0.213819 0.0
vn 0.976873 -0.213819 0.0
vn 0.0 1.0 -0.0
vn 0.0 1.0 0.0
vn -0.97898 0.203956 0.0
vn -0.97898 0.203956 0.0
vn -0.97948 0.201539 0.0
vn -0.97948 0.201539 0.0
vn -0.979668 0.200625 0.0
vn -0.979668 0.200625 0.0
vn -0.980066 0.198671 0.0
vn -0.980066 0.198671 0.0
vn -0.981245 0.192764 0.0
vn -0.981245 0.192764 0.0
vn -0.984047 0.17791 0.0
vn -0.984047 0.17791 0.0
vn -0.984567 0.17501 0.0
vn -0.984567 0.17501 0.0
vn -0.985273 0.170991 0.0
vn -0.985273 0.170991 0.0
vn -0.985962 0.166967 0.0
vn -0.985962 0.166967 0.0
vn -0.986937 0.161105 0.0
vn -0.986937 0.161105 0.0
vn 0.983719 0.179713 0.0
vn 0.983719 0.179713 0.0
vn 0.982488 0.186327 0.0
vn 0.982488 0.186327 0.0
vn 0.979447 0.2017 0.0
vn 0.979447 0.2017 0.0
vn 0.0 -1.0 0.0
vn 0.0 -1.0 -0.0
vn -0.999536 0.030467 0.0
vn -0.999536 0.030467 0.0
vn -0.994914 0.100729 0.0
vn -0.994914 0.100729 0.0
vn -0.982607 0.185698 0.0
vn -0.982607 0.185698 0.0
vn -0.957642 0.287962 0.0
vn -0.957642 0.287962 0.0
vn -0.910998 0.412411 0.0
vn -0.910998 0.412411 0.0
vn -0.811218 0.584743 0.0
vn -0.811218 0.584743 0.0
vn -0.596402 0.802686 0.0
vn -0.596402 0.802686 0.0
vn -0.218175 0.97591 0.0
vn -0.218175 0.97591 0.0
vn 0.382319 0.924031 -0.0
vn 0.382319 0.924031 0.0
vn 0.866737 0.498766 0.0
vn 0.866737 0.498766 0.0
vn 0.979212 0.202838 0.0
vn 0.979212 0.202838 0.0
vn 0.998785 0.049273 0.0
vn 0.998785 0.049273 0.0
vn 1.0 -0.0 0.0
vn 1.0 0.0 0.0
vn 0.0 1.0 -0.0
vn 0.0 1.0 0.0
vn -1.0 0.0 0.0
vn -1.0 -0.0 0.0
vn -0.998771 0.049566 0.0
vn -0.998771 0.049566 0.0
vn -0.993257 0.115935 0.0
vn -0.993257 0.115935 0.0
vn -0.979881 0.199581 0.0
vn -0.979881 0.199581 0.0
vn -0.952187 0.305515 0.0
vn -0.952187 0.305515 0.0
vn -0.899864 0.436171 0.0
vn -0.899864 0.436171 0.0
vn -0.793318 0.608808 0.0
vn -0.793318 0.608808 0.0
vn -0.573666 0.819089 0.0
vn -0.573666 0.819089 0.0
vn -0.206925 0.978357 0.0
vn -0.206925 0.978357 0.0
vn 0.382278 0.924047 -0.0
vn 0.382278 0.924047 0.0
vn 0.866737 0.498766 0.0
vn 0.866737 0.498766 0.0
vn 0.979212 0.202838 0.0
vn 0.979212 0.202838 0.0
vn 0.998785 0.049273 0.0
vn 0.998785 0.049273 0.0
vn 1.0 -0.0 0.0
vn 1.0 0.0 0.0
vn 0.0 1.0 -0.0
vn 0.0 1.0 0.0
vn -1.0 0.0 0.0
vn -1.0 -0.0 0.0
vn -0.99946 -0.032864 0.0
vn -0.99946 -0.032864 0.0
vn -0.993726 -0.111838 0.0
vn -0.993726 -0.111838 0.0
vn -0.976985 -0.213309 0.0
vn -0.976985 -0.213309 0.0
vn -0.939214 -0.343332 0.0
vn -0.939214 -0.343332 0.0
vn -0.86156 -0.507656 0.0
vn -0.86156 -0.507656 0.0
vn -0.7098 -0.704403 0.0
vn -0.7098 -0.704403 0.0
vn -0.459512 -0.888171 0.0
vn -0.459512 -0.888171 -0.0
vn -0.149003 -0.988837 0.0
vn -0.149003 -0.988837 -0.0
vn 0.100233 -0.994964 0.0
vn 0.100233 -0.994964 0.0
vn 0.315885 -0.948798 0.0
vn 0.315885 -0.948798 0.0
vn 0.52556 -0.850757 0.0
vn 0.52556 -0.850757 0.0
vn 0.698144 -0.715957 0.0
vn 0.698144 -0.715957 0.0
vn 0.820199 -0.572079 0.0
vn 0.820199 -0.572079 0.0
vn 0.892507 -0.451033 0.0
vn 0.892507 -0.451033 0.0
vn 0.934231 -0.35667 0.0
vn 0.934231 -0.35667 0.0
vn 0.958935 -0.283627 0.0
vn 0.958935 -0.283627 0.0
vn 0.0 -1.0 0.0
vn 0.0 -1.0 -0.0
vn -0.975653 -0.219319 0.0
vn -0.975653 -0.219319 0.0
vn -0.889723 -0.456501 0.0
vn -0.889723 -0.456501 0.0
vn -0.644759 -0.764386 0.0
vn -0.644759 -0.764386 -0.0
vn -0.214717 -0.976676 0.0
vn -0.214717 -0.976676 -0.0
vn 0.111301 -0.993787 0.0
vn 0.111301 -0.993787 0.0
vn 0.340837 -0.940122 0.0
vn 0.340837 -0.940122 0.0
vn 0.548488 -0.836158 0.0
vn 0.548488 -0.836158 0.0
vn 0.708681 -0.705529 0.0
vn 0.708681 -0.705529 0.0
vn 0.822619 -0.568593 0.0
vn 0.822619 -0.568593 0.0
vn 0.894358 -0.447353 0.0
vn 0.894358 -0.447353 0.0
vn 0.936323 -0.351139 0.0
vn 0.936323 -0.351139 0.0
vn 0.961264 -0.275628 0.0
vn 0.961264 -0.275628 0.0
vn 0.0 -1.0 0.0
vn 0.0 -1.0 -0.0
vn -0.99995 -0.009987 0.0
vn -0.99995 -0.009987 0.0
vn -0.99975 -0.02235 0.0
vn -0.99975 -0.02235 0.0
vn -0.99956 -0.02966 0.0
vn -0.99956 -0.02966 0.0
vn -0.999405 -0.034492 0.0
vn -0.999405 -0.034492 0.0
vn -0.99927 -0.038197 0.0
vn -0.99927 -0.038197 0.0
vn -0.999057 -0.043428 0.0
vn -0.999057 -0.043428 0.0
vn -0.998618 -0.052555 0.0
vn -0.998618 -0.052555 0.0
vn -0.997379 -0.072355 0.0
vn -0.997379 -0.072355 0.0
vn 0.0 -1.0 0.0
vn 0.0 -1.0 -0.0
vn 0.999252 0.03868 0.0
vn 0.999252 0.03868 0.0
vn 0.999395 0.034773 0.0
vn 0.999395 0.034773 0.0
vn 0.999507 0.031404 0.0
vn 0.999507 0.031404 0.0
vn 0.999598 0.028355 0.0
vn 0.999598 0.028355 0.0
vn 0.999755 0.022131 0.0
vn 0.999755 0.022131 0.0
vn 0.999902 0.013974 0.0
vn 0.999902 0.013974 0.0
vn 0.999972 0.007496 0.0
vn 0.999972 0.007496 0.0
vn 0.999997 0.00227 0.0
vn 0.999997 0.00227 0.0
vn 1.0 -0.0 0.0
vn 1.0 0.0 0.0
vn 0.0 1.0 -0.0
vn 0.0 1.0 0.0
vn -1.0 0.0 0.0
vn -1.0 -0.0 0.0
vn -0.282295 0.959328 0.0
vn -0.282295 0.959328 0.0
vn -0.491003 0.871158 0.0
vn -0.491003 0.871158 0.0
vn -0.679759 0.733435 0.0
vn -0.679759 0.733435 0.0
vn -0.823521 0.567285 0.0
vn -0.823521 0.567285 0.0
vn -0.922071 0.38702 0.0
vn -0.922071 0.38702 0.0
vn -0.976735 0.21445 0.0
vn -0.976735 0.21445 0.0
vn -0.997902 0.064736 0.0
vn -0.997902 0.064736 0.0
vn -0.99955 -0.029993 0.0
vn -0.99955 -0.029993 0.0
vn -0.99511 -0.098777 0.0
vn -0.99511 -0.098777 0.0
vn -0.983357 -0.181685 0.0
vn -0.983357 -0.181685 0.0
vn -0.959769 -0.280793 0.0
vn -0.959769 -0.280793 0.0
vn -0.926359 -0.376643 0.0
vn -0.926359 -0.376643 0.0
vn -0.887625 -0.460566 0.0
vn -0.887625 -0.460566 0.0
vn -0.835422 -0.549608 0.0
vn -0.835422 -0.549608 0.0
vn -0.768335 -0.640048 0.0
vn -0.768335 -0.640048 0.0
vn -0.688577 -0.725163 0.0
vn -0.688577 -0.725163 -0.0
vn -0.608049 -0.7939 0.0
vn -0.608049 -0.7939 -0.0
vn -0.529675 -0.848201 0.0
vn -0.529675 -0.848201 -0.0
vn -0.456185 -0.889885 0.0
vn -0.456185 -0.889885 -0.0
vn -0.40743 -0.913236 0.0
vn -0.40743 -0.913236 -0.0
vn -0.380384 -0.924829 0.0
vn -0.380384 -0.924829 -0.0
vn -0.355801 -0.934562 0.0
vn -0.355801 -0.934562 -0.0
vn -0.333496 -0.942751 0.0
vn -0.333496 -0.942751 -0.0
vn -0.354122 -0.935199 0.0
vn -0.354122 -0.935199 -0.0
vn -0.449855 -0.893102 0.0
vn -0.449855 -0.893102 -0.0
vn -0.565562 -0.824706 0.0
vn -0.565562 -0.824706 -0.0
vn -0.697381 -0.716701 0.0
vn -0.697381 -0.716701 -0.0
vn -0.828804 -0.559539 0.0
vn -0.828804 -0.559539 0.0
vn -0.923682 -0.383161 0.0
vn -0.923682 -0.383161 0.0
vn -0.976961 -0.213418 0.0
vn -0.976961 -0.213418 0.0
vn -0.99791 -0.064624 0.0
vn -0.99791 -0.064624 0.0
vn -0.997741 0.067178 0.0
vn -0.997741 0.067178 0.0
vn -0.9726 0.232487 0.0
vn -0.9726 0.232487 0.0
vn -0.898767 0.438426 0.0
vn -0.898767 0.438426 0.0
vn -0.750658 0.660691 0.0
vn -0.750658 0.660691 0.0
vn -0.551319 0.834295 0.0
vn -0.551319 0.834295 0.0
vn -0.360256 0.932853 0.0
vn -0.360256 0.932853 0.0
vn -0.192507 0.981296 0.0
vn -0.192507 0.981296 0.0
vn -0.056546 0.9984 0.0
vn -0.056546 0.9984 0.0
vn 0.071027 0.997474 -0.0
vn 0.071027 0.997474 0.0
vn 0.242174 0.970233 -0.0
vn 0.242174 0.970233 0.0
vn 0.447751 0.894158 -0.0
vn 0.447751 0.894158 0.0
vn 0.660556 0.750777 -0.0
vn 0.660556 0.750777 0.0
vn 0.820232 0.572031 0.0
vn 0.820232 0.572031 0.0
vn 0.911521 0.411253 0.0
vn 0.911521 0.411253 0.0
vn 0.96244 0.271495 0.0
vn 0.96244 0.271495 0.0
vn 0.987593 0.157036 0.0
vn 0.987593 0.157036 0.0
vn -0.171446 0.985194 0.0
vn -0.171446 0.985194 0.0
vn -0.984202 -0.177049 0.0
vn -0.984202 -0.177049 0.0
vn -0.952613 -0.304186 0.0
vn -0.952613 -0.304186 0.0
vn -0.892531 -0.450987 0.0
vn -0.892531 -0.450987 0.0
vn -0.793878 -0.608076 0.0
vn -0.793878 -0.608076 0.0
vn -0.652786 -0.757542 0.0
vn -0.652786 -0.757542 -0.0
vn -0.472282 -0.881448 0.0
vn -0.472282 -0.881448 -0.0
vn -0.273774 -0.961794 0.0
vn -0.273774 -0.961794 -0.0
vn -0.084831 -0.996395 0.0
vn -0.084831 -0.996395 -0.0
vn 0.086929 -0.996214 0.0
vn 0.086929 -0.996214 0.0
vn 0.285182 -0.958474 0.0
vn 0.285182 -0.958474 0.0
vn 0.498194 -0.867065 0.0
vn 0.498194 -0.867065 0.0
vn 0.691112 -0.722748 0.0
vn 0.691112 -0.722748 0.0
vn 0.834561 -0.550915 0.0
vn 0.834561 -0.550915 0.0
vn 0.928657 -0.370939 0.0
vn 0.928657 -0.370939 0.0
vn 0.979053 -0.203607 0.0
vn 0.979053 -0.203607 0.0
vn 0.998132 -0.061097 0.0
vn 0.998132 -0.061097 0.0
vn 0.999347 0.036127 0.0
vn 0.999347 0.036127 0.0
vn 0.993112 0.117168 0.0
vn 0.993112 0.117168 0.0
vn 0.977477 0.211044 0.0
vn 0.977477 0.211044 0.0
vn 0.94824 0.317555 0.0
vn 0.94824 0.317555 0.0
vn 0.904109 0.427301 0.0
vn 0.904109 0.427301 0.0
vn 0.845891 0.533356 0.0
vn 0.845891 0.533356 0.0
vn 0.770806 0.63707 0.0
vn 0.770806 0.63707 0.0
vn 0.680612 0.732644 -0.0
vn 0.680612 0.732644 0.0
vn 0.557997 0.829843 -0.0
vn 0.557997 0.829843 0.0
vn 0.452221 0.891906 -0.0
vn 0.452221 0.891906 0.0
vn 0.381624 0.924318 -0.0
vn 0.381624 0.924318 0.0
vn 0.332121 0.943237 -0.0
vn 0.332121 0.943237 0.0
vn 0.358153 0.933663 -0.0
vn 0.358153 0.933663 0.0
vn 0.44976 0.89315 -0.0
vn 0.44976 0.89315 0.0
vn 0.561426 0.827527 -0.0
vn 0.561426 0.827527 0.0
vn 0.691219 0.722646 -0.0
vn 0.691219 0.722646 0.0
vn 0.823789 0.566897 0.0
vn 0.823789 0.566897 0.0
vn 0.920935 0.389716 0.0
vn 0.920935 0.389716 0.0
vn 0.976086 0.217386 0.0
vn 0.976086 0.217386 0.0
vn 0.997815 0.066075 0.0
vn 0.997815 0.066075 0.0
vn 0.997717 -0.067537 0.0
vn 0.997717 -0.067537 0.0
vn 0.973011 -0.23076 0.0
vn 0.973011 -0.23076 0.0
vn 0.903805 -0.427944 0.0
vn 0.903805 -0.427944 0.0
vn 0.770309 -0.637671 0.0
vn 0.770309 -0.637671 0.0
vn 0.576498 -0.817098 0.0
vn 0.576498 -0.817098 0.0
vn 0.371897 -0.928274 0.0
vn 0.371897 -0.928274 0.0
vn 0.195623 -0.980679 0.0
vn 0.195623 -0.980679 0.0
vn 0.056722 -0.99839 0.0
vn 0.056722 -0.99839 0.0
vn -0.056233 -0.998418 0.0
vn -0.056233 -0.998418 -0.0
vn -0.197384 -0.980326 0.0
vn -0.197384 -0.980326 -0.0
vn -0.383866 -0.923389 0.0
vn -0.383866 -0.923389 -0.0
vn -0.607247 -0.794513 0.0
vn -0.607247 -0.794513 -0.0
vn -0.795969 -0.605338 0.0
vn -0.795969 -0.605338 0.0
vn -0.897341 -0.441337 0.0
vn -0.897341 -0.441337 0.0
vn -0.951377 -0.308029 0.0
vn -0.951377 -0.308029 0.0
vn -0.978938 -0.204157 0.0
vn -0.978938 -0.204157 0.0
vn 0.24223 -0.970219 0.0
vn 0.24223 -0.970219 0.0
vn 0.978473 0.206374 0.0
vn 0.978473 0.206374 0.0
vn 0.945248 0.326352 0.0
vn 0.945248 0.326352 0.0
vn 0.882671 0.469992 0.0
vn 0.882671 0.469992 0.0
vn 0.776677 0.629899 0.0
vn 0.776677 0.629899 0.0
vn 0.615666 0.788007 -0.0
vn 0.615666 0.788007 0.0
vn 0.422134 0.906534 -0.0
vn 0.422134 0.906534 0.0
vn 0.23304 0.972467 -0.0
vn 0.23304 0.972467 0.0
vn 0.069818 0.99756 -0.0
vn 0.069818 0.99756 0.0
vn -0.086524 0.99625 0.0
vn -0.086524 0.99625 0.0
vn -0.282295 0.959327 0.0
vn -0.282295 0.959327 0.0
vn -0.491003 0.871158 0.0
vn -0.491003 0.871158 0.0
vn -0.67976 0.733435 0.0
vn -0.67976 0.733435 0.0
vn -0.82352 0.567287 0.0
vn -0.82352 0.567287 0.0
vn -0.922073 0.387017 0.0
vn -0.922073 0.387017 0.0
vn -0.976735 0.214451 0.0
vn -0.976735 0.214451 0.0
vn -0.997902 0.064737 0.0
vn -0.997902 0.064737 0.0
vn -0.99955 -0.029996 0.0
vn -0.99955 -0.029996 0.0
vn -0.995109 -0.09878 0.0
vn -0.995109 -0.09878 0.0
vn -0.983358 -0.18168 0.0
vn -0.983358 -0.18168 0.0
vn -0.959766 -0.280801 0.0
vn -0.959766 -0.280801 0.0
vn -0.926359 -0.376643 0.0
vn -0.926359 -0.376643 0.0
vn -0.887553 -0.460705 0.0
vn -0.887553 -0.460705 0.0
vn -0.835514 -0.549469 0.0
vn -0.835514 -0.549469 0.0
vn -0.76823 -0.640174 0.0
vn -0.76823 -0.640174 0.0
vn -0.688681 -0.725065 0.0
vn -0.688681 -0.725065 -0.0
vn -0.608045 -0.793902 0.0
vn -0.608045 -0.793902 -0.0
vn -0.529673 -0.848202 0.0
vn -0.529673 -0.848202 -0.0
vn -0.456187 -0.889884 0.0
vn -0.456187 -0.889884 -0.0
vn -0.407429 -0.913237 0.0
vn -0.407429 -0.913237 -0.0
vn -0.380385 -0.924828 0.0
vn -0.380385 -0.924828 -0.0
vn -0.3558 -0.934562 0.0
vn -0.3558 -0.934562 -0.0
vn -0.333497 -0.942751 0.0
vn -0.333497 -0.942751 -0.0
vn -0.354125 -0.935198 0.0
vn -0.354125 -0.935198 -0.0
vn -0.449852 -0.893103 0.0
vn -0.449852 -0.893103 -0.0
vn -0.565559 -0.824708 0.0
vn -0.565559 -0.824708 -0.0
vn -0.697389 -0.716693 0.0
vn -0.697389 -0.716693 -0.0
vn -0.828797 -0.55955 0.0
vn -0.828797 -0.55955 0.0
vn -0.923682 -0.383161 0.0
vn -0.923682 -0.383161 0.0
vn -0.976965 -0.2134 0.0
vn -0.976965 -0.2134 0.0
vn -0.997909 -0.064633 0.0
vn -0.997909 -0.064633 0.0
vn -0.997741 0.067182 0.0
vn -0.997741 0.067182 0.0
vn -0.972601 0.232479 0.0
vn -0.972601 0.232479 0.0
vn -0.898769 0.438423 0.0
vn -0.898769 0.438423 0.0
vn -0.750658 0.660691 0.0
vn -0.750658 0.660691 0.0
vn -0.551314 0.834298 0.0
vn -0.551314 0.834298 0.0
vn -0.360336 0.932823 0.0
vn -0.360336 0.932823 0.0
vn -0.192467 0.981303 0.0
vn -0.192467 0.981303 0.0
vn -0.056547 0.9984 0.0
vn -0.056547 0.9984 0.0
vn 0.071027 0.997474 -0.0
vn 0.071027 0.997474 0.0
vn 0.242172 0.970233 -0.0
vn 0.242172 0.970233 0.0
vn 0.447751 0.894158 -0.0
vn 0.447751 0.894158 0.0
vn 0.660556 0.750777 -0.0
vn 0.660556 0.750777 0.0
vn 0.820239 0.572022 0.0
vn 0.820239 0.572022 0.0
vn 0.911515 0.411266 0.0
vn 0.911515 0.411266 0.0
vn 0.962443 0.271485 0.0
vn 0.962443 0.271485 0.0
vn 0.987592 0.157039 0.0
vn 0.987592 0.157039 0.0
vn -0.171446 0.985194 0.0
vn -0.171446 0.985194 0.0
vn -0.984203 -0.177046 0.0
vn -0.984203 -0.177046 0.0
vn -0.952613 -0.304184 0.0
vn -0.952613 -0.304184 0.0
vn -0.892528 -0.450992 0.0
vn -0.892528 -0.450992 0.0
vn -0.793878 -0.608076 0.0
vn -0.793878 -0.608076 0.0
vn -0.652786 -0.757542 0.0
vn -0.652786 -0.757542 -0.0
vn -0.472284 -0.881447 0.0
vn -0.472284 -0.881447 -0.0
vn -0.273746 -0.961802 0.0
vn -0.273746 -0.961802 -0.0
vn -0.084839 -0.996395 0.0
vn -0.084839 -0.996395 -0.0
vn 0.08693 -0.996214 0.0
vn 0.08693 -0.996214 0.0
vn 0.285181 -0.958474 0.0
vn 0.285181 -0.958474 0.0
vn 0.498196 -0.867064 0.0
vn 0.498196 -0.867064 0.0
vn 0.691109 -0.722751 0.0
vn 0.691109 -0.722751 0.0
vn 0.834563 -0.550912 0.0
vn 0.834563 -0.550912 0.0
vn 0.928657 -0.370939 0.0
vn 0.928657 -0.370939 0.0
vn 0.979053 -0.203604 0.0
vn 0.979053 -0.203604 0.0
vn 0.998132 -0.0611 0.0
vn 0.998132 -0.0611 0.0
vn 0.999347 0.036131 0.0
vn 0.999347 0.036131 0.0
vn 0.993113 0.117163 0.0
vn 0.993113 0.117163 0.0
vn 0.977477 0.211044 0.0
vn 0.977477 0.211044 0.0
vn 0.948238 0.31756 0.0
vn 0.948238 0.31756 0.0
vn 0.904111 0.427298 0.0
vn 0.904111 0.427298 0.0
vn 0.845891 0.533356 0.0
vn 0.845891 0.533356 0.0
vn 0.77081 0.637065 0.0
vn 0.77081 0.637065 0.0
vn 0.680607 0.732649 -0.0
vn 0.680607 0.732649 0.0
vn 0.557995 0.829844 -0.0
vn 0.557995 0.829844 0.0
vn 0.452222 0.891905 -0.0
vn 0.452222 0.891905 0.0
vn 0.381626 0.924317 -0.0
vn 0.381626 0.924317 0.0
vn 0.332121 0.943237 -0.0
vn 0.332121 0.943237 0.0
vn 0.358153 0.933663 -0.0
vn 0.358153 0.933663 0.0
vn 0.449757 0.893151 -0.0
vn 0.449757 0.893151 0.0
vn 0.561424 0.827529 -0.0
vn 0.561424 0.827529 0.0
vn 0.691221 0.722643 -0.0
vn 0.691221 0.722643 0.0
vn 0.823784 0.566903 0.0
vn 0.823784 0.566903 0.0
vn 0.920942 0.3897 0.0
vn 0.920942 0.3897 0.0
vn 0.976084 0.217395 0.0
vn 0.976084 0.217395 0.0
vn 0.997814 0.066079 0.0
vn 0.997814 0.066079 0.0
vn 0.997717 -0.067537 0.0
vn 0.997717 -0.067537 0.0
vn 0.973012 -0.230756 0.0
vn 0.973012 -0.230756 0.0
vn 0.903805 -0.427944 0.0
vn 0.903805 -0.427944 0.0
vn 0.770303 -0.637679 0.0
vn 0.770303 -0.637679 0.0
vn 0.576502 -0.817095 0.0
vn 0.576502 -0.817095 0.0
vn 0.371896 -0.928274 0.0
vn 0.371896 -0.928274 0.0
vn 0.195623 -0.980679 0.0
vn 0.195623 -0.980679 0.0
vn 0.056714 -0.99839 0.0
vn 0.056714 -0.99839 0.0
vn -0.056241 -0.998417 0.0
vn -0.056241 -0.998417 -0.0
vn -0.197382 -0.980327 0.0
vn -0.197382 -0.980327 -0.0
vn -0.383868 -0.923388 0.0
vn -0.383868 -0.923388 -0.0
vn -0.607249 -0.794511 0.0
vn -0.607249 -0.794511 -0.0
vn -0.795967 -0.60534 0.0
vn -0.795967 -0.60534 0.0
vn -0.897343 -0.441334 0.0
vn -0.897343 -0.441334 0.0
vn -0.951377 -0.308029 0.0
vn -0.951377 -0.308029 0.0
vn -0.978937 -0.204162 0.0
vn -0.978937 -0.204162 0.0
vn 0.24223 -0.970219 0.0
vn 0.24223 -0.970219 0.0
vn 0.978473 0.206374 0.0
vn 0.978473 0.206374 0.0
vn 0.945248 0.326352 0.0
vn 0.945248 0.326352 0.0
vn 0.882672 0.469989 0.0
vn 0.882672 0.469989 0.0
vn 0.776677 0.629899 0.0
vn 0.776677 0.629899 0.0
vn 0.615665 0.788008 -0.0
vn 0.615665 0.788008 0.0
vn 0.422134 0.906534 -0.0
vn 0.422134 0.906534 0.0
vn 0.233039 0.972467 -0.0
vn 0.233039 0.972467 0.0
vn 0.069824 0.997559 -0.0
vn 0.069824 0.997559 0.0
vn -0.086517 0.99625 0.0
vn -0.086517 0.99625 0.0
vn -0.28232 0.95932 0.0
vn -0.28232 0.95932 0.0
vn -0.490964 0.87118 0.0
vn -0.490964 0.87118 0.0
vn -0.67976 0.733435 0.0
vn -0.67976 0.733435 0.0
vn -0.823524 0.567282 0.0
vn -0.823524 0.567282 0.0
vn -0.922076 0.38701 0.0
vn -0.922076 0.38701 0.0
vn -0.97674 0.214429 0.0
vn -0.97674 0.214429 0.0
vn -0.997902 0.064737 0.0
vn -0.997902 0.064737 0.0
vn -0.999551 -0.029959 0.0
vn -0.999551 -0.029959 0.0
vn -0.995107 -0.098806 0.0
vn -0.995107 -0.098806 0.0
vn -0.983368 -0.181624 0.0
vn -0.983368 -0.181624 0.0
vn -0.959758 -0.280829 0.0
vn -0.959758 -0.280829 0.0
vn -0.926364 -0.376629 0.0
vn -0.926364 -0.376629 0.0
vn -0.88756 -0.460692 0.0
vn -0.88756 -0.460692 0.0
vn -0.835514 -0.549469 0.0
vn -0.835514 -0.549469 0.0
vn -0.768229 -0.640175 0.0
vn -0.768229 -0.640175 0.0
vn -0.688682 -0.725064 0.0
vn -0.688682 -0.725064 -0.0
vn -0.608045 -0.793902 0.0
vn -0.608045 -0.793902 -0.0
vn -0.529673 -0.848202 0.0
vn -0.529673 -0.848202 -0.0
vn -0.456187 -0.889884 0.0
vn -0.456187 -0.889884 -0.0
vn -0.407429 -0.913237 0.0
vn -0.407429 -0.913237 -0.0
vn -0.380333 -0.92485 0.0
vn -0.380333 -0.92485 -0.0
vn -0.355846 -0.934545 0.0
vn -0.355846 -0.934545 -0.0
vn -0.333498 -0.942751 0.0
vn -0.333498 -0.942751 -0.0
vn -0.35406 -0.935223 0.0
vn -0.35406 -0.935223 -0.0
vn -0.449939 -0.893059 0.0
vn -0.449939 -0.893059 -0.0
vn -0.565558 -0.824708 0.0
vn -0.565558 -0.824708 -0.0
vn -0.697251 -0.716828 0.0
vn -0.697251 -0.716828 -0.0
vn -0.828797 -0.55955 0.0
vn -0.828797 -0.55955 0.0
vn -0.923782 -0.38292 0.0
vn -0.923782 -0.38292 0.0
vn -0.976964 -0.213404 0.0
vn -0.976964 -0.213404 0.0
vn -0.997909 -0.064628 0.0
vn -0.997909 -0.064628 0.0
vn -0.997741 0.067178 0.0
vn -0.997741 0.067178 0.0
vn -0.972601 0.232479 0.0
vn -0.972601 0.232479 0.0
vn -0.898769 0.438423 0.0
vn -0.898769 0.438423 0.0
vn -0.750655 0.660694 0.0
vn -0.750655 0.660694 0.0
vn -0.551314 0.834298 0.0
vn -0.551314 0.834298 0.0
vn -0.360337 0.932822 0.0
vn -0.360337 0.932822 0.0
vn -0.192466 0.981304 0.0
vn -0.192466 0.981304 0.0
vn -0.056547 0.9984 0.0
vn -0.056547 0.9984 0.0
vn 0.071027 0.997474 -0.0
vn 0.071027 0.997474 0.0
vn 0.24222 0.970221 -0.0
vn 0.24222 0.970221 0.0
vn 0.447659 0.894204 -0.0
vn 0.447659 0.894204 0.0
vn 0.660556 0.750777 -0.0
vn 0.660556 0.750777 0.0
vn 0.820348 0.571864 0.0
vn 0.820348 0.571864 0.0
vn 0.911436 0.411442 0.0
vn 0.911436 0.411442 0.0
vn 0.962442 0.271487 0.0
vn 0.962442 0.271487 0.0
vn 0.987593 0.157036 0.0
vn 0.987593 0.157036 0.0
vn -0.171446 0.985194 0.0
vn -0.171446 0.985194 0.0
vn -0.984197 -0.177077 0.0
vn -0.984197 -0.177077 0.0
vn -0.952623 -0.304154 0.0
vn -0.952623 -0.304154 0.0
vn -0.892528 -0.450992 0.0
vn -0.892528 -0.450992 0.0
vn -0.793879 -0.608076 0.0
vn -0.793879 -0.608076 0.0
vn -0.652786 -0.757543 0.0
vn -0.652786 -0.757543 -0.0
vn -0.472284 -0.881446 0.0
vn -0.472284 -0.881446 -0.0
vn -0.273746 -0.961802 0.0
vn -0.273746 -0.961802 -0.0
vn -0.084839 -0.996395 0.0
vn -0.084839 -0.996395 -0.0
vn 0.086922 -0.996215 0.0
vn 0.086922 -0.996215 0.0
vn 0.285206 -0.958466 0.0
vn 0.285206 -0.958466 0.0
vn 0.498195 -0.867065 0.0
vn 0.498195 -0.867065 0.0
vn 0.691062 -0.722795 0.0
vn 0.691062 -0.722795 0.0
vn 0.834605 -0.550849 0.0
vn 0.834605 -0.550849 0.0
vn 0.928627 -0.371015 0.0
vn 0.928627 -0.371015 0.0
vn 0.979069 -0.203529 0.0
vn 0.979069 -0.203529 0.0
vn 0.998132 -0.061099 0.0
vn 0.998132 -0.061099 0.0
vn 0.999351 0.036011 0.0
vn 0.999351 0.036011 0.0
vn 0.993098 0.117289 0.0
vn 0.993098 0.117289 0.0
vn 0.977477 0.211044 0.0
vn 0.977477 0.211044 0.0
vn 0.948238 0.31756 0.0
vn 0.948238 0.31756 0.0
vn 0.904111 0.427298 0.0
vn 0.904111 0.427298 0.0
vn 0.845963 0.533242 0.0
vn 0.845963 0.533242 0.0
vn 0.770809 0.637066 0.0
vn 0.770809 0.637066 0.0
vn 0.680527 0.732723 -0.0
vn 0.680527 0.732723 0.0
vn 0.557995 0.829844 -0.0
vn 0.557995 0.829844 0.0
vn 0.452222 0.891905 -0.0
vn 0.452222 0.891905 0.0
vn 0.381625 0.924317 -0.0
vn 0.381625 0.924317 0.0
vn 0.332121 0.943237 -0.0
vn 0.332121 0.943237 0.0
vn 0.358153 0.933663 -0.0
vn 0.358153 0.933663 0.0
vn 0.449757 0.893151 -0.0
vn 0.449757 0.893151 0.0
vn 0.561424 0.827529 -0.0
vn 0.561424 0.827529 0.0
vn 0.691221 0.722643 -0.0
vn 0.691221 0.722643 0.0
vn 0.823784 0.566903 0.0
vn 0.823784 0.566903 0.0
vn 0.920942 0.3897 0.0
vn 0.920942 0.3897 0.0
vn 0.976083 0.217397 0.0
vn 0.976083 0.217397 0.0
vn 0.997814 0.066079 0.0
vn 0.997814 0.066079 0.0
vn 0.997705 -0.067716 0.0
vn 0.997705 -0.067716 0.0
vn 0.973057 -0.230565 0.0
vn 0.973057 -0.230565 0.0
vn 0.903718 -0.428128 0.0
vn 0.903718 -0.428128 0.0
vn 0.770421 -0.637535 0.0
vn 0.770421 -0.637535 0.0
vn 0.576501 -0.817096 0.0
vn 0.576501 -0.817096 0.0
vn 0.371895 -0.928275 0.0
vn 0.371895 -0.928275 0.0
vn 0.195588 -0.980686 0.0
vn 0.195588 -0.980686 0.0
vn 0.056723 -0.99839 0.0
vn 0.056723 -0.99839 0.0
vn -0.056241 -0.998417 0.0
vn -0.056241 -0.998417 -0.0
vn -0.197349 -0.980333 0.0
vn -0.197349 -0.980333 -0.0
vn -0.383868 -0.923388 0.0
vn -0.383868 -0.923388 -0.0
vn -0.607358 -0.794428 0.0
vn -0.607358 -0.794428 -0.0
vn -0.795967 -0.60534 0.0
vn -0.795967 -0.60534 0.0
vn -0.897344 -0.441331 0.0
vn -0.897344 -0.441331 0.0
vn -0.951377 -0.308029 0.0
vn -0.951377 -0.308029 0.0
vn -0.978937 -0.204162 0.0
vn -0.978937 -0.204162 0.0
vn 0.242222 -0.970221 0.0
vn 0.242222 -0.970221 0.0
vn 0.978459 0.206443 0.0
vn 0.978459 0.206443 0.0
vn 0.945248 0.326353 0.0
vn 0.945248 0.326353 0.0
vn 0.882672 0.469989 0.0
vn 0.882672 0.469989 0.0
vn 0.776677 0.629899 0.0
vn 0.776677 0.629899 0.0
vn 0.615665 0.788008 -0.0
vn 0.615665 0.788008 0.0
vn 0.422172 0.906516 -0.0
vn 0.422172 0.906516 0.0
vn 0.233019 0.972472 -0.0
vn 0.233019 0.972472 0.0
vn 0.069824 0.997559 -0.0
vn 0.069824 0.997559 0.0
vn -0.086517 0.99625 0.0
vn -0.086517 0.99625 0.0
vn -0.572546 0.819873 0.0
vn -0.572546 0.819873 0.0
vn -0.832416 0.554152 0.0
vn -0.832416 0.554152 0.0
vn -0.947539 0.319641 0.0
vn -0.947539 0.319641 0.0
vn -0.143097 -0.989709 0.0
vn -0.143097 -0.989709 -0.0
vn 0.96287 -0.269964 0.0
vn 0.96287 -0.269964 0.0
vn 0.858554 -0.512723 0.0
vn 0.858554 -0.512723 0.0
vn 0.599069 -0.800697 0.0
vn 0.599069 -0.800697 0.0
vn 0.194918 -0.98082 0.0
vn 0.194918 -0.98082 0.0
vn -0.162642 -0.986685 0.0
vn -0.162642 -0.986685 -0.0
vn -0.490154 -0.871636 0.0
vn -0.490154 -0.871636 -0.0
vn -0.736219 -0.676743 0.0
vn -0.736219 -0.676743 0.0
vn -0.875809 -0.482657 0.0
vn -0.875809 -0.482657 0.0
vn -0.94662 -0.32235 0.0
vn -0.94662 -0.32235 0.0
vn -0.98054 -0.196319 0.0
vn -0.98054 -0.196319 0.0
vn -0.994829 -0.101559 0.0
vn -0.994829 -0.101559 0.0
vn -0.999563 -0.029566 0.0
vn -0.999563 -0.029566 0.0
vn 0.0 1.0 -0.0
vn 0.0 1.0 0.0
vn -1.0 0.0 0.0
vn -1.0 -0.0 0.0
vn -0.999458 -0.032921 0.0
vn -0.999458 -0.032921 0.0
vn -0.993639 -0.112615 0.0
vn -0.993639 -0.112615 0.0
vn -0.976351 -0.216192 0.0
vn -0.976351 -0.216192 0.0
vn -0.936487 -0.350703 0.0
vn -0.936487 -0.350703 0.0
vn -0.854866 -0.518848 0.0
vn -0.854866 -0.518848 0.0
vn -0.699848 -0.714292 0.0
vn -0.699848 -0.714292 -0.0
vn -0.449764 -0.893147 0.0
vn -0.449764 -0.893147 -0.0
vn -0.145245 -0.989396 0.0
vn -0.145245 -0.989396 -0.0
vn 0.129281 -0.991608 0.0
vn 0.129281 -0.991608 0.0
vn 0.406352 -0.913717 0.0
vn 0.406352 -0.913717 0.0
vn 0.651596 -0.758567 0.0
vn 0.651596 -0.758567 0.0
vn 0.81946 -0.573136 0.0
vn 0.81946 -0.573136 0.0
vn 0.916065 -0.40103 0.0
vn 0.916065 -0.40103 0.0
vn 0.967394 -0.253277 0.0
vn 0.967394 -0.253277 0.0
vn 0.990996 -0.133893 0.0
vn 0.990996 -0.133893 0.0
vn 0.999221 -0.039468 0.0
vn 0.999221 -0.039468 0.0
vn 0.99929 0.037688 0.0
vn 0.99929 0.037688 0.0
vn 0.991698 0.128591 0.0
vn 0.991698 0.128591 0.0
vn 0.969463 0.245237 0.0
vn 0.969463 0.245237 0.0
vn 0.919676 0.392678 0.0
vn 0.919676 0.392678 0.0
vn 0.823579 0.567202 0.0
vn 0.823579 0.567202 0.0
vn 0.655577 0.755129 -0.0
vn 0.655577 0.755129 0.0
vn 0.408758 0.912643 -0.0
vn 0.408758 0.912643 0.0
vn 0.129865 0.991532 -0.0
vn 0.129865 0.991532 0.0
vn -0.186659 0.982425 0.0
vn -0.186659 0.982425 0.0
vn -0.998862 0.047694 0.0
vn -0.998862 0.047694 0.0
vn -0.991988 0.126334 0.0
vn -0.991988 0.126334 0.0
vn -0.974247 0.225483 0.0
vn -0.974247 0.225483 0.0
vn -0.936894 0.349615 0.0
vn -0.936894 0.349615 0.0
vn -0.862001 0.506907 0.0
vn -0.862001 0.506907 0.0
vn -0.713656 0.700497 0.0
vn -0.713656 0.700497 0.0
vn -0.465877 0.88485 0.0
vn -0.465877 0.88485 0.0
vn -0.152259 0.988341 0.0
vn -0.152259 0.988341 0.0
vn 0.152803 0.988257 -0.0
vn 0.152803 0.988257 0.0
vn 0.461297 0.887246 -0.0
vn 0.461297 0.887246 0.0
vn 0.701873 0.712302 -0.0
vn 0.701873 0.712302 0.0
vn 0.847844 0.530246 0.0
vn 0.847844 0.530246 0.0
vn 0.92847 0.371407 0.0
vn 0.92847 0.371407 0.0
vn 0.970361 0.24166 0.0
vn 0.970361 0.24166 0.0
vn 0.989721 0.14301 0.0
vn 0.989721 0.14301 0.0
vn 0.997709 0.067658 0.0
vn 0.997709 0.067658 0.0
vn 0.0 -1.0 0.0
vn 0.0 -1.0 -0.0
vn -0.572559 0.819863 0.0
vn -0.572559 0.819863 0.0
vn -0.832403 0.554171 0.0
vn -0.832403 0.554171 0.0
vn -0.947547 0.319616 0.0
vn -0.947547 0.319616 0.0
vn -0.143098 -0.989708 0.0
vn -0.143098 -0.989708 -0.0
vn 0.962875 -0.269946 0.0
vn 0.962875 -0.269946 0.0
vn 0.858547 -0.512735 0.0
vn 0.858547 -0.512735 0.0
vn 0.599039 -0.80072 0.0
vn 0.599039 -0.80072 0.0
vn 0.194917 -0.98082 0.0
vn 0.194917 -0.98082 0.0
vn -0.16266 -0.986682 0.0
vn -0.16266 -0.986682 -0.0
vn -0.49014 -0.871644 0.0
vn -0.49014 -0.871644 -0.0
vn -0.736197 -0.676767 0.0
vn -0.736197 -0.676767 0.0
vn -0.875848 -0.482587 0.0
vn -0.875848 -0.482587 0.0
vn -0.946611 -0.322379 0.0
vn -0.946611 -0.322379 0.0
vn -0.980534 -0.196348 0.0
vn -0.980534 -0.196348 0.0
vn -0.994827 -0.101583 0.0
vn -0.994827 -0.101583 0.0
vn -0.999564 -0.02953 0.0
vn -0.999564 -0.02953 0.0
vn 0.0 1.0 -0.0
vn 0.0 1.0 0.0
vn -1.0 0.0 0.0
vn -1.0 -0.0 0.0
vn -0.999458 -0.032929 0.0
vn -0.999458 -0.032929 0.0
vn -0.993641 -0.112598 0.0
vn -0.993641 -0.112598 0.0
vn -0.976352 -0.216188 0.0
vn -0.976352 -0.216188 0.0
vn -0.936479 -0.350722 0.0
vn -0.936479 -0.350722 0.0
vn -0.854858 -0.518862 0.0
vn -0.854858 -0.518862 0.0
vn -0.699859 -0.714281 0.0
vn -0.699859 -0.714281 -0.0
vn -0.449763 -0.893148 0.0
vn -0.449763 -0.893148 -0.0
vn -0.145252 -0.989395 0.0
vn -0.145252 -0.989395 -0.0
vn 0.129275 -0.991609 0.0
vn 0.129275 -0.991609 0.0
vn 0.406369 -0.913709 0.0
vn 0.406369 -0.913709 0.0
vn 0.651597 -0.758566 0.0
vn 0.651597 -0.758566 0.0
vn 0.819438 -0.573168 0.0
vn 0.819438 -0.573168 0.0
vn 0.916064 -0.401031 0.0
vn 0.916064 -0.401031 0.0
vn 0.967393 -0.253281 0.0
vn 0.967393 -0.253281 0.0
vn 0.990996 -0.133888 0.0
vn 0.990996 -0.133888 0.0
vn 0.999221 -0.039476 0.0
vn 0.999221 -0.039476 0.0
vn 0.999289 0.037708 0.0
vn 0.999289 0.037708 0.0
vn 0.991699 0.128578 0.0
vn 0.991699 0.128578 0.0
vn 0.969457 0.245262 0.0
vn 0.969457 0.245262 0.0
vn 0.919676 0.392679 0.0
vn 0.919676 0.392679 0.0
vn 0.823586 0.567192 0.0
vn 0.823586 0.567192 0.0
vn 0.655576 0.75513 -0.0
vn 0.655576 0.75513 0.0
vn 0.408762 0.912641 -0.0
vn 0.408762 0.912641 0.0
vn 0.129867 0.991531 -0.0
vn 0.129867 0.991531 0.0
vn -0.186652 0.982426 0.0
vn -0.186652 0.982426 0.0
vn -0.998862 0.0477 0.0
vn -0.998862 0.0477 0.0
vn -0.991998 0.126256 0.0
vn -0.991998 0.126256 0.0
vn -0.974252 0.225461 0.0
vn -0.974252 0.225461 0.0
vn -0.936846 0.349743 0.0
vn -0.936846 0.349743 0.0
vn -0.862026 0.506864 0.0
vn -0.862026 0.506864 0.0
vn -0.713684 0.700468 0.0
vn -0.713684 0.700468 0.0
vn -0.465891 0.884842 0.0
vn -0.465891 0.884842 0.0
vn -0.152259 0.988341 0.0
vn -0.152259 0.988341 0.0
vn 0.15278 0.98826 -0.0
vn 0.15278 0.98826 0.0
vn 0.461351 0.887218 -0.0
vn 0.461351 0.887218 0.0
vn 0.701823 0.712352 -0.0
vn 0.701823 0.712352 0.0
vn 0.847847 0.530241 0.0
vn 0.847847 0.530241 0.0
vn 0.928497 0.371341 0.0
vn 0.928497 0.371341 0.0
vn 0.970343 0.241732 0.0
vn 0.970343 0.241732 0.0
vn 0.989722 0.143003 0.0
vn 0.989722 0.143003 0.0
vn 0.997712 0.067601 0.0
vn 0.997712 0.067601 0.0
vn 0.0 -1.0 0.0
vn 0.0 -1.0 -0.0
vn 0.0 -1.0 0.0
vn 0.0 -1.0 -0.0
vn 1.0 -0.0 0.0
vn 1.0 0.0 0.0
vn 0.0 1.0 -0.0
vn 0.0 1.0 0.0
vn -1.0 0.0 0.0
vn -1.0 -0.0 0.0
f 1536//1 1537//1 1538//1 
f 1537//2 1536//2 1535//2 
f 750//3 726//3 746//3 
f 676//4 722//4 726//4 
f 682//5 722//5 676//5 
f 690//6 714//6 682//6 
f 714//7 702//7 706//7 
f 660//8 726//8 750//8 
f 676//9 726//9 672//9 
f 722//10 682//10 714//10 
f 702//11 690//11 694//11 
f 714//12 690//12 702//12 
f 726//13 668//13 672//13 
f 726//14 664//14 668//14 
f 726//15 660//15 664//15 
f 636//16 618//16 624//16 
f 638//17 614//17 618//17 
f 638//18 608//18 614//18 
f 638//19 606//19 608//19 
f 638//20 600//20 606//20 
f 638//21 598//21 600//21 
f 622//22 592//22 598//22 
f 622//23 588//23 592//23 
f 576//24 588//24 622//24 
f 514//25 576//25 572//25 
f 576//26 566//26 588//26 
f 508//27 572//27 564//27 
f 528//28 564//28 558//28 
f 536//29 558//29 552//29 
f 576//30 550//30 566//30 
f 536//31 552//31 546//31 
f 558//32 536//32 528//32 
f 576//33 534//33 550//33 
f 520//34 564//34 528//34 
f 576//35 524//35 534//35 
f 564//36 520//36 508//36 
f 576//37 514//37 524//37 
f 464//38 520//38 512//38 
f 572//39 508//39 514//39 
f 470//40 512//40 504//40 
f 520//41 498//41 508//41 
f 476//42 504//42 494//42 
f 520//43 464//43 498//43 
f 476//44 494//44 490//44 
f 468//45 498//45 464//45 
f 476//46 490//46 482//46 
f 498//47 468//47 492//47 
f 504//48 476//48 470//48 
f 474//49 492//49 468//49 
f 512//50 470//50 464//50 
f 492//51 474//51 486//51 
f 486//52 474//52 480//52 
f 544//53 586//53 584//53 
f 554//54 584//54 580//54 
f 586//55 530//55 582//55 
f 554//56 580//56 570//56 
f 540//57 582//57 530//57 
f 554//58 570//58 562//58 
f 582//59 540//59 578//59 
f 584//60 554//60 544//60 
f 578//61 548//61 568//61 
f 586//62 544//62 530//62 
f 568//63 548//63 556//63 
f 518//64 544//64 532//64 
f 548//65 578//65 540//65 
f 518//66 532//66 526//66 
f 544//67 518//67 530//67 
f 526//68 510//68 518//68 
f 454//69 526//69 506//69 
f 526//70 456//70 510//70 
f 460//71 510//71 456//71 
f 454//72 506//72 484//72 
f 510//73 460//73 496//73 
f 462//74 496//74 460//74 
f 496//75 462//75 488//75 
f 454//76 484//76 458//76 
f 526//77 454//77 456//77 
f 488//78 462//78 478//78 
f 448//79 454//79 458//79 
f 406//80 448//80 446//80 
f 404//81 446//81 440//81 
f 398//82 440//82 438//82 
f 388//83 438//83 432//83 
f 386//84 432//84 428//84 
f 446//85 404//85 406//85 
f 380//86 428//86 424//86 
f 402//87 424//87 420//87 
f 402//88 420//88 418//88 
f 440//89 398//89 404//89 
f 438//90 394//90 398//90 
f 438//91 388//91 394//91 
f 432//92 386//92 388//92 
f 428//93 380//93 386//93 
f 424//94 378//94 380//94 
f 402//95 372//95 378//95 
f 402//96 368//96 372//96 
f 356//97 368//97 402//97 
f 294//98 356//98 352//98 
f 356//99 346//99 368//99 
f 288//100 352//100 344//100 
f 308//101 344//101 338//101 
f 316//102 338//102 332//102 
f 356//103 330//103 346//103 
f 316//104 332//104 326//104 
f 338//105 316//105 308//105 
f 356//106 314//106 330//106 
f 300//107 344//107 308//107 
f 356//108 304//108 314//108 
f 344//109 300//109 288//109 
f 356//110 294//110 304//110 
f 244//111 300//111 292//111 
f 352//112 288//112 294//112 
f 250//113 292//113 284//113 
f 300//114 278//114 288//114 
f 256//115 284//115 274//115 
f 300//116 244//116 278//116 
f 256//117 274//117 270//117 
f 248//118 278//118 244//118 
f 256//119 270//119 262//119 
f 278//120 248//120 272//120 
f 284//121 256//121 250//121 
f 254//122 272//122 248//122 
f 292//123 250//123 244//123 
f 272//124 254//124 266//124 
f 266//125 254//125 260//125 
f 324//126 366//126 364//126 
f 334//127 364//127 360//127 
f 366//128 310//128 362//128 
f 334//129 360//129 350//129 
f 320//130 362//130 310//130 
f 334//131 350//131 342//131 
f 362//132 320//132 358//132 
f 364//133 334//133 324//133 
f 358//134 328//134 348//134 
f 366//135 324//135 310//135 
f 348//136 328//136 336//136 
f 298//137 324//137 312//137 
f 328//138 358//138 320//138 
f 298//139 312//139 306//139 
f 324//140 298//140 310//140 
f 306//141 290//141 298//141 
f 234//142 306//142 286//142 
f 306//143 236//143 290//143 
f 240//144 290//144 236//144 
f 234//145 286//145 264//145 
f 290//146 240//146 276//146 
f 242//147 276//147 240//147 
f 276//148 242//148 268//148 
f 234//149 264//149 238//149 
f 306//150 234//150 236//150 
f 268//151 242//151 258//151 
f 228//152 234//152 238//152 
f 194//153 228//153 226//153 
f 194//154 226//154 220//154 
f 194//155 220//155 218//155 
f 194//156 218//156 212//156 
f 194//157 212//157 208//157 
f 228//158 194//158 234//158 
f 204//159 194//159 208//159 
f 184//160 204//160 200//160 
f 184//161 200//161 198//161 
f 742//162 772//162 768//162 
f 798//163 838//163 834//163 
f 854//164 894//164 890//164 
f 1084//165 1090//165 1092//165 
f 1090//166 1084//166 1082//166 
f 1212//167 1188//167 1208//167 
f 1138//168 1184//168 1188//168 
f 1144//169 1184//169 1138//169 
f 1152//170 1176//170 1144//170 
f 1176//171 1164//171 1168//171 
f 1122//172 1188//172 1212//172 
f 1138//173 1188//173 1134//173 
f 1184//174 1144//174 1176//174 
f 1164//175 1152//175 1156//175 
f 1176//176 1152//176 1164//176 
f 1188//177 1130//177 1134//177 
f 1188//178 1126//178 1130//178 
f 1188//179 1122//179 1126//179 
f 994//180 956//180 976//180 
f 940//181 976//181 956//181 
f 976//182 940//182 954//182 
f 1094//183 1538//183 1534//183 
f 1538//184 1460//184 1536//184 
f 1094//185 1534//185 1530//185 
f 1464//186 1536//186 1460//186 
f 1094//187 1530//187 1526//187 
f 1470//188 1536//188 1468//188 
f 1094//189 1526//189 1522//189 
f 1466//190 1536//190 1470//190 
f 1094//191 1522//191 1518//191 
f 1458//192 1536//192 1466//192 
f 1094//193 1518//193 1514//193 
f 1450//194 1536//194 1458//194 
f 1094//195 1514//195 1510//195 
f 1436//196 1536//196 1450//196 
f 1094//197 1510//197 1506//197 
f 1404//198 1536//198 1424//198 
f 1094//199 1506//199 1502//199 
f 1368//200 1536//200 1404//200 
f 1094//201 1502//201 1498//201 
f 1338//202 1536//202 1368//202 
f 1094//203 1498//203 1494//203 
f 1536//204 1338//204 1532//204 
f 1094//205 1494//205 1490//205 
f 1532//206 1338//206 1528//206 
f 1094//207 1490//207 1486//207 
f 1524//208 1338//208 1520//208 
f 1094//209 1486//209 1482//209 
f 1318//210 1520//210 1338//210 
f 1094//211 1482//211 1478//211 
f 1520//212 1318//212 1516//212 
f 1094//213 1478//213 1474//213 
f 1516//214 1318//214 1512//214 
f 1512//215 1318//215 1508//215 
f 1528//216 1338//216 1524//216 
f 1424//217 1536//217 1436//217 
f 1536//218 1464//218 1468//218 
f 1464//219 1460//219 1462//219 
f 1538//220 1454//220 1460//220 
f 1538//221 1448//221 1454//221 
f 1094//222 1474//222 1444//222 
f 1538//223 1438//223 1448//223 
f 1538//224 1430//224 1438//224 
f 1094//225 1444//225 1428//225 
f 1538//226 1420//226 1430//226 
f 1094//227 1428//227 1394//227 
f 1538//228 1386//228 1420//228 
f 1538//229 1364//229 1386//229 
f 1094//230 1394//230 1358//230 
f 1538//231 1344//231 1364//231 
f 1094//232 1358//232 1336//232 
f 1538//233 1320//233 1344//233 
f 1094//234 1336//234 1310//234 
f 1538//235 1094//235 1320//235 
f 1094//236 1310//236 1270//236 
f 1320//237 1094//237 1286//237 
f 1172//238 1286//238 1094//238 
f 1094//239 1270//239 1250//239 
f 1192//240 1286//240 1172//240 
f 1196//241 1254//241 1192//241 
f 1254//242 1196//242 1242//242 
f 1242//243 1200//243 1236//243 
f 1094//244 1250//244 1222//244 
f 1508//245 1318//245 1504//245 
f 1504//246 1318//246 1500//246 
f 1500//247 1318//247 1496//247 
f 1496//248 1318//248 1492//248 
f 1492//249 1318//249 1488//249 
f 1488//250 1318//250 1484//250 
f 1484//251 1318//251 1480//251 
f 1480//252 1318//252 1476//252 
f 1476//253 1318//253 1472//253 
f 1472//254 1318//254 1442//254 
f 1442//255 1318//255 1426//255 
f 1426//256 1318//256 1392//256 
f 1392//257 1318//257 1356//257 
f 1356//258 1318//258 1334//258 
f 1318//259 1308//259 1334//259 
f 1220//260 1318//260 1280//260 
f 1318//261 1268//261 1308//261 
f 1180//262 1280//262 1260//262 
f 1198//263 1260//263 1252//263 
f 1280//264 1180//264 1220//264 
f 1198//265 1252//265 1240//265 
f 1202//266 1240//266 1232//266 
f 1318//267 1248//267 1268//267 
f 1202//268 1232//268 1218//268 
f 1208//269 1218//269 1216//269 
f 1258//270 1212//270 1216//270 
f 1208//271 1216//271 1212//271 
f 1218//272 1208//272 1202//272 
f 1240//273 1202//273 1198//273 
f 1260//274 1198//274 1180//274 
f 1318//275 1220//275 1248//275 
f 1158//276 1220//276 1180//276 
f 1146//277 1220//277 1158//277 
f 1088//278 1146//278 1118//278 
f 1088//279 1118//279 1114//279 
f 1088//280 1114//280 1110//280 
f 1088//281 1110//281 1106//281 
f 1104//282 1090//282 1100//282 
f 1100//283 1090//283 1096//283 
f 1088//284 1096//284 1090//284 
f 1096//285 1088//285 1098//285 
f 1098//286 1088//286 1102//286 
f 1088//287 1106//287 1102//287 
f 1146//288 1088//288 1220//288 
f 1080//289 1220//289 1088//289 
f 1082//290 1072//290 1080//290 
f 1072//291 1220//291 1080//291 
f 1068//292 1220//292 1072//292 
f 1062//293 1068//293 1066//293 
f 1058//294 1068//294 1062//294 
f 1054//295 1068//295 1058//295 
f 1050//296 1068//296 1054//296 
f 1046//297 1068//297 1050//297 
f 1042//298 1068//298 1046//298 
f 1030//299 1068//299 1042//299 
f 1068//300 1030//300 1220//300 
f 1018//301 1220//301 1030//301 
f 1010//302 1220//302 1018//302 
f 926//303 1010//303 1002//303 
f 926//304 1002//304 996//304 
f 926//305 996//305 992//305 
f 944//306 952//306 946//306 
f 952//307 944//307 964//307 
f 942//308 964//308 944//308 
f 936//309 964//309 942//309 
f 964//310 936//310 972//310 
f 934//311 972//311 936//311 
f 932//312 972//312 934//312 
f 972//313 932//313 986//313 
f 930//314 986//314 932//314 
f 986//315 930//315 992//315 
f 928//316 992//316 930//316 
f 926//317 992//317 928//317 
f 914//318 1010//318 926//318 
f 1010//319 914//319 1220//319 
f 916//320 910//320 914//320 
f 910//321 1220//321 914//321 
f 892//322 1220//322 910//322 
f 860//323 890//323 888//323 
f 868//324 888//324 884//324 
f 874//325 884//325 878//325 
f 884//326 874//326 872//326 
f 884//327 872//327 868//327 
f 888//328 868//328 864//328 
f 888//329 864//329 860//329 
f 890//330 860//330 858//330 
f 890//331 858//331 854//331 
f 894//332 854//332 852//332 
f 894//333 852//333 892//333 
f 850//334 892//334 852//334 
f 850//335 1220//335 892//335 
f 836//336 1220//336 850//336 
f 806//337 834//337 832//337 
f 810//338 832//338 828//338 
f 818//339 828//339 822//339 
f 828//340 818//340 814//340 
f 828//341 814//341 810//341 
f 832//342 810//342 806//342 
f 834//343 806//343 804//343 
f 834//344 804//344 800//344 
f 834//345 800//345 798//345 
f 838//346 798//346 796//346 
f 838//347 796//347 836//347 
f 794//348 836//348 796//348 
f 794//349 1220//349 836//349 
f 770//350 1220//350 794//350 
f 742//351 768//351 766//351 
f 738//352 766//352 764//352 
f 738//353 764//353 762//353 
f 738//354 762//354 760//354 
f 738//355 760//355 758//355 
f 734//356 758//356 756//356 
f 734//357 756//357 754//357 
f 772//358 752//358 750//358 
f 772//359 750//359 770//359 
f 746//360 770//360 750//360 
f 740//361 770//361 746//361 
f 736//362 770//362 740//362 
f 718//363 770//363 736//363 
f 696//364 770//364 718//364 
f 770//365 696//365 1220//365 
f 542//366 696//366 684//366 
f 574//367 684//367 656//367 
f 618//368 636//368 634//368 
f 630//369 640//369 636//369 
f 628//370 640//370 632//370 
f 640//371 628//371 644//371 
f 620//372 644//372 628//372 
f 644//373 620//373 648//373 
f 612//374 648//374 620//374 
f 648//375 612//375 652//375 
f 602//376 652//376 612//376 
f 594//377 652//377 602//377 
f 652//378 594//378 656//378 
f 574//379 656//379 594//379 
f 684//380 574//380 542//380 
f 696//381 542//381 516//381 
f 696//382 516//382 1220//382 
f 2//383 516//383 500//383 
f 322//384 500//384 466//384 
f 408//385 414//385 412//385 
f 414//386 408//386 416//386 
f 400//387 416//387 408//387 
f 416//388 400//388 426//388 
f 392//389 426//389 400//389 
f 426//390 392//390 434//390 
f 382//391 434//391 392//391 
f 434//392 382//392 442//392 
f 374//393 442//393 382//393 
f 442//394 374//394 450//394 
f 354//395 450//395 374//395 
f 450//396 354//396 466//396 
f 322//397 466//397 354//397 
f 296//398 500//398 322//398 
f 500//399 296//399 2//399 
f 2//400 296//400 280//400 
f 192//401 280//401 246//401 
f 192//402 196//402 194//402 
f 192//403 206//403 196//403 
f 192//404 214//404 206//404 
f 192//405 222//405 214//405 
f 192//406 230//406 222//406 
f 192//407 246//407 230//407 
f 280//408 192//408 2//408 
f 2//409 192//409 190//409 
f 156//410 190//410 188//410 
f 154//411 190//411 156//411 
f 2//412 190//412 154//412 
f 2//413 154//413 152//413 
f 160//414 146//414 152//414 
f 142//415 152//415 146//415 
f 138//416 152//416 142//416 
f 134//417 152//417 138//417 
f 130//418 152//418 134//418 
f 126//419 152//419 130//419 
f 122//420 152//420 126//420 
f 118//421 152//421 122//421 
f 114//422 152//422 118//422 
f 110//423 152//423 114//423 
f 106//424 152//424 110//424 
f 98//425 152//425 106//425 
f 94//426 152//426 98//426 
f 90//427 152//427 94//427 
f 86//428 152//428 90//428 
f 82//429 152//429 86//429 
f 78//430 152//430 82//430 
f 152//431 78//431 2//431 
f 2//432 78//432 74//432 
f 2//433 74//433 70//433 
f 2//434 70//434 66//434 
f 2//435 66//435 62//435 
f 2//436 62//436 58//436 
f 2//437 58//437 54//437 
f 2//438 54//438 50//438 
f 2//439 50//439 42//439 
f 2//440 42//440 38//440 
f 2//441 38//441 34//441 
f 2//442 34//442 30//442 
f 516//443 2//443 1220//443 
f 26//444 2//444 30//444 
f 22//445 2//445 26//445 
f 18//446 2//446 22//446 
f 14//447 2//447 18//447 
f 10//448 2//448 14//448 
f 2//449 10//449 4//449 
f 1460//450 1456//450 1462//450 
f 1460//451 1452//451 1456//451 
f 1460//452 1446//452 1452//452 
f 1460//453 1440//453 1446//453 
f 1460//454 1434//454 1440//454 
f 1460//455 1432//455 1434//455 
f 1460//456 1422//456 1432//456 
f 1460//457 1418//457 1422//457 
f 1406//458 1418//458 1460//458 
f 1332//459 1406//459 1402//459 
f 1406//460 1396//460 1418//460 
f 1326//461 1402//461 1390//461 
f 1350//462 1390//462 1384//462 
f 1362//463 1384//463 1378//463 
f 1406//464 1376//464 1396//464 
f 1362//465 1378//465 1372//465 
f 1384//466 1362//466 1350//466 
f 1406//467 1360//467 1376//467 
f 1342//468 1390//468 1350//468 
f 1406//469 1346//469 1360//469 
f 1390//470 1342//470 1326//470 
f 1406//471 1332//471 1346//471 
f 1278//472 1342//472 1330//472 
f 1402//473 1326//473 1332//473 
f 1284//474 1330//474 1322//474 
f 1342//475 1316//475 1326//475 
f 1290//476 1322//476 1312//476 
f 1342//477 1278//477 1316//477 
f 1290//478 1312//478 1304//478 
f 1282//479 1316//479 1278//479 
f 1290//480 1304//480 1296//480 
f 1316//481 1282//481 1306//481 
f 1322//482 1290//482 1284//482 
f 1288//483 1306//483 1282//483 
f 1330//484 1284//484 1278//484 
f 1306//485 1288//485 1300//485 
f 1300//486 1288//486 1294//486 
f 1370//487 1416//487 1414//487 
f 1380//488 1414//488 1410//488 
f 1416//489 1352//489 1412//489 
f 1380//490 1410//490 1400//490 
f 1366//491 1412//491 1352//491 
f 1380//492 1400//492 1388//492 
f 1412//493 1366//493 1408//493 
f 1414//494 1380//494 1370//494 
f 1408//495 1374//495 1398//495 
f 1416//496 1370//496 1352//496 
f 1398//497 1374//497 1382//497 
f 1340//498 1370//498 1354//498 
f 1374//499 1408//499 1366//499 
f 1340//500 1354//500 1348//500 
f 1370//501 1340//501 1352//501 
f 1348//502 1328//502 1340//502 
f 1264//503 1348//503 1324//503 
f 1348//504 1266//504 1328//504 
f 1274//505 1328//505 1266//505 
f 1264//506 1324//506 1298//506 
f 1328//507 1274//507 1314//507 
f 1276//508 1314//508 1274//508 
f 1314//509 1276//509 1302//509 
f 1264//510 1298//510 1272//510 
f 1348//511 1264//511 1266//511 
f 1302//512 1276//512 1292//512 
f 1258//513 1264//513 1272//513 
f 1246//514 1212//514 1256//514 
f 1212//515 1246//515 1214//515 
f 1214//516 1246//516 1244//516 
f 1214//517 1244//517 1238//517 
f 1210//518 1238//518 1234//518 
f 1256//519 1212//519 1258//519 
f 1210//520 1234//520 1230//520 
f 1210//521 1230//521 1226//521 
f 1206//522 1226//522 1224//522 
f 1204//523 1236//523 1200//523 
f 1226//524 1206//524 1210//524 
f 1258//525 1216//525 1264//525 
f 1238//526 1210//526 1214//526 
f 1228//527 1206//527 1224//527 
f 1206//528 1228//528 1204//528 
f 1236//529 1204//529 1228//529 
f 1200//530 1242//530 1196//530 
f 1262//531 1192//531 1254//531 
f 1286//532 1192//532 1262//532 
f 1172//533 1094//533 1162//533 
f 1162//534 1094//534 1148//534 
f 1092//535 1148//535 1094//535 
f 1148//536 1092//536 1120//536 
f 1120//537 1092//537 1116//537 
f 1090//538 1116//538 1092//538 
f 1108//539 1090//539 1104//539 
f 1112//540 1090//540 1108//540 
f 1116//541 1090//541 1112//541 
f 1222//542 1086//542 1094//542 
f 1074//543 1084//543 1086//543 
f 1084//544 1074//544 1082//544 
f 1072//545 1082//545 1074//545 
f 1222//546 1074//546 1086//546 
f 1222//547 1070//547 1074//547 
f 1064//548 1068//548 1070//548 
f 1068//549 1064//549 1066//549 
f 1070//550 1060//550 1064//550 
f 1070//551 1056//551 1060//551 
f 1070//552 1052//552 1056//552 
f 1070//553 1048//553 1052//553 
f 1070//554 1044//554 1048//554 
f 1070//555 1034//555 1044//555 
f 958//556 1070//556 1222//556 
f 1070//557 958//557 1034//557 
f 1034//558 958//558 1020//558 
f 1020//559 958//559 1008//559 
f 1008//560 956//560 994//560 
f 956//561 1008//561 958//561 
f 1222//562 924//562 958//562 
f 908//563 922//563 924//563 
f 912//564 922//564 908//564 
f 922//565 910//565 920//565 
f 920//566 910//566 918//566 
f 918//567 910//567 916//567 
f 910//568 922//568 912//568 
f 924//569 906//569 908//569 
f 924//570 904//570 906//570 
f 924//571 902//571 904//571 
f 924//572 900//572 902//572 
f 924//573 898//573 900//573 
f 924//574 896//574 898//574 
f 924//575 886//575 896//575 
f 924//576 882//576 886//576 
f 840//577 882//577 924//577 
f 882//578 840//578 880//578 
f 856//579 846//579 848//579 
f 856//580 844//580 846//580 
f 862//581 844//581 856//581 
f 866//582 844//582 862//582 
f 842//583 866//583 870//583 
f 842//584 870//584 876//584 
f 880//585 840//585 876//585 
f 866//586 842//586 844//586 
f 700//587 924//587 1222//587 
f 876//588 840//588 842//588 
f 924//589 830//589 840//589 
f 924//590 826//590 830//590 
f 774//591 924//591 754//591 
f 826//592 774//592 824//592 
f 788//593 792//593 802//593 
f 792//594 788//594 790//594 
f 784//595 802//595 808//595 
f 802//596 786//596 788//596 
f 780//597 808//597 812//597 
f 802//598 784//598 786//598 
f 778//599 812//599 816//599 
f 808//600 782//600 784//600 
f 774//601 816//601 820//601 
f 808//602 780//602 782//602 
f 824//603 774//603 820//603 
f 812//604 778//604 780//604 
f 816//605 776//605 778//605 
f 816//606 774//606 776//606 
f 924//607 774//607 826//607 
f 772//608 748//608 752//608 
f 772//609 744//609 748//609 
f 772//610 742//610 744//610 
f 766//611 738//611 742//611 
f 758//612 734//612 738//612 
f 924//613 700//613 754//613 
f 754//614 730//614 734//614 
f 754//615 710//615 730//615 
f 754//616 700//616 710//616 
f 522//617 700//617 1222//617 
f 700//618 538//618 686//618 
f 618//619 634//619 638//619 
f 622//620 638//620 642//620 
f 640//621 630//621 632//621 
f 636//622 626//622 630//622 
f 622//623 642//623 646//623 
f 636//624 624//624 626//624 
f 598//625 638//625 622//625 
f 610//626 646//626 650//626 
f 604//627 650//627 654//627 
f 646//628 616//628 622//628 
f 596//629 654//629 658//629 
f 646//630 610//630 616//630 
f 560//631 686//631 538//631 
f 650//632 604//632 610//632 
f 654//633 596//633 604//633 
f 658//634 590//634 596//634 
f 658//635 560//635 590//635 
f 686//636 560//636 658//636 
f 700//637 522//637 538//637 
f 184//638 522//638 1222//638 
f 522//639 184//639 502//639 
f 448//640 406//640 454//640 
f 402//641 418//641 422//641 
f 414//642 410//642 412//642 
f 396//643 422//643 430//643 
f 454//644 410//644 414//644 
f 410//645 454//645 406//645 
f 424//646 402//646 378//646 
f 390//647 430//647 436//647 
f 384//648 436//648 444//648 
f 422//649 396//649 402//649 
f 376//650 444//650 452//650 
f 430//651 390//651 396//651 
f 370//652 452//652 472//652 
f 318//653 502//653 184//653 
f 436//654 384//654 390//654 
f 444//655 376//655 384//655 
f 452//656 370//656 376//656 
f 472//657 340//657 370//657 
f 340//658 502//658 318//658 
f 502//659 340//659 472//659 
f 318//660 184//660 302//660 
f 302//661 184//661 282//661 
f 204//662 184//662 194//662 
f 184//663 198//663 202//663 
f 194//664 184//664 192//664 
f 210//665 184//665 202//665 
f 216//666 184//666 210//666 
f 224//667 184//667 216//667 
f 232//668 184//668 224//668 
f 252//669 184//669 232//669 
f 282//670 184//670 252//670 
f 8//671 184//671 1222//671 
f 146//672 160//672 150//672 
f 160//673 148//673 150//673 
f 160//674 144//674 148//674 
f 160//675 140//675 144//675 
f 160//676 136//676 140//676 
f 160//677 132//677 136//677 
f 160//678 128//678 132//678 
f 160//679 124//679 128//679 
f 184//680 8//680 160//680 
f 160//681 120//681 124//681 
f 160//682 116//682 120//682 
f 160//683 112//683 116//683 
f 160//684 108//684 112//684 
f 160//685 100//685 108//685 
f 160//686 96//686 100//686 
f 160//687 92//687 96//687 
f 80//688 160//688 8//688 
f 160//689 88//689 92//689 
f 160//690 84//690 88//690 
f 160//691 80//691 84//691 
f 80//692 8//692 76//692 
f 76//693 8//693 72//693 
f 72//694 8//694 68//694 
f 68//695 8//695 64//695 
f 64//696 8//696 60//696 
f 60//697 8//697 56//697 
f 56//698 8//698 52//698 
f 52//699 8//699 44//699 
f 44//700 8//700 40//700 
f 40//701 8//701 36//701 
f 36//702 8//702 32//702 
f 8//703 28//703 32//703 
f 8//704 24//704 28//704 
f 8//705 20//705 24//705 
f 8//706 16//706 20//706 
f 8//707 12//707 16//707 
f 12//708 8//708 6//708 
f 176//709 180//709 178//709 
f 174//710 180//710 176//710 
f 172//711 180//711 174//711 
f 170//712 180//712 172//712 
f 168//713 180//713 170//713 
f 180//714 168//714 182//714 
f 166//715 182//715 168//715 
f 164//716 182//716 166//716 
f 162//717 182//717 164//717 
f 182//718 162//718 186//718 
f 186//719 162//719 158//719 
f 670//720 728//720 724//720 
f 674//721 724//721 720//721 
f 678//722 720//722 716//722 
f 678//723 716//723 712//723 
f 680//724 712//724 708//724 
f 698//725 708//725 704//725 
f 688//726 708//726 698//726 
f 688//727 698//727 692//727 
f 708//728 688//728 680//728 
f 712//729 680//729 678//729 
f 720//730 678//730 674//730 
f 724//731 674//731 670//731 
f 728//732 670//732 666//732 
f 728//733 666//733 732//733 
f 732//734 666//734 662//734 
f 962//735 1038//735 1036//735 
f 1038//736 950//736 1040//736 
f 968//737 1036//737 1028//737 
f 974//738 1028//738 1026//738 
f 1040//739 950//739 938//739 
f 984//740 1026//740 1022//740 
f 990//741 1022//741 1016//741 
f 948//742 1040//742 938//742 
f 1006//743 1016//743 1012//743 
f 1016//744 1006//744 990//744 
f 1040//745 948//745 1032//745 
f 990//746 1006//746 1000//746 
f 966//747 1032//747 960//747 
f 1022//748 990//748 984//748 
f 1032//749 966//749 1024//749 
f 1026//750 984//750 974//750 
f 970//751 1024//751 966//751 
f 1028//752 974//752 968//752 
f 982//753 1024//753 970//753 
f 1036//754 968//754 962//754 
f 1024//755 982//755 1014//755 
f 1038//756 962//756 950//756 
f 960//757 1032//757 948//757 
f 988//758 1014//758 982//758 
f 1014//759 988//759 1004//759 
f 1004//760 988//760 998//760 
f 1132//761 1190//761 1186//761 
f 1136//762 1186//762 1182//762 
f 1140//763 1182//763 1178//763 
f 1140//764 1178//764 1174//764 
f 1142//765 1174//765 1170//765 
f 1160//766 1170//766 1166//766 
f 1150//767 1170//767 1160//767 
f 1150//768 1160//768 1154//768 
f 1170//769 1150//769 1142//769 
f 1174//770 1142//770 1140//770 
f 1182//771 1140//771 1136//771 
f 1186//772 1136//772 1132//772 
f 1190//773 1132//773 1128//773 
f 1190//774 1128//774 1194//774 
f 1194//775 1128//775 1124//775 
f 99//776 101//776 107//776 
f 95//777 101//777 99//777 
f 91//778 101//778 95//778 
f 87//779 101//779 91//779 
f 83//780 101//780 87//780 
f 79//781 101//781 83//781 
f 75//782 101//782 79//782 
f 71//783 101//783 75//783 
f 67//784 101//784 71//784 
f 63//785 101//785 67//785 
f 59//786 101//786 63//786 
f 45//787 59//787 55//787 
f 45//788 55//788 51//788 
f 45//789 51//789 43//789 
f 59//790 45//790 101//790 
f 39//791 45//791 43//791 
f 35//792 45//792 39//792 
f 31//793 45//793 35//793 
f 27//794 45//794 31//794 
f 23//795 45//795 27//795 
f 45//796 23//796 7//796 
f 7//797 23//797 19//797 
f 7//798 19//798 15//798 
f 7//799 15//799 11//799 
f 7//800 11//800 5//800 
f 45//801 7//801 47//801 
f 1219//802 1535//802 1531//802 
f 1535//803 1075//803 1537//803 
f 1219//804 1531//804 1527//804 
f 1221//805 1537//805 1075//805 
f 1219//806 1527//806 1523//806 
f 1537//807 1221//807 1533//807 
f 1219//808 1523//808 1519//808 
f 1533//809 1221//809 1529//809 
f 1219//810 1519//810 1515//810 
f 1529//811 1221//811 1525//811 
f 1219//812 1515//812 1511//812 
f 1525//813 1221//813 1521//813 
f 1219//814 1511//814 1507//814 
f 1521//815 1221//815 1517//815 
f 1219//816 1507//816 1503//816 
f 1517//817 1221//817 1513//817 
f 1219//818 1503//818 1499//818 
f 1513//819 1221//819 1509//819 
f 1219//820 1499//820 1495//820 
f 1509//821 1221//821 1505//821 
f 1219//822 1495//822 1491//822 
f 1505//823 1221//823 1501//823 
f 1219//824 1491//824 1487//824 
f 1501//825 1221//825 1497//825 
f 1219//826 1487//826 1483//826 
f 1497//827 1221//827 1493//827 
f 1219//828 1483//828 1479//828 
f 1493//829 1221//829 1489//829 
f 1219//830 1479//830 1475//830 
f 1489//831 1221//831 1485//831 
f 1219//832 1475//832 1471//832 
f 1485//833 1221//833 1481//833 
f 1219//834 1471//834 1441//834 
f 1481//835 1221//835 1477//835 
f 1219//836 1441//836 1425//836 
f 1477//837 1221//837 1473//837 
f 1219//838 1425//838 1391//838 
f 1473//839 1221//839 1443//839 
f 1219//840 1391//840 1355//840 
f 1443//841 1221//841 1427//841 
f 1219//842 1355//842 1333//842 
f 1427//843 1221//843 1393//843 
f 1219//844 1333//844 1307//844 
f 1393//845 1221//845 1357//845 
f 1219//846 1307//846 1267//846 
f 1357//847 1221//847 1335//847 
f 1219//848 1267//848 1247//848 
f 1335//849 1221//849 1309//849 
f 1535//850 1219//850 1075//850 
f 1309//851 1221//851 1269//851 
f 1269//852 1221//852 1249//852 
f 1219//853 977//853 1075//853 
f 147//854 977//854 149//854 
f 137//855 977//855 1219//855 
f 977//856 145//856 149//856 
f 977//857 141//857 145//857 
f 977//858 137//858 141//858 
f 1219//859 133//859 137//859 
f 1219//860 129//860 133//860 
f 1219//861 125//861 129//861 
f 1219//862 121//862 125//862 
f 1219//863 117//863 121//863 
f 1219//864 113//864 117//864 
f 1219//865 109//865 113//865 
f 1219//866 105//866 109//866 
f 1219//867 97//867 105//867 
f 1219//868 93//868 97//868 
f 1219//869 89//869 93//869 
f 1//870 89//870 1219//870 
f 89//871 1//871 85//871 
f 85//872 1//872 81//872 
f 81//873 1//873 77//873 
f 77//874 1//874 73//874 
f 73//875 1//875 69//875 
f 69//876 1//876 65//876 
f 65//877 1//877 61//877 
f 61//878 1//878 57//878 
f 57//879 1//879 53//879 
f 53//880 1//880 49//880 
f 49//881 1//881 41//881 
f 41//882 1//882 37//882 
f 37//883 1//883 33//883 
f 33//884 1//884 29//884 
f 1//885 25//885 29//885 
f 1//886 21//886 25//886 
f 1//887 17//887 21//887 
f 1//888 13//888 17//888 
f 1//889 9//889 13//889 
f 9//890 1//890 3//890 
f 1221//891 1075//891 1077//891 
f 143//892 977//892 147//892 
f 139//893 977//893 143//893 
f 135//894 977//894 139//894 
f 131//895 977//895 135//895 
f 127//896 977//896 131//896 
f 123//897 977//897 127//897 
f 101//898 977//898 123//898 
f 101//899 123//899 119//899 
f 101//900 119//900 115//900 
f 101//901 115//901 111//901 
f 101//902 111//902 107//902 
f 977//903 101//903 979//903 
f 979//904 101//904 103//904 
f 5//905 8//905 7//905 
f 8//906 5//906 6//906 
f 1//907 4//907 3//907 
f 4//908 1//908 2//908 
f 979//909 104//909 980//909 
f 104//910 979//910 103//910 
f 980//911 1222//911 1078//911 
f 1221//912 1078//912 1222//912 
f 1078//913 1221//913 1077//913 
f 1222//914 980//914 8//914 
f 104//915 8//915 980//915 
f 48//916 8//916 104//916 
f 7//917 48//917 47//917 
f 48//918 7//918 8//918 
f 1//919 1220//919 2//919 
f 1220//920 1//920 1219//920 
f 1425//921 1442//921 1426//921 
f 1442//922 1425//922 1441//922 
f 1483//923 1488//923 1484//923 
f 1488//924 1483//924 1487//924 
f 1504//925 1507//925 1508//925 
f 1507//926 1504//926 1503//926 
f 1492//927 1495//927 1496//927 
f 1495//928 1492//928 1491//928 
f 1219//929 1248//929 1220//929 
f 1248//930 1219//930 1247//930 
f 1247//931 1268//931 1248//931 
f 1268//932 1247//932 1267//932 
f 1333//933 1356//933 1334//933 
f 1356//934 1333//934 1355//934 
f 1532//935 1535//935 1536//935 
f 1535//936 1532//936 1531//936 
f 1307//937 1334//937 1308//937 
f 1334//938 1307//938 1333//938 
f 1512//939 1515//939 1516//939 
f 1515//940 1512//940 1511//940 
f 1391//941 1426//941 1392//941 
f 1426//942 1391//942 1425//942 
f 1479//943 1484//943 1480//943 
f 1484//944 1479//944 1483//944 
f 1516//945 1519//945 1520//945 
f 1519//946 1516//946 1515//946 
f 1520//947 1523//947 1524//947 
f 1523//948 1520//948 1519//948 
f 1355//949 1392//949 1356//949 
f 1392//950 1355//950 1391//950 
f 1500//951 1503//951 1504//951 
f 1503//952 1500//952 1499//952 
f 1496//953 1499//953 1500//953 
f 1499//954 1496//954 1495//954 
f 1528//955 1531//955 1532//955 
f 1531//956 1528//956 1527//956 
f 1524//957 1527//957 1528//957 
f 1527//958 1524//958 1523//958 
f 1488//959 1491//959 1492//959 
f 1491//960 1488//960 1487//960 
f 1471//961 1476//961 1472//961 
f 1476//962 1471//962 1475//962 
f 1267//963 1308//963 1268//963 
f 1308//964 1267//964 1307//964 
f 1441//965 1472//965 1442//965 
f 1472//966 1441//966 1471//966 
f 1475//967 1480//967 1476//967 
f 1480//968 1475//968 1479//968 
f 1508//969 1511//969 1512//969 
f 1511//970 1508//970 1507//970 
f 1534//971 1529//971 1530//971 
f 1529//972 1534//972 1533//972 
f 1538//973 1533//973 1534//973 
f 1533//974 1538//974 1537//974 
f 1309//975 1270//975 1310//975 
f 1270//976 1309//976 1269//976 
f 1522//977 1517//977 1518//977 
f 1517//978 1522//978 1521//978 
f 1477//979 1474//979 1478//979 
f 1474//980 1477//980 1473//980 
f 1506//981 1501//981 1502//981 
f 1501//982 1506//982 1505//982 
f 1481//983 1478//983 1482//983 
f 1478//984 1481//984 1477//984 
f 1473//985 1444//985 1474//985 
f 1444//986 1473//986 1443//986 
f 1489//987 1486//987 1490//987 
f 1486//988 1489//988 1485//988 
f 1494//989 1489//989 1490//989 
f 1489//990 1494//990 1493//990 
f 1514//991 1509//991 1510//991 
f 1509//992 1514//992 1513//992 
f 1510//993 1505//993 1506//993 
f 1505//994 1510//994 1509//994 
f 1269//995 1250//995 1270//995 
f 1250//996 1269//996 1249//996 
f 1443//997 1428//997 1444//997 
f 1428//998 1443//998 1427//998 
f 1485//999 1482//999 1486//999 
f 1482//1000 1485//1000 1481//1000 
f 1335//1001 1310//1001 1336//1001 
f 1310//1002 1335//1002 1309//1002 
f 1498//1003 1493//1003 1494//1003 
f 1493//1004 1498//1004 1497//1004 
f 1502//1005 1497//1005 1498//1005 
f 1497//1006 1502//1006 1501//1006 
f 1427//1007 1394//1007 1428//1007 
f 1394//1008 1427//1008 1393//1008 
f 1526//1009 1521//1009 1522//1009 
f 1521//1010 1526//1010 1525//1010 
f 1518//1011 1513//1011 1514//1011 
f 1513//1012 1518//1012 1517//1012 
f 1530//1013 1525//1013 1526//1013 
f 1525//1014 1530//1014 1529//1014 
f 1249//1015 1222//1015 1250//1015 
f 1222//1016 1249//1016 1221//1016 
f 1357//1017 1336//1017 1358//1017 
f 1336//1018 1357//1018 1335//1018 
f 1393//1019 1358//1019 1394//1019 
f 1358//1020 1393//1020 1357//1020 
f 147//1021 144//1021 143//1021 
f 144//1022 147//1022 148//1022 
f 149//1023 148//1023 147//1023 
f 148//1024 149//1024 150//1024 
f 125//1025 130//1025 129//1025 
f 130//1026 125//1026 126//1026 
f 69//1027 66//1027 70//1027 
f 66//1028 69//1028 65//1028 
f 71//1029 76//1029 72//1029 
f 76//1030 71//1030 75//1030 
f 89//1031 86//1031 90//1031 
f 86//1032 89//1032 85//1032 
f 133//1033 138//1033 137//1033 
f 138//1034 133//1034 134//1034 
f 113//1035 118//1035 117//1035 
f 118//1036 113//1036 114//1036 
f 49//1037 42//1037 50//1037 
f 42//1038 49//1038 41//1038 
f 27//1039 32//1039 28//1039 
f 32//1040 27//1040 31//1040 
f 17//1041 14//1041 18//1041 
f 14//1042 17//1042 13//1042 
f 57//1043 54//1043 58//1043 
f 54//1044 57//1044 53//1044 
f 105//1045 110//1045 109//1045 
f 110//1046 105//1046 106//1046 
f 41//1047 38//1047 42//1047 
f 38//1048 41//1048 37//1048 
f 129//1049 134//1049 133//1049 
f 134//1050 129//1050 130//1050 
f 145//1051 150//1051 149//1051 
f 150//1052 145//1052 146//1052 
f 83//1053 88//1053 84//1053 
f 88//1054 83//1054 87//1054 
f 81//1055 78//1055 82//1055 
f 78//1056 81//1056 77//1056 
f 91//1057 96//1057 92//1057 
f 96//1058 91//1058 95//1058 
f 119//1059 116//1059 115//1059 
f 116//1060 119//1060 120//1060 
f 79//1061 84//1061 80//1061 
f 84//1062 79//1062 83//1062 
f 63//1063 68//1063 64//1063 
f 68//1064 63//1064 67//1064 
f 111//1065 108//1065 107//1065 
f 108//1066 111//1066 112//1066 
f 25//1067 22//1067 26//1067 
f 22//1068 25//1068 21//1068 
f 85//1069 82//1069 86//1069 
f 82//1070 85//1070 81//1070 
f 65//1071 62//1071 66//1071 
f 62//1072 65//1072 61//1072 
f 37//1073 34//1073 38//1073 
f 34//1074 37//1074 33//1074 
f 23//1075 28//1075 24//1075 
f 28//1076 23//1076 27//1076 
f 39//1077 44//1077 40//1077 
f 44//1078 39//1078 43//1078 
f 97//1079 94//1079 98//1079 
f 94//1080 97//1080 93//1080 
f 43//1081 52//1081 44//1081 
f 52//1082 43//1082 51//1082 
f 109//1083 114//1083 113//1083 
f 114//1084 109//1084 110//1084 
f 33//1085 30//1085 34//1085 
f 30//1086 33//1086 29//1086 
f 55//1087 60//1087 56//1087 
f 60//1088 55//1088 59//1088 
f 93//1089 90//1089 94//1089 
f 90//1090 93//1090 89//1090 
f 75//1091 80//1091 76//1091 
f 80//1092 75//1092 79//1092 
f 141//1093 146//1093 145//1093 
f 146//1094 141//1094 142//1094 
f 139//1095 136//1095 135//1095 
f 136//1096 139//1096 140//1096 
f 127//1097 124//1097 123//1097 
f 124//1098 127//1098 128//1098 
f 117//1099 122//1099 121//1099 
f 122//1100 117//1100 118//1100 
f 77//1101 74//1101 78//1101 
f 74//1102 77//1102 73//1102 
f 123//1103 120//1103 119//1103 
f 120//1104 123//1104 124//1104 
f 135//1105 132//1105 131//1105 
f 132//1106 135//1106 136//1106 
f 31//1107 36//1107 32//1107 
f 36//1108 31//1108 35//1108 
f 73//1109 70//1109 74//1109 
f 70//1110 73//1110 69//1110 
f 35//1111 40//1111 36//1111 
f 40//1112 35//1112 39//1112 
f 9//1113 4//1113 10//1113 
f 4//1114 9//1114 3//1114 
f 53//1115 50//1115 54//1115 
f 50//1116 53//1116 49//1116 
f 15//1117 20//1117 16//1117 
f 20//1118 15//1118 19//1118 
f 87//1119 92//1119 88//1119 
f 92//1120 87//1120 91//1120 
f 51//1121 56//1121 52//1121 
f 56//1122 51//1122 55//1122 
f 97//1123 106//1123 105//1123 
f 106//1124 97//1124 98//1124 
f 61//1125 58//1125 62//1125 
f 58//1126 61//1126 57//1126 
f 5//1127 12//1127 6//1127 
f 12//1128 5//1128 11//1128 
f 19//1129 24//1129 20//1129 
f 24//1130 19//1130 23//1130 
f 115//1131 112//1131 111//1131 
f 112//1132 115//1132 116//1132 
f 29//1133 26//1133 30//1133 
f 26//1134 29//1134 25//1134 
f 131//1135 128//1135 127//1135 
f 128//1136 131//1136 132//1136 
f 95//1137 100//1137 96//1137 
f 100//1138 95//1138 99//1138 
f 143//1139 140//1139 139//1139 
f 140//1140 143//1140 144//1140 
f 121//1141 126//1141 125//1141 
f 126//1142 121//1142 122//1142 
f 59//1143 64//1143 60//1143 
f 64//1144 59//1144 63//1144 
f 107//1145 100//1145 99//1145 
f 100//1146 107//1146 108//1146 
f 67//1147 72//1147 68//1147 
f 72//1148 67//1148 71//1148 
f 137//1149 142//1149 141//1149 
f 142//1150 137//1150 138//1150 
f 21//1151 18//1151 22//1151 
f 18//1152 21//1152 17//1152 
f 11//1153 16//1153 12//1153 
f 16//1154 11//1154 15//1154 
f 13//1155 10//1155 14//1155 
f 10//1156 13//1156 9//1156 
f 101//1157 104//1157 103//1157 
f 104//1158 101//1158 102//1158 
f 46//1159 104//1159 102//1159 
f 104//1160 46//1160 48//1160 
f 46//1161 47//1161 48//1161 
f 47//1162 46//1162 45//1162 
f 101//1163 46//1163 102//1163 
f 46//1164 101//1164 45//1164 
f 1075//1165 1078//1165 1077//1165 
f 1078//1166 1075//1166 1076//1166 
f 978//1167 1078//1167 1076//1167 
f 1078//1168 978//1168 980//1168 
f 978//1169 979//1169 980//1169 
f 979//1170 978//1170 977//1170 
f 1075//1171 978//1171 1076//1171 
f 978//1172 1075//1172 977//1172 
f 1085//1173 1091//1173 1093//1173 
f 1091//1174 1085//1174 1083//1174 
f 1069//1175 1071//1175 1073//1175 
f 1071//1176 1069//1176 1067//1176 
f 923//1177 955//1177 957//1177 
f 949//1178 921//1178 937//1178 
f 937//1179 921//1179 935//1179 
f 919//1180 935//1180 921//1180 
f 917//1181 935//1181 919//1181 
f 955//1182 923//1182 939//1182 
f 935//1183 917//1183 933//1183 
f 915//1184 933//1184 917//1184 
f 939//1185 923//1185 921//1185 
f 933//1186 915//1186 931//1186 
f 931//1187 915//1187 929//1187 
f 929//1188 915//1188 927//1188 
f 913//1189 927//1189 915//1189 
f 927//1190 913//1190 925//1190 
f 1037//1191 1065//1191 1063//1191 
f 1035//1192 1063//1192 1059//1192 
f 1065//1193 1037//1193 1039//1193 
f 1027//1194 1059//1194 1055//1194 
f 1031//1195 1061//1195 1039//1195 
f 1021//1196 1055//1196 1051//1196 
f 1061//1197 1031//1197 1057//1197 
f 1015//1198 1051//1198 1047//1198 
f 1023//1199 1057//1199 1031//1199 
f 1015//1200 1047//1200 1043//1200 
f 1057//1201 1023//1201 1053//1201 
f 1053//1202 1023//1202 1049//1202 
f 1065//1203 1039//1203 1061//1203 
f 1063//1204 1035//1204 1037//1204 
f 1011//1205 1043//1205 1033//1205 
f 1059//1206 1027//1206 1035//1206 
f 1055//1207 1025//1207 1027//1207 
f 1055//1208 1021//1208 1025//1208 
f 1011//1209 1033//1209 1019//1209 
f 1051//1210 1015//1210 1021//1210 
f 1043//1211 1011//1211 1015//1211 
f 1007//1212 1011//1212 1019//1212 
f 1007//1213 1005//1213 1011//1213 
f 993//1214 1005//1214 1007//1214 
f 975//1215 1005//1215 993//1215 
f 1005//1216 975//1216 999//1216 
f 999//1217 975//1217 989//1217 
f 953//1218 989//1218 975//1218 
f 989//1219 953//1219 983//1219 
f 983//1220 953//1220 973//1220 
f 939//1221 973//1221 953//1221 
f 973//1222 939//1222 967//1222 
f 967//1223 939//1223 961//1223 
f 921//1224 961//1224 939//1224 
f 961//1225 921//1225 949//1225 
f 1013//1226 1049//1226 1023//1226 
f 1049//1227 1013//1227 1045//1227 
f 1045//1228 1013//1228 1041//1228 
f 1041//1229 1013//1229 1029//1229 
f 1029//1230 1013//1230 1017//1230 
f 1003//1231 1017//1231 1013//1231 
f 1017//1232 1003//1232 1009//1232 
f 1003//1233 1001//1233 1009//1233 
f 985//1234 1003//1234 997//1234 
f 1003//1235 995//1235 1001//1235 
f 1003//1236 991//1236 995//1236 
f 963//1237 997//1237 987//1237 
f 1003//1238 985//1238 991//1238 
f 951//1239 987//1239 981//1239 
f 997//1240 971//1240 985//1240 
f 951//1241 981//1241 969//1241 
f 945//1242 969//1242 965//1242 
f 997//1243 963//1243 971//1243 
f 945//1244 965//1244 959//1244 
f 987//1245 951//1245 963//1245 
f 945//1246 959//1246 947//1246 
f 969//1247 945//1247 951//1247 
f 937//1248 945//1248 947//1248 
f 945//1249 941//1249 943//1249 
f 935//1250 945//1250 937//1250 
f 945//1251 935//1251 941//1251 
f 191//1252 187//1252 189//1252 
f 191//1253 185//1253 187//1253 
f 183//1254 185//1254 191//1254 
f 183//1255 181//1255 185//1255 
f 183//1256 179//1256 181//1256 
f 183//1257 177//1257 179//1257 
f 159//1258 175//1258 177//1258 
f 175//1259 159//1259 173//1259 
f 173//1260 159//1260 171//1260 
f 171//1261 159//1261 169//1261 
f 169//1262 159//1262 167//1262 
f 167//1263 159//1263 165//1263 
f 165//1264 159//1264 163//1264 
f 159//1265 177//1265 183//1265 
f 163//1266 159//1266 161//1266 
f 159//1267 157//1267 161//1267 
f 151//1268 157//1268 159//1268 
f 157//1269 151//1269 155//1269 
f 155//1270 151//1270 153//1270 
f 157//1271 187//1271 185//1271 
f 187//1272 157//1272 155//1272 
f 789//1273 767//1273 771//1273 
f 775//1274 765//1274 767//1274 
f 775//1275 763//1275 765//1275 
f 775//1276 761//1276 763//1276 
f 775//1277 759//1277 761//1277 
f 775//1278 757//1278 759//1278 
f 775//1279 755//1279 757//1279 
f 755//1280 773//1280 753//1280 
f 853//1281 833//1281 837//1281 
f 843//1282 831//1282 833//1282 
f 827//1283 839//1283 829//1283 
f 843//1284 827//1284 831//1284 
f 825//1285 827//1285 829//1285 
f 823//1286 827//1286 825//1286 
f 823//1287 821//1287 827//1287 
f 819//1288 821//1288 823//1288 
f 815//1289 821//1289 819//1289 
f 811//1290 821//1290 815//1290 
f 807//1291 821//1291 811//1291 
f 821//1292 807//1292 817//1292 
f 801//1293 817//1293 807//1293 
f 817//1294 801//1294 813//1294 
f 791//1295 813//1295 801//1295 
f 813//1296 791//1296 809//1296 
f 809//1297 791//1297 805//1297 
f 789//1298 805//1298 791//1298 
f 805//1299 789//1299 803//1299 
f 771//1300 803//1300 789//1300 
f 803//1301 771//1301 799//1301 
f 799//1302 771//1302 797//1302 
f 797//1303 771//1303 795//1303 
f 767//1304 789//1304 787//1304 
f 767//1305 787//1305 785//1305 
f 767//1306 785//1306 783//1306 
f 767//1307 783//1307 781//1307 
f 767//1308 781//1308 779//1308 
f 767//1309 779//1309 777//1309 
f 767//1310 777//1310 775//1310 
f 755//1311 775//1311 773//1311 
f 769//1312 795//1312 771//1312 
f 795//1313 769//1313 793//1313 
f 911//1314 889//1314 893//1314 
f 901//1315 887//1315 889//1315 
f 883//1316 895//1316 885//1316 
f 901//1317 883//1317 887//1317 
f 881//1318 883//1318 885//1318 
f 877//1319 881//1319 879//1319 
f 881//1320 877//1320 883//1320 
f 875//1321 877//1321 879//1321 
f 869//1322 877//1322 875//1322 
f 865//1323 877//1323 869//1323 
f 861//1324 877//1324 865//1324 
f 877//1325 861//1325 873//1325 
f 855//1326 873//1326 861//1326 
f 873//1327 855//1327 871//1327 
f 847//1328 871//1328 855//1328 
f 871//1329 847//1329 867//1329 
f 867//1330 847//1330 863//1330 
f 845//1331 863//1331 847//1331 
f 863//1332 845//1332 859//1332 
f 833//1333 859//1333 845//1333 
f 859//1334 833//1334 857//1334 
f 833//1335 853//1335 857//1335 
f 853//1336 837//1336 851//1336 
f 833//1337 845//1337 843//1337 
f 827//1338 841//1338 839//1338 
f 841//1339 827//1339 843//1339 
f 835//1340 851//1340 837//1340 
f 851//1341 835//1341 849//1341 
f 889//1342 911//1342 907//1342 
f 889//1343 907//1343 905//1343 
f 889//1344 905//1344 903//1344 
f 899//1345 883//1345 901//1345 
f 897//1346 883//1346 899//1346 
f 883//1347 897//1347 895//1347 
f 901//1348 889//1348 903//1348 
f 911//1349 893//1349 909//1349 
f 909//1350 893//1350 891//1350 
f 1389//1351 1453//1351 1447//1351 
f 1377//1352 1447//1352 1437//1352 
f 1371//1353 1437//1353 1429//1353 
f 1371//1354 1429//1354 1419//1354 
f 1447//1355 1383//1355 1389//1355 
f 1459//1356 1401//1356 1405//1356 
f 1453//1357 1401//1357 1459//1357 
f 1361//1358 1419//1358 1385//1358 
f 1401//1359 1453//1359 1389//1359 
f 1447//1360 1377//1360 1383//1360 
f 1437//1361 1371//1361 1377//1361 
f 1349//1362 1385//1362 1363//1362 
f 1419//1363 1361//1363 1371//1363 
f 1385//1364 1349//1364 1361//1364 
f 1341//1365 1363//1365 1343//1365 
f 1363//1366 1341//1366 1349//1366 
f 1343//1367 1329//1367 1341//1367 
f 1319//1368 1329//1368 1343//1368 
f 1329//1369 1319//1369 1321//1369 
f 1285//1370 1321//1370 1319//1370 
f 1321//1371 1285//1371 1311//1371 
f 1261//1372 1311//1372 1285//1372 
f 1253//1373 1311//1373 1261//1373 
f 1311//1374 1253//1374 1303//1374 
f 1241//1375 1303//1375 1253//1375 
f 1303//1376 1241//1376 1295//1376 
f 1235//1377 1295//1377 1241//1377 
f 1295//1378 1235//1378 1289//1378 
f 1225//1379 1277//1379 1223//1379 
f 1229//1380 1277//1380 1225//1380 
f 1227//1381 1289//1381 1235//1381 
f 1233//1382 1277//1382 1229//1382 
f 1237//1383 1277//1383 1233//1383 
f 1289//1384 1227//1384 1283//1384 
f 1243//1385 1277//1385 1237//1385 
f 1283//1386 1227//1386 1277//1386 
f 1245//1387 1277//1387 1243//1387 
f 1277//1388 1257//1388 1271//1388 
f 1277//1389 1227//1389 1223//1389 
f 1257//1390 1277//1390 1255//1390 
f 1277//1391 1245//1391 1255//1391 
f 1469//1392 1413//1392 1415//1392 
f 1421//1393 1409//1393 1413//1393 
f 1421//1394 1399//1394 1409//1394 
f 1353//1395 1417//1395 1395//1395 
f 1421//1396 1387//1396 1399//1396 
f 1421//1397 1379//1397 1387//1397 
f 1347//1398 1395//1398 1375//1398 
f 1421//1399 1369//1399 1379//1399 
f 1347//1400 1375//1400 1359//1400 
f 1421//1401 1353//1401 1369//1401 
f 1395//1402 1347//1402 1353//1402 
f 1323//1403 1359//1403 1345//1403 
f 1297//1404 1345//1404 1331//1404 
f 1271//1405 1331//1405 1325//1405 
f 1359//1406 1323//1406 1347//1406 
f 1271//1407 1325//1407 1315//1407 
f 1271//1408 1315//1408 1305//1408 
f 1271//1409 1305//1409 1299//1409 
f 1345//1410 1297//1410 1323//1410 
f 1271//1411 1299//1411 1293//1411 
f 1271//1412 1293//1412 1287//1412 
f 1271//1413 1287//1413 1281//1413 
f 1271//1414 1281//1414 1277//1414 
f 1331//1415 1271//1415 1297//1415 
f 1413//1416 1469//1416 1467//1416 
f 1413//1417 1467//1417 1463//1417 
f 1413//1418 1463//1418 1461//1418 
f 1469//1419 1415//1419 1465//1419 
f 1413//1420 1461//1420 1455//1420 
f 1413//1421 1455//1421 1451//1421 
f 1411//1422 1465//1422 1415//1422 
f 1413//1423 1451//1423 1445//1423 
f 1413//1424 1445//1424 1439//1424 
f 1407//1425 1465//1425 1411//1425 
f 1413//1426 1439//1426 1433//1426 
f 1413//1427 1433//1427 1431//1427 
f 1465//1428 1407//1428 1457//1428 
f 1413//1429 1431//1429 1421//1429 
f 1353//1430 1421//1430 1417//1430 
f 1397//1431 1457//1431 1407//1431 
f 1457//1432 1397//1432 1449//1432 
f 1381//1433 1449//1433 1397//1433 
f 1449//1434 1381//1434 1435//1434 
f 1373//1435 1435//1435 1381//1435 
f 1435//1436 1373//1436 1423//1436 
f 1365//1437 1423//1437 1373//1437 
f 1423//1438 1365//1438 1403//1438 
f 1403//1439 1365//1439 1367//1439 
f 1351//1440 1367//1440 1365//1440 
f 1337//1441 1351//1441 1339//1441 
f 1351//1442 1337//1442 1367//1442 
f 1327//1443 1337//1443 1339//1443 
f 1327//1444 1317//1444 1337//1444 
f 1313//1445 1317//1445 1327//1445 
f 1259//1446 1313//1446 1301//1446 
f 1251//1447 1301//1447 1291//1447 
f 1313//1448 1279//1448 1317//1448 
f 1231//1449 1291//1449 1275//1449 
f 1231//1450 1275//1450 1273//1450 
f 1217//1451 1273//1451 1265//1451 
f 1215//1452 1265//1452 1263//1452 
f 1313//1453 1259//1453 1279//1453 
f 1301//1454 1251//1454 1259//1454 
f 1291//1455 1239//1455 1251//1455 
f 1291//1456 1231//1456 1239//1456 
f 1273//1457 1217//1457 1231//1457 
f 1265//1458 1215//1458 1217//1458 
f 343//1459 395//1459 389//1459 
f 331//1460 389//1460 383//1460 
f 325//1461 383//1461 375//1461 
f 325//1462 375//1462 369//1462 
f 389//1463 337//1463 343//1463 
f 401//1464 351//1464 355//1464 
f 395//1465 351//1465 401//1465 
f 315//1466 369//1466 339//1466 
f 351//1467 395//1467 343//1467 
f 389//1468 331//1468 337//1468 
f 383//1469 325//1469 331//1469 
f 307//1470 339//1470 317//1470 
f 369//1471 315//1471 325//1471 
f 339//1472 307//1472 315//1472 
f 299//1473 317//1473 301//1473 
f 317//1474 299//1474 307//1474 
f 301//1475 291//1475 299//1475 
f 281//1476 291//1476 301//1476 
f 291//1477 281//1477 283//1477 
f 251//1478 283//1478 281//1478 
f 283//1479 251//1479 273//1479 
f 231//1480 273//1480 251//1480 
f 223//1481 273//1481 231//1481 
f 273//1482 223//1482 269//1482 
f 215//1483 269//1483 223//1483 
f 269//1484 215//1484 261//1484 
f 209//1485 261//1485 215//1485 
f 261//1486 209//1486 255//1486 
f 199//1487 243//1487 197//1487 
f 203//1488 243//1488 199//1488 
f 201//1489 255//1489 209//1489 
f 207//1490 243//1490 203//1490 
f 211//1491 243//1491 207//1491 
f 255//1492 201//1492 249//1492 
f 217//1493 243//1493 211//1493 
f 249//1494 201//1494 243//1494 
f 219//1495 243//1495 217//1495 
f 243//1496 227//1496 237//1496 
f 243//1497 201//1497 197//1497 
f 227//1498 243//1498 225//1498 
f 243//1499 219//1499 225//1499 
f 411//1500 363//1500 365//1500 
f 371//1501 359//1501 363//1501 
f 371//1502 349//1502 359//1502 
f 311//1503 367//1503 345//1503 
f 371//1504 341//1504 349//1504 
f 371//1505 333//1505 341//1505 
f 305//1506 345//1506 329//1506 
f 371//1507 323//1507 333//1507 
f 305//1508 329//1508 313//1508 
f 371//1509 311//1509 323//1509 
f 345//1510 305//1510 311//1510 
f 285//1511 313//1511 303//1511 
f 263//1512 303//1512 293//1512 
f 237//1513 293//1513 287//1513 
f 313//1514 285//1514 305//1514 
f 237//1515 287//1515 277//1515 
f 237//1516 277//1516 271//1516 
f 237//1517 271//1517 265//1517 
f 303//1518 263//1518 285//1518 
f 237//1519 265//1519 259//1519 
f 237//1520 259//1520 253//1520 
f 237//1521 253//1521 247//1521 
f 237//1522 247//1522 243//1522 
f 293//1523 237//1523 263//1523 
f 363//1524 411//1524 409//1524 
f 363//1525 409//1525 405//1525 
f 363//1526 405//1526 403//1526 
f 411//1527 365//1527 407//1527 
f 363//1528 403//1528 397//1528 
f 363//1529 397//1529 393//1529 
f 361//1530 407//1530 365//1530 
f 363//1531 393//1531 387//1531 
f 363//1532 387//1532 385//1532 
f 357//1533 407//1533 361//1533 
f 363//1534 385//1534 379//1534 
f 363//1535 379//1535 377//1535 
f 407//1536 357//1536 399//1536 
f 363//1537 377//1537 371//1537 
f 311//1538 371//1538 367//1538 
f 347//1539 399//1539 357//1539 
f 399//1540 347//1540 391//1540 
f 335//1541 391//1541 347//1541 
f 391//1542 335//1542 381//1542 
f 327//1543 381//1543 335//1543 
f 381//1544 327//1544 373//1544 
f 319//1545 373//1545 327//1545 
f 373//1546 319//1546 353//1546 
f 353//1547 319//1547 321//1547 
f 309//1548 321//1548 319//1548 
f 295//1549 309//1549 297//1549 
f 309//1550 295//1550 321//1550 
f 289//1551 295//1551 297//1551 
f 289//1552 279//1552 295//1552 
f 275//1553 279//1553 289//1553 
f 229//1554 275//1554 267//1554 
f 221//1555 267//1555 257//1555 
f 275//1556 245//1556 279//1556 
f 205//1557 257//1557 241//1557 
f 205//1558 241//1558 239//1558 
f 195//1559 239//1559 235//1559 
f 193//1560 235//1560 233//1560 
f 275//1561 229//1561 245//1561 
f 267//1562 221//1562 229//1562 
f 257//1563 213//1563 221//1563 
f 257//1564 205//1564 213//1564 
f 239//1565 195//1565 205//1565 
f 235//1566 193//1566 195//1566 
f 563//1567 615//1567 609//1567 
f 551//1568 609//1568 603//1568 
f 545//1569 603//1569 595//1569 
f 545//1570 595//1570 589//1570 
f 609//1571 557//1571 563//1571 
f 621//1572 571//1572 575//1572 
f 615//1573 571//1573 621//1573 
f 535//1574 589//1574 559//1574 
f 571//1575 615//1575 563//1575 
f 609//1576 551//1576 557//1576 
f 603//1577 545//1577 551//1577 
f 527//1578 559//1578 537//1578 
f 589//1579 535//1579 545//1579 
f 559//1580 527//1580 535//1580 
f 519//1581 537//1581 521//1581 
f 537//1582 519//1582 527//1582 
f 521//1583 511//1583 519//1583 
f 501//1584 511//1584 521//1584 
f 511//1585 501//1585 503//1585 
f 471//1586 503//1586 501//1586 
f 503//1587 471//1587 493//1587 
f 451//1588 493//1588 471//1588 
f 443//1589 493//1589 451//1589 
f 493//1590 443//1590 489//1590 
f 435//1591 489//1591 443//1591 
f 489//1592 435//1592 481//1592 
f 429//1593 481//1593 435//1593 
f 481//1594 429//1594 475//1594 
f 419//1595 463//1595 417//1595 
f 423//1596 463//1596 419//1596 
f 421//1597 475//1597 429//1597 
f 427//1598 463//1598 423//1598 
f 431//1599 463//1599 427//1599 
f 475//1600 421//1600 469//1600 
f 437//1601 463//1601 431//1601 
f 469//1602 421//1602 463//1602 
f 439//1603 463//1603 437//1603 
f 463//1604 447//1604 457//1604 
f 463//1605 421//1605 417//1605 
f 447//1606 463//1606 445//1606 
f 463//1607 439//1607 445//1607 
f 631//1608 583//1608 585//1608 
f 591//1609 579//1609 583//1609 
f 591//1610 569//1610 579//1610 
f 531//1611 587//1611 565//1611 
f 591//1612 561//1612 569//1612 
f 591//1613 553//1613 561//1613 
f 525//1614 565//1614 549//1614 
f 591//1615 543//1615 553//1615 
f 525//1616 549//1616 533//1616 
f 591//1617 531//1617 543//1617 
f 565//1618 525//1618 531//1618 
f 505//1619 533//1619 523//1619 
f 483//1620 523//1620 513//1620 
f 457//1621 513//1621 507//1621 
f 533//1622 505//1622 525//1622 
f 457//1623 507//1623 497//1623 
f 457//1624 497//1624 491//1624 
f 457//1625 491//1625 485//1625 
f 523//1626 483//1626 505//1626 
f 457//1627 485//1627 479//1627 
f 457//1628 479//1628 473//1628 
f 457//1629 473//1629 467//1629 
f 457//1630 467//1630 463//1630 
f 513//1631 457//1631 483//1631 
f 583//1632 631//1632 629//1632 
f 583//1633 629//1633 625//1633 
f 583//1634 625//1634 623//1634 
f 631//1635 585//1635 627//1635 
f 583//1636 623//1636 617//1636 
f 583//1637 617//1637 613//1637 
f 581//1638 627//1638 585//1638 
f 583//1639 613//1639 607//1639 
f 583//1640 607//1640 605//1640 
f 577//1641 627//1641 581//1641 
f 583//1642 605//1642 599//1642 
f 583//1643 599//1643 597//1643 
f 627//1644 577//1644 619//1644 
f 583//1645 597//1645 591//1645 
f 531//1646 591//1646 587//1646 
f 567//1647 619//1647 577//1647 
f 619//1648 567//1648 611//1648 
f 555//1649 611//1649 567//1649 
f 611//1650 555//1650 601//1650 
f 547//1651 601//1651 555//1651 
f 601//1652 547//1652 593//1652 
f 539//1653 593//1653 547//1653 
f 593//1654 539//1654 573//1654 
f 573//1655 539//1655 541//1655 
f 529//1656 541//1656 539//1656 
f 515//1657 529//1657 517//1657 
f 529//1658 515//1658 541//1658 
f 509//1659 515//1659 517//1659 
f 509//1660 499//1660 515//1660 
f 495//1661 499//1661 509//1661 
f 449//1662 495//1662 487//1662 
f 441//1663 487//1663 477//1663 
f 495//1664 465//1664 499//1664 
f 425//1665 477//1665 461//1665 
f 425//1666 461//1666 459//1666 
f 415//1667 459//1667 455//1667 
f 413//1668 455//1668 453//1668 
f 495//1669 449//1669 465//1669 
f 487//1670 441//1670 449//1670 
f 477//1671 433//1671 441//1671 
f 477//1672 425//1672 433//1672 
f 459//1673 415//1673 425//1673 
f 455//1674 413//1674 415//1674 
f 707//1675 733//1675 729//1675 
f 733//1676 727//1676 731//1676 
f 733//1677 723//1677 727//1677 
f 733//1678 719//1678 723//1678 
f 733//1679 715//1679 719//1679 
f 733//1680 711//1680 715//1680 
f 703//1681 729//1681 709//1681 
f 733//1682 707//1682 711//1682 
f 729//1683 703//1683 707//1683 
f 697//1684 709//1684 699//1684 
f 709//1685 697//1685 703//1685 
f 685//1686 697//1686 699//1686 
f 697//1687 685//1687 691//1687 
f 657//1688 691//1688 685//1688 
f 691//1689 657//1689 687//1689 
f 653//1690 687//1690 657//1690 
f 687//1691 653//1691 679//1691 
f 649//1692 679//1692 653//1692 
f 673//1693 645//1693 669//1693 
f 677//1694 645//1694 673//1694 
f 645//1695 677//1695 649//1695 
f 679//1696 649//1696 677//1696 
f 731//1697 751//1697 747//1697 
f 731//1698 747//1698 743//1698 
f 731//1699 743//1699 741//1699 
f 731//1700 741//1700 737//1700 
f 731//1701 737//1701 733//1701 
f 751//1702 731//1702 749//1702 
f 659//1703 731//1703 661//1703 
f 731//1704 659//1704 749//1704 
f 721//1705 739//1705 745//1705 
f 721//1706 745//1706 725//1706 
f 713//1707 739//1707 721//1707 
f 739//1708 713//1708 735//1708 
f 705//1709 735//1709 713//1709 
f 735//1710 705//1710 717//1710 
f 701//1711 717//1711 705//1711 
f 701//1712 695//1712 717//1712 
f 693//1713 695//1713 701//1713 
f 655//1714 693//1714 689//1714 
f 693//1715 683//1715 695//1715 
f 651//1716 689//1716 681//1716 
f 647//1717 681//1717 675//1717 
f 643//1718 675//1718 671//1718 
f 639//1719 671//1719 667//1719 
f 693//1720 655//1720 683//1720 
f 635//1721 667//1721 663//1721 
f 635//1722 663//1722 659//1722 
f 637//1723 665//1723 641//1723 
f 641//1724 669//1724 645//1724 
f 635//1725 659//1725 633//1725 
f 669//1726 641//1726 665//1726 
f 667//1727 635//1727 639//1727 
f 665//1728 637//1728 661//1728 
f 671//1729 639//1729 643//1729 
f 633//1730 661//1730 637//1730 
f 675//1731 643//1731 647//1731 
f 661//1732 633//1732 659//1732 
f 681//1733 647//1733 651//1733 
f 689//1734 651//1734 655//1734 
f 1169//1735 1195//1735 1191//1735 
f 1195//1736 1189//1736 1193//1736 
f 1195//1737 1185//1737 1189//1737 
f 1195//1738 1181//1738 1185//1738 
f 1195//1739 1177//1739 1181//1739 
f 1195//1740 1173//1740 1177//1740 
f 1165//1741 1191//1741 1171//1741 
f 1195//1742 1169//1742 1173//1742 
f 1191//1743 1165//1743 1169//1743 
f 1159//1744 1171//1744 1161//1744 
f 1171//1745 1159//1745 1165//1745 
f 1147//1746 1159//1746 1161//1746 
f 1159//1747 1147//1747 1153//1747 
f 1119//1748 1153//1748 1147//1748 
f 1153//1749 1119//1749 1149//1749 
f 1115//1750 1149//1750 1119//1750 
f 1149//1751 1115//1751 1141//1751 
f 1111//1752 1141//1752 1115//1752 
f 1135//1753 1107//1753 1131//1753 
f 1139//1754 1107//1754 1135//1754 
f 1107//1755 1139//1755 1111//1755 
f 1141//1756 1111//1756 1139//1756 
f 1193//1757 1213//1757 1209//1757 
f 1193//1758 1209//1758 1205//1758 
f 1193//1759 1205//1759 1203//1759 
f 1193//1760 1203//1760 1199//1760 
f 1193//1761 1199//1761 1195//1761 
f 1213//1762 1193//1762 1211//1762 
f 1121//1763 1193//1763 1123//1763 
f 1193//1764 1121//1764 1211//1764 
f 1183//1765 1201//1765 1207//1765 
f 1183//1766 1207//1766 1187//1766 
f 1175//1767 1201//1767 1183//1767 
f 1201//1768 1175//1768 1197//1768 
f 1167//1769 1197//1769 1175//1769 
f 1197//1770 1167//1770 1179//1770 
f 1163//1771 1179//1771 1167//1771 
f 1163//1772 1157//1772 1179//1772 
f 1155//1773 1157//1773 1163//1773 
f 1117//1774 1155//1774 1151//1774 
f 1155//1775 1145//1775 1157//1775 
f 1113//1776 1151//1776 1143//1776 
f 1109//1777 1143//1777 1137//1777 
f 1105//1778 1137//1778 1133//1778 
f 1101//1779 1133//1779 1129//1779 
f 1155//1780 1117//1780 1145//1780 
f 1097//1781 1129//1781 1125//1781 
f 1097//1782 1125//1782 1121//1782 
f 1099//1783 1127//1783 1103//1783 
f 1103//1784 1131//1784 1107//1784 
f 1097//1785 1121//1785 1095//1785 
f 1131//1786 1103//1786 1127//1786 
f 1129//1787 1097//1787 1101//1787 
f 1127//1788 1099//1788 1123//1788 
f 1133//1789 1101//1789 1105//1789 
f 1095//1790 1123//1790 1099//1790 
f 1137//1791 1105//1791 1109//1791 
f 1123//1792 1095//1792 1121//1792 
f 1143//1793 1109//1793 1113//1793 
f 1151//1794 1113//1794 1117//1794 
f 1081//1795 1087//1795 1089//1795 
f 1087//1796 1081//1796 1079//1796 
f 1085//1797 1094//1797 1086//1797 
f 1094//1798 1085//1798 1093//1798 
f 1084//1799 1085//1799 1086//1799 
f 1085//1800 1084//1800 1083//1800 
f 1091//1801 1084//1801 1092//1801 
f 1084//1802 1091//1802 1083//1802 
f 1091//1803 1094//1803 1093//1803 
f 1094//1804 1091//1804 1092//1804 
f 1069//1805 1074//1805 1070//1805 
f 1074//1806 1069//1806 1073//1806 
f 1068//1807 1069//1807 1070//1807 
f 1069//1808 1068//1808 1067//1808 
f 1071//1809 1068//1809 1072//1809 
f 1068//1810 1071//1810 1067//1810 
f 1071//1811 1074//1811 1073//1811 
f 1074//1812 1071//1812 1072//1812 
f 1041//1813 1030//1813 1042//1813 
f 1030//1814 1041//1814 1029//1814 
f 1041//1815 1046//1815 1045//1815 
f 1046//1816 1041//1816 1042//1816 
f 1045//1817 1050//1817 1049//1817 
f 1050//1818 1045//1818 1046//1818 
f 1049//1819 1054//1819 1053//1819 
f 1054//1820 1049//1820 1050//1820 
f 1053//1821 1058//1821 1057//1821 
f 1058//1822 1053//1822 1054//1822 
f 1057//1823 1062//1823 1061//1823 
f 1062//1824 1057//1824 1058//1824 
f 1061//1825 1066//1825 1065//1825 
f 1066//1826 1061//1826 1062//1826 
f 1065//1827 1064//1827 1063//1827 
f 1064//1828 1065//1828 1066//1828 
f 1063//1829 1060//1829 1059//1829 
f 1060//1830 1063//1830 1064//1830 
f 1059//1831 1056//1831 1055//1831 
f 1056//1832 1059//1832 1060//1832 
f 1055//1833 1052//1833 1051//1833 
f 1052//1834 1055//1834 1056//1834 
f 1051//1835 1048//1835 1047//1835 
f 1048//1836 1051//1836 1052//1836 
f 1047//1837 1044//1837 1043//1837 
f 1044//1838 1047//1838 1048//1838 
f 1033//1839 1044//1839 1034//1839 
f 1044//1840 1033//1840 1043//1840 
f 1019//1841 1034//1841 1020//1841 
f 1034//1842 1019//1842 1033//1842 
f 1007//1843 1020//1843 1008//1843 
f 1020//1844 1007//1844 1019//1844 
f 993//1845 1008//1845 994//1845 
f 1008//1846 993//1846 1007//1846 
f 976//1847 993//1847 994//1847 
f 993//1848 976//1848 975//1848 
f 954//1849 975//1849 976//1849 
f 975//1850 954//1850 953//1850 
f 939//1851 954//1851 940//1851 
f 954//1852 939//1852 953//1852 
f 939//1853 956//1853 955//1853 
f 956//1854 939//1854 940//1854 
f 955//1855 958//1855 957//1855 
f 958//1856 955//1856 956//1856 
f 923//1857 958//1857 924//1857 
f 958//1858 923//1858 957//1858 
f 922//1859 923//1859 924//1859 
f 923//1860 922//1860 921//1860 
f 920//1861 921//1861 922//1861 
f 921//1862 920//1862 919//1862 
f 918//1863 919//1863 920//1863 
f 919//1864 918//1864 917//1864 
f 916//1865 917//1865 918//1865 
f 917//1866 916//1866 915//1866 
f 914//1867 915//1867 916//1867 
f 915//1868 914//1868 913//1868 
f 925//1869 914//1869 926//1869 
f 914//1870 925//1870 913//1870 
f 925//1871 928//1871 927//1871 
f 928//1872 925//1872 926//1872 
f 927//1873 930//1873 929//1873 
f 930//1874 927//1874 928//1874 
f 929//1875 932//1875 931//1875 
f 932//1876 929//1876 930//1876 
f 931//1877 934//1877 933//1877 
f 934//1878 931//1878 932//1878 
f 933//1879 936//1879 935//1879 
f 936//1880 933//1880 934//1880 
f 935//1881 942//1881 941//1881 
f 942//1882 935//1882 936//1882 
f 941//1883 944//1883 943//1883 
f 944//1884 941//1884 942//1884 
f 943//1885 946//1885 945//1885 
f 946//1886 943//1886 944//1886 
f 951//1887 946//1887 952//1887 
f 946//1888 951//1888 945//1888 
f 964//1889 951//1889 952//1889 
f 951//1890 964//1890 963//1890 
f 972//1891 963//1891 964//1891 
f 963//1892 972//1892 971//1892 
f 986//1893 971//1893 972//1893 
f 971//1894 986//1894 985//1894 
f 992//1895 985//1895 986//1895 
f 985//1896 992//1896 991//1896 
f 995//1897 992//1897 996//1897 
f 992//1898 995//1898 991//1898 
f 1001//1899 996//1899 1002//1899 
f 996//1900 1001//1900 995//1900 
f 1009//1901 1002//1901 1010//1901 
f 1002//1902 1009//1902 1001//1902 
f 1017//1903 1010//1903 1018//1903 
f 1010//1904 1017//1904 1009//1904 
f 1029//1905 1018//1905 1030//1905 
f 1018//1906 1029//1906 1017//1906 
f 987//1907 998//1907 988//1907 
f 998//1908 987//1908 997//1908 
f 987//1909 982//1909 981//1909 
f 982//1910 987//1910 988//1910 
f 981//1911 970//1911 969//1911 
f 970//1912 981//1912 982//1912 
f 969//1913 966//1913 965//1913 
f 966//1914 969//1914 970//1914 
f 965//1915 960//1915 959//1915 
f 960//1916 965//1916 966//1916 
f 959//1917 948//1917 947//1917 
f 948//1918 959//1918 960//1918 
f 947//1919 938//1919 937//1919 
f 938//1920 947//1920 948//1920 
f 937//1921 950//1921 949//1921 
f 950//1922 937//1922 938//1922 
f 949//1923 962//1923 961//1923 
f 962//1924 949//1924 950//1924 
f 961//1925 968//1925 967//1925 
f 968//1926 961//1926 962//1926 
f 967//1927 974//1927 973//1927 
f 974//1928 967//1928 968//1928 
f 973//1929 984//1929 983//1929 
f 984//1930 973//1930 974//1930 
f 983//1931 990//1931 989//1931 
f 990//1932 983//1932 984//1932 
f 999//1933 990//1933 1000//1933 
f 990//1934 999//1934 989//1934 
f 1005//1935 1000//1935 1006//1935 
f 1000//1936 1005//1936 999//1936 
f 1011//1937 1006//1937 1012//1937 
f 1006//1938 1011//1938 1005//1938 
f 1015//1939 1012//1939 1016//1939 
f 1012//1940 1015//1940 1011//1940 
f 1022//1941 1015//1941 1016//1941 
f 1015//1942 1022//1942 1021//1942 
f 1026//1943 1021//1943 1022//1943 
f 1021//1944 1026//1944 1025//1944 
f 1028//1945 1025//1945 1026//1945 
f 1025//1946 1028//1946 1027//1946 
f 1036//1947 1027//1947 1028//1947 
f 1027//1948 1036//1948 1035//1948 
f 1038//1949 1035//1949 1036//1949 
f 1035//1950 1038//1950 1037//1950 
f 1040//1951 1037//1951 1038//1951 
f 1037//1952 1040//1952 1039//1952 
f 1032//1953 1039//1953 1040//1953 
f 1039//1954 1032//1954 1031//1954 
f 1024//1955 1031//1955 1032//1955 
f 1031//1956 1024//1956 1023//1956 
f 1014//1957 1023//1957 1024//1957 
f 1023//1958 1014//1958 1013//1958 
f 1003//1959 1014//1959 1004//1959 
f 1014//1960 1003//1960 1013//1960 
f 997//1961 1004//1961 998//1961 
f 1004//1962 997//1962 1003//1962 
f 187//1963 156//1963 188//1963 
f 156//1964 187//1964 155//1964 
f 190//1965 187//1965 188//1965 
f 187//1966 190//1966 189//1966 
f 191//1967 190//1967 192//1967 
f 190//1968 191//1968 189//1968 
f 191//1969 184//1969 183//1969 
f 184//1970 191//1970 192//1970 
f 159//1971 184//1971 160//1971 
f 184//1972 159//1972 183//1972 
f 152//1973 159//1973 160//1973 
f 159//1974 152//1974 151//1974 
f 153//1975 152//1975 154//1975 
f 152//1976 153//1976 151//1976 
f 153//1977 156//1977 155//1977 
f 156//1978 153//1978 154//1978 
f 157//1979 162//1979 161//1979 
f 162//1980 157//1980 158//1980 
f 161//1981 164//1981 163//1981 
f 164//1982 161//1982 162//1982 
f 163//1983 166//1983 165//1983 
f 166//1984 163//1984 164//1984 
f 165//1985 168//1985 167//1985 
f 168//1986 165//1986 166//1986 
f 167//1987 170//1987 169//1987 
f 170//1988 167//1988 168//1988 
f 169//1989 172//1989 171//1989 
f 172//1990 169//1990 170//1990 
f 171//1991 174//1991 173//1991 
f 174//1992 171//1992 172//1992 
f 173//1993 176//1993 175//1993 
f 176//1994 173//1994 174//1994 
f 175//1995 178//1995 177//1995 
f 178//1996 175//1996 176//1996 
f 180//1997 177//1997 178//1997 
f 177//1998 180//1998 179//1998 
f 182//1999 179//1999 180//1999 
f 179//2000 182//2000 181//2000 
f 186//2001 181//2001 182//2001 
f 181//2002 186//2002 185//2002 
f 157//2003 186//2003 158//2003 
f 186//2004 157//2004 185//2004 
f 795//2005 798//2005 797//2005 
f 798//2006 795//2006 796//2006 
f 797//2007 800//2007 799//2007 
f 800//2008 797//2008 798//2008 
f 799//2009 804//2009 803//2009 
f 804//2010 799//2010 800//2010 
f 803//2011 806//2011 805//2011 
f 806//2012 803//2012 804//2012 
f 805//2013 810//2013 809//2013 
f 810//2014 805//2014 806//2014 
f 809//2015 814//2015 813//2015 
f 814//2016 809//2016 810//2016 
f 817//2017 814//2017 818//2017 
f 814//2018 817//2018 813//2018 
f 821//2019 818//2019 822//2019 
f 818//2020 821//2020 817//2020 
f 827//2021 822//2021 828//2021 
f 822//2022 827//2022 821//2022 
f 832//2023 827//2023 828//2023 
f 827//2024 832//2024 831//2024 
f 834//2025 831//2025 832//2025 
f 831//2026 834//2026 833//2026 
f 838//2027 833//2027 834//2027 
f 833//2028 838//2028 837//2028 
f 836//2029 837//2029 838//2029 
f 837//2030 836//2030 835//2030 
f 849//2031 836//2031 850//2031 
f 836//2032 849//2032 835//2032 
f 849//2033 852//2033 851//2033 
f 852//2034 849//2034 850//2034 
f 851//2035 854//2035 853//2035 
f 854//2036 851//2036 852//2036 
f 853//2037 858//2037 857//2037 
f 858//2038 853//2038 854//2038 
f 857//2039 860//2039 859//2039 
f 860//2040 857//2040 858//2040 
f 859//2041 864//2041 863//2041 
f 864//2042 859//2042 860//2042 
f 863//2043 868//2043 867//2043 
f 868//2044 863//2044 864//2044 
f 867//2045 872//2045 871//2045 
f 872//2046 867//2046 868//2046 
f 873//2047 872//2047 874//2047 
f 872//2048 873//2048 871//2048 
f 877//2049 874//2049 878//2049 
f 874//2050 877//2050 873//2050 
f 883//2051 878//2051 884//2051 
f 878//2052 883//2052 877//2052 
f 888//2053 883//2053 884//2053 
f 883//2054 888//2054 887//2054 
f 890//2055 887//2055 888//2055 
f 887//2056 890//2056 889//2056 
f 894//2057 889//2057 890//2057 
f 889//2058 894//2058 893//2058 
f 892//2059 893//2059 894//2059 
f 893//2060 892//2060 891//2060 
f 909//2061 892//2061 910//2061 
f 892//2062 909//2062 891//2062 
f 909//2063 912//2063 911//2063 
f 912//2064 909//2064 910//2064 
f 911//2065 908//2065 907//2065 
f 908//2066 911//2066 912//2066 
f 907//2067 906//2067 905//2067 
f 906//2068 907//2068 908//2068 
f 905//2069 904//2069 903//2069 
f 904//2070 905//2070 906//2070 
f 903//2071 902//2071 901//2071 
f 902//2072 903//2072 904//2072 
f 901//2073 900//2073 899//2073 
f 900//2074 901//2074 902//2074 
f 899//2075 898//2075 897//2075 
f 898//2076 899//2076 900//2076 
f 895//2077 898//2077 896//2077 
f 898//2078 895//2078 897//2078 
f 885//2079 896//2079 886//2079 
f 896//2080 885//2080 895//2080 
f 881//2081 886//2081 882//2081 
f 886//2082 881//2082 885//2082 
f 879//2083 882//2083 880//2083 
f 882//2084 879//2084 881//2084 
f 875//2085 880//2085 876//2085 
f 880//2086 875//2086 879//2086 
f 869//2087 876//2087 870//2087 
f 876//2088 869//2088 875//2088 
f 866//2089 869//2089 870//2089 
f 869//2090 866//2090 865//2090 
f 862//2091 865//2091 866//2091 
f 865//2092 862//2092 861//2092 
f 856//2093 861//2093 862//2093 
f 861//2094 856//2094 855//2094 
f 848//2095 855//2095 856//2095 
f 855//2096 848//2096 847//2096 
f 845//2097 848//2097 846//2097 
f 848//2098 845//2098 847//2098 
f 845//2099 844//2099 843//2099 
f 844//2100 845//2100 846//2100 
f 843//2101 842//2101 841//2101 
f 842//2102 843//2102 844//2102 
f 839//2103 842//2103 840//2103 
f 842//2104 839//2104 841//2104 
f 829//2105 840//2105 830//2105 
f 840//2106 829//2106 839//2106 
f 825//2107 830//2107 826//2107 
f 830//2108 825//2108 829//2108 
f 823//2109 826//2109 824//2109 
f 826//2110 823//2110 825//2110 
f 819//2111 824//2111 820//2111 
f 824//2112 819//2112 823//2112 
f 816//2113 819//2113 820//2113 
f 819//2114 816//2114 815//2114 
f 812//2115 815//2115 816//2115 
f 815//2116 812//2116 811//2116 
f 808//2117 811//2117 812//2117 
f 811//2118 808//2118 807//2118 
f 802//2119 807//2119 808//2119 
f 807//2120 802//2120 801//2120 
f 792//2121 801//2121 802//2121 
f 801//2122 792//2122 791//2122 
f 789//2123 792//2123 790//2123 
f 792//2124 789//2124 791//2124 
f 789//2125 788//2125 787//2125 
f 788//2126 789//2126 790//2126 
f 787//2127 786//2127 785//2127 
f 786//2128 787//2128 788//2128 
f 785//2129 784//2129 783//2129 
f 784//2130 785//2130 786//2130 
f 783//2131 782//2131 781//2131 
f 782//2132 783//2132 784//2132 
f 781//2133 780//2133 779//2133 
f 780//2134 781//2134 782//2134 
f 779//2135 778//2135 777//2135 
f 778//2136 779//2136 780//2136 
f 777//2137 776//2137 775//2137 
f 776//2138 777//2138 778//2138 
f 775//2139 774//2139 773//2139 
f 774//2140 775//2140 776//2140 
f 753//2141 774//2141 754//2141 
f 774//2142 753//2142 773//2142 
f 756//2143 753//2143 754//2143 
f 753//2144 756//2144 755//2144 
f 758//2145 755//2145 756//2145 
f 755//2146 758//2146 757//2146 
f 760//2147 757//2147 758//2147 
f 757//2148 760//2148 759//2148 
f 762//2149 759//2149 760//2149 
f 759//2150 762//2150 761//2150 
f 764//2151 761//2151 762//2151 
f 761//2152 764//2152 763//2152 
f 766//2153 763//2153 764//2153 
f 763//2154 766//2154 765//2154 
f 768//2155 765//2155 766//2155 
f 765//2156 768//2156 767//2156 
f 772//2157 767//2157 768//2157 
f 767//2158 772//2158 771//2158 
f 770//2159 771//2159 772//2159 
f 771//2160 770//2160 769//2160 
f 793//2161 770//2161 794//2161 
f 770//2162 793//2162 769//2162 
f 793//2163 796//2163 795//2163 
f 796//2164 793//2164 794//2164 
f 1403//2165 1368//2165 1404//2165 
f 1368//2166 1403//2166 1367//2166 
f 1423//2167 1404//2167 1424//2167 
f 1404//2168 1423//2168 1403//2168 
f 1435//2169 1424//2169 1436//2169 
f 1424//2170 1435//2170 1423//2170 
f 1435//2171 1450//2171 1449//2171 
f 1450//2172 1435//2172 1436//2172 
f 1449//2173 1458//2173 1457//2173 
f 1458//2174 1449//2174 1450//2174 
f 1457//2175 1466//2175 1465//2175 
f 1466//2176 1457//2176 1458//2176 
f 1465//2177 1470//2177 1469//2177 
f 1470//2178 1465//2178 1466//2178 
f 1469//2179 1468//2179 1467//2179 
f 1468//2180 1469//2180 1470//2180 
f 1467//2181 1464//2181 1463//2181 
f 1464//2182 1467//2182 1468//2182 
f 1463//2183 1462//2183 1461//2183 
f 1462//2184 1463//2184 1464//2184 
f 1461//2185 1456//2185 1455//2185 
f 1456//2186 1461//2186 1462//2186 
f 1455//2187 1452//2187 1451//2187 
f 1452//2188 1455//2188 1456//2188 
f 1451//2189 1446//2189 1445//2189 
f 1446//2190 1451//2190 1452//2190 
f 1445//2191 1440//2191 1439//2191 
f 1440//2192 1445//2192 1446//2192 
f 1439//2193 1434//2193 1433//2193 
f 1434//2194 1439//2194 1440//2194 
f 1431//2195 1434//2195 1432//2195 
f 1434//2196 1431//2196 1433//2196 
f 1421//2197 1432//2197 1422//2197 
f 1432//2198 1421//2198 1431//2198 
f 1417//2199 1422//2199 1418//2199 
f 1422//2200 1417//2200 1421//2200 
f 1395//2201 1418//2201 1396//2201 
f 1418//2202 1395//2202 1417//2202 
f 1375//2203 1396//2203 1376//2203 
f 1396//2204 1375//2204 1395//2204 
f 1359//2205 1376//2205 1360//2205 
f 1376//2206 1359//2206 1375//2206 
f 1345//2207 1360//2207 1346//2207 
f 1360//2208 1345//2208 1359//2208 
f 1331//2209 1346//2209 1332//2209 
f 1346//2210 1331//2210 1345//2210 
f 1325//2211 1332//2211 1326//2211 
f 1332//2212 1325//2212 1331//2212 
f 1315//2213 1326//2213 1316//2213 
f 1326//2214 1315//2214 1325//2214 
f 1305//2215 1316//2215 1306//2215 
f 1316//2216 1305//2216 1315//2216 
f 1299//2217 1306//2217 1300//2217 
f 1306//2218 1299//2218 1305//2218 
f 1299//2219 1294//2219 1293//2219 
f 1294//2220 1299//2220 1300//2220 
f 1293//2221 1288//2221 1287//2221 
f 1288//2222 1293//2222 1294//2222 
f 1287//2223 1282//2223 1281//2223 
f 1282//2224 1287//2224 1288//2224 
f 1281//2225 1278//2225 1277//2225 
f 1278//2226 1281//2226 1282//2226 
f 1277//2227 1284//2227 1283//2227 
f 1284//2228 1277//2228 1278//2228 
f 1283//2229 1290//2229 1289//2229 
f 1290//2230 1283//2230 1284//2230 
f 1289//2231 1296//2231 1295//2231 
f 1296//2232 1289//2232 1290//2232 
f 1295//2233 1304//2233 1303//2233 
f 1304//2234 1295//2234 1296//2234 
f 1311//2235 1304//2235 1312//2235 
f 1304//2236 1311//2236 1303//2236 
f 1321//2237 1312//2237 1322//2237 
f 1312//2238 1321//2238 1311//2238 
f 1329//2239 1322//2239 1330//2239 
f 1322//2240 1329//2240 1321//2240 
f 1341//2241 1330//2241 1342//2241 
f 1330//2242 1341//2242 1329//2242 
f 1349//2243 1342//2243 1350//2243 
f 1342//2244 1349//2244 1341//2244 
f 1361//2245 1350//2245 1362//2245 
f 1350//2246 1361//2246 1349//2246 
f 1371//2247 1362//2247 1372//2247 
f 1362//2248 1371//2248 1361//2248 
f 1377//2249 1372//2249 1378//2249 
f 1372//2250 1377//2250 1371//2250 
f 1384//2251 1377//2251 1378//2251 
f 1377//2252 1384//2252 1383//2252 
f 1390//2253 1383//2253 1384//2253 
f 1383//2254 1390//2254 1389//2254 
f 1402//2255 1389//2255 1390//2255 
f 1389//2256 1402//2256 1401//2256 
f 1406//2257 1401//2257 1402//2257 
f 1401//2258 1406//2258 1405//2258 
f 1459//2259 1406//2259 1460//2259 
f 1406//2260 1459//2260 1405//2260 
f 1459//2261 1454//2261 1453//2261 
f 1454//2262 1459//2262 1460//2262 
f 1453//2263 1448//2263 1447//2263 
f 1448//2264 1453//2264 1454//2264 
f 1447//2265 1438//2265 1437//2265 
f 1438//2266 1447//2266 1448//2266 
f 1437//2267 1430//2267 1429//2267 
f 1430//2268 1437//2268 1438//2268 
f 1419//2269 1430//2269 1420//2269 
f 1430//2270 1419//2270 1429//2270 
f 1385//2271 1420//2271 1386//2271 
f 1420//2272 1385//2272 1419//2272 
f 1363//2273 1386//2273 1364//2273 
f 1386//2274 1363//2274 1385//2274 
f 1343//2275 1364//2275 1344//2275 
f 1364//2276 1343//2276 1363//2276 
f 1319//2277 1344//2277 1320//2277 
f 1344//2278 1319//2278 1343//2278 
f 1285//2279 1320//2279 1286//2279 
f 1320//2280 1285//2280 1319//2280 
f 1261//2281 1286//2281 1262//2281 
f 1286//2282 1261//2282 1285//2282 
f 1253//2283 1262//2283 1254//2283 
f 1262//2284 1253//2284 1261//2284 
f 1242//2285 1253//2285 1254//2285 
f 1253//2286 1242//2286 1241//2286 
f 1236//2287 1241//2287 1242//2287 
f 1241//2288 1236//2288 1235//2288 
f 1228//2289 1235//2289 1236//2289 
f 1235//2290 1228//2290 1227//2290 
f 1224//2291 1227//2291 1228//2291 
f 1227//2292 1224//2292 1223//2292 
f 1226//2293 1223//2293 1224//2293 
f 1223//2294 1226//2294 1225//2294 
f 1230//2295 1225//2295 1226//2295 
f 1225//2296 1230//2296 1229//2296 
f 1234//2297 1229//2297 1230//2297 
f 1229//2298 1234//2298 1233//2298 
f 1238//2299 1233//2299 1234//2299 
f 1233//2300 1238//2300 1237//2300 
f 1244//2301 1237//2301 1238//2301 
f 1237//2302 1244//2302 1243//2302 
f 1246//2303 1243//2303 1244//2303 
f 1243//2304 1246//2304 1245//2304 
f 1256//2305 1245//2305 1246//2305 
f 1245//2306 1256//2306 1255//2306 
f 1257//2307 1256//2307 1258//2307 
f 1256//2308 1257//2308 1255//2308 
f 1271//2309 1258//2309 1272//2309 
f 1258//2310 1271//2310 1257//2310 
f 1297//2311 1272//2311 1298//2311 
f 1272//2312 1297//2312 1271//2312 
f 1323//2313 1298//2313 1324//2313 
f 1298//2314 1323//2314 1297//2314 
f 1347//2315 1324//2315 1348//2315 
f 1324//2316 1347//2316 1323//2316 
f 1353//2317 1348//2317 1354//2317 
f 1348//2318 1353//2318 1347//2318 
f 1369//2319 1354//2319 1370//2319 
f 1354//2320 1369//2320 1353//2320 
f 1379//2321 1370//2321 1380//2321 
f 1370//2322 1379//2322 1369//2322 
f 1387//2323 1380//2323 1388//2323 
f 1380//2324 1387//2324 1379//2324 
f 1400//2325 1387//2325 1388//2325 
f 1387//2326 1400//2326 1399//2326 
f 1410//2327 1399//2327 1400//2327 
f 1399//2328 1410//2328 1409//2328 
f 1414//2329 1409//2329 1410//2329 
f 1409//2330 1414//2330 1413//2330 
f 1416//2331 1413//2331 1414//2331 
f 1413//2332 1416//2332 1415//2332 
f 1412//2333 1415//2333 1416//2333 
f 1415//2334 1412//2334 1411//2334 
f 1408//2335 1411//2335 1412//2335 
f 1411//2336 1408//2336 1407//2336 
f 1398//2337 1407//2337 1408//2337 
f 1407//2338 1398//2338 1397//2338 
f 1382//2339 1397//2339 1398//2339 
f 1397//2340 1382//2340 1381//2340 
f 1373//2341 1382//2341 1374//2341 
f 1382//2342 1373//2342 1381//2342 
f 1365//2343 1374//2343 1366//2343 
f 1374//2344 1365//2344 1373//2344 
f 1351//2345 1366//2345 1352//2345 
f 1366//2346 1351//2346 1365//2346 
f 1339//2347 1352//2347 1340//2347 
f 1352//2348 1339//2348 1351//2348 
f 1327//2349 1340//2349 1328//2349 
f 1340//2350 1327//2350 1339//2350 
f 1313//2351 1328//2351 1314//2351 
f 1328//2352 1313//2352 1327//2352 
f 1301//2353 1314//2353 1302//2353 
f 1314//2354 1301//2354 1313//2354 
f 1291//2355 1302//2355 1292//2355 
f 1302//2356 1291//2356 1301//2356 
f 1291//2357 1276//2357 1275//2357 
f 1276//2358 1291//2358 1292//2358 
f 1275//2359 1274//2359 1273//2359 
f 1274//2360 1275//2360 1276//2360 
f 1273//2361 1266//2361 1265//2361 
f 1266//2362 1273//2362 1274//2362 
f 1265//2363 1264//2363 1263//2363 
f 1264//2364 1265//2364 1266//2364 
f 1215//2365 1264//2365 1216//2365 
f 1264//2366 1215//2366 1263//2366 
f 1218//2367 1215//2367 1216//2367 
f 1215//2368 1218//2368 1217//2368 
f 1232//2369 1217//2369 1218//2369 
f 1217//2370 1232//2370 1231//2370 
f 1240//2371 1231//2371 1232//2371 
f 1231//2372 1240//2372 1239//2372 
f 1252//2373 1239//2373 1240//2373 
f 1239//2374 1252//2374 1251//2374 
f 1259//2375 1252//2375 1260//2375 
f 1252//2376 1259//2376 1251//2376 
f 1279//2377 1260//2377 1280//2377 
f 1260//2378 1279//2378 1259//2378 
f 1317//2379 1280//2379 1318//2379 
f 1280//2380 1317//2380 1279//2380 
f 1337//2381 1318//2381 1338//2381 
f 1318//2382 1337//2382 1317//2382 
f 1367//2383 1338//2383 1368//2383 
f 1338//2384 1367//2384 1337//2384 
f 353//2385 322//2385 354//2385 
f 322//2386 353//2386 321//2386 
f 373//2387 354//2387 374//2387 
f 354//2388 373//2388 353//2388 
f 381//2389 374//2389 382//2389 
f 374//2390 381//2390 373//2390 
f 381//2391 392//2391 391//2391 
f 392//2392 381//2392 382//2392 
f 391//2393 400//2393 399//2393 
f 400//2394 391//2394 392//2394 
f 399//2395 408//2395 407//2395 
f 408//2396 399//2396 400//2396 
f 407//2397 412//2397 411//2397 
f 412//2398 407//2398 408//2398 
f 411//2399 410//2399 409//2399 
f 410//2400 411//2400 412//2400 
f 409//2401 406//2401 405//2401 
f 406//2402 409//2402 410//2402 
f 405//2403 404//2403 403//2403 
f 404//2404 405//2404 406//2404 
f 403//2405 398//2405 397//2405 
f 398//2406 403//2406 404//2406 
f 397//2407 394//2407 393//2407 
f 394//2408 397//2408 398//2408 
f 393//2409 388//2409 387//2409 
f 388//2410 393//2410 394//2410 
f 387//2411 386//2411 385//2411 
f 386//2412 387//2412 388//2412 
f 385//2413 380//2413 379//2413 
f 380//2414 385//2414 386//2414 
f 377//2415 380//2415 378//2415 
f 380//2416 377//2416 379//2416 
f 371//2417 378//2417 372//2417 
f 378//2418 371//2418 377//2418 
f 367//2419 372//2419 368//2419 
f 372//2420 367//2420 371//2420 
f 345//2421 368//2421 346//2421 
f 368//2422 345//2422 367//2422 
f 329//2423 346//2423 330//2423 
f 346//2424 329//2424 345//2424 
f 313//2425 330//2425 314//2425 
f 330//2426 313//2426 329//2426 
f 303//2427 314//2427 304//2427 
f 314//2428 303//2428 313//2428 
f 293//2429 304//2429 294//2429 
f 304//2430 293//2430 303//2430 
f 287//2431 294//2431 288//2431 
f 294//2432 287//2432 293//2432 
f 277//2433 288//2433 278//2433 
f 288//2434 277//2434 287//2434 
f 271//2435 278//2435 272//2435 
f 278//2436 271//2436 277//2436 
f 265//2437 272//2437 266//2437 
f 272//2438 265//2438 271//2438 
f 265//2439 260//2439 259//2439 
f 260//2440 265//2440 266//2440 
f 259//2441 254//2441 253//2441 
f 254//2442 259//2442 260//2442 
f 253//2443 248//2443 247//2443 
f 248//2444 253//2444 254//2444 
f 247//2445 244//2445 243//2445 
f 244//2446 247//2446 248//2446 
f 243//2447 250//2447 249//2447 
f 250//2448 243//2448 244//2448 
f 249//2449 256//2449 255//2449 
f 256//2450 249//2450 250//2450 
f 255//2451 262//2451 261//2451 
f 262//2452 255//2452 256//2452 
f 261//2453 270//2453 269//2453 
f 270//2454 261//2454 262//2454 
f 273//2455 270//2455 274//2455 
f 270//2456 273//2456 269//2456 
f 283//2457 274//2457 284//2457 
f 274//2458 283//2458 273//2458 
f 291//2459 284//2459 292//2459 
f 284//2460 291//2460 283//2460 
f 299//2461 292//2461 300//2461 
f 292//2462 299//2462 291//2462 
f 307//2463 300//2463 308//2463 
f 300//2464 307//2464 299//2464 
f 315//2465 308//2465 316//2465 
f 308//2466 315//2466 307//2466 
f 325//2467 316//2467 326//2467 
f 316//2468 325//2468 315//2468 
f 331//2469 326//2469 332//2469 
f 326//2470 331//2470 325//2470 
f 338//2471 331//2471 332//2471 
f 331//2472 338//2472 337//2472 
f 344//2473 337//2473 338//2473 
f 337//2474 344//2474 343//2474 
f 352//2475 343//2475 344//2475 
f 343//2476 352//2476 351//2476 
f 356//2477 351//2477 352//2477 
f 351//2478 356//2478 355//2478 
f 401//2479 356//2479 402//2479 
f 356//2480 401//2480 355//2480 
f 401//2481 396//2481 395//2481 
f 396//2482 401//2482 402//2482 
f 395//2483 390//2483 389//2483 
f 390//2484 395//2484 396//2484 
f 389//2485 384//2485 383//2485 
f 384//2486 389//2486 390//2486 
f 383//2487 376//2487 375//2487 
f 376//2488 383//2488 384//2488 
f 369//2489 376//2489 370//2489 
f 376//2490 369//2490 375//2490 
f 339//2491 370//2491 340//2491 
f 370//2492 339//2492 369//2492 
f 317//2493 340//2493 318//2493 
f 340//2494 317//2494 339//2494 
f 301//2495 318//2495 302//2495 
f 318//2496 301//2496 317//2496 
f 281//2497 302//2497 282//2497 
f 302//2498 281//2498 301//2498 
f 251//2499 282//2499 252//2499 
f 282//2500 251//2500 281//2500 
f 231//2501 252//2501 232//2501 
f 252//2502 231//2502 251//2502 
f 223//2503 232//2503 224//2503 
f 232//2504 223//2504 231//2504 
f 216//2505 223//2505 224//2505 
f 223//2506 216//2506 215//2506 
f 210//2507 215//2507 216//2507 
f 215//2508 210//2508 209//2508 
f 202//2509 209//2509 210//2509 
f 209//2510 202//2510 201//2510 
f 198//2511 201//2511 202//2511 
f 201//2512 198//2512 197//2512 
f 200//2513 197//2513 198//2513 
f 197//2514 200//2514 199//2514 
f 204//2515 199//2515 200//2515 
f 199//2516 204//2516 203//2516 
f 208//2517 203//2517 204//2517 
f 203//2518 208//2518 207//2518 
f 212//2519 207//2519 208//2519 
f 207//2520 212//2520 211//2520 
f 218//2521 211//2521 212//2521 
f 211//2522 218//2522 217//2522 
f 220//2523 217//2523 218//2523 
f 217//2524 220//2524 219//2524 
f 226//2525 219//2525 220//2525 
f 219//2526 226//2526 225//2526 
f 227//2527 226//2527 228//2527 
f 226//2528 227//2528 225//2528 
f 237//2529 228//2529 238//2529 
f 228//2530 237//2530 227//2530 
f 263//2531 238//2531 264//2531 
f 238//2532 263//2532 237//2532 
f 285//2533 264//2533 286//2533 
f 264//2534 285//2534 263//2534 
f 305//2535 286//2535 306//2535 
f 286//2536 305//2536 285//2536 
f 311//2537 306//2537 312//2537 
f 306//2538 311//2538 305//2538 
f 323//2539 312//2539 324//2539 
f 312//2540 323//2540 311//2540 
f 333//2541 324//2541 334//2541 
f 324//2542 333//2542 323//2542 
f 341//2543 334//2543 342//2543 
f 334//2544 341//2544 333//2544 
f 350//2545 341//2545 342//2545 
f 341//2546 350//2546 349//2546 
f 360//2547 349//2547 350//2547 
f 349//2548 360//2548 359//2548 
f 364//2549 359//2549 360//2549 
f 359//2550 364//2550 363//2550 
f 366//2551 363//2551 364//2551 
f 363//2552 366//2552 365//2552 
f 362//2553 365//2553 366//2553 
f 365//2554 362//2554 361//2554 
f 358//2555 361//2555 362//2555 
f 361//2556 358//2556 357//2556 
f 348//2557 357//2557 358//2557 
f 357//2558 348//2558 347//2558 
f 336//2559 347//2559 348//2559 
f 347//2560 336//2560 335//2560 
f 327//2561 336//2561 328//2561 
f 336//2562 327//2562 335//2562 
f 319//2563 328//2563 320//2563 
f 328//2564 319//2564 327//2564 
f 309//2565 320//2565 310//2565 
f 320//2566 309//2566 319//2566 
f 297//2567 310//2567 298//2567 
f 310//2568 297//2568 309//2568 
f 289//2569 298//2569 290//2569 
f 298//2570 289//2570 297//2570 
f 275//2571 290//2571 276//2571 
f 290//2572 275//2572 289//2572 
f 267//2573 276//2573 268//2573 
f 276//2574 267//2574 275//2574 
f 257//2575 268//2575 258//2575 
f 268//2576 257//2576 267//2576 
f 257//2577 242//2577 241//2577 
f 242//2578 257//2578 258//2578 
f 241//2579 240//2579 239//2579 
f 240//2580 241//2580 242//2580 
f 239//2581 236//2581 235//2581 
f 236//2582 239//2582 240//2582 
f 235//2583 234//2583 233//2583 
f 234//2584 235//2584 236//2584 
f 193//2585 234//2585 194//2585 
f 234//2586 193//2586 233//2586 
f 196//2587 193//2587 194//2587 
f 193//2588 196//2588 195//2588 
f 206//2589 195//2589 196//2589 
f 195//2590 206//2590 205//2590 
f 214//2591 205//2591 206//2591 
f 205//2592 214//2592 213//2592 
f 222//2593 213//2593 214//2593 
f 213//2594 222//2594 221//2594 
f 229//2595 222//2595 230//2595 
f 222//2596 229//2596 221//2596 
f 245//2597 230//2597 246//2597 
f 230//2598 245//2598 229//2598 
f 279//2599 246//2599 280//2599 
f 246//2600 279//2600 245//2600 
f 295//2601 280//2601 296//2601 
f 280//2602 295//2602 279//2602 
f 321//2603 296//2603 322//2603 
f 296//2604 321//2604 295//2604 
f 573//2605 542//2605 574//2605 
f 542//2606 573//2606 541//2606 
f 593//2607 574//2607 594//2607 
f 574//2608 593//2608 573//2608 
f 601//2609 594//2609 602//2609 
f 594//2610 601//2610 593//2610 
f 601//2611 612//2611 611//2611 
f 612//2612 601//2612 602//2612 
f 611//2613 620//2613 619//2613 
f 620//2614 611//2614 612//2614 
f 619//2615 628//2615 627//2615 
f 628//2616 619//2616 620//2616 
f 627//2617 632//2617 631//2617 
f 632//2618 627//2618 628//2618 
f 631//2619 630//2619 629//2619 
f 630//2620 631//2620 632//2620 
f 629//2621 626//2621 625//2621 
f 626//2622 629//2622 630//2622 
f 625//2623 624//2623 623//2623 
f 624//2624 625//2624 626//2624 
f 623//2625 618//2625 617//2625 
f 618//2626 623//2626 624//2626 
f 617//2627 614//2627 613//2627 
f 614//2628 617//2628 618//2628 
f 613//2629 608//2629 607//2629 
f 608//2630 613//2630 614//2630 
f 607//2631 606//2631 605//2631 
f 606//2632 607//2632 608//2632 
f 605//2633 600//2633 599//2633 
f 600//2634 605//2634 606//2634 
f 597//2635 600//2635 598//2635 
f 600//2636 597//2636 599//2636 
f 591//2637 598//2637 592//2637 
f 598//2638 591//2638 597//2638 
f 587//2639 592//2639 588//2639 
f 592//2640 587//2640 591//2640 
f 565//2641 588//2641 566//2641 
f 588//2642 565//2642 587//2642 
f 549//2643 566//2643 550//2643 
f 566//2644 549//2644 565//2644 
f 533//2645 550//2645 534//2645 
f 550//2646 533//2646 549//2646 
f 523//2647 534//2647 524//2647 
f 534//2648 523//2648 533//2648 
f 513//2649 524//2649 514//2649 
f 524//2650 513//2650 523//2650 
f 507//2651 514//2651 508//2651 
f 514//2652 507//2652 513//2652 
f 497//2653 508//2653 498//2653 
f 508//2654 497//2654 507//2654 
f 491//2655 498//2655 492//2655 
f 498//2656 491//2656 497//2656 
f 485//2657 492//2657 486//2657 
f 492//2658 485//2658 491//2658 
f 485//2659 480//2659 479//2659 
f 480//2660 485//2660 486//2660 
f 479//2661 474//2661 473//2661 
f 474//2662 479//2662 480//2662 
f 473//2663 468//2663 467//2663 
f 468//2664 473//2664 474//2664 
f 467//2665 464//2665 463//2665 
f 464//2666 467//2666 468//2666 
f 463//2667 470//2667 469//2667 
f 470//2668 463//2668 464//2668 
f 469//2669 476//2669 475//2669 
f 476//2670 469//2670 470//2670 
f 475//2671 482//2671 481//2671 
f 482//2672 475//2672 476//2672 
f 481//2673 490//2673 489//2673 
f 490//2674 481//2674 482//2674 
f 493//2675 490//2675 494//2675 
f 490//2676 493//2676 489//2676 
f 503//2677 494//2677 504//2677 
f 494//2678 503//2678 493//2678 
f 511//2679 504//2679 512//2679 
f 504//2680 511//2680 503//2680 
f 519//2681 512//2681 520//2681 
f 512//2682 519//2682 511//2682 
f 527//2683 520//2683 528//2683 
f 520//2684 527//2684 519//2684 
f 535//2685 528//2685 536//2685 
f 528//2686 535//2686 527//2686 
f 545//2687 536//2687 546//2687 
f 536//2688 545//2688 535//2688 
f 551//2689 546//2689 552//2689 
f 546//2690 551//2690 545//2690 
f 558//2691 551//2691 552//2691 
f 551//2692 558//2692 557//2692 
f 564//2693 557//2693 558//2693 
f 557//2694 564//2694 563//2694 
f 572//2695 563//2695 564//2695 
f 563//2696 572//2696 571//2696 
f 576//2697 571//2697 572//2697 
f 571//2698 576//2698 575//2698 
f 621//2699 576//2699 622//2699 
f 576//2700 621//2700 575//2700 
f 621//2701 616//2701 615//2701 
f 616//2702 621//2702 622//2702 
f 615//2703 610//2703 609//2703 
f 610//2704 615//2704 616//2704 
f 609//2705 604//2705 603//2705 
f 604//2706 609//2706 610//2706 
f 603//2707 596//2707 595//2707 
f 596//2708 603//2708 604//2708 
f 589//2709 596//2709 590//2709 
f 596//2710 589//2710 595//2710 
f 559//2711 590//2711 560//2711 
f 590//2712 559//2712 589//2712 
f 537//2713 560//2713 538//2713 
f 560//2714 537//2714 559//2714 
f 521//2715 538//2715 522//2715 
f 538//2716 521//2716 537//2716 
f 501//2717 522//2717 502//2717 
f 522//2718 501//2718 521//2718 
f 471//2719 502//2719 472//2719 
f 502//2720 471//2720 501//2720 
f 451//2721 472//2721 452//2721 
f 472//2722 451//2722 471//2722 
f 443//2723 452//2723 444//2723 
f 452//2724 443//2724 451//2724 
f 436//2725 443//2725 444//2725 
f 443//2726 436//2726 435//2726 
f 430//2727 435//2727 436//2727 
f 435//2728 430//2728 429//2728 
f 422//2729 429//2729 430//2729 
f 429//2730 422//2730 421//2730 
f 418//2731 421//2731 422//2731 
f 421//2732 418//2732 417//2732 
f 420//2733 417//2733 418//2733 
f 417//2734 420//2734 419//2734 
f 424//2735 419//2735 420//2735 
f 419//2736 424//2736 423//2736 
f 428//2737 423//2737 424//2737 
f 423//2738 428//2738 427//2738 
f 432//2739 427//2739 428//2739 
f 427//2740 432//2740 431//2740 
f 438//2741 431//2741 432//2741 
f 431//2742 438//2742 437//2742 
f 440//2743 437//2743 438//2743 
f 437//2744 440//2744 439//2744 
f 446//2745 439//2745 440//2745 
f 439//2746 446//2746 445//2746 
f 447//2747 446//2747 448//2747 
f 446//2748 447//2748 445//2748 
f 457//2749 448//2749 458//2749 
f 448//2750 457//2750 447//2750 
f 483//2751 458//2751 484//2751 
f 458//2752 483//2752 457//2752 
f 505//2753 484//2753 506//2753 
f 484//2754 505//2754 483//2754 
f 525//2755 506//2755 526//2755 
f 506//2756 525//2756 505//2756 
f 531//2757 526//2757 532//2757 
f 526//2758 531//2758 525//2758 
f 543//2759 532//2759 544//2759 
f 532//2760 543//2760 531//2760 
f 553//2761 544//2761 554//2761 
f 544//2762 553//2762 543//2762 
f 561//2763 554//2763 562//2763 
f 554//2764 561//2764 553//2764 
f 570//2765 561//2765 562//2765 
f 561//2766 570//2766 569//2766 
f 580//2767 569//2767 570//2767 
f 569//2768 580//2768 579//2768 
f 584//2769 579//2769 580//2769 
f 579//2770 584//2770 583//2770 
f 586//2771 583//2771 584//2771 
f 583//2772 586//2772 585//2772 
f 582//2773 585//2773 586//2773 
f 585//2774 582//2774 581//2774 
f 578//2775 581//2775 582//2775 
f 581//2776 578//2776 577//2776 
f 568//2777 577//2777 578//2777 
f 577//2778 568//2778 567//2778 
f 556//2779 567//2779 568//2779 
f 567//2780 556//2780 555//2780 
f 547//2781 556//2781 548//2781 
f 556//2782 547//2782 555//2782 
f 539//2783 548//2783 540//2783 
f 548//2784 539//2784 547//2784 
f 529//2785 540//2785 530//2785 
f 540//2786 529//2786 539//2786 
f 517//2787 530//2787 518//2787 
f 530//2788 517//2788 529//2788 
f 509//2789 518//2789 510//2789 
f 518//2790 509//2790 517//2790 
f 495//2791 510//2791 496//2791 
f 510//2792 495//2792 509//2792 
f 487//2793 496//2793 488//2793 
f 496//2794 487//2794 495//2794 
f 477//2795 488//2795 478//2795 
f 488//2796 477//2796 487//2796 
f 477//2797 462//2797 461//2797 
f 462//2798 477//2798 478//2798 
f 461//2799 460//2799 459//2799 
f 460//2800 461//2800 462//2800 
f 459//2801 456//2801 455//2801 
f 456//2802 459//2802 460//2802 
f 455//2803 454//2803 453//2803 
f 454//2804 455//2804 456//2804 
f 413//2805 454//2805 414//2805 
f 454//2806 413//2806 453//2806 
f 416//2807 413//2807 414//2807 
f 413//2808 416//2808 415//2808 
f 426//2809 415//2809 416//2809 
f 415//2810 426//2810 425//2810 
f 434//2811 425//2811 426//2811 
f 425//2812 434//2812 433//2812 
f 442//2813 433//2813 434//2813 
f 433//2814 442//2814 441//2814 
f 449//2815 442//2815 450//2815 
f 442//2816 449//2816 441//2816 
f 465//2817 450//2817 466//2817 
f 450//2818 465//2818 449//2818 
f 499//2819 466//2819 500//2819 
f 466//2820 499//2820 465//2820 
f 515//2821 500//2821 516//2821 
f 500//2822 515//2822 499//2822 
f 541//2823 516//2823 542//2823 
f 516//2824 541//2824 515//2824 
f 735//2825 718//2825 736//2825 
f 718//2826 735//2826 717//2826 
f 735//2827 740//2827 739//2827 
f 740//2828 735//2828 736//2828 
f 739//2829 746//2829 745//2829 
f 746//2830 739//2830 740//2830 
f 725//2831 746//2831 726//2831 
f 746//2832 725//2832 745//2832 
f 722//2833 725//2833 726//2833 
f 725//2834 722//2834 721//2834 
f 714//2835 721//2835 722//2835 
f 721//2836 714//2836 713//2836 
f 705//2837 714//2837 706//2837 
f 714//2838 705//2838 713//2838 
f 701//2839 706//2839 702//2839 
f 706//2840 701//2840 705//2840 
f 693//2841 702//2841 694//2841 
f 702//2842 693//2842 701//2842 
f 689//2843 694//2843 690//2843 
f 694//2844 689//2844 693//2844 
f 689//2845 682//2845 681//2845 
f 682//2846 689//2846 690//2846 
f 681//2847 676//2847 675//2847 
f 676//2848 681//2848 682//2848 
f 675//2849 672//2849 671//2849 
f 672//2850 675//2850 676//2850 
f 671//2851 668//2851 667//2851 
f 668//2852 671//2852 672//2852 
f 667//2853 664//2853 663//2853 
f 664//2854 667//2854 668//2854 
f 663//2855 660//2855 659//2855 
f 660//2856 663//2856 664//2856 
f 749//2857 660//2857 750//2857 
f 660//2858 749//2858 659//2858 
f 749//2859 752//2859 751//2859 
f 752//2860 749//2860 750//2860 
f 751//2861 748//2861 747//2861 
f 748//2862 751//2862 752//2862 
f 747//2863 744//2863 743//2863 
f 744//2864 747//2864 748//2864 
f 743//2865 742//2865 741//2865 
f 742//2866 743//2866 744//2866 
f 741//2867 738//2867 737//2867 
f 738//2868 741//2868 742//2868 
f 737//2869 734//2869 733//2869 
f 734//2870 737//2870 738//2870 
f 729//2871 734//2871 730//2871 
f 734//2872 729//2872 733//2872 
f 709//2873 730//2873 710//2873 
f 730//2874 709//2874 729//2874 
f 699//2875 710//2875 700//2875 
f 710//2876 699//2876 709//2876 
f 685//2877 700//2877 686//2877 
f 700//2878 685//2878 699//2878 
f 657//2879 686//2879 658//2879 
f 686//2880 657//2880 685//2880 
f 653//2881 658//2881 654//2881 
f 658//2882 653//2882 657//2882 
f 650//2883 653//2883 654//2883 
f 653//2884 650//2884 649//2884 
f 646//2885 649//2885 650//2885 
f 649//2886 646//2886 645//2886 
f 642//2887 645//2887 646//2887 
f 645//2888 642//2888 641//2888 
f 638//2889 641//2889 642//2889 
f 641//2890 638//2890 637//2890 
f 634//2891 637//2891 638//2891 
f 637//2892 634//2892 633//2892 
f 636//2893 633//2893 634//2893 
f 633//2894 636//2894 635//2894 
f 640//2895 635//2895 636//2895 
f 635//2896 640//2896 639//2896 
f 644//2897 639//2897 640//2897 
f 639//2898 644//2898 643//2898 
f 648//2899 643//2899 644//2899 
f 643//2900 648//2900 647//2900 
f 652//2901 647//2901 648//2901 
f 647//2902 652//2902 651//2902 
f 655//2903 652//2903 656//2903 
f 652//2904 655//2904 651//2904 
f 683//2905 656//2905 684//2905 
f 656//2906 683//2906 655//2906 
f 695//2907 684//2907 696//2907 
f 684//2908 695//2908 683//2908 
f 717//2909 696//2909 718//2909 
f 696//2910 717//2910 695//2910 
f 661//2911 666//2911 665//2911 
f 666//2912 661//2912 662//2912 
f 665//2913 670//2913 669//2913 
f 670//2914 665//2914 666//2914 
f 669//2915 674//2915 673//2915 
f 674//2916 669//2916 670//2916 
f 673//2917 678//2917 677//2917 
f 678//2918 673//2918 674//2918 
f 677//2919 680//2919 679//2919 
f 680//2920 677//2920 678//2920 
f 679//2921 688//2921 687//2921 
f 688//2922 679//2922 680//2922 
f 691//2923 688//2923 692//2923 
f 688//2924 691//2924 687//2924 
f 697//2925 692//2925 698//2925 
f 692//2926 697//2926 691//2926 
f 703//2927 698//2927 704//2927 
f 698//2928 703//2928 697//2928 
f 707//2929 704//2929 708//2929 
f 704//2930 707//2930 703//2930 
f 711//2931 708//2931 712//2931 
f 708//2932 711//2932 707//2932 
f 716//2933 711//2933 712//2933 
f 711//2934 716//2934 715//2934 
f 720//2935 715//2935 716//2935 
f 715//2936 720//2936 719//2936 
f 724//2937 719//2937 720//2937 
f 719//2938 724//2938 723//2938 
f 728//2939 723//2939 724//2939 
f 723//2940 728//2940 727//2940 
f 732//2941 727//2941 728//2941 
f 727//2942 732//2942 731//2942 
f 661//2943 732//2943 662//2943 
f 732//2944 661//2944 731//2944 
f 1197//2945 1180//2945 1198//2945 
f 1180//2946 1197//2946 1179//2946 
f 1197//2947 1202//2947 1201//2947 
f 1202//2948 1197//2948 1198//2948 
f 1201//2949 1208//2949 1207//2949 
f 1208//2950 1201//2950 1202//2950 
f 1187//2951 1208//2951 1188//2951 
f 1208//2952 1187//2952 1207//2952 
f 1184//2953 1187//2953 1188//2953 
f 1187//2954 1184//2954 1183//2954 
f 1176//2955 1183//2955 1184//2955 
f 1183//2956 1176//2956 1175//2956 
f 1167//2957 1176//2957 1168//2957 
f 1176//2958 1167//2958 1175//2958 
f 1163//2959 1168//2959 1164//2959 
f 1168//2960 1163//2960 1167//2960 
f 1155//2961 1164//2961 1156//2961 
f 1164//2962 1155//2962 1163//2962 
f 1151//2963 1156//2963 1152//2963 
f 1156//2964 1151//2964 1155//2964 
f 1151//2965 1144//2965 1143//2965 
f 1144//2966 1151//2966 1152//2966 
f 1143//2967 1138//2967 1137//2967 
f 1138//2968 1143//2968 1144//2968 
f 1137//2969 1134//2969 1133//2969 
f 1134//2970 1137//2970 1138//2970 
f 1133//2971 1130//2971 1129//2971 
f 1130//2972 1133//2972 1134//2972 
f 1129//2973 1126//2973 1125//2973 
f 1126//2974 1129//2974 1130//2974 
f 1125//2975 1122//2975 1121//2975 
f 1122//2976 1125//2976 1126//2976 
f 1211//2977 1122//2977 1212//2977 
f 1122//2978 1211//2978 1121//2978 
f 1211//2979 1214//2979 1213//2979 
f 1214//2980 1211//2980 1212//2980 
f 1213//2981 1210//2981 1209//2981 
f 1210//2982 1213//2982 1214//2982 
f 1209//2983 1206//2983 1205//2983 
f 1206//2984 1209//2984 1210//2984 
f 1205//2985 1204//2985 1203//2985 
f 1204//2986 1205//2986 1206//2986 
f 1203//2987 1200//2987 1199//2987 
f 1200//2988 1203//2988 1204//2988 
f 1199//2989 1196//2989 1195//2989 
f 1196//2990 1199//2990 1200//2990 
f 1191//2991 1196//2991 1192//2991 
f 1196//2992 1191//2992 1195//2992 
f 1171//2993 1192//2993 1172//2993 
f 1192//2994 1171//2994 1191//2994 
f 1161//2995 1172//2995 1162//2995 
f 1172//2996 1161//2996 1171//2996 
f 1147//2997 1162//2997 1148//2997 
f 1162//2998 1147//2998 1161//2998 
f 1119//2999 1148//2999 1120//2999 
f 1148//3000 1119//3000 1147//3000 
f 1115//3001 1120//3001 1116//3001 
f 1120//3002 1115//3002 1119//3002 
f 1112//3003 1115//3003 1116//3003 
f 1115//3004 1112//3004 1111//3004 
f 1108//3005 1111//3005 1112//3005 
f 1111//3006 1108//3006 1107//3006 
f 1104//3007 1107//3007 1108//3007 
f 1107//3008 1104//3008 1103//3008 
f 1100//3009 1103//3009 1104//3009 
f 1103//3010 1100//3010 1099//3010 
f 1096//3011 1099//3011 1100//3011 
f 1099//3012 1096//3012 1095//3012 
f 1098//3013 1095//3013 1096//3013 
f 1095//3014 1098//3014 1097//3014 
f 1102//3015 1097//3015 1098//3015 
f 1097//3016 1102//3016 1101//3016 
f 1106//3017 1101//3017 1102//3017 
f 1101//3018 1106//3018 1105//3018 
f 1110//3019 1105//3019 1106//3019 
f 1105//3020 1110//3020 1109//3020 
f 1114//3021 1109//3021 1110//3021 
f 1109//3022 1114//3022 1113//3022 
f 1117//3023 1114//3023 1118//3023 
f 1114//3024 1117//3024 1113//3024 
f 1145//3025 1118//3025 1146//3025 
f 1118//3026 1145//3026 1117//3026 
f 1157//3027 1146//3027 1158//3027 
f 1146//3028 1157//3028 1145//3028 
f 1179//3029 1158//3029 1180//3029 
f 1158//3030 1179//3030 1157//3030 
f 1123//3031 1128//3031 1127//3031 
f 1128//3032 1123//3032 1124//3032 
f 1127//3033 1132//3033 1131//3033 
f 1132//3034 1127//3034 1128//3034 
f 1131//3035 1136//3035 1135//3035 
f 1136//3036 1131//3036 1132//3036 
f 1135//3037 1140//3037 1139//3037 
f 1140//3038 1135//3038 1136//3038 
f 1139//3039 1142//3039 1141//3039 
f 1142//3040 1139//3040 1140//3040 
f 1141//3041 1150//3041 1149//3041 
f 1150//3042 1141//3042 1142//3042 
f 1153//3043 1150//3043 1154//3043 
f 1150//3044 1153//3044 1149//3044 
f 1159//3045 1154//3045 1160//3045 
f 1154//3046 1159//3046 1153//3046 
f 1165//3047 1160//3047 1166//3047 
f 1160//3048 1165//3048 1159//3048 
f 1169//3049 1166//3049 1170//3049 
f 1166//3050 1169//3050 1165//3050 
f 1173//3051 1170//3051 1174//3051 
f 1170//3052 1173//3052 1169//3052 
f 1178//3053 1173//3053 1174//3053 
f 1173//3054 1178//3054 1177//3054 
f 1182//3055 1177//3055 1178//3055 
f 1177//3056 1182//3056 1181//3056 
f 1186//3057 1181//3057 1182//3057 
f 1181//3058 1186//3058 1185//3058 
f 1190//3059 1185//3059 1186//3059 
f 1185//3060 1190//3060 1189//3060 
f 1194//3061 1189//3061 1190//3061 
f 1189//3062 1194//3062 1193//3062 
f 1123//3063 1194//3063 1124//3063 
f 1194//3064 1123//3064 1193//3064 
f 1081//3065 1090//3065 1082//3065 
f 1090//3066 1081//3066 1089//3066 
f 1080//3067 1081//3067 1082//3067 
f 1081//3068 1080//3068 1079//3068 
f 1087//3069 1080//3069 1088//3069 
f 1080//3070 1087//3070 1079//3070 
f 1087//3071 1090//3071 1089//3071 
f 1090//3072 1087//3072 1088//3072 
