# FreeCAD v1.0 build0 Arch module
# https://www.freecad.org
mtllib colors.mtl
o part_right_lower
usemtl color_0a0ac9
v -85.0 -50.0 -10.0
v -85.0 -50.0 10.0
v -85.0 -17.310301 -10.0
v -85.0 -17.310301 10.0
v -85.0 17.310301 -10.0
v -85.0 17.310301 10.0
v -85.0 50.0 -10.0
v -85.0 50.0 10.0
v -84.635101 -17.5261 -10.0
v -84.635101 -17.5261 10.0
v -84.635101 17.5261 -10.0
v -84.635101 17.5261 10.0
v -83.515602 -18.0965 -10.0
v -83.515602 -18.0965 10.0
v -83.515602 18.0965 -10.0
v -83.515602 18.0965 10.0
v -82.362503 -18.595501 -10.0
v -82.362503 -18.595501 10.0
v -82.362503 18.595501 -10.0
v -82.362503 18.595501 10.0
v -81.180298 -19.021099 -10.0
v -81.180298 -19.021099 10.0
v -81.180298 19.021099 -10.0
v -81.180298 19.021099 10.0
v -79.973801 -19.3717 -10.0
v -79.973801 -19.3717 10.0
v -79.973801 19.3717 -10.0
v -79.973801 19.3717 10.0
v -78.747597 -19.6457 -10.0
v -78.747597 -19.6457 10.0
v -78.747597 19.6457 -10.0
v -78.747597 19.6457 10.0
v -77.506699 -19.8423 -10.0
v -77.506699 -19.8423 10.0
v -77.506699 19.8423 -10.0
v -77.506699 19.8423 10.0
v -76.255798 -19.960501 -10.0
v -76.255798 -19.960501 10.0
v -76.255798 19.960501 -10.0
v -76.255798 19.960501 10.0
v -75.0 -20.0 -10.0
v -75.0 -20.0 10.0
v -75.0 20.0 -10.0
v -75.0 20.0 10.0
v -75.0 45.0 0.0
v -75.0 45.0 10.0
v -75.0 50.0 0.0
v -75.0 50.0 10.0
v -73.744202 -19.960501 -10.0
v -73.744202 -19.960501 10.0
v -73.744202 19.960501 -10.0
v -73.744202 19.960501 10.0
v -72.493301 -19.8423 -10.0
v -72.493301 -19.8423 10.0
v -72.493301 19.8423 -10.0
v -72.493301 19.8423 10.0
v -71.252403 -19.6457 -10.0
v -71.252403 -19.6457 10.0
v -71.252403 19.6457 -10.0
v -71.252403 19.6457 10.0
v -70.026199 -19.3717 -10.0
v -70.026199 -19.3717 10.0
v -70.026199 19.3717 -10.0
v -70.026199 19.3717 10.0
v -68.819702 -19.021099 -10.0
v -68.819702 -19.021099 10.0
v -68.819702 19.021099 -10.0
v -68.819702 19.021099 10.0
v -67.637497 -18.595501 -10.0
v -67.637497 -18.595501 10.0
v -67.637497 18.595501 -10.0
v -67.637497 18.595501 10.0
v -66.484398 -18.0965 -10.0
v -66.484398 -18.0965 10.0
v -66.484398 18.0965 -10.0
v -66.484398 18.0965 10.0
v -65.364899 -17.5261 -10.0
v -65.364899 -17.5261 10.0
v -65.364899 17.5261 -10.0
v -65.364899 17.5261 10.0
v -64.283501 -16.8866 -10.0
v -64.283501 -16.8866 10.0
v -64.283501 16.8866 -10.0
v -64.283501 16.8866 10.0
v -63.244301 -16.1803 -10.0
v -63.244301 -16.1803 10.0
v -63.244301 16.1803 -10.0
v -63.244301 16.1803 10.0
v -62.251499 -15.4103 -10.0
v -62.251499 -15.4103 10.0
v -62.251499 15.4103 -10.0
v -62.251499 15.4103 10.0
v -61.309101 -14.5794 -10.0
v -61.309101 -14.5794 10.0
v -61.309101 14.5794 -10.0
v -61.309101 14.5794 10.0
v -60.420601 -13.6909 -10.0
v -60.420601 -13.6909 10.0
v -60.420601 13.6909 -10.0
v -60.420601 13.6909 10.0
v -60.0 45.0 0.0
v -60.0 45.0 10.0
v -60.0 50.0 0.0
v -60.0 50.0 10.0
v -59.589699 -12.7485 -10.0
v -59.589699 -12.7485 10.0
v -59.589699 12.7485 -10.0
v -59.589699 12.7485 10.0
v -58.819698 -11.7557 -10.0
v -58.819698 -11.7557 10.0
v -58.819698 11.7557 -10.0
v -58.819698 11.7557 10.0
v -58.1134 -10.7165 -10.0
v -58.1134 -10.7165 10.0
v -58.1134 10.7165 -10.0
v -58.1134 10.7165 10.0
v -57.4739 -9.63507 -10.0
v -57.4739 -9.63507 10.0
v -57.4739 9.63507 -10.0
v -57.4739 9.63507 10.0
v -56.9035 -8.51558 -10.0
v -56.9035 -8.51558 10.0
v -56.9035 8.51558 -10.0
v -56.9035 8.51558 10.0
v -56.404499 -7.36249 -10.0
v -56.404499 -7.36249 10.0
v -56.404499 7.36249 -10.0
v -56.404499 7.36249 10.0
v -55.978901 -6.18034 -10.0
v -55.978901 -6.18034 10.0
v -55.978901 6.18034 -10.0
v -55.978901 6.18034 10.0
v -55.6283 -4.9738 -10.0
v -55.6283 -4.9738 10.0
v -55.6283 4.9738 -10.0
v -55.6283 4.9738 10.0
v -55.354301 -3.74763 -10.0
v -55.354301 -3.74763 10.0
v -55.354301 3.74763 -10.0
v -55.354301 3.74763 10.0
v -55.1577 -2.50666 -10.0
v -55.1577 -2.50666 10.0
v -55.1577 2.50666 -10.0
v -55.1577 2.50666 10.0
v -55.039501 -1.25581 -10.0
v -55.039501 -1.25581 10.0
v -55.039501 1.25581 -10.0
v -55.039501 1.25581 10.0
v -55.0 0.0 -10.0
v -55.0 0.0 10.0
v -53.7141 13.89 -10.0
v -53.7141 13.89 -8.0
v -50.353199 13.89 -10.0
v -50.353199 13.89 -8.0
v -48.9291 7.05437 -10.0
v -48.9291 7.05437 -8.0
v -48.177299 2.83925 -10.0
v -48.177299 2.83925 -8.0
v -47.858299 -12.8634 -10.0
v -47.858299 -12.8634 -8.0
v -47.379799 -1.0366 -10.0
v -47.379799 -1.0366 -8.0
v -46.7873 -3.92982 -10.0
v -46.7873 -3.92982 -8.0
v -46.400002 -5.84041 -10.0
v -46.400002 -5.84041 -8.0
v -46.217701 -6.76839 -10.0
v -46.217701 -6.76839 -8.0
v -46.1409 -7.19319 -10.0
v -46.1409 -7.19319 -8.0
v -46.069599 -7.59431 -10.0
v -46.069599 -7.59431 -8.0
v -46.004101 -7.97172 -10.0
v -46.004101 -7.97172 -8.0
v -45.944199 -8.32545 -10.0
v -45.944199 -8.32545 -8.0
v -45.875999 -8.74324 -10.0
v -45.875999 -8.74324 -8.0
v -45.6366 -7.43281 -10.0
v -45.6366 -7.43281 -8.0
v -45.1469 -4.85066 -10.0
v -45.1469 -4.85066 -8.0
v -43.8936 -12.8634 -10.0
v -43.8936 -12.8634 -8.0
v -43.563301 2.83925 -10.0
v -43.563301 2.83925 -8.0
v -42.811401 7.05437 -10.0
v -42.811401 7.05437 -8.0
v -41.387199 13.89 -10.0
v -41.387199 13.89 -8.0
v -38.060699 13.89 -10.0
v -38.060699 13.89 -8.0
v -37.019001 8.7635 -10.0
v -37.019001 8.7635 -8.0
v -36.740299 10.0849 -10.0
v -36.740299 10.0849 -8.0
v -36.529301 -0.825393 -10.0
v -36.529301 -0.825393 -8.0
v -36.498299 0.032089 -10.0
v -36.498299 0.032089 -8.0
v -36.444199 -2.21562 -10.0
v -36.444199 -2.21562 -8.0
v -36.405399 0.819534 -10.0
v -36.405399 0.819534 -8.0
v -36.3484 11.22 -10.0
v -36.3484 11.22 -8.0
v -36.2505 1.53697 -10.0
v -36.2505 1.53697 -8.0
v -36.1889 -3.44325 -10.0
v -36.1889 -3.44325 -8.0
v -36.033699 2.18434 -10.0
v -36.033699 2.18434 -8.0
v -35.843201 12.1688 -10.0
v -35.843201 12.1688 -8.0
v -35.7635 -4.50825 -10.0
v -35.7635 -4.50825 -8.0
v -35.757801 2.76811 -10.0
v -35.757801 2.76811 -8.0
v -35.425598 3.29497 -10.0
v -35.425598 3.29497 -8.0
v -35.2248 12.9313 -10.0
v -35.2248 12.9313 -8.0
v -35.167801 -5.41066 -10.0
v -35.167801 -5.41066 -8.0
v -35.037201 3.76491 -10.0
v -35.037201 3.76491 -8.0
v -34.592602 4.17793 -10.0
v -34.592602 4.17793 -8.0
v -34.475399 13.5168 -10.0
v -34.475399 13.5168 -8.0
v -34.416302 -6.12926 -10.0
v -34.416302 -6.12926 -8.0
v -34.2052 8.06099 -10.0
v -34.2052 8.06099 -8.0
v -34.0639 8.73851 -10.0
v -34.0639 8.73851 -8.0
v -34.009399 4.57008 -10.0
v -34.009399 4.57008 -8.0
v -33.879101 9.30928 -10.0
v -33.879101 9.30928 -8.0
v -33.650902 9.77327 -10.0
v -33.650902 9.77327 -8.0
v -33.59 -1.39491 -10.0
v -33.59 -1.39491 -8.0
v -33.577099 13.9351 -10.0
v -33.577099 13.9351 -8.0
v -33.562599 -0.971847 -10.0
v -33.562599 -0.971847 -8.0
v -33.554401 -1.92363 -10.0
v -33.554401 -1.92363 -8.0
v -33.522999 -6.64253 -10.0
v -33.522999 -6.64253 -8.0
v -33.480301 -0.595077 -10.0
v -33.480301 -0.595077 -8.0
v -33.447601 -2.37044 -10.0
v -33.447601 -2.37044 -8.0
v -33.379299 10.1304 -10.0
v -33.379299 10.1304 -8.0
v -33.343201 -0.264571 -10.0
v -33.343201 -0.264571 -8.0
v -33.2696 -2.73534 -10.0
v -33.2696 -2.73534 -8.0
v -33.205502 4.97768 -10.0
v -33.205502 4.97768 -8.0
v -33.151299 0.019669 -10.0
v -33.151299 0.019669 -8.0
v -33.031399 10.3963 -10.0
v -33.031399 10.3963 -8.0
v -33.0205 -3.01836 -10.0
v -33.0205 -3.01836 -8.0
v -32.8946 0.269455 -10.0
v -32.8946 0.269455 -8.0
v -32.700001 -3.23015 -10.0
v -32.700001 -3.23015 -8.0
v -32.5746 10.5862 -10.0
v -32.5746 10.5862 -8.0
v -32.563202 0.496719 -10.0
v -32.563202 0.496719 -8.0
v -32.530102 14.186 -10.0
v -32.530102 14.186 -8.0
v -32.487999 -6.95048 -10.0
v -32.487999 -6.95048 -8.0
v -32.308399 -3.38142 -10.0
v -32.308399 -3.38142 -8.0
v -32.180901 5.40071 -10.0
v -32.180901 5.40071 -8.0
v -32.156898 0.70137 -10.0
v -32.156898 0.70137 -8.0
v -32.0089 10.7001 -10.0
v -32.0089 10.7001 -8.0
v -31.845501 -3.47221 -10.0
v -31.845501 -3.47221 -8.0
v -31.676001 0.883469 -10.0
v -31.676001 0.883469 -8.0
v -31.334299 10.7381 -10.0
v -31.334299 10.7381 -8.0
v -31.334299 14.2697 -10.0
v -31.334299 14.2697 -8.0
v -31.311399 -7.05315 -10.0
v -31.311399 -7.05315 -8.0
v -31.311399 -3.50246 -10.0
v -31.311399 -3.50246 -8.0
v -30.9729 1.13219 -10.0
v -30.9729 1.13219 -8.0
v -30.9356 5.83919 -10.0
v -30.9356 5.83919 -8.0
v -30.7696 -3.46388 -10.0
v -30.7696 -3.46388 -8.0
v -30.7076 10.7025 -10.0
v -30.7076 10.7025 -8.0
v -30.3862 6.04994 -10.0
v -30.3862 6.04994 -8.0
v -30.310301 1.38445 -10.0
v -30.310301 1.38445 -8.0
v -30.306101 -3.34819 -10.0
v -30.306101 -3.34819 -8.0
v -30.2659 -6.96413 -10.0
v -30.2659 -6.96413 -8.0
v -30.172199 10.5957 -10.0
v -30.172199 10.5957 -8.0
v -30.111401 14.1635 -10.0
v -30.111401 14.1635 -8.0
v -29.923 6.28319 -10.0
v -29.923 6.28319 -8.0
v -29.921 -3.15535 -10.0
v -29.921 -3.15535 -8.0
v -29.7279 10.4177 -10.0
v -29.7279 10.4177 -8.0
v -29.6884 1.64024 -10.0
v -29.6884 1.64024 -8.0
v -29.6141 -2.88533 -10.0
v -29.6141 -2.88533 -8.0
v -29.546 6.53896 -10.0
v -29.546 6.53896 -8.0
v -29.374701 10.1685 -10.0
v -29.374701 10.1685 -8.0
v -29.371201 -2.53703 -10.0
v -29.371201 -2.53703 -8.0
v -29.327801 -6.69713 -10.0
v -29.327801 -6.69713 -8.0
v -29.2551 6.81721 -10.0
v -29.2551 6.81721 -8.0
v -29.1782 -2.10927 -10.0
v -29.1782 -2.10927 -8.0
v -29.1071 1.89958 -10.0
v -29.1071 1.89958 -8.0
v -29.105499 9.84331 -10.0
v -29.105499 9.84331 -8.0
v -29.0383 7.13225 -10.0
v -29.0383 7.13225 -8.0
v -29.035101 -1.60197 -10.0
v -29.035101 -1.60197 -8.0
v -29.0287 13.8449 -10.0
v -29.0287 13.8449 -8.0
v -28.941799 -1.01521 -10.0
v -28.941799 -1.01521 -8.0
v -28.9133 9.43739 -10.0
v -28.9133 9.43739 -8.0
v -28.8834 7.49831 -10.0
v -28.8834 7.49831 -8.0
v -28.797899 8.95079 -10.0
v -28.797899 8.95079 -8.0
v -28.790501 7.91542 -10.0
v -28.790501 7.91542 -8.0
v -28.759501 8.38353 -10.0
v -28.759501 8.38353 -8.0
v -28.5737 2.17302 -10.0
v -28.5737 2.17302 -8.0
v -28.4972 -6.25209 -10.0
v -28.4972 -6.25209 -8.0
v -28.0959 2.47139 -10.0
v -28.0959 2.47139 -8.0
v -28.086399 13.3138 -10.0
v -28.086399 13.3138 -8.0
v -27.7742 -5.62907 -10.0
v -27.7742 -5.62907 -8.0
v -27.6737 2.79475 -10.0
v -27.6737 2.79475 -8.0
v -27.306999 3.14305 -10.0
v -27.306999 3.14305 -8.0
v -27.2843 12.5704 -10.0
v -27.2843 12.5704 -8.0
v -27.1679 -4.83751 -10.0
v -27.1679 -4.83751 -8.0
v -26.9851 3.52934 -10.0
v -26.9851 3.52934 -8.0
v -26.6975 3.96666 -10.0
v -26.6975 3.96666 -8.0
v -26.687599 -3.88698 -10.0
v -26.687599 -3.88698 -8.0
v -26.643801 11.6406 -10.0
v -26.643801 11.6406 -8.0
v -26.444 4.45503 -10.0
v -26.444 4.45503 -8.0
v -26.3333 -2.77742 -10.0
v -26.3333 -2.77742 -8.0
v -26.224701 4.9944 -10.0
v -26.224701 4.9944 -8.0
v -26.1863 10.5506 -10.0
v -26.1863 10.5506 -8.0
v -26.105101 -1.50886 -10.0
v -26.105101 -1.50886 -8.0
v -26.0478 5.59904 -10.0
v -26.0478 5.59904 -8.0
v -25.9214 6.28319 -10.0
v -25.9214 6.28319 -8.0
v -25.9118 9.30037 -10.0
v -25.9118 9.30037 -8.0
v -25.8456 7.0468 -10.0
v -25.8456 7.0468 -8.0
v -25.820299 7.88991 -10.0
v -25.820299 7.88991 -8.0
v -24.346399 8.7635 -10.0
v -24.346399 8.7635 -8.0
v -24.0676 10.0849 -10.0
v -24.0676 10.0849 -8.0
v -23.8566 -0.825393 -10.0
v -23.8566 -0.825393 -8.0
v -23.825701 0.032089 -10.0
v -23.825701 0.032089 -8.0
v -23.7715 -2.21562 -10.0
v -23.7715 -2.21562 -8.0
v -23.7327 0.819534 -10.0
v -23.7327 0.819534 -8.0
v -23.675699 11.22 -10.0
v -23.675699 11.22 -8.0
v -23.577801 1.53697 -10.0
v -23.577801 1.53697 -8.0
v -23.5163 -3.44325 -10.0
v -23.5163 -3.44325 -8.0
v -23.361 2.18434 -10.0
v -23.361 2.18434 -8.0
v -23.1705 12.1688 -10.0
v -23.1705 12.1688 -8.0
v -23.090799 -4.50825 -10.0
v -23.090799 -4.50825 -8.0
v -23.0851 2.76811 -10.0
v -23.0851 2.76811 -8.0
v -22.753 3.29497 -10.0
v -22.753 3.29497 -8.0
v -22.552099 12.9313 -10.0
v -22.552099 12.9313 -8.0
v -22.495199 -5.41066 -10.0
v -22.495199 -5.41066 -8.0
v -22.364599 3.76491 -10.0
v -22.364599 3.76491 -8.0
v -21.919901 4.17793 -10.0
v -21.919901 4.17793 -8.0
v -21.8027 13.5168 -10.0
v -21.8027 13.5168 -8.0
v -21.743601 -6.12926 -10.0
v -21.743601 -6.12926 -8.0
v -21.532499 8.06099 -10.0
v -21.532499 8.06099 -8.0
v -21.391199 8.73851 -10.0
v -21.391199 8.73851 -8.0
v -21.3367 4.57008 -10.0
v -21.3367 4.57008 -8.0
v -21.2064 9.30928 -10.0
v -21.2064 9.30928 -8.0
v -20.978201 9.77327 -10.0
v -20.978201 9.77327 -8.0
v -20.917299 -1.39491 -10.0
v -20.917299 -1.39491 -8.0
v -20.904499 13.9351 -10.0
v -20.904499 13.9351 -8.0
v -20.8899 -0.971847 -10.0
v -20.8899 -0.971847 -8.0
v -20.881701 -1.92363 -10.0
v -20.881701 -1.92363 -8.0
v -20.8503 -6.64253 -10.0
v -20.8503 -6.64253 -8.0
v -20.8076 -0.595077 -10.0
v -20.8076 -0.595077 -8.0
v -20.7749 -2.37044 -10.0
v -20.7749 -2.37044 -8.0
v -20.7066 10.1304 -10.0
v -20.7066 10.1304 -8.0
v -20.670601 -0.264571 -10.0
v -20.670601 -0.264571 -8.0
v -20.596901 -2.73534 -10.0
v -20.596901 -2.73534 -8.0
v -20.532801 4.97768 -10.0
v -20.532801 4.97768 -8.0
v -20.478701 0.019669 -10.0
v -20.478701 0.019669 -8.0
v -20.358801 10.3963 -10.0
v -20.358801 10.3963 -8.0
v -20.347799 -3.01836 -10.0
v -20.347799 -3.01836 -8.0
v -20.221901 0.269455 -10.0
v -20.221901 0.269455 -8.0
v -20.0273 -3.23015 -10.0
v -20.0273 -3.23015 -8.0
v -19.902 10.5862 -10.0
v -19.902 10.5862 -8.0
v -19.890499 0.496719 -10.0
v -19.890499 0.496719 -8.0
v -19.857401 14.186 -10.0
v -19.857401 14.186 -8.0
v -19.815399 -6.95048 -10.0
v -19.815399 -6.95048 -8.0
v -19.6357 -3.38142 -10.0
v -19.6357 -3.38142 -8.0
v -19.5082 5.40071 -10.0
v -19.5082 5.40071 -8.0
v -19.484301 0.70137 -10.0
v -19.484301 0.70137 -8.0
v -19.336201 10.7001 -10.0
v -19.336201 10.7001 -8.0
v -19.1728 -3.47221 -10.0
v -19.1728 -3.47221 -8.0
v -19.0033 0.883469 -10.0
v -19.0033 0.883469 -8.0
v -18.6616 10.7381 -10.0
v -18.6616 10.7381 -8.0
v -18.6616 14.2697 -10.0
v -18.6616 14.2697 -8.0
v -18.6387 -7.05315 -10.0
v -18.6387 -7.05315 -8.0
v -18.6387 -3.50246 -10.0
v -18.6387 -3.50246 -8.0
v -18.3002 1.13219 -10.0
v -18.3002 1.13219 -8.0
v -18.262899 5.83919 -10.0
v -18.262899 5.83919 -8.0
v -18.096901 -3.46388 -10.0
v -18.096901 -3.46388 -8.0
v -18.035 10.7025 -10.0
v -18.035 10.7025 -8.0
v -17.713499 6.04994 -10.0
v -17.713499 6.04994 -8.0
v -17.6376 1.38445 -10.0
v -17.6376 1.38445 -8.0
v -17.633499 -3.34819 -10.0
v -17.633499 -3.34819 -8.0
v -17.593201 -6.96413 -10.0
v -17.593201 -6.96413 -8.0
v -17.4995 10.5957 -10.0
v -17.4995 10.5957 -8.0
v -17.4387 14.1635 -10.0
v -17.4387 14.1635 -8.0
v -17.250299 6.28319 -10.0
v -17.250299 6.28319 -8.0
v -17.248301 -3.15535 -10.0
v -17.248301 -3.15535 -8.0
v -17.055201 10.4177 -10.0
v -17.055201 10.4177 -8.0
v -17.015699 1.64024 -10.0
v -17.015699 1.64024 -8.0
v -16.941401 -2.88533 -10.0
v -16.941401 -2.88533 -8.0
v -16.873301 6.53896 -10.0
v -16.873301 6.53896 -8.0
v -16.702 10.1685 -10.0
v -16.702 10.1685 -8.0
v -16.698601 -2.53703 -10.0
v -16.698601 -2.53703 -8.0
v -16.6551 -6.69713 -10.0
v -16.6551 -6.69713 -8.0
v -16.582399 6.81721 -10.0
v -16.582399 6.81721 -8.0
v -16.505501 -2.10927 -10.0
v -16.505501 -2.10927 -8.0
v -16.434401 1.89958 -10.0
v -16.434401 1.89958 -8.0
v -16.432899 9.84331 -10.0
v -16.432899 9.84331 -8.0
v -16.365601 7.13225 -10.0
v -16.365601 7.13225 -8.0
v -16.3624 -1.60197 -10.0
v -16.3624 -1.60197 -8.0
v -16.3561 13.8449 -10.0
v -16.3561 13.8449 -8.0
v -16.2691 -1.01521 -10.0
v -16.2691 -1.01521 -8.0
v -16.240601 9.43739 -10.0
v -16.240601 9.43739 -8.0
v -16.210699 7.49831 -10.0
v -16.210699 7.49831 -8.0
v -16.125299 8.95079 -10.0
v -16.125299 8.95079 -8.0
v -16.1178 7.91542 -10.0
v -16.1178 7.91542 -8.0
v -16.0868 8.38353 -10.0
v -16.0868 8.38353 -8.0
v -15.901 2.17302 -10.0
v -15.901 2.17302 -8.0
v -15.8245 -6.25209 -10.0
v -15.8245 -6.25209 -8.0
v -15.4232 2.47139 -10.0
v -15.4232 2.47139 -8.0
v -15.4137 13.3138 -10.0
v -15.4137 13.3138 -8.0
v -15.1015 -5.62907 -10.0
v -15.1015 -5.62907 -8.0
v -15.001 2.79475 -10.0
v -15.001 2.79475 -8.0
v -14.6343 3.14305 -10.0
v -14.6343 3.14305 -8.0
v -14.6116 12.5704 -10.0
v -14.6116 12.5704 -8.0
v -14.4952 -4.83751 -10.0
v -14.4952 -4.83751 -8.0
v -14.3124 3.52934 -10.0
v -14.3124 3.52934 -8.0
v -14.0248 3.96666 -10.0
v -14.0248 3.96666 -8.0
v -14.0149 -3.88698 -10.0
v -14.0149 -3.88698 -8.0
v -13.9711 11.6406 -10.0
v -13.9711 11.6406 -8.0
v -13.7713 4.45503 -10.0
v -13.7713 4.45503 -8.0
v -13.6606 -2.77742 -10.0
v -13.6606 -2.77742 -8.0
v -13.552 4.9944 -10.0
v -13.552 4.9944 -8.0
v -13.5136 10.5506 -10.0
v -13.5136 10.5506 -8.0
v -13.4324 -1.50886 -10.0
v -13.4324 -1.50886 -8.0
v -13.3751 5.59904 -10.0
v -13.3751 5.59904 -8.0
v -13.2487 6.28319 -10.0
v -13.2487 6.28319 -8.0
v -13.2391 9.30037 -10.0
v -13.2391 9.30037 -8.0
v -13.1729 7.0468 -10.0
v -13.1729 7.0468 -8.0
v -13.1476 7.88991 -10.0
v -13.1476 7.88991 -8.0
v -11.5826 3.52272 -10.0
v -11.5826 3.52272 -8.0
v -11.4894 5.99525 -10.0
v -11.4894 5.99525 -8.0
v -11.4879 1.12566 -10.0
v -11.4879 1.12566 -8.0
v -11.2095 8.15331 -10.0
v -11.2095 8.15331 -8.0
v -11.2038 -0.977157 -10.0
v -11.2038 -0.977157 -8.0
v -10.7432 9.99687 -10.0
v -10.7432 9.99687 -8.0
v -10.7303 -2.78566 -10.0
v -10.7303 -2.78566 -8.0
v -10.0903 11.526 -10.0
v -10.0903 11.526 -8.0
v -10.0674 -4.29991 -10.0
v -10.0674 -4.29991 -8.0
v -9.26356 12.7264 -10.0
v -9.26356 12.7264 -8.0
v -9.2308 -5.49611 -10.0
v -9.2308 -5.49611 -8.0
v -8.27596 13.5838 -10.0
v -8.27596 13.5838 -8.0
v -8.2361 -6.35054 -10.0
v -8.2361 -6.35054 -8.0
v -8.22178 4.64302 -10.0
v -8.22178 4.64302 -8.0
v -8.19909 1.30122 -10.0
v -8.19909 1.30122 -8.0
v -8.18013 6.05113 -10.0
v -8.18013 6.05113 -8.0
v -8.14601 0.189346 -10.0
v -8.14601 0.189346 -8.0
v -8.05516 7.27528 -10.0
v -8.05516 7.27528 -8.0
v -8.02102 -0.792006 -10.0
v -8.02102 -0.792006 -8.0
v -7.84689 8.31551 -10.0
v -7.84689 8.31551 -8.0
v -7.82411 -1.64284 -10.0
v -7.82411 -1.64284 -8.0
v -7.55531 -2.36314 -10.0
v -7.55531 -2.36314 -8.0
v -7.55531 9.17174 -10.0
v -7.55531 9.17174 -8.0
v -7.21818 -2.93645 -10.0
v -7.21818 -2.93645 -8.0
v -7.18685 9.84035 -10.0
v -7.18685 9.84035 -8.0
v -7.12745 14.0982 -10.0
v -7.12745 14.0982 -8.0
v -7.08334 -6.8632 -10.0
v -7.08334 -6.8632 -8.0
v -6.81625 -3.34593 -10.0
v -6.81625 -3.34593 -8.0
v -6.74787 10.3179 -10.0
v -6.74787 10.3179 -8.0
v -6.34953 -3.59166 -10.0
v -6.34953 -3.59166 -8.0
v -6.2384 10.6044 -10.0
v -6.2384 10.6044 -8.0
v -5.81803 -3.67354 -10.0
v -5.81803 -3.67354 -8.0
v -5.81803 14.2697 -10.0
v -5.81803 14.2697 -8.0
v -5.77251 -7.0341 -10.0
v -5.77251 -7.0341 -8.0
v -5.65843 10.7 -10.0
v -5.65843 10.7 -8.0
v -5.31531 -3.59581 -10.0
v -5.31531 -3.59581 -8.0
v -4.88804 10.5469 -10.0
v -4.88804 10.5469 -8.0
v -4.86674 -3.36259 -10.0
v -4.86674 -3.36259 -8.0
v -4.52355 -6.85075 -10.0
v -4.52355 -6.85075 -8.0
v -4.47229 -2.97392 -10.0
v -4.47229 -2.97392 -8.0
v -4.27428 10.0877 -10.0
v -4.27428 10.0877 -8.0
v -4.13199 -2.42979 -10.0
v -4.13199 -2.42979 -8.0
v -3.9817 13.9208 -10.0
v -3.9817 13.9208 -8.0
v -3.85213 -1.73018 -10.0
v -3.85213 -1.73018 -8.0
v -3.8172 9.32231 -10.0
v -3.8172 9.32231 -8.0
v -3.6392 -0.875167 -10.0
v -3.6392 -0.875167 -8.0
v -3.51678 8.25081 -10.0
v -3.51678 8.25081 -8.0
v -3.49319 0.1353 -10.0
v -3.49319 0.1353 -8.0
v -3.43125 -6.3007 -10.0
v -3.43125 -6.3007 -8.0
v -3.41413 1.30122 -10.0
v -3.41413 1.30122 -8.0
v -2.49562 -5.38399 -10.0
v -2.49562 -5.38399 -8.0
v -2.48285 12.8741 -10.0
v -2.48285 12.8741 -8.0
v -1.71665 -4.10054 -10.0
v -1.71665 -4.10054 -8.0
v -1.32151 11.1296 -10.0
v -1.32151 11.1296 -8.0
v -1.10359 -2.46348 -10.0
v -1.10359 -2.46348 -8.0
v -0.665678 -0.485824 -10.0
v -0.665678 -0.485824 -8.0
v -0.497643 8.68733 -10.0
v -0.497643 8.68733 -8.0
v -0.40294 1.83241 -10.0
v -0.40294 1.83241 -8.0
v -0.315361 4.49126 -10.0
v -0.315361 4.49126 -8.0
v -0.315361 4.64302 -10.0
v -0.315361 4.64302 -8.0
v 0.139999 -50.0 -10.0
v 0.139999 -50.0 10.0
v 0.139999 -40.200001 -10.0
v 0.139999 -40.200001 10.0
v 0.147185 -40.147202 -10.0
v 0.147185 -40.147202 10.0
v 0.2 -40.200001 -10.0
v 0.2 -40.200001 10.0
v 1.71671 -6.65443 -10.0
v 1.71671 -6.65443 -8.0
v 1.73341 -6.22301 -10.0
v 1.73341 -6.22301 -8.0
v 1.74937 -5.7643 -10.0
v 1.74937 -5.7643 -8.0
v 1.76464 -5.2783 -10.0
v 1.76464 -5.2783 -8.0
v 1.7792 -4.765 -10.0
v 1.7792 -4.765 -8.0
v 1.79169 -4.20079 -10.0
v 1.79169 -4.20079 -8.0
v 1.80062 -3.56181 -10.0
v 1.80062 -3.56181 -8.0
v 1.80597 -2.8481 -10.0
v 1.80597 -2.8481 -8.0
v 1.80776 -2.05962 -10.0
v 1.80776 -2.05962 -8.0
v 1.80776 13.89 -10.0
v 1.80776 13.89 -8.0
v 4.76977 -6.65443 -10.0
v 4.76977 -6.65443 -8.0
v 4.78832 -6.39873 -10.0
v 4.78832 -6.39873 -8.0
v 4.80971 -5.99229 -10.0
v 4.80971 -5.99229 -8.0
v 4.83393 -5.4351 -10.0
v 4.83393 -5.4351 -8.0
v 4.86099 -4.72719 -10.0
v 4.86099 -4.72719 -8.0
v 4.88591 -4.00511 -10.0
v 4.88591 -4.00511 -8.0
v 4.90371 -3.40523 -10.0
v 4.90371 -3.40523 -8.0
v 4.91439 -2.92754 -10.0
v 4.91439 -2.92754 -8.0
v 4.91794 -2.57204 -10.0
v 4.91794 -2.57204 -8.0
v 4.96348 -2.57204 -10.0
v 4.96348 -2.57204 -8.0
v 5.00916 2.87733 -10.0
v 5.00916 2.87733 -8.0
v 5.00916 13.89 -10.0
v 5.00916 13.89 -8.0
v 5.04725 1.62773 -10.0
v 5.04725 1.62773 -8.0
v 5.16151 0.499161 -10.0
v 5.16151 0.499161 -8.0
v 5.27789 -3.66856 -10.0
v 5.27789 -3.66856 -8.0
v 5.35192 -0.508376 -10.0
v 5.35192 -0.508376 -8.0
v 5.6185 -1.39491 -10.0
v 5.6185 -1.39491 -8.0
v 5.62859 -4.60371 -10.0
v 5.62859 -4.60371 -8.0
v 5.94569 -2.11766 -10.0
v 5.94569 -2.11766 -8.0
v 6.01556 -5.37743 -10.0
v 6.01556 -5.37743 -8.0
v 6.31776 -2.63389 -10.0
v 6.31776 -2.63389 -8.0
v 6.43885 -5.9897 -10.0
v 6.43885 -5.9897 -8.0
v 6.73471 -2.94365 -10.0
v 6.73471 -2.94365 -8.0
v 6.902 -6.45497 -10.0
v 6.902 -6.45497 -8.0
v 7.19652 -3.04689 -10.0
v 7.19652 -3.04689 -8.0
v 7.40858 -6.78728 -10.0
v 7.40858 -6.78728 -8.0
v 7.95862 -6.98668 -10.0
v 7.95862 -6.98668 -8.0
v 8.01392 -2.70869 -10.0
v 8.01392 -2.70869 -8.0
v 8.55212 -7.05315 -10.0
v 8.55212 -7.05315 -8.0
v 8.59777 -1.69401 -10.0
v 8.59777 -1.69401 -8.0
v 8.94809 -0.002913 -10.0
v 8.94809 -0.002913 -8.0
v 9.06486 2.36467 -10.0
v 9.06486 2.36467 -8.0
v 9.06486 13.89 -10.0
v 9.06486 13.89 -8.0
v 9.82597 -6.77309 -10.0
v 9.82597 -6.77309 -8.0
v 10.8221 -5.93288 -10.0
v 10.8221 -5.93288 -8.0
v 11.5406 -4.53252 -10.0
v 11.5406 -4.53252 -8.0
v 11.9813 -2.57204 -10.0
v 11.9813 -2.57204 -8.0
v 12.0497 -2.57204 -10.0
v 12.0497 -2.57204 -8.0
v 12.2432 2.63039 -10.0
v 12.2432 2.63039 -8.0
v 12.2432 13.89 -10.0
v 12.2432 13.89 -8.0
v 12.3056 1.37303 -10.0
v 12.3056 1.37303 -8.0
v 12.3786 -3.68404 -10.0
v 12.3786 -3.68404 -8.0
v 12.4356 0.259262 -10.0
v 12.4356 0.259262 -8.0
v 12.6332 -0.710891 -10.0
v 12.6332 -0.710891 -8.0
v 12.7388 -4.62752 -10.0
v 12.7388 -4.62752 -8.0
v 12.8984 -1.53743 -10.0
v 12.8984 -1.53743 -8.0
v 13.1304 -5.40242 -10.0
v 13.1304 -5.40242 -8.0
v 13.2185 -2.19783 -10.0
v 13.2185 -2.19783 -8.0
v 13.5533 -6.00874 -10.0
v 13.5533 -6.00874 -8.0
v 13.5805 -2.66954 -10.0
v 13.5805 -2.66954 -8.0
v 13.9846 -2.95256 -10.0
v 13.9846 -2.95256 -8.0
v 14.0219 -6.46568 -10.0
v 14.0219 -6.46568 -8.0
v 14.2893 -26.0051 -10.0
v 14.2893 -26.0051 10.0
v 14.4306 -3.04689 -10.0
v 14.4306 -3.04689 -8.0
v 14.5502 -6.79204 -10.0
v 14.5502 -6.79204 -8.0
v 15.1384 -6.98787 -10.0
v 15.1384 -6.98787 -8.0
v 15.2481 -2.70869 -10.0
v 15.2481 -2.70869 -8.0
v 15.7864 -7.05315 -10.0
v 15.7864 -7.05315 -8.0
v 15.832 -1.69401 -10.0
v 15.832 -1.69401 -8.0
v 16.182301 -0.002913 -10.0
v 16.182301 -0.002913 -8.0
v 16.299101 2.36467 -10.0
v 16.299101 2.36467 -8.0
v 16.299101 13.89 -10.0
v 16.299101 13.89 -8.0
v 16.632999 -6.92558 -10.0
v 16.632999 -6.92558 -8.0
v 17.372801 -6.54283 -10.0
v 17.372801 -6.54283 -8.0
v 18.0058 -5.90498 -10.0
v 18.0058 -5.90498 -8.0
v 18.532 -5.01195 -10.0
v 18.532 -5.01195 -8.0
v 18.945601 -3.88051 -10.0
v 18.945601 -3.88051 -8.0
v 19.2411 -2.52708 -10.0
v 19.2411 -2.52708 -8.0
v 19.4184 -0.951705 -10.0
v 19.4184 -0.951705 -8.0
v 19.477501 0.845657 -10.0
v 19.477501 0.845657 -8.0
v 19.477501 13.89 -10.0
v 19.477501 13.89 -8.0
v 21.9776 13.89 -10.0
v 21.9776 13.89 -8.0
v 22.017401 12.9346 -10.0
v 22.017401 12.9346 -8.0
v 22.0459 11.8345 -10.0
v 22.0459 11.8345 -8.0
v 22.063 10.5896 -10.0
v 22.063 10.5896 -8.0
v 22.068701 -14.2875 -10.0
v 22.068701 -14.2875 -8.0
v 22.068701 9.20003 -10.0
v 22.068701 9.20003 -8.0
v 24.289301 -36.0051 -10.0
v 24.289301 -36.0051 10.0
v 25.087799 13.89 -10.0
v 25.087799 13.89 -8.0
v 25.1159 13.6764 -10.0
v 25.1159 13.6764 -8.0
v 25.143299 13.3584 -10.0
v 25.143299 13.3584 -8.0
v 25.17 12.9359 -10.0
v 25.17 12.9359 -8.0
v 25.195999 12.4091 -10.0
v 25.195999 12.4091 -8.0
v 25.218399 11.8608 -10.0
v 25.218399 11.8608 -8.0
v 25.2244 -3.0847 -10.0
v 25.2244 -3.0847 -8.0
v 25.2244 3.71257 -10.0
v 25.2244 3.71257 -8.0
v 25.2344 11.3742 -10.0
v 25.2344 11.3742 -8.0
v 25.243999 10.9494 -10.0
v 25.243999 10.9494 -8.0
v 25.2472 10.5863 -10.0
v 25.2472 10.5863 -8.0
v 25.266001 5.25533 -10.0
v 25.266001 5.25533 -8.0
v 25.266701 2.10402 -10.0
v 25.266701 2.10402 -8.0
v 25.2701 -14.2875 -10.0
v 25.2701 -14.2875 -8.0
v 25.2701 -6.4265 -10.0
v 25.2701 -6.4265 -8.0
v 25.2701 -3.0847 -10.0
v 25.2701 -3.0847 -8.0
v 25.2701 10.5863 -10.0
v 25.2701 10.5863 -8.0
v 25.391001 6.61772 -10.0
v 25.391001 6.61772 -8.0
v 25.393801 0.695999 -10.0
v 25.393801 0.695999 -8.0
v 25.5541 11.4264 -10.0
v 25.5541 11.4264 -8.0
v 25.599199 7.7997 -10.0
v 25.599199 7.7997 -8.0
v 25.6057 -0.511458 -10.0
v 25.6057 -0.511458 -8.0
v 25.8908 8.80128 -10.0
v 25.8908 8.80128 -8.0
v 25.8937 12.1622 -10.0
v 25.8937 12.1622 -8.0
v 25.902201 -1.51839 -10.0
v 25.902201 -1.51839 -8.0
v 25.9223 -4.81258 -10.0
v 25.9223 -4.81258 -8.0
v 26.263599 9.59877 -10.0
v 26.263599 9.59877 -8.0
v 26.280001 -2.31169 -10.0
v 26.280001 -2.31169 -8.0
v 26.2889 12.7936 -10.0
v 26.2889 12.7936 -8.0
v 26.715401 10.1684 -10.0
v 26.715401 10.1684 -8.0
v 26.735399 -2.87834 -10.0
v 26.735399 -2.87834 -8.0
v 26.739599 13.3205 -10.0
v 26.739599 13.3205 -8.0
v 26.7966 -6.04677 -10.0
v 26.7966 -6.04677 -8.0
v 27.2402 13.7358 -10.0
v 27.2402 13.7358 -8.0
v 27.246201 10.5102 -10.0
v 27.246201 10.5102 -8.0
v 27.268299 -3.21834 -10.0
v 27.268299 -3.21834 -8.0
v 27.784901 14.0324 -10.0
v 27.784901 14.0324 -8.0
v 27.8561 10.6241 -10.0
v 27.8561 10.6241 -8.0
v 27.878901 -3.33168 -10.0
v 27.878901 -3.33168 -8.0
v 27.8932 -6.78728 -10.0
v 27.8932 -6.78728 -8.0
v 28.373699 14.2103 -10.0
v 28.373699 14.2103 -8.0
v 28.480499 -3.22603 -10.0
v 28.480499 -3.22603 -8.0
v 28.9676 10.1814 -10.0
v 28.9676 10.1814 -8.0
v 28.998199 -2.90913 -10.0
v 28.998199 -2.90913 -8.0
v 29.006701 14.2697 -10.0
v 29.006701 14.2697 -8.0
v 29.2118 -7.0341 -10.0
v 29.2118 -7.0341 -8.0
v 29.431801 -2.381 -10.0
v 29.431801 -2.381 -8.0
v 29.761499 8.8535 -10.0
v 29.761499 8.8535 -8.0
v 29.781401 -1.64159 -10.0
v 29.781401 -1.64159 -8.0
v 30.0 45.0 0.0
v 30.0 45.0 10.0
v 30.0 50.0 0.0
v 30.0 50.0 10.0
v 30.050501 -0.683944 -10.0
v 30.050501 -0.683944 -8.0
v 30.080099 14.0934 -10.0
v 30.080099 14.0934 -8.0
v 30.237801 6.6403 -10.0
v 30.237801 6.6403 -8.0
v 30.2418 -6.86143 -10.0
v 30.2418 -6.86143 -8.0
v 30.2428 0.499161 -10.0
v 30.2428 0.499161 -8.0
v 30.358101 1.90773 -10.0
v 30.358101 1.90773 -8.0
v 30.396601 3.54176 -10.0
v 30.396601 3.54176 -8.0
v 31.021799 13.5648 -10.0
v 31.021799 13.5648 -8.0
v 31.1443 -6.34343 -10.0
v 31.1443 -6.34343 -8.0
v 31.831699 12.6837 -10.0
v 31.831699 12.6837 -8.0
v 31.9193 -5.48006 -10.0
v 31.9193 -5.48006 -8.0
v 32.509899 11.4501 -10.0
v 32.509899 11.4501 -8.0
v 32.566799 -4.27135 -10.0
v 32.566799 -4.27135 -8.0
v 33.0457 9.89848 -10.0
v 33.0457 9.89848 -8.0
v 33.077702 -2.74708 -10.0
v 33.077702 -2.74708 -8.0
v 33.428398 8.06322 -10.0
v 33.428398 8.06322 -8.0
v 33.4426 -0.936812 -10.0
v 33.4426 -0.936812 -8.0
v 33.658001 5.94432 -10.0
v 33.658001 5.94432 -8.0
v 33.661598 1.15947 -10.0
v 33.661598 1.15947 -8.0
v 33.7346 3.54176 -10.0
v 33.7346 3.54176 -8.0
v 34.289299 -26.0051 -10.0
v 34.289299 -26.0051 10.0
v 35.987499 -14.2875 -10.0
v 35.987499 -14.2875 -8.0
v 35.987499 13.89 -10.0
v 35.987499 13.89 -8.0
v 39.188999 -14.2875 -10.0
v 39.188999 -14.2875 -8.0
v 39.188999 13.89 -10.0
v 39.188999 13.89 -8.0
v 42.318401 -14.2875 -10.0
v 42.318401 -14.2875 -8.0
v 42.318401 -10.3571 -10.0
v 42.318401 -10.3571 -8.0
v 42.318401 -6.65443 -10.0
v 42.318401 -6.65443 -8.0
v 42.318401 13.89 -10.0
v 42.318401 13.89 -8.0
v 45.0 45.0 0.0
v 45.0 45.0 10.0
v 45.0 50.0 0.0
v 45.0 50.0 10.0
v 45.519798 -14.2875 -10.0
v 45.519798 -14.2875 -8.0
v 45.519798 -10.3571 -10.0
v 45.519798 -10.3571 -8.0
v 45.519798 -6.65443 -10.0
v 45.519798 -6.65443 -8.0
v 45.519798 13.89 -10.0
v 45.519798 13.89 -8.0
v 47.931499 3.52272 -10.0
v 47.931499 3.52272 -8.0
v 48.024799 5.99525 -10.0
v 48.024799 5.99525 -8.0
v 48.026199 1.12566 -10.0
v 48.026199 1.12566 -8.0
v 48.3046 8.15331 -10.0
v 48.3046 8.15331 -8.0
v 48.310299 -0.977157 -10.0
v 48.310299 -0.977157 -8.0
v 48.484299 -40.200001 -10.0
v 48.484299 -40.200001 10.0
v 48.771 9.99687 -10.0
v 48.771 9.99687 -8.0
v 48.783798 -2.78566 -10.0
v 48.783798 -2.78566 -8.0
v 49.423901 11.526 -10.0
v 49.423901 11.526 -8.0
v 49.446701 -4.29991 -10.0
v 49.446701 -4.29991 -8.0
v 50.250599 12.7264 -10.0
v 50.250599 12.7264 -8.0
v 50.283401 -5.49611 -10.0
v 50.283401 -5.49611 -8.0
v 51.238201 13.5838 -10.0
v 51.238201 13.5838 -8.0
v 51.278099 -6.35054 -10.0
v 51.278099 -6.35054 -8.0
v 51.2924 4.64302 -10.0
v 51.2924 4.64302 -8.0
v 51.315102 1.30122 -10.0
v 51.315102 1.30122 -8.0
v 51.334 6.05113 -10.0
v 51.334 6.05113 -8.0
v 51.368198 0.189346 -10.0
v 51.368198 0.189346 -8.0
v 51.459 7.27528 -10.0
v 51.459 7.27528 -8.0
v 51.493099 -0.792006 -10.0
v 51.493099 -0.792006 -8.0
v 51.667301 8.31551 -10.0
v 51.667301 8.31551 -8.0
v 51.689999 -1.64284 -10.0
v 51.689999 -1.64284 -8.0
v 51.9589 -2.36314 -10.0
v 51.9589 -2.36314 -8.0
v 51.9589 9.17174 -10.0
v 51.9589 9.17174 -8.0
v 52.296001 -2.93645 -10.0
v 52.296001 -2.93645 -8.0
v 52.327301 9.84035 -10.0
v 52.327301 9.84035 -8.0
v 52.3867 14.0982 -10.0
v 52.3867 14.0982 -8.0
v 52.430801 -6.8632 -10.0
v 52.430801 -6.8632 -8.0
v 52.697899 -3.34593 -10.0
v 52.697899 -3.34593 -8.0
v 52.7663 10.3179 -10.0
v 52.7663 10.3179 -8.0
v 53.1646 -3.59166 -10.0
v 53.1646 -3.59166 -8.0
v 53.275799 10.6044 -10.0
v 53.275799 10.6044 -8.0
v 53.696098 -3.67354 -10.0
v 53.696098 -3.67354 -8.0
v 53.696098 14.2697 -10.0
v 53.696098 14.2697 -8.0
v 53.741699 -7.0341 -10.0
v 53.741699 -7.0341 -8.0
v 53.855701 10.7 -10.0
v 53.855701 10.7 -8.0
v 54.198898 -3.59581 -10.0
v 54.198898 -3.59581 -8.0
v 54.626099 10.5469 -10.0
v 54.626099 10.5469 -8.0
v 54.6474 -3.36259 -10.0
v 54.6474 -3.36259 -8.0
v 54.990601 -6.85075 -10.0
v 54.990601 -6.85075 -8.0
v 55.041901 -2.97392 -10.0
v 55.041901 -2.97392 -8.0
v 55.239899 10.0877 -10.0
v 55.239899 10.0877 -8.0
v 55.382198 -2.42979 -10.0
v 55.382198 -2.42979 -8.0
v 55.532501 13.9208 -10.0
v 55.532501 13.9208 -8.0
v 55.661999 -1.73018 -10.0
v 55.661999 -1.73018 -8.0
v 55.696999 9.32231 -10.0
v 55.696999 9.32231 -8.0
v 55.875 -0.875167 -10.0
v 55.875 -0.875167 -8.0
v 55.997398 8.25081 -10.0
v 55.997398 8.25081 -8.0
v 56.021 0.1353 -10.0
v 56.021 0.1353 -8.0
v 56.082901 -6.3007 -10.0
v 56.082901 -6.3007 -8.0
v 56.099998 1.30122 -10.0
v 56.099998 1.30122 -8.0
v 57.018501 -5.38399 -10.0
v 57.018501 -5.38399 -8.0
v 57.0313 12.8741 -10.0
v 57.0313 12.8741 -8.0
v 57.797501 -4.10054 -10.0
v 57.797501 -4.10054 -8.0
v 58.192699 11.1296 -10.0
v 58.192699 11.1296 -8.0
v 58.410599 -2.46348 -10.0
v 58.410599 -2.46348 -8.0
v 58.848499 -0.485824 -10.0
v 58.848499 -0.485824 -8.0
v 59.016499 8.68733 -10.0
v 59.016499 8.68733 -8.0
v 59.111198 1.83241 -10.0
v 59.111198 1.83241 -8.0
v 59.198799 4.49126 -10.0
v 59.198799 4.49126 -8.0
v 59.198799 4.64302 -10.0
v 59.198799 4.64302 -8.0
v 60.147202 -40.147202 -10.0
v 60.147202 -40.147202 10.0
v 60.200001 -40.200001 -10.0
v 60.200001 -40.200001 10.0
v 60.513199 8.7635 -10.0
v 60.513199 8.7635 -8.0
v 60.791901 10.0849 -10.0
v 60.791901 10.0849 -8.0
v 61.002899 -0.825393 -10.0
v 61.002899 -0.825393 -8.0
v 61.033901 0.032089 -10.0
v 61.033901 0.032089 -8.0
v 61.088001 -2.21562 -10.0
v 61.088001 -2.21562 -8.0
v 61.126801 0.819534 -10.0
v 61.126801 0.819534 -8.0
v 61.1838 11.22 -10.0
v 61.1838 11.22 -8.0
v 61.2817 1.53697 -10.0
v 61.2817 1.53697 -8.0
v 61.3433 -3.44325 -10.0
v 61.3433 -3.44325 -8.0
v 61.498501 2.18434 -10.0
v 61.498501 2.18434 -8.0
v 61.688999 12.1688 -10.0
v 61.688999 12.1688 -8.0
v 61.7687 -4.50825 -10.0
v 61.7687 -4.50825 -8.0
v 61.774399 2.76811 -10.0
v 61.774399 2.76811 -8.0
v 62.106602 3.29497 -10.0
v 62.106602 3.29497 -8.0
v 62.3074 12.9313 -10.0
v 62.3074 12.9313 -8.0
v 62.364399 -5.41066 -10.0
v 62.364399 -5.41066 -8.0
v 62.494999 3.76491 -10.0
v 62.494999 3.76491 -8.0
v 62.939602 4.17793 -10.0
v 62.939602 4.17793 -8.0
v 63.056801 13.5168 -10.0
v 63.056801 13.5168 -8.0
v 63.115898 -6.12926 -10.0
v 63.115898 -6.12926 -8.0
v 63.327 8.06099 -10.0
v 63.327 8.06099 -8.0
v 63.4683 8.73851 -10.0
v 63.4683 8.73851 -8.0
v 63.5228 4.57008 -10.0
v 63.5228 4.57008 -8.0
v 63.653099 9.30928 -10.0
v 63.653099 9.30928 -8.0
v 63.881302 9.77327 -10.0
v 63.881302 9.77327 -8.0
v 63.9422 -1.39491 -10.0
v 63.9422 -1.39491 -8.0
v 63.955101 13.9351 -10.0
v 63.955101 13.9351 -8.0
v 63.969601 -0.971847 -10.0
v 63.969601 -0.971847 -8.0
v 63.977798 -1.92363 -10.0
v 63.977798 -1.92363 -8.0
v 64.009201 -6.64253 -10.0
v 64.009201 -6.64253 -8.0
v 64.051903 -0.595077 -10.0
v 64.051903 -0.595077 -8.0
v 64.084602 -2.37044 -10.0
v 64.084602 -2.37044 -8.0
v 64.152901 10.1304 -10.0
v 64.152901 10.1304 -8.0
v 64.189003 -0.264571 -10.0
v 64.189003 -0.264571 -8.0
v 64.262604 -2.73534 -10.0
v 64.262604 -2.73534 -8.0
v 64.326698 4.97768 -10.0
v 64.326698 4.97768 -8.0
v 64.380898 0.019669 -10.0
v 64.380898 0.019669 -8.0
v 64.500801 10.3963 -10.0
v 64.500801 10.3963 -8.0
v 64.511703 -3.01836 -10.0
v 64.511703 -3.01836 -8.0
v 64.637604 0.269455 -10.0
v 64.637604 0.269455 -8.0
v 64.832199 -3.23015 -10.0
v 64.832199 -3.23015 -8.0
v 64.957603 10.5862 -10.0
v 64.957603 10.5862 -8.0
v 64.969002 0.496719 -10.0
v 64.969002 0.496719 -8.0
v 65.0 50.0 -10.0
v 65.0 50.0 10.0
v 65.002098 14.186 -10.0
v 65.002098 14.186 -8.0
v 65.044197 -6.95048 -10.0
v 65.044197 -6.95048 -8.0
v 65.2239 -3.38142 -10.0
v 65.2239 -3.38142 -8.0
v 65.351303 5.40071 -10.0
v 65.351303 5.40071 -8.0
v 65.375298 0.70137 -10.0
v 65.375298 0.70137 -8.0
v 65.5233 10.7001 -10.0
v 65.5233 10.7001 -8.0
v 65.686699 -3.47221 -10.0
v 65.686699 -3.47221 -8.0
v 65.856201 0.883469 -10.0
v 65.856201 0.883469 -8.0
v 66.197998 10.7381 -10.0
v 66.197998 10.7381 -8.0
v 66.197998 14.2697 -10.0
v 66.197998 14.2697 -8.0
v 66.220802 -7.05315 -10.0
v 66.220802 -7.05315 -8.0
v 66.220802 -3.50246 -10.0
v 66.220802 -3.50246 -8.0
v 66.255798 49.960499 -10.0
v 66.255798 49.960499 10.0
v 66.559303 1.13219 -10.0
v 66.559303 1.13219 -8.0
v 66.596603 5.83919 -10.0
v 66.596603 5.83919 -8.0
v 66.762604 -3.46388 -10.0
v 66.762604 -3.46388 -8.0
v 66.8246 10.7025 -10.0
v 66.8246 10.7025 -8.0
v 67.146004 6.04994 -10.0
v 67.146004 6.04994 -8.0
v 67.221901 1.38445 -10.0
v 67.221901 1.38445 -8.0
v 67.226097 -3.34819 -10.0
v 67.226097 -3.34819 -8.0
v 67.266403 -6.96413 -10.0
v 67.266403 -6.96413 -8.0
v 67.360001 10.5957 -10.0
v 67.360001 10.5957 -8.0
v 67.420799 14.1635 -10.0
v 67.420799 14.1635 -8.0
v 67.506699 49.8423 -10.0
v 67.506699 49.8423 10.0
v 67.6092 6.28319 -10.0
v 67.6092 6.28319 -8.0
v 67.611198 -3.15535 -10.0
v 67.611198 -3.15535 -8.0
v 67.804298 10.4177 -10.0
v 67.804298 10.4177 -8.0
v 67.843803 1.64024 -10.0
v 67.843803 1.64024 -8.0
v 67.918098 -2.88533 -10.0
v 67.918098 -2.88533 -8.0
v 67.986198 6.53896 -10.0
v 67.986198 6.53896 -8.0
v 68.157501 10.1685 -10.0
v 68.157501 10.1685 -8.0
v 68.161003 -2.53703 -10.0
v 68.161003 -2.53703 -8.0
v 68.204399 -6.69713 -10.0
v 68.204399 -6.69713 -8.0
v 68.2771 6.81721 -10.0
v 68.2771 6.81721 -8.0
v 68.353996 -2.10927 -10.0
v 68.353996 -2.10927 -8.0
v 68.425102 1.89958 -10.0
v 68.425102 1.89958 -8.0
v 68.426697 9.84331 -10.0
v 68.426697 9.84331 -8.0
v 68.493896 7.13225 -10.0
v 68.493896 7.13225 -8.0
v 68.497101 -1.60197 -10.0
v 68.497101 -1.60197 -8.0
v 68.503502 13.8449 -10.0
v 68.503502 13.8449 -8.0
v 68.590401 -1.01521 -10.0
v 68.590401 -1.01521 -8.0
v 68.618896 9.43739 -10.0
v 68.618896 9.43739 -8.0
v 68.648804 7.49831 -10.0
v 68.648804 7.49831 -8.0
v 68.734299 8.95079 -10.0
v 68.734299 8.95079 -8.0
v 68.741699 7.91542 -10.0
v 68.741699 7.91542 -8.0
v 68.747597 49.645699 -10.0
v 68.747597 49.645699 10.0
v 68.772697 8.38353 -10.0
v 68.772697 8.38353 -8.0
v 68.958504 2.17302 -10.0
v 68.958504 2.17302 -8.0
v 69.035004 -6.25209 -10.0
v 69.035004 -6.25209 -8.0
v 69.436302 2.47139 -10.0
v 69.436302 2.47139 -8.0
v 69.445801 13.3138 -10.0
v 69.445801 13.3138 -8.0
v 69.758003 -5.62907 -10.0
v 69.758003 -5.62907 -8.0
v 69.858498 2.79475 -10.0
v 69.858498 2.79475 -8.0
v 69.973801 49.3717 -10.0
v 69.973801 49.3717 10.0
v 70.225304 3.14305 -10.0
v 70.225304 3.14305 -8.0
v 70.247902 12.5704 -10.0
v 70.247902 12.5704 -8.0
v 70.364304 -4.83751 -10.0
v 70.364304 -4.83751 -8.0
v 70.547096 3.52934 -10.0
v 70.547096 3.52934 -8.0
v 70.834801 3.96666 -10.0
v 70.834801 3.96666 -8.0
v 70.844597 -3.88698 -10.0
v 70.844597 -3.88698 -8.0
v 70.888397 11.6406 -10.0
v 70.888397 11.6406 -8.0
v 71.088203 4.45503 -10.0
v 71.088203 4.45503 -8.0
v 71.180298 49.021099 -10.0
v 71.180298 49.021099 10.0
v 71.198898 -2.77742 -10.0
v 71.198898 -2.77742 -8.0
v 71.307503 4.9944 -10.0
v 71.307503 4.9944 -8.0
v 71.345901 10.5506 -10.0
v 71.345901 10.5506 -8.0
v 71.427101 -1.50886 -10.0
v 71.427101 -1.50886 -8.0
v 71.484398 5.59904 -10.0
v 71.484398 5.59904 -8.0
v 71.610802 6.28319 -10.0
v 71.610802 6.28319 -8.0
v 71.620399 9.30037 -10.0
v 71.620399 9.30037 -8.0
v 71.6866 7.0468 -10.0
v 71.6866 7.0468 -8.0
v 71.711899 7.88991 -10.0
v 71.711899 7.88991 -8.0
v 72.362503 48.595501 -10.0
v 72.362503 48.595501 10.0
v 73.515602 48.0965 -10.0
v 73.515602 48.0965 10.0
v 74.635101 47.5261 -10.0
v 74.635101 47.5261 10.0
v 75.716499 46.8866 -10.0
v 75.716499 46.8866 10.0
v 76.755699 46.180302 -10.0
v 76.755699 46.180302 10.0
v 77.748497 45.410301 -10.0
v 77.748497 45.410301 10.0
v 78.690903 44.579399 -10.0
v 78.690903 44.579399 10.0
v 79.579399 43.690899 -10.0
v 79.579399 43.690899 10.0
v 80.410301 42.748501 -10.0
v 80.410301 42.748501 10.0
v 81.180298 41.755699 -10.0
v 81.180298 41.755699 10.0
v 81.360397 -18.934 -10.0
v 81.360397 -18.934 10.0
v 81.400002 -18.9736 -10.0
v 81.400002 -18.9736 10.0
v 81.400002 -18.93 -10.0
v 81.400002 -18.93 10.0
v 81.886597 40.716499 -10.0
v 81.886597 40.716499 10.0
v 82.5261 39.635101 -10.0
v 82.5261 39.635101 10.0
v 83.096497 38.515598 -10.0
v 83.096497 38.515598 10.0
v 83.595497 37.362499 -10.0
v 83.595497 37.362499 10.0
v 84.021103 36.180302 -10.0
v 84.021103 36.180302 10.0
v 84.371696 34.973801 -10.0
v 84.371696 34.973801 10.0
v 84.645699 33.747601 -10.0
v 84.645699 33.747601 10.0
v 84.8423 32.506699 -10.0
v 84.8423 32.506699 10.0
v 84.960503 31.2558 -10.0
v 84.960503 31.2558 10.0
v 85.0 -18.93 -10.0
v 85.0 -18.93 10.0
v 85.0 30.0 -10.0
v 85.0 30.0 10.0
vn 1.0 -0.0 0.0
vn 1.0 0.0 0.0
vn -0.0 0.0 1.0
vn 0.0 0.0 1.0
vn 0.0 0.0 1.0
vn 0.0 -0.0 1.0
vn 0.0 0.0 1.0
vn 0.0 0.0 1.0
vn 0.0 0.0 1.0
vn 0.0 0.0 1.0
vn 0.0 0.0 1.0
vn 0.0 0.0 1.0
vn 0.0 0.0 1.0
vn 0.0 0.0 1.0
vn 0.0 0.0 1.0
vn 0.0 0.0 1.0
vn 0.0 0.0 1.0
vn -0.0 0.0 1.0
vn -0.0 -0.0 1.0
vn -0.0 0.0 1.0
vn -0.0 -0.0 1.0
vn 0.0 0.0 1.0
vn 0.0 0.0 1.0
vn 0.0 0.0 1.0
vn 0.0 0.0 1.0
vn 0.0 0.0 1.0
vn 0.0 0.0 1.0
vn 0.0 0.0 1.0
vn 0.0 0.0 1.0
vn 0.0 0.0 1.0
vn 0.0 0.0 1.0
vn 0.0 0.0 1.0
vn 0.0 0.0 1.0
vn 0.0 0.0 1.0
vn 0.0 0.0 1.0
vn 0.0 0.0 1.0
vn 0.0 0.0 1.0
vn 0.0 0.0 1.0
vn 0.0 0.0 1.0
vn 0.0 0.0 1.0
vn 0.0 0.0 1.0
vn 0.0 0.0 1.0
vn 0.0 0.0 1.0
vn -0.0 0.0 1.0
vn 0.0 0.0 1.0
vn 0.0 0.0 1.0
vn 0.0 0.0 1.0
vn 0.0 0.0 1.0
vn 0.0 0.0 1.0
vn 0.0 0.0 1.0
vn 0.0 0.0 1.0
vn 0.0 0.0 1.0
vn 0.0 0.0 1.0
vn 0.0 0.0 1.0
vn 0.0 0.0 1.0
vn 0.0 0.0 1.0
vn 0.0 0.0 1.0
vn 0.0 0.0 1.0
vn 0.0 0.0 1.0
vn 0.0 0.0 1.0
vn 0.0 0.0 1.0
vn 0.0 0.0 1.0
vn 0.0 0.0 1.0
vn 0.0 0.0 1.0
vn 0.0 0.0 1.0
vn 0.0 0.0 1.0
vn 0.0 0.0 1.0
vn 0.0 0.0 1.0
vn 0.0 0.0 1.0
vn 0.0 0.0 1.0
vn 0.0 0.0 1.0
vn 0.0 0.0 1.0
vn 0.0 0.0 1.0
vn 0.0 0.0 1.0
vn 0.0 0.0 1.0
vn 0.0 0.0 1.0
vn 0.0 0.0 1.0
vn 0.0 0.0 1.0
vn 0.0 0.0 1.0
vn 0.0 0.0 1.0
vn -0.0 0.0 1.0
vn 0.0 0.0 1.0
vn 0.0 0.0 1.0
vn 0.0 0.0 1.0
vn -0.0 0.0 1.0
vn -0.0 0.0 1.0
vn -0.0 0.0 1.0
vn -0.0 0.0 1.0
vn -0.0 0.0 1.0
vn -0.0 0.0 1.0
vn -0.0 0.0 1.0
vn -0.0 0.0 1.0
vn -0.0 0.0 1.0
vn 0.0 0.0 1.0
vn -0.0 0.0 1.0
vn -0.0 0.0 1.0
vn -0.0 0.0 1.0
vn 0.0 0.0 1.0
vn -0.0 0.0 1.0
vn -0.0 0.0 1.0
vn 0.0 0.0 1.0
vn 0.0 0.0 1.0
vn 0.0 0.0 1.0
vn 0.0 0.0 1.0
vn 0.0 0.0 1.0
vn 0.0 0.0 1.0
vn 0.0 0.0 1.0
vn 0.0 0.0 1.0
vn 0.0 0.0 1.0
vn 0.0 0.0 1.0
vn 0.0 0.0 1.0
vn 0.0 0.0 1.0
vn 0.0 0.0 1.0
vn 0.0 0.0 1.0
vn 0.0 0.0 1.0
vn 0.0 0.0 1.0
vn 0.0 0.0 1.0
vn 0.0 0.0 1.0
vn 0.0 0.0 1.0
vn 0.0 0.0 -1.0
vn 0.0 0.0 -1.0
vn 0.0 -0.0 -1.0
vn 0.0 -0.0 -1.0
vn 0.0 0.0 -1.0
vn 0.0 0.0 -1.0
vn 0.0 -0.0 -1.0
vn 0.0 0.0 -1.0
vn 0.0 0.0 -1.0
vn 0.0 0.0 -1.0
vn -0.0 0.0 -1.0
vn 0.0 0.0 -1.0
vn 0.0 0.0 -1.0
vn 0.0 0.0 -1.0
vn 0.0 0.0 -1.0
vn 0.0 0.0 -1.0
vn 0.0 0.0 -1.0
vn 0.0 0.0 -1.0
vn 0.0 0.0 -1.0
vn 0.0 0.0 -1.0
vn 0.0 0.0 -1.0
vn 0.0 0.0 -1.0
vn 0.0 0.0 -1.0
vn 0.0 0.0 -1.0
vn 0.0 -0.0 -1.0
vn 0.0 -0.0 -1.0
vn 0.0 0.0 -1.0
vn 0.0 -0.0 -1.0
vn 0.0 0.0 -1.0
vn 0.0 0.0 -1.0
vn 0.0 0.0 -1.0
vn 0.0 0.0 -1.0
vn 0.0 0.0 -1.0
vn 0.0 0.0 -1.0
vn 0.0 0.0 -1.0
vn 0.0 0.0 -1.0
vn 0.0 -0.0 -1.0
vn 0.0 -0.0 -1.0
vn 0.0 -0.0 -1.0
vn 0.0 0.0 -1.0
vn 0.0 -0.0 -1.0
vn 0.0 0.0 -1.0
vn 0.0 0.0 -1.0
vn 0.0 0.0 -1.0
vn 0.0 0.0 -1.0
vn 0.0 -0.0 -1.0
vn 0.0 0.0 -1.0
vn 0.0 0.0 -1.0
vn 0.0 0.0 -1.0
vn 0.0 0.0 -1.0
vn 0.0 0.0 -1.0
vn 0.0 0.0 -1.0
vn 0.0 0.0 -1.0
vn 0.0 0.0 -1.0
vn 0.0 0.0 -1.0
vn 0.0 0.0 -1.0
vn 0.0 -0.0 -1.0
vn -0.0 0.0 -1.0
vn -0.0 0.0 -1.0
vn -0.0 0.0 -1.0
vn 0.0 0.0 -1.0
vn 0.0 -0.0 -1.0
vn 0.0 0.0 -1.0
vn 0.0 -0.0 -1.0
vn 0.0 0.0 -1.0
vn 0.0 0.0 -1.0
vn -0.0 0.0 -1.0
vn -0.0 0.0 -1.0
vn -0.0 0.0 -1.0
vn -0.0 0.0 -1.0
vn 0.0 0.0 -1.0
vn -0.0 0.0 -1.0
vn -0.0 0.0 -1.0
vn -0.0 0.0 -1.0
vn -0.0 0.0 -1.0
vn -0.0 0.0 -1.0
vn 0.0 0.0 -1.0
vn 0.0 0.0 -1.0
vn 0.0 0.0 -1.0
vn 0.0 0.0 -1.0
vn 0.0 0.0 -1.0
vn 0.0 0.0 -1.0
vn 0.0 0.0 -1.0
vn 0.0 0.0 -1.0
vn -0.0 0.0 -1.0
vn 0.0 0.0 -1.0
vn 0.0 0.0 -1.0
vn 0.0 0.0 -1.0
vn 0.0 0.0 -1.0
vn 0.0 0.0 -1.0
vn -0.0 0.0 -1.0
vn 0.0 0.0 -1.0
vn 0.0 0.0 -1.0
vn 0.0 0.0 -1.0
vn 0.0 0.0 -1.0
vn 0.0 -0.0 -1.0
vn 0.0 0.0 -1.0
vn 0.0 0.0 -1.0
vn 0.0 0.0 -1.0
vn 0.0 0.0 -1.0
vn 0.0 0.0 -1.0
vn 0.0 0.0 -1.0
vn 0.0 0.0 -1.0
vn 0.0 0.0 -1.0
vn 0.0 0.0 -1.0
vn -0.0 0.0 -1.0
vn -0.0 0.0 -1.0
vn -0.0 0.0 -1.0
vn -0.0 0.0 -1.0
vn -0.0 0.0 -1.0
vn -0.0 0.0 -1.0
vn 0.0 0.0 -1.0
vn 0.0 0.0 -1.0
vn -0.0 0.0 -1.0
vn 0.0 0.0 -1.0
vn 0.0 0.0 -1.0
vn 0.0 0.0 -1.0
vn 0.0 -0.0 -1.0
vn 0.0 0.0 -1.0
vn 0.0 0.0 -1.0
vn 0.0 0.0 -1.0
vn 0.0 0.0 -1.0
vn 0.0 0.0 -1.0
vn 0.0 0.0 -1.0
vn -0.0 0.0 -1.0
vn 0.0 0.0 -1.0
vn 0.0 0.0 -1.0
vn -0.0 0.0 -1.0
vn -0.0 0.0 -1.0
vn -0.0 0.0 -1.0
vn 0.0 0.0 -1.0
vn -0.0 0.0 -1.0
vn -0.0 0.0 -1.0
vn -0.0 0.0 -1.0
vn -0.0 0.0 -1.0
vn -0.0 0.0 -1.0
vn -0.0 0.0 -1.0
vn -0.0 0.0 -1.0
vn 0.0 0.0 -1.0
vn 0.0 0.0 -1.0
vn 0.0 0.0 -1.0
vn 0.0 0.0 -1.0
vn 0.0 0.0 -1.0
vn 0.0 0.0 -1.0
vn 0.0 0.0 -1.0
vn 0.0 0.0 -1.0
vn 0.0 0.0 -1.0
vn 0.0 0.0 -1.0
vn 0.0 0.0 -1.0
vn 0.0 0.0 -1.0
vn 0.0 0.0 -1.0
vn -0.0 0.0 -1.0
vn 0.0 0.0 -1.0
vn 0.0 -0.0 -1.0
vn 0.0 0.0 -1.0
vn 0.0 -0.0 -1.0
vn 0.0 0.0 -1.0
vn 0.0 0.0 -1.0
vn 0.0 0.0 -1.0
vn -0.0 0.0 -1.0
vn 0.0 0.0 -1.0
vn 0.0 0.0 -1.0
vn 0.0 0.0 -1.0
vn 0.0 0.0 -1.0
vn 0.0 0.0 -1.0
vn 0.0 0.0 -1.0
vn 0.0 0.0 -1.0
vn 0.0 0.0 -1.0
vn 0.0 0.0 -1.0
vn 0.0 0.0 -1.0
vn 0.0 0.0 -1.0
vn 0.0 0.0 -1.0
vn 0.0 0.0 -1.0
vn 0.0 0.0 -1.0
vn 0.0 0.0 -1.0
vn 0.0 0.0 -1.0
vn 0.0 0.0 -1.0
vn 0.0 0.0 -1.0
vn 0.0 0.0 -1.0
vn 0.0 0.0 -1.0
vn -0.0 0.0 -1.0
vn 0.0 0.0 -1.0
vn 0.0 0.0 -1.0
vn 0.0 0.0 -1.0
vn 0.0 0.0 -1.0
vn 0.0 0.0 -1.0
vn 0.0 0.0 -1.0
vn 0.0 0.0 -1.0
vn 0.0 0.0 -1.0
vn 0.0 -0.0 -1.0
vn 0.0 0.0 -1.0
vn 0.0 0.0 -1.0
vn 0.0 0.0 -1.0
vn 0.0 -0.0 -1.0
vn 0.0 0.0 -1.0
vn 0.0 0.0 -1.0
vn 0.0 0.0 -1.0
vn 0.0 0.0 -1.0
vn 0.0 0.0 -1.0
vn 0.0 0.0 -1.0
vn 0.0 0.0 -1.0
vn -0.0 -0.0 -1.0
vn 0.0 0.0 -1.0
vn 0.0 0.0 -1.0
vn 0.0 0.0 -1.0
vn 0.0 0.0 -1.0
vn -0.0 0.0 -1.0
vn 0.0 0.0 -1.0
vn 0.0 0.0 -1.0
vn -0.0 -0.0 -1.0
vn 0.0 0.0 -1.0
vn 0.0 0.0 -1.0
vn 0.0 0.0 -1.0
vn 0.0 0.0 -1.0
vn 0.0 0.0 -1.0
vn 0.0 -0.0 -1.0
vn 0.0 0.0 -1.0
vn 0.0 0.0 -1.0
vn 0.0 -0.0 -1.0
vn 0.0 0.0 -1.0
vn 0.0 0.0 -1.0
vn 0.0 0.0 -1.0
vn 0.0 0.0 -1.0
vn 0.0 0.0 -1.0
vn 0.0 0.0 -1.0
vn 0.0 0.0 -1.0
vn 0.0 0.0 -1.0
vn 0.0 0.0 -1.0
vn 0.0 0.0 -1.0
vn 0.0 0.0 -1.0
vn 0.0 0.0 -1.0
vn 0.0 0.0 -1.0
vn 0.0 0.0 -1.0
vn 0.0 0.0 -1.0
vn 0.0 0.0 -1.0
vn 0.0 0.0 -1.0
vn 0.0 0.0 -1.0
vn 0.0 0.0 -1.0
vn 0.0 0.0 -1.0
vn 0.0 0.0 -1.0
vn 0.0 0.0 -1.0
vn 0.0 0.0 -1.0
vn 0.0 0.0 -1.0
vn 0.0 0.0 -1.0
vn 0.0 0.0 -1.0
vn 0.0 0.0 -1.0
vn 0.0 0.0 -1.0
vn 0.0 0.0 -1.0
vn 0.0 0.0 -1.0
vn 0.0 0.0 -1.0
vn 0.0 0.0 -1.0
vn 0.0 0.0 -1.0
vn 0.0 0.0 -1.0
vn -0.0 0.0 -1.0
vn 0.0 0.0 -1.0
vn 0.0 0.0 -1.0
vn 0.0 0.0 -1.0
vn 0.0 0.0 -1.0
vn 0.0 0.0 -1.0
vn 0.0 0.0 -1.0
vn 0.0 0.0 -1.0
vn 0.0 0.0 -1.0
vn 0.0 -0.0 -1.0
vn 0.0 0.0 -1.0
vn 0.0 0.0 -1.0
vn 0.0 0.0 -1.0
vn 0.0 -0.0 -1.0
vn 0.0 0.0 -1.0
vn 0.0 0.0 -1.0
vn 0.0 0.0 -1.0
vn 0.0 0.0 -1.0
vn 0.0 0.0 -1.0
vn 0.0 0.0 -1.0
vn 0.0 0.0 -1.0
vn -0.0 -0.0 -1.0
vn 0.0 0.0 -1.0
vn 0.0 0.0 -1.0
vn 0.0 0.0 -1.0
vn 0.0 0.0 -1.0
vn -0.0 0.0 -1.0
vn 0.0 0.0 -1.0
vn 0.0 0.0 -1.0
vn -0.0 -0.0 -1.0
vn 0.0 0.0 -1.0
vn 0.0 0.0 -1.0
vn 0.0 0.0 -1.0
vn 0.0 0.0 -1.0
vn 0.0 0.0 -1.0
vn 0.0 -0.0 -1.0
vn 0.0 0.0 -1.0
vn 0.0 0.0 -1.0
vn 0.0 -0.0 -1.0
vn 0.0 0.0 -1.0
vn 0.0 0.0 -1.0
vn 0.0 0.0 -1.0
vn 0.0 0.0 -1.0
vn 0.0 0.0 -1.0
vn 0.0 0.0 -1.0
vn 0.0 0.0 -1.0
vn 0.0 0.0 -1.0
vn 0.0 0.0 -1.0
vn 0.0 0.0 -1.0
vn 0.0 0.0 -1.0
vn 0.0 0.0 -1.0
vn 0.0 0.0 -1.0
vn 0.0 0.0 -1.0
vn 0.0 0.0 -1.0
vn 0.0 0.0 -1.0
vn 0.0 0.0 -1.0
vn 0.0 0.0 -1.0
vn 0.0 0.0 -1.0
vn 0.0 0.0 -1.0
vn 0.0 0.0 -1.0
vn 0.0 0.0 -1.0
vn 0.0 0.0 -1.0
vn 0.0 0.0 -1.0
vn 0.0 0.0 -1.0
vn 0.0 0.0 -1.0
vn -0.0 0.0 -1.0
vn 0.0 0.0 -1.0
vn 0.0 0.0 -1.0
vn 0.0 0.0 -1.0
vn 0.0 0.0 -1.0
vn 0.0 0.0 -1.0
vn 0.0 -0.0 -1.0
vn 0.0 0.0 -1.0
vn 0.0 0.0 -1.0
vn 0.0 0.0 -1.0
vn -0.0 0.0 -1.0
vn 0.0 0.0 -1.0
vn 0.0 0.0 -1.0
vn 0.0 0.0 -1.0
vn 0.0 0.0 -1.0
vn 0.0 0.0 -1.0
vn 0.0 -0.0 -1.0
vn 0.0 0.0 -1.0
vn 0.0 0.0 -1.0
vn 0.0 0.0 -1.0
vn 0.0 0.0 -1.0
vn 0.0 0.0 -1.0
vn 0.0 0.0 -1.0
vn 0.0 0.0 -1.0
vn 0.0 -0.0 -1.0
vn 0.0 0.0 -1.0
vn 0.0 -0.0 -1.0
vn 0.0 0.0 -1.0
vn 0.0 -0.0 -1.0
vn 0.0 0.0 -1.0
vn 0.0 0.0 -1.0
vn 0.0 0.0 -1.0
vn 0.0 0.0 -1.0
vn 0.0 0.0 -1.0
vn 0.0 0.0 -1.0
vn 0.0 0.0 -1.0
vn 0.0 0.0 -1.0
vn -0.0 0.0 -1.0
vn 0.0 -0.0 -1.0
vn 0.0 0.0 -1.0
vn -0.0 0.0 -1.0
vn 0.0 0.0 -1.0
vn 0.0 -0.0 -1.0
vn 0.0 0.0 -1.0
vn -0.0 0.0 -1.0
vn -0.0 0.0 -1.0
vn 0.0 0.0 -1.0
vn -0.0 0.0 -1.0
vn 0.0 -0.0 -1.0
vn -0.0 0.0 -1.0
vn 0.0 0.0 -1.0
vn 0.0 -0.0 -1.0
vn -0.0 0.0 -1.0
vn 0.0 0.0 -1.0
vn 0.0 0.0 -1.0
vn 0.0 0.0 -1.0
vn -0.0 0.0 -1.0
vn 0.0 0.0 -1.0
vn 0.0 0.0 -1.0
vn 0.0 -0.0 -1.0
vn 0.0 -0.0 -1.0
vn 0.0 0.0 -1.0
vn 0.0 0.0 -1.0
vn 0.0 -0.0 -1.0
vn 0.0 0.0 -1.0
vn 0.0 0.0 -1.0
vn 0.0 0.0 -1.0
vn -0.0 0.0 -1.0
vn 0.0 0.0 -1.0
vn 0.0 0.0 -1.0
vn 0.0 0.0 -1.0
vn 0.0 -0.0 -1.0
vn 0.0 0.0 -1.0
vn 0.0 -0.0 -1.0
vn 0.0 0.0 -1.0
vn 0.0 0.0 -1.0
vn -0.0 0.0 -1.0
vn 0.0 0.0 -1.0
vn 0.0 0.0 -1.0
vn -0.0 0.0 -1.0
vn 0.0 0.0 -1.0
vn -0.0 0.0 -1.0
vn -0.0 0.0 -1.0
vn 0.0 0.0 -1.0
vn 0.0 0.0 -1.0
vn 0.0 0.0 -1.0
vn -0.0 0.0 -1.0
vn -0.0 0.0 -1.0
vn -0.0 0.0 -1.0
vn 0.0 0.0 -1.0
vn 0.0 0.0 -1.0
vn -0.0 0.0 -1.0
vn 0.0 0.0 -1.0
vn -0.0 0.0 -1.0
vn -0.0 0.0 -1.0
vn 0.0 0.0 -1.0
vn -0.0 0.0 -1.0
vn -0.0 0.0 -1.0
vn -0.0 0.0 -1.0
vn -0.0 0.0 -1.0
vn -0.0 0.0 -1.0
vn -0.0 0.0 -1.0
vn -0.0 0.0 -1.0
vn -0.0 0.0 -1.0
vn -0.0 0.0 -1.0
vn -0.0 0.0 -1.0
vn -0.0 0.0 -1.0
vn -0.0 0.0 -1.0
vn -0.0 0.0 -1.0
vn -0.0 0.0 -1.0
vn 0.0 0.0 -1.0
vn 0.0 0.0 -1.0
vn 0.0 0.0 -1.0
vn 0.0 0.0 -1.0
vn 0.0 0.0 -1.0
vn 0.0 0.0 -1.0
vn 0.0 0.0 -1.0
vn 0.0 0.0 -1.0
vn 0.0 0.0 -1.0
vn 0.0 -0.0 -1.0
vn 0.0 0.0 -1.0
vn 0.0 0.0 -1.0
vn -0.0 0.0 -1.0
vn -0.0 0.0 -1.0
vn -0.0 0.0 -1.0
vn -0.0 0.0 -1.0
vn 0.0 0.0 -1.0
vn 0.0 0.0 -1.0
vn 0.0 0.0 -1.0
vn 0.0 0.0 -1.0
vn 0.0 0.0 -1.0
vn 0.0 0.0 -1.0
vn -0.0 0.0 -1.0
vn -0.0 0.0 -1.0
vn 0.0 0.0 -1.0
vn 0.0 0.0 -1.0
vn 0.0 0.0 -1.0
vn 0.0 0.0 -1.0
vn -0.0 0.0 -1.0
vn 0.0 0.0 -1.0
vn 0.0 0.0 -1.0
vn 0.0 0.0 -1.0
vn 0.0 0.0 -1.0
vn 0.0 0.0 -1.0
vn 0.0 0.0 -1.0
vn 0.0 0.0 -1.0
vn 0.0 0.0 -1.0
vn 0.0 0.0 -1.0
vn 0.0 0.0 -1.0
vn 0.0 0.0 -1.0
vn 0.0 0.0 -1.0
vn 0.0 0.0 -1.0
vn 0.0 0.0 -1.0
vn 0.0 0.0 -1.0
vn 0.0 0.0 -1.0
vn 0.0 0.0 -1.0
vn 0.0 0.0 -1.0
vn 0.0 0.0 -1.0
vn 0.0 0.0 -1.0
vn 0.0 0.0 -1.0
vn 0.0 0.0 -1.0
vn 0.0 0.0 -1.0
vn 0.0 0.0 -1.0
vn 0.0 0.0 -1.0
vn 0.0 0.0 -1.0
vn 0.0 0.0 -1.0
vn 0.0 0.0 -1.0
vn 0.0 0.0 -1.0
vn 0.0 0.0 -1.0
vn 0.0 0.0 -1.0
vn -0.0 0.0 -1.0
vn 0.0 0.0 -1.0
vn 0.0 0.0 -1.0
vn 0.0 0.0 -1.0
vn 0.0 0.0 -1.0
vn 0.0 0.0 -1.0
vn 0.0 0.0 -1.0
vn -0.0 0.0 -1.0
vn 0.0 0.0 -1.0
vn -0.0 0.0 -1.0
vn 0.0 0.0 -1.0
vn -0.0 0.0 -1.0
vn 0.0 0.0 -1.0
vn -0.0 0.0 -1.0
vn 0.0 0.0 -1.0
vn 0.0 0.0 -1.0
vn 0.0 0.0 -1.0
vn 0.0 0.0 -1.0
vn 0.0 0.0 -1.0
vn 0.0 0.0 -1.0
vn 0.0 0.0 -1.0
vn -0.0 0.0 -1.0
vn 0.0 0.0 -1.0
vn -0.0 0.0 -1.0
vn 0.0 0.0 -1.0
vn -0.0 0.0 -1.0
vn 0.0 0.0 -1.0
vn -0.0 0.0 -1.0
vn 0.0 0.0 -1.0
vn 0.0 0.0 -1.0
vn 0.0 0.0 -1.0
vn 0.0 0.0 -1.0
vn 0.0 0.0 -1.0
vn 0.0 0.0 -1.0
vn 0.0 0.0 -1.0
vn 0.0 0.0 -1.0
vn 0.0 0.0 -1.0
vn 0.0 0.0 -1.0
vn 0.0 0.0 -1.0
vn 0.0 0.0 -1.0
vn 0.0 0.0 -1.0
vn 0.0 0.0 -1.0
vn 0.0 0.0 -1.0
vn 0.0 0.0 -1.0
vn 0.0 0.0 -1.0
vn 0.0 0.0 -1.0
vn 0.0 0.0 -1.0
vn 0.0 0.0 -1.0
vn 0.0 0.0 -1.0
vn 0.0 0.0 -1.0
vn 0.0 0.0 -1.0
vn 0.0 0.0 -1.0
vn 0.0 0.0 -1.0
vn 0.0 0.0 -1.0
vn 0.0 0.0 -1.0
vn 0.0 0.0 -1.0
vn 0.0 0.0 -1.0
vn 0.0 0.0 -1.0
vn 0.0 0.0 -1.0
vn 0.0 0.0 -1.0
vn 0.0 0.0 -1.0
vn 0.0 0.0 -1.0
vn 0.0 0.0 -1.0
vn -0.0 0.0 -1.0
vn -0.0 0.0 -1.0
vn 0.0 0.0 -1.0
vn 0.0 0.0 -1.0
vn 0.0 0.0 -1.0
vn 0.0 0.0 -1.0
vn 0.0 0.0 -1.0
vn 0.0 0.0 -1.0
vn 0.0 0.0 -1.0
vn 0.0 0.0 -1.0
vn 0.0 0.0 -1.0
vn 0.0 0.0 -1.0
vn 0.0 0.0 -1.0
vn 0.0 0.0 -1.0
vn 0.0 0.0 -1.0
vn 0.0 0.0 -1.0
vn 0.0 0.0 -1.0
vn 0.0 0.0 -1.0
vn -0.0 0.0 -1.0
vn 0.0 0.0 -1.0
vn 0.0 0.0 -1.0
vn 0.0 0.0 -1.0
vn 0.0 0.0 -1.0
vn 0.0 0.0 -1.0
vn 0.0 0.0 -1.0
vn 0.0 0.0 -1.0
vn 0.0 0.0 -1.0
vn 0.0 0.0 -1.0
vn -0.0 0.0 -1.0
vn 0.0 0.0 -1.0
vn 0.0 0.0 -1.0
vn 0.0 0.0 -1.0
vn 0.0 0.0 -1.0
vn 0.0 0.0 -1.0
vn 0.0 0.0 -1.0
vn 0.0 0.0 -1.0
vn 0.0 0.0 -1.0
vn 0.0 0.0 -1.0
vn 0.0 0.0 -1.0
vn 0.0 0.0 -1.0
vn 0.0 0.0 -1.0
vn 0.0 0.0 -1.0
vn 0.0 0.0 -1.0
vn 0.0 0.0 -1.0
vn 0.0 0.0 -1.0
vn 0.0 0.0 -1.0
vn 0.0 0.0 -1.0
vn 0.0 0.0 -1.0
vn 0.0 0.0 -1.0
vn 0.0 0.0 -1.0
vn 0.0 0.0 -1.0
vn 0.0 0.0 -1.0
vn 0.0 0.0 -1.0
vn 0.0 0.0 -1.0
vn 0.0 0.0 -1.0
vn 0.0 0.0 -1.0
vn 0.0 0.0 -1.0
vn 0.0 0.0 -1.0
vn 0.0 0.0 -1.0
vn 0.0 0.0 -1.0
vn 0.0 0.0 -1.0
vn 0.0 0.0 -1.0
vn 0.0 0.0 -1.0
vn 0.0 0.0 -1.0
vn 0.0 0.0 -1.0
vn 0.0 0.0 -1.0
vn 0.0 0.0 -1.0
vn 0.0 0.0 -1.0
vn 0.0 0.0 -1.0
vn 0.0 0.0 -1.0
vn 0.0 0.0 -1.0
vn 0.0 0.0 -1.0
vn 0.0 0.0 -1.0
vn 0.0 0.0 -1.0
vn 0.0 0.0 -1.0
vn 0.0 0.0 -1.0
vn 0.0 0.0 -1.0
vn 0.0 0.0 -1.0
vn 0.0 0.0 -1.0
vn 0.0 0.0 -1.0
vn 0.0 0.0 -1.0
vn 0.0 0.0 -1.0
vn 0.0 0.0 -1.0
vn 0.0 0.0 -1.0
vn 0.0 0.0 -1.0
vn 0.0 0.0 -1.0
vn 0.0 0.0 -1.0
vn 0.0 0.0 -1.0
vn 0.0 0.0 -1.0
vn 0.0 0.0 -1.0
vn -0.0 0.0 -1.0
vn 0.0 0.0 -1.0
vn 0.0 0.0 -1.0
vn 0.0 0.0 -1.0
vn 0.0 0.0 -1.0
vn 0.0 0.0 -1.0
vn 0.0 0.0 -1.0
vn 0.0 0.0 -1.0
vn 0.0 0.0 -1.0
vn 0.0 -0.0 -1.0
vn 0.0 0.0 -1.0
vn 0.0 0.0 -1.0
vn 0.0 0.0 -1.0
vn 0.0 -0.0 -1.0
vn 0.0 0.0 -1.0
vn 0.0 0.0 -1.0
vn 0.0 0.0 -1.0
vn 0.0 0.0 -1.0
vn 0.0 0.0 -1.0
vn 0.0 0.0 -1.0
vn 0.0 0.0 -1.0
vn -0.0 -0.0 -1.0
vn 0.0 0.0 -1.0
vn 0.0 0.0 -1.0
vn 0.0 0.0 -1.0
vn 0.0 0.0 -1.0
vn -0.0 0.0 -1.0
vn 0.0 0.0 -1.0
vn 0.0 0.0 -1.0
vn -0.0 -0.0 -1.0
vn 0.0 0.0 -1.0
vn 0.0 0.0 -1.0
vn 0.0 0.0 -1.0
vn 0.0 0.0 -1.0
vn 0.0 0.0 -1.0
vn 0.0 -0.0 -1.0
vn 0.0 0.0 -1.0
vn 0.0 0.0 -1.0
vn 0.0 -0.0 -1.0
vn 0.0 0.0 -1.0
vn 0.0 0.0 -1.0
vn 0.0 0.0 -1.0
vn 0.0 0.0 -1.0
vn 0.0 0.0 -1.0
vn 0.0 0.0 -1.0
vn 0.0 0.0 -1.0
vn 0.0 0.0 -1.0
vn 0.0 0.0 -1.0
vn 0.0 0.0 -1.0
vn 0.0 0.0 -1.0
vn 0.0 0.0 -1.0
vn 0.0 0.0 -1.0
vn 0.0 0.0 -1.0
vn 0.0 0.0 -1.0
vn 0.0 0.0 -1.0
vn 0.0 0.0 -1.0
vn 0.0 0.0 -1.0
vn 0.0 0.0 -1.0
vn 0.0 0.0 -1.0
vn 0.0 0.0 -1.0
vn 0.0 0.0 -1.0
vn 0.0 0.0 -1.0
vn 0.0 0.0 -1.0
vn -0.0 0.0 -1.0
vn 0.0 0.0 -1.0
vn 0.0 0.0 -1.0
vn 0.0 0.0 -1.0
vn 0.0 0.0 -1.0
vn 0.0 0.0 -1.0
vn 0.0 0.0 -1.0
vn 0.0 0.0 -1.0
vn 0.0 0.0 -1.0
vn 0.0 0.0 -1.0
vn 0.0 0.0 -1.0
vn -0.0 0.0 -1.0
vn -0.0 0.0 -1.0
vn -0.0 0.0 -1.0
vn 0.0 0.0 -1.0
vn -0.0 0.0 -1.0
vn 0.0 0.0 -1.0
vn 0.0 0.0 -1.0
vn 0.0 0.0 -1.0
vn 0.0 0.0 -1.0
vn -0.0 0.0 -1.0
vn 0.0 0.0 -1.0
vn 0.0 0.0 -1.0
vn 0.0 -0.0 -1.0
vn 0.0 0.0 -1.0
vn -0.0 0.0 -1.0
vn 0.0 0.0 -1.0
vn 0.0 0.0 -1.0
vn 0.0 -0.0 -1.0
vn -0.0 0.0 -1.0
vn 0.0 0.0 -1.0
vn -0.0 0.0 -1.0
vn 0.0 -0.0 -1.0
vn -0.0 0.0 -1.0
vn 0.0 -0.0 -1.0
vn -0.0 0.0 -1.0
vn 0.0 0.0 -1.0
vn -0.0 0.0 -1.0
vn 0.0 -0.0 -1.0
vn 0.0 -0.0 -1.0
vn -0.0 0.0 -1.0
vn 0.0 0.0 -1.0
vn 0.0 0.0 -1.0
vn 0.0 0.0 -1.0
vn 0.0 0.0 -1.0
vn 0.0 0.0 -1.0
vn 0.0 0.0 -1.0
vn 0.0 0.0 -1.0
vn 0.0 0.0 -1.0
vn 0.0 0.0 -1.0
vn 0.0 0.0 -1.0
vn 0.0 0.0 -1.0
vn -0.0 0.0 -1.0
vn -0.0 0.0 -1.0
vn -0.0 0.0 -1.0
vn 0.0 0.0 -1.0
vn -0.0 0.0 -1.0
vn -1.0 0.0 0.0
vn -1.0 -0.0 0.0
vn -1.0 0.0 0.0
vn -1.0 -0.0 0.0
vn 0.0 1.0 0.0
vn 0.0 1.0 0.0
vn 0.0 1.0 0.0
vn 0.0 1.0 0.0
vn 0.0 1.0 -0.0
vn 0.0 1.0 -0.0
vn 0.0 1.0 0.0
vn 0.0 1.0 -0.0
vn 0.0 1.0 0.0
vn 0.0 1.0 0.0
vn 0.0 -1.0 0.0
vn 0.0 -1.0 -0.0
vn 0.995565 0.094075 0.0
vn 0.995565 0.094075 0.0
vn 0.999506 0.031436 0.0
vn 0.999506 0.031436 0.0
vn 0.156483 0.987681 -0.0
vn 0.156483 0.987681 0.0
vn 0.960278 0.279044 0.0
vn 0.960278 0.279044 0.0
vn 0.562116 0.827059 -0.0
vn 0.562116 0.827059 0.0
vn 0.860754 0.509022 0.0
vn 0.860754 0.509022 0.0
vn 0.612861 0.790191 -0.0
vn 0.612861 0.790191 0.0
vn 0.509019 0.860755 -0.0
vn 0.509019 0.860755 0.0
vn 0.707108 0.707105 -0.0
vn 0.707108 0.707105 0.0
vn 0.750085 0.661342 0.0
vn 0.750085 0.661342 0.0
vn 0.917752 0.397155 0.0
vn 0.917752 0.397155 0.0
vn 0.891013 0.453979 0.0
vn 0.891013 0.453979 0.0
vn 0.094072 0.995565 -0.0
vn 0.094072 0.995565 0.0
vn 0.453982 0.891011 -0.0
vn 0.453982 0.891011 0.0
vn 0.661339 0.750087 -0.0
vn 0.661339 0.750087 0.0
vn 0.218074 0.975932 -0.0
vn 0.218074 0.975932 0.0
vn 0.790193 0.612858 0.0
vn 0.790193 0.612858 0.0
vn 0.827059 0.562116 0.0
vn 0.827059 0.562116 0.0
vn 0.397155 0.917752 -0.0
vn 0.397155 0.917752 0.0
vn 0.975931 0.218078 0.0
vn 0.975931 0.218078 0.0
vn 0.940884 0.33873 0.0
vn 0.940884 0.33873 0.0
vn 0.987681 0.156483 0.0
vn 0.987681 0.156483 0.0
vn 0.031439 0.999506 -0.0
vn 0.031439 0.999506 0.0
vn 0.279051 0.960276 -0.0
vn 0.279051 0.960276 0.0
vn 0.338722 0.940886 -0.0
vn 0.338722 0.940886 0.0
vn -0.995565 -0.094075 0.0
vn -0.995565 -0.094075 0.0
vn -0.999506 -0.031439 0.0
vn -0.999506 -0.031439 0.0
vn -0.940881 0.338736 0.0
vn -0.940881 0.338736 0.0
vn -0.338722 0.940886 0.0
vn -0.338722 0.940886 0.0
vn -0.397155 -0.917752 0.0
vn -0.397155 -0.917752 -0.0
vn -0.612859 0.790192 0.0
vn -0.612859 0.790192 0.0
vn -0.975931 0.21808 0.0
vn -0.975931 0.21808 0.0
vn -0.860762 0.509008 0.0
vn -0.860762 0.509008 0.0
vn -0.031438 0.999506 0.0
vn -0.031438 0.999506 0.0
vn 0.218076 -0.975932 0.0
vn 0.218076 -0.975932 0.0
vn 0.397155 0.917752 -0.0
vn 0.397155 0.917752 0.0
vn -0.156482 0.987681 0.0
vn -0.156482 0.987681 0.0
vn -0.790191 0.61286 0.0
vn -0.790191 0.61286 0.0
vn 0.031438 0.999506 -0.0
vn 0.031438 0.999506 0.0
vn -0.960279 0.279042 0.0
vn -0.960279 0.279042 0.0
vn -0.999506 0.031439 0.0
vn -0.999506 0.031439 0.0
vn -0.562117 -0.827058 0.0
vn -0.562117 -0.827058 -0.0
vn -0.509019 0.860755 0.0
vn -0.509019 0.860755 0.0
vn -0.661341 -0.750086 0.0
vn -0.661341 -0.750086 -0.0
vn -0.860762 -0.509008 0.0
vn -0.860762 -0.509008 0.0
vn -0.509019 -0.860755 0.0
vn -0.509019 -0.860755 -0.0
vn -0.279051 -0.960276 0.0
vn -0.279051 -0.960276 -0.0
vn -0.790191 -0.61286 0.0
vn -0.790191 -0.61286 0.0
vn 0.279051 0.960276 -0.0
vn 0.279051 0.960276 0.0
vn -0.562117 0.827058 0.0
vn -0.562117 0.827058 0.0
vn -0.279051 0.960276 0.0
vn -0.279051 0.960276 0.0
vn 0.279051 -0.960276 0.0
vn 0.279051 -0.960276 0.0
vn 0.031438 -0.999506 0.0
vn 0.031438 -0.999506 0.0
vn -0.707107 0.707107 0.0
vn -0.707107 0.707107 0.0
vn -0.891009 -0.453985 0.0
vn -0.891009 -0.453985 0.0
vn -0.031438 -0.999506 0.0
vn -0.031438 -0.999506 -0.0
vn -0.827059 0.562116 0.0
vn -0.827059 0.562116 0.0
vn 0.156482 0.987681 -0.0
vn 0.156482 0.987681 0.0
vn -0.156482 -0.987681 0.0
vn -0.156482 -0.987681 -0.0
vn -0.661341 0.750086 0.0
vn -0.661341 0.750086 0.0
vn -0.453982 -0.891011 0.0
vn -0.453982 -0.891011 -0.0
vn -0.995565 0.094075 0.0
vn -0.995565 0.094075 0.0
vn -0.975931 -0.21808 0.0
vn -0.975931 -0.21808 0.0
vn -0.917751 -0.397157 0.0
vn -0.917751 -0.397157 0.0
vn -0.891009 0.453985 0.0
vn -0.891009 0.453985 0.0
vn -0.453982 0.891011 0.0
vn -0.453982 0.891011 0.0
vn -0.960279 -0.279042 0.0
vn -0.960279 -0.279042 0.0
vn 0.156482 -0.987681 0.0
vn 0.156482 -0.987681 0.0
vn -0.397155 0.917752 0.0
vn -0.397155 0.917752 0.0
vn 0.094073 -0.995565 0.0
vn 0.094073 -0.995565 0.0
vn 0.509039 0.860743 -0.0
vn 0.509039 0.860743 0.0
vn -0.094073 0.995565 0.0
vn -0.094073 0.995565 0.0
vn 0.397155 -0.917752 0.0
vn 0.397155 -0.917752 0.0
vn -0.612859 -0.790192 0.0
vn -0.612859 -0.790192 -0.0
vn -0.094073 -0.995565 0.0
vn -0.094073 -0.995565 -0.0
vn -0.750085 0.661341 0.0
vn -0.750085 0.661341 0.0
vn -0.218076 0.975932 0.0
vn -0.218076 0.975932 0.0
vn 0.509039 -0.860743 0.0
vn 0.509039 -0.860743 0.0
vn 0.338722 -0.940886 0.0
vn 0.338722 -0.940886 0.0
vn -0.827059 -0.562116 0.0
vn -0.827059 -0.562116 0.0
vn 0.218076 0.975932 -0.0
vn 0.218076 0.975932 0.0
vn -0.940881 -0.338736 0.0
vn -0.940881 -0.338736 0.0
vn -0.707107 -0.707107 0.0
vn -0.707107 -0.707107 -0.0
vn -0.987682 -0.156475 0.0
vn -0.987682 -0.156475 0.0
vn -0.917751 0.397157 0.0
vn -0.917751 0.397157 0.0
vn 0.338722 0.940886 -0.0
vn 0.338722 0.940886 0.0
vn -0.218076 -0.975932 0.0
vn -0.218076 -0.975932 -0.0
vn -0.750085 -0.661341 0.0
vn -0.750085 -0.661341 0.0
vn -0.338722 -0.940886 0.0
vn -0.338722 -0.940886 -0.0
vn -0.987682 0.156475 0.0
vn -0.987682 0.156475 0.0
vn 0.453982 -0.891011 0.0
vn 0.453982 -0.891011 0.0
vn 0.094073 0.995565 -0.0
vn 0.094073 0.995565 0.0
vn 0.453982 0.891011 -0.0
vn 0.453982 0.891011 0.0
vn -1.0 0.0 0.0
vn -1.0 -0.0 0.0
vn -0.0 0.0 1.0
vn 0.0 0.0 1.0
vn 1.0 -0.0 0.0
vn 1.0 0.0 0.0
vn 0.0 1.0 -0.0
vn 0.0 1.0 0.0
vn -1.0 0.0 0.0
vn -1.0 -0.0 0.0
vn -0.0 0.0 1.0
vn 0.0 0.0 1.0
vn 1.0 -0.0 0.0
vn 1.0 0.0 0.0
vn 0.0 1.0 -0.0
vn 0.0 1.0 0.0
vn 0.0 0.0 -1.0
vn -0.0 0.0 -1.0
vn 0.0 0.0 -1.0
vn -0.0 0.0 -1.0
vn 0.0 0.0 -1.0
vn 0.0 0.0 -1.0
vn 0.0 0.0 -1.0
vn 0.0 0.0 -1.0
vn 0.0 0.0 -1.0
vn -0.0 0.0 -1.0
vn -0.0 0.0 -1.0
vn 0.0 0.0 -1.0
vn -0.0 0.0 -1.0
vn 0.0 0.0 -1.0
vn -0.0 0.0 -1.0
vn -0.0 0.0 -1.0
vn 0.0 0.0 -1.0
vn 0.0 0.0 -1.0
vn 0.0 0.0 -1.0
vn 0.0 0.0 -1.0
vn -0.0 0.0 -1.0
vn 0.0 0.0 -1.0
vn 0.0 0.0 -1.0
vn 0.0 0.0 -1.0
vn 0.0 0.0 -1.0
vn 0.0 0.0 -1.0
vn 0.0 0.0 -1.0
vn 0.0 0.0 -1.0
vn 0.0 0.0 -1.0
vn -0.0 0.0 -1.0
vn 0.0 0.0 -1.0
vn -0.0 0.0 -1.0
vn 0.0 0.0 -1.0
vn 0.0 0.0 -1.0
vn 0.0 0.0 -1.0
vn 0.0 0.0 -1.0
vn 0.0 0.0 -1.0
vn 0.0 0.0 -1.0
vn 0.0 0.0 -1.0
vn 0.0 0.0 -1.0
vn 0.0 0.0 -1.0
vn 0.0 0.0 -1.0
vn 0.0 0.0 -1.0
vn -0.0 0.0 -1.0
vn -0.0 0.0 -1.0
vn 0.0 0.0 -1.0
vn -0.0 0.0 -1.0
vn -0.0 0.0 -1.0
vn 0.0 0.0 -1.0
vn -0.0 0.0 -1.0
vn -0.0 0.0 -1.0
vn 0.0 0.0 -1.0
vn 0.0 0.0 -1.0
vn 0.0 0.0 -1.0
vn -0.0 0.0 -1.0
vn -0.0 0.0 -1.0
vn -0.0 0.0 -1.0
vn -0.0 0.0 -1.0
vn 0.0 0.0 -1.0
vn 0.0 0.0 -1.0
vn 0.0 0.0 -1.0
vn 0.0 0.0 -1.0
vn 0.0 0.0 -1.0
vn 0.0 0.0 -1.0
vn 0.0 0.0 -1.0
vn 0.0 0.0 -1.0
vn 0.0 0.0 -1.0
vn 0.0 0.0 -1.0
vn 0.0 0.0 -1.0
vn 0.0 0.0 -1.0
vn 0.0 0.0 -1.0
vn 0.0 0.0 -1.0
vn 0.0 0.0 -1.0
vn 0.0 0.0 -1.0
vn 0.0 0.0 -1.0
vn 0.0 0.0 -1.0
vn 0.0 0.0 -1.0
vn 0.0 0.0 -1.0
vn 0.0 0.0 -1.0
vn -0.0 0.0 -1.0
vn 0.0 0.0 -1.0
vn 0.0 0.0 -1.0
vn 0.0 0.0 -1.0
vn 0.0 0.0 -1.0
vn 0.0 0.0 -1.0
vn 0.0 0.0 -1.0
vn -0.0 0.0 -1.0
vn -0.0 0.0 -1.0
vn -0.0 0.0 -1.0
vn -0.0 0.0 -1.0
vn -0.0 0.0 -1.0
vn -0.0 0.0 -1.0
vn 0.0 0.0 -1.0
vn -0.0 0.0 -1.0
vn 0.0 0.0 -1.0
vn 0.0 0.0 -1.0
vn 0.0 0.0 -1.0
vn 0.0 0.0 -1.0
vn 0.0 0.0 -1.0
vn -0.0 0.0 -1.0
vn -0.0 0.0 -1.0
vn 0.0 0.0 -1.0
vn 0.0 0.0 -1.0
vn 0.0 0.0 -1.0
vn 0.0 0.0 -1.0
vn 0.0 0.0 -1.0
vn 0.0 0.0 -1.0
vn 0.0 -0.0 -1.0
vn -0.0 0.0 -1.0
vn 0.0 0.0 -1.0
vn 0.0 0.0 -1.0
vn 0.0 0.0 -1.0
vn 0.0 0.0 -1.0
vn 0.0 0.0 -1.0
vn 0.0 0.0 -1.0
vn 0.0 0.0 -1.0
vn 0.0 0.0 -1.0
vn 0.0 0.0 -1.0
vn 0.0 0.0 -1.0
vn -0.0 0.0 -1.0
vn 0.0 0.0 -1.0
vn -0.0 0.0 -1.0
vn 0.0 0.0 -1.0
vn 0.0 0.0 -1.0
vn -0.0 0.0 -1.0
vn 0.0 0.0 -1.0
vn -0.0 0.0 -1.0
vn 0.0 0.0 -1.0
vn -0.0 0.0 -1.0
vn -0.0 0.0 -1.0
vn -0.0 0.0 -1.0
vn 0.0 0.0 -1.0
vn 0.0 0.0 -1.0
vn 0.0 0.0 -1.0
vn 0.0 0.0 -1.0
vn 0.0 0.0 -1.0
vn 0.0 0.0 -1.0
vn 0.0 0.0 -1.0
vn 0.0 0.0 -1.0
vn 0.0 0.0 -1.0
vn 0.0 0.0 -1.0
vn -0.0 0.0 -1.0
vn 0.0 0.0 -1.0
vn 0.0 0.0 -1.0
vn 0.0 0.0 -1.0
vn 0.0 0.0 -1.0
vn 0.0 0.0 -1.0
vn 0.0 0.0 -1.0
vn 0.0 0.0 -1.0
vn 0.0 0.0 -1.0
vn 0.0 0.0 -1.0
vn 0.0 0.0 -1.0
vn -0.0 0.0 -1.0
vn 0.0 0.0 -1.0
vn -0.0 0.0 -1.0
vn 0.0 0.0 -1.0
vn 0.0 0.0 -1.0
vn -0.0 0.0 -1.0
vn 0.0 0.0 -1.0
vn -0.0 0.0 -1.0
vn 0.0 0.0 -1.0
vn 0.0 0.0 -1.0
vn 0.0 0.0 -1.0
vn 0.0 0.0 -1.0
vn 0.0 0.0 -1.0
vn 0.0 0.0 -1.0
vn 0.0 0.0 -1.0
vn 0.0 0.0 -1.0
vn 0.0 0.0 -1.0
vn 0.0 0.0 -1.0
vn 0.0 0.0 -1.0
vn 0.0 0.0 -1.0
vn 0.0 0.0 -1.0
vn 0.0 0.0 -1.0
vn 0.0 0.0 -1.0
vn 0.0 0.0 -1.0
vn 0.0 0.0 -1.0
vn -0.0 0.0 -1.0
vn 0.0 0.0 -1.0
vn 0.0 0.0 -1.0
vn 0.0 0.0 -1.0
vn 0.0 0.0 -1.0
vn 0.0 0.0 -1.0
vn -0.0 0.0 -1.0
vn 0.0 0.0 -1.0
vn 0.0 0.0 -1.0
vn 0.0 -0.0 -1.0
vn 0.0 0.0 -1.0
vn 0.0 0.0 -1.0
vn 0.0 0.0 -1.0
vn 0.0 0.0 -1.0
vn 0.0 0.0 -1.0
vn 0.0 0.0 -1.0
vn 0.0 0.0 -1.0
vn 0.0 0.0 -1.0
vn 0.0 0.0 -1.0
vn -0.0 0.0 -1.0
vn 0.0 0.0 -1.0
vn -0.0 0.0 -1.0
vn 0.0 0.0 -1.0
vn 0.0 0.0 -1.0
vn -0.0 0.0 -1.0
vn 0.0 0.0 -1.0
vn -0.0 0.0 -1.0
vn 0.0 0.0 -1.0
vn -0.0 0.0 -1.0
vn 0.0 -0.0 -1.0
vn 0.0 -0.0 -1.0
vn 0.0 0.0 -1.0
vn 0.0 -0.0 -1.0
vn 0.0 -0.0 -1.0
vn 0.0 0.0 -1.0
vn 0.0 -0.0 -1.0
vn -0.0 0.0 -1.0
vn 0.0 -0.0 -1.0
vn 0.0 0.0 -1.0
vn -0.0 0.0 -1.0
vn 0.0 -0.0 -1.0
vn 0.0 0.0 -1.0
vn 0.0 0.0 -1.0
vn 0.0 0.0 -1.0
vn 0.0 0.0 -1.0
vn 0.0 0.0 -1.0
vn 0.0 0.0 -1.0
vn 0.0 0.0 -1.0
vn 0.0 0.0 -1.0
vn 0.0 0.0 -1.0
vn 0.0 0.0 -1.0
vn 0.0 0.0 -1.0
vn 0.0 0.0 -1.0
vn 0.0 0.0 -1.0
vn 0.0 0.0 -1.0
vn 0.0 0.0 -1.0
vn 0.0 0.0 -1.0
vn 0.0 0.0 -1.0
vn 0.0 0.0 -1.0
vn 0.0 0.0 -1.0
vn 0.0 0.0 -1.0
vn 0.0 0.0 -1.0
vn 0.0 0.0 -1.0
vn 0.0 0.0 -1.0
vn 0.0 0.0 -1.0
vn 0.0 0.0 -1.0
vn 0.0 0.0 -1.0
vn 0.0 0.0 -1.0
vn 0.0 0.0 -1.0
vn 0.0 0.0 -1.0
vn 0.0 0.0 -1.0
vn 0.0 0.0 -1.0
vn 0.0 0.0 -1.0
vn 0.0 0.0 -1.0
vn 0.0 0.0 -1.0
vn 0.0 0.0 -1.0
vn 0.0 0.0 -1.0
vn 0.0 0.0 -1.0
vn 0.0 0.0 -1.0
vn 0.0 0.0 -1.0
vn 0.0 0.0 -1.0
vn 0.0 0.0 -1.0
vn -0.0 0.0 -1.0
vn 0.0 0.0 -1.0
vn -0.0 0.0 -1.0
vn 0.0 0.0 -1.0
vn -0.0 0.0 -1.0
vn 0.0 0.0 -1.0
vn -0.0 0.0 -1.0
vn -0.0 0.0 -1.0
vn 0.0 0.0 -1.0
vn 0.0 0.0 -1.0
vn 0.0 0.0 -1.0
vn 0.0 0.0 -1.0
vn 0.0 0.0 -1.0
vn 0.0 0.0 -1.0
vn 0.0 0.0 -1.0
vn 0.0 0.0 -1.0
vn 0.0 0.0 -1.0
vn 0.0 0.0 -1.0
vn 0.0 0.0 -1.0
vn 0.0 0.0 -1.0
vn 0.0 0.0 -1.0
vn 0.0 0.0 -1.0
vn 0.0 0.0 -1.0
vn 0.0 0.0 -1.0
vn 0.0 0.0 -1.0
vn 0.0 0.0 -1.0
vn 0.0 0.0 -1.0
vn 0.0 0.0 -1.0
vn 0.0 0.0 -1.0
vn 0.0 0.0 -1.0
vn 0.0 0.0 -1.0
vn 0.0 0.0 -1.0
vn -0.0 0.0 -1.0
vn 0.0 0.0 -1.0
vn 0.0 0.0 -1.0
vn 0.0 -0.0 -1.0
vn 0.0 0.0 -1.0
vn 0.0 0.0 -1.0
vn 0.0 0.0 -1.0
vn 0.0 0.0 -1.0
vn 0.0 0.0 -1.0
vn 0.0 0.0 -1.0
vn 0.0 0.0 -1.0
vn 0.0 0.0 -1.0
vn 0.0 0.0 -1.0
vn -0.0 0.0 -1.0
vn 0.0 0.0 -1.0
vn -0.0 0.0 -1.0
vn 0.0 0.0 -1.0
vn 0.0 0.0 -1.0
vn -0.0 0.0 -1.0
vn 0.0 0.0 -1.0
vn -0.0 0.0 -1.0
vn 0.0 0.0 -1.0
vn -0.0 0.0 -1.0
vn 0.0 -0.0 -1.0
vn 0.0 -0.0 -1.0
vn 0.0 0.0 -1.0
vn 0.0 -0.0 -1.0
vn 0.0 -0.0 -1.0
vn 0.0 0.0 -1.0
vn 0.0 -0.0 -1.0
vn -0.0 0.0 -1.0
vn 0.0 -0.0 -1.0
vn 0.0 0.0 -1.0
vn -0.0 0.0 -1.0
vn 0.0 -0.0 -1.0
vn 0.0 0.0 -1.0
vn 0.0 0.0 -1.0
vn 0.0 0.0 -1.0
vn 0.0 0.0 -1.0
vn 0.0 0.0 -1.0
vn 0.0 0.0 -1.0
vn 0.0 0.0 -1.0
vn 0.0 0.0 -1.0
vn 0.0 0.0 -1.0
vn 0.0 0.0 -1.0
vn 0.0 0.0 -1.0
vn 0.0 0.0 -1.0
vn 0.0 0.0 -1.0
vn 0.0 0.0 -1.0
vn 0.0 0.0 -1.0
vn 0.0 0.0 -1.0
vn 0.0 0.0 -1.0
vn 0.0 0.0 -1.0
vn 0.0 0.0 -1.0
vn 0.0 0.0 -1.0
vn 0.0 0.0 -1.0
vn 0.0 0.0 -1.0
vn 0.0 0.0 -1.0
vn 0.0 0.0 -1.0
vn 0.0 0.0 -1.0
vn 0.0 0.0 -1.0
vn 0.0 0.0 -1.0
vn 0.0 0.0 -1.0
vn 0.0 0.0 -1.0
vn 0.0 0.0 -1.0
vn 0.0 0.0 -1.0
vn 0.0 0.0 -1.0
vn 0.0 0.0 -1.0
vn 0.0 0.0 -1.0
vn 0.0 0.0 -1.0
vn 0.0 0.0 -1.0
vn 0.0 0.0 -1.0
vn 0.0 0.0 -1.0
vn 0.0 0.0 -1.0
vn 0.0 0.0 -1.0
vn 0.0 0.0 -1.0
vn -0.0 0.0 -1.0
vn 0.0 0.0 -1.0
vn -0.0 0.0 -1.0
vn 0.0 0.0 -1.0
vn -0.0 0.0 -1.0
vn 0.0 0.0 -1.0
vn -0.0 0.0 -1.0
vn -0.0 0.0 -1.0
vn 0.0 0.0 -1.0
vn 0.0 0.0 -1.0
vn 0.0 0.0 -1.0
vn 0.0 0.0 -1.0
vn 0.0 0.0 -1.0
vn 0.0 0.0 -1.0
vn 0.0 0.0 -1.0
vn 0.0 0.0 -1.0
vn 0.0 0.0 -1.0
vn 0.0 0.0 -1.0
vn 0.0 0.0 -1.0
vn 0.0 0.0 -1.0
vn 0.0 0.0 -1.0
vn 0.0 0.0 -1.0
vn 0.0 0.0 -1.0
vn 0.0 0.0 -1.0
vn 0.0 0.0 -1.0
vn 0.0 0.0 -1.0
vn 0.0 0.0 -1.0
vn 0.0 0.0 -1.0
vn 0.0 0.0 -1.0
vn 0.0 0.0 -1.0
vn 0.0 0.0 -1.0
vn 0.0 0.0 -1.0
vn -0.0 0.0 -1.0
vn 0.0 0.0 -1.0
vn 0.0 0.0 -1.0
vn 0.0 -0.0 -1.0
vn 0.0 0.0 -1.0
vn 0.0 0.0 -1.0
vn 0.0 0.0 -1.0
vn 0.0 0.0 -1.0
vn 0.0 0.0 -1.0
vn 0.0 0.0 -1.0
vn 0.0 0.0 -1.0
vn 0.0 0.0 -1.0
vn 0.0 0.0 -1.0
vn -0.0 0.0 -1.0
vn 0.0 0.0 -1.0
vn -0.0 0.0 -1.0
vn 0.0 0.0 -1.0
vn 0.0 0.0 -1.0
vn -0.0 0.0 -1.0
vn 0.0 0.0 -1.0
vn -0.0 0.0 -1.0
vn 0.0 0.0 -1.0
vn -0.0 0.0 -1.0
vn 0.0 -0.0 -1.0
vn 0.0 -0.0 -1.0
vn 0.0 0.0 -1.0
vn 0.0 -0.0 -1.0
vn 0.0 -0.0 -1.0
vn 0.0 0.0 -1.0
vn 0.0 -0.0 -1.0
vn -0.0 0.0 -1.0
vn 0.0 -0.0 -1.0
vn 0.0 0.0 -1.0
vn -0.0 0.0 -1.0
vn 0.0 -0.0 -1.0
vn 0.0 0.0 -1.0
vn 0.0 0.0 -1.0
vn 0.0 0.0 -1.0
vn 0.0 0.0 -1.0
vn 0.0 0.0 -1.0
vn 0.0 0.0 -1.0
vn 0.0 0.0 -1.0
vn 0.0 0.0 -1.0
vn 0.0 0.0 -1.0
vn 0.0 0.0 -1.0
vn 0.0 0.0 -1.0
vn 0.0 0.0 -1.0
vn 0.0 0.0 -1.0
vn 0.0 0.0 -1.0
vn 0.0 0.0 -1.0
vn 0.0 0.0 -1.0
vn 0.0 0.0 -1.0
vn 0.0 0.0 -1.0
vn 0.0 0.0 -1.0
vn 0.0 0.0 -1.0
vn 0.0 0.0 -1.0
vn 0.0 0.0 -1.0
vn 0.0 0.0 -1.0
vn 0.0 0.0 -1.0
vn 0.0 0.0 -1.0
vn 0.0 0.0 -1.0
vn 0.0 0.0 -1.0
vn 0.0 0.0 -1.0
vn 0.0 0.0 -1.0
vn 0.0 0.0 -1.0
vn 0.0 0.0 -1.0
vn 0.0 0.0 -1.0
vn 0.0 0.0 -1.0
vn 0.0 0.0 -1.0
vn 0.0 0.0 -1.0
vn 0.0 0.0 -1.0
vn 0.0 0.0 -1.0
vn 0.0 0.0 -1.0
vn 0.0 0.0 -1.0
vn 0.0 0.0 -1.0
vn 0.0 0.0 -1.0
vn -0.0 0.0 -1.0
vn 0.0 0.0 -1.0
vn -0.0 0.0 -1.0
vn 0.0 0.0 -1.0
vn -0.0 0.0 -1.0
vn 0.0 0.0 -1.0
vn -0.0 0.0 -1.0
vn -0.0 0.0 -1.0
vn 0.0 0.0 -1.0
vn 0.0 0.0 -1.0
vn 0.0 0.0 -1.0
vn 0.0 0.0 -1.0
vn 0.0 0.0 -1.0
vn 0.0 0.0 -1.0
vn 0.0 0.0 -1.0
vn 0.0 0.0 -1.0
vn 0.0 0.0 -1.0
vn 0.0 0.0 -1.0
vn 0.0 0.0 -1.0
vn 0.0 0.0 -1.0
vn 0.0 0.0 -1.0
vn 0.0 0.0 -1.0
vn 0.0 0.0 -1.0
vn 0.0 0.0 -1.0
vn 0.0 0.0 -1.0
vn 0.0 0.0 -1.0
vn 0.0 0.0 -1.0
vn 0.0 0.0 -1.0
vn 0.0 0.0 -1.0
vn 0.0 0.0 -1.0
vn 0.0 0.0 -1.0
vn 0.0 0.0 -1.0
vn 0.0 0.0 -1.0
vn 0.0 0.0 -1.0
vn 0.0 0.0 -1.0
vn 0.0 0.0 -1.0
vn 0.0 0.0 -1.0
vn 0.0 0.0 -1.0
vn 0.0 0.0 -1.0
vn -0.0 0.0 -1.0
vn 0.0 0.0 -1.0
vn -0.0 0.0 -1.0
vn 0.0 0.0 -1.0
vn -0.0 0.0 -1.0
vn 0.0 0.0 -1.0
vn -0.0 0.0 -1.0
vn -0.0 0.0 -1.0
vn 0.0 0.0 -1.0
vn -0.0 0.0 -1.0
vn 0.0 0.0 -1.0
vn 0.0 0.0 -1.0
vn 0.0 0.0 -1.0
vn 0.0 0.0 -1.0
vn 0.0 0.0 -1.0
vn -0.0 0.0 -1.0
vn 0.0 0.0 -1.0
vn 0.0 0.0 -1.0
vn 0.0 0.0 -1.0
vn 0.0 0.0 -1.0
vn 0.0 0.0 -1.0
vn -0.0 0.0 -1.0
vn 0.0 0.0 -1.0
vn -0.0 0.0 -1.0
vn 0.0 0.0 -1.0
vn 0.0 0.0 -1.0
vn 0.0 0.0 -1.0
vn 0.0 0.0 -1.0
vn 0.0 0.0 -1.0
vn 0.0 0.0 -1.0
vn 0.0 0.0 -1.0
vn 0.0 0.0 -1.0
vn 0.0 0.0 -1.0
vn 0.0 0.0 -1.0
vn 0.0 0.0 -1.0
vn 0.0 0.0 -1.0
vn 0.0 0.0 -1.0
vn 0.0 0.0 -1.0
vn 0.0 -0.0 -1.0
vn -0.0 0.0 -1.0
vn -0.0 0.0 -1.0
vn 0.0 0.0 -1.0
vn -0.0 0.0 -1.0
vn 0.0 0.0 -1.0
vn 0.0 0.0 -1.0
vn 0.0 0.0 -1.0
vn 0.0 0.0 -1.0
vn 0.0 0.0 -1.0
vn 0.0 0.0 -1.0
vn 0.0 0.0 -1.0
vn 0.0 0.0 -1.0
vn 0.0 0.0 -1.0
vn 0.0 0.0 -1.0
vn 0.0 0.0 -1.0
vn 0.0 0.0 -1.0
vn 0.0 0.0 -1.0
vn 0.0 0.0 -1.0
vn 0.0 0.0 -1.0
vn 0.0 0.0 -1.0
vn 0.0 0.0 -1.0
vn -0.0 0.0 -1.0
vn 0.0 0.0 -1.0
vn -0.0 0.0 -1.0
vn 0.0 0.0 -1.0
vn -0.0 0.0 -1.0
vn 0.0 0.0 -1.0
vn -0.0 0.0 -1.0
vn -0.0 0.0 -1.0
vn 0.0 0.0 -1.0
vn -0.0 0.0 -1.0
vn 0.0 0.0 -1.0
vn 0.0 0.0 -1.0
vn 0.0 0.0 -1.0
vn 0.0 0.0 -1.0
vn 0.0 0.0 -1.0
vn -0.0 0.0 -1.0
vn 0.0 0.0 -1.0
vn 0.0 0.0 -1.0
vn 0.0 0.0 -1.0
vn 0.0 0.0 -1.0
vn 0.0 0.0 -1.0
vn -0.0 0.0 -1.0
vn 0.0 0.0 -1.0
vn -0.0 0.0 -1.0
vn 0.0 0.0 -1.0
vn 0.0 0.0 -1.0
vn 0.0 0.0 -1.0
vn 0.0 0.0 -1.0
vn 0.0 0.0 -1.0
vn 0.0 0.0 -1.0
vn 0.0 0.0 -1.0
vn 0.0 0.0 -1.0
vn 0.0 0.0 -1.0
vn 0.0 0.0 -1.0
vn 0.0 0.0 -1.0
vn 0.0 0.0 -1.0
vn 0.0 0.0 -1.0
vn 0.0 0.0 -1.0
vn 0.0 -0.0 -1.0
vn -0.0 0.0 -1.0
vn -0.0 0.0 -1.0
vn 0.0 0.0 -1.0
vn -0.0 0.0 -1.0
vn 0.0 0.0 -1.0
vn 0.0 0.0 -1.0
vn 0.0 0.0 -1.0
vn 0.0 0.0 -1.0
vn 0.0 0.0 -1.0
vn 0.0 0.0 -1.0
vn -0.0 0.0 -1.0
vn 0.0 1.0 -0.0
vn 0.0 1.0 0.0
vn 1.0 -0.0 0.0
vn 1.0 0.0 0.0
vn 0.0 -1.0 0.0
vn 0.0 -1.0 -0.0
vn -1.0 0.0 0.0
vn -1.0 -0.0 0.0
vn 0.0 1.0 -0.0
vn 0.0 1.0 0.0
vn 1.0 -0.0 0.0
vn 1.0 0.0 0.0
vn 0.0 -1.0 0.0
vn 0.0 -1.0 -0.0
vn -1.0 0.0 0.0
vn -1.0 -0.0 0.0
vn -0.489483 -0.872013 0.0
vn -0.489483 -0.872013 -0.0
vn -0.736228 -0.676734 0.0
vn -0.736228 -0.676734 0.0
vn -0.8763 -0.481766 0.0
vn -0.8763 -0.481766 0.0
vn -0.94523 -0.326404 0.0
vn -0.94523 -0.326404 0.0
vn -0.978943 -0.204134 0.0
vn -0.978943 -0.204134 0.0
vn -0.99418 -0.107729 0.0
vn -0.99418 -0.107729 0.0
vn -0.999492 -0.031866 0.0
vn -0.999492 -0.031866 0.0
vn -0.999531 0.030629 0.0
vn -0.999531 0.030629 0.0
vn -0.994587 0.103904 0.0
vn -0.994587 0.103904 0.0
vn -0.980283 0.197597 0.0
vn -0.980283 0.197597 0.0
vn -0.948157 0.317802 0.0
vn -0.948157 0.317802 0.0
vn -0.881487 0.472208 0.0
vn -0.881487 0.472208 0.0
vn -0.744165 0.667996 0.0
vn -0.744165 0.667996 0.0
vn -0.497794 0.867295 0.0
vn -0.497794 0.867295 0.0
vn -0.165333 0.986238 0.0
vn -0.165333 0.986238 0.0
vn 0.183988 0.982929 -0.0
vn 0.183988 0.982929 0.0
vn 0.559631 0.828742 -0.0
vn 0.559631 0.828742 0.0
vn 0.815999 0.578053 0.0
vn 0.815999 0.578053 0.0
vn 0.935571 0.353138 0.0
vn 0.935571 0.353138 0.0
vn 0.0 1.0 -0.0
vn 0.0 1.0 0.0
vn -0.999906 -0.013674 0.0
vn -0.999906 -0.013674 0.0
vn -1.0 0.0 0.0
vn -1.0 -0.0 0.0
vn 0.0 1.0 -0.0
vn 0.0 1.0 0.0
vn 1.0 -0.0 0.0
vn 1.0 0.0 0.0
vn 0.999992 0.004103 0.0
vn 0.999992 0.004103 0.0
vn 0.999906 0.013734 0.0
vn 0.999906 0.013734 0.0
vn 0.999665 0.025898 0.0
vn 0.999665 0.025898 0.0
vn 0.999133 0.041622 0.0
vn 0.999133 0.041622 0.0
vn 0.0 -1.0 0.0
vn 0.0 -1.0 -0.0
vn -0.991457 -0.130435 0.0
vn -0.991457 -0.130435 0.0
vn -0.996309 -0.085843 0.0
vn -0.996309 -0.085843 0.0
vn -0.998009 -0.063072 0.0
vn -0.998009 -0.063072 0.0
vn -0.998784 -0.049293 0.0
vn -0.998784 -0.049293 0.0
vn -0.999167 -0.040819 0.0
vn -0.999167 -0.040819 0.0
vn -0.99946 -0.032865 0.0
vn -0.99946 -0.032865 0.0
vn -0.999745 -0.022592 0.0
vn -0.999745 -0.022592 0.0
vn -0.999961 -0.008814 0.0
vn -0.999961 -0.008814 0.0
vn 0.0 -1.0 0.0
vn 0.0 -1.0 -0.0
vn 0.947333 -0.320251 0.0
vn 0.947333 -0.320251 0.0
vn 0.90796 -0.419058 0.0
vn 0.90796 -0.419058 0.0
vn 0.847651 -0.530555 0.0
vn 0.847651 -0.530555 0.0
vn 0.759919 -0.650018 0.0
vn 0.759919 -0.650018 0.0
vn 0.638488 -0.769632 0.0
vn 0.638488 -0.769632 0.0
vn 0.478219 -0.87824 0.0
vn 0.478219 -0.87824 0.0
vn 0.289228 -0.95726 0.0
vn 0.289228 -0.95726 0.0
vn 0.093428 -0.995626 0.0
vn 0.093428 -0.995626 0.0
vn -0.162073 -0.986779 0.0
vn -0.162073 -0.986779 -0.0
vn -0.541398 0.840767 0.0
vn -0.541398 0.840767 0.0
vn -0.78348 0.621417 0.0
vn -0.78348 0.621417 0.0
vn -0.905906 0.423479 0.0
vn -0.905906 0.423479 0.0
vn -0.960136 0.279535 0.0
vn -0.960136 0.279535 0.0
vn -0.984839 0.173473 0.0
vn -0.984839 0.173473 0.0
vn -0.995817 0.091367 0.0
vn -0.995817 0.091367 0.0
vn -0.999637 0.026956 0.0
vn -0.999637 0.026956 0.0
vn -0.999654 -0.026289 0.0
vn -0.999654 -0.026289 0.0
vn -0.995951 -0.089903 0.0
vn -0.995951 -0.089903 0.0
vn -0.984948 -0.17285 0.0
vn -0.984948 -0.17285 0.0
vn -0.959277 -0.282469 0.0
vn -0.959277 -0.282469 0.0
vn -0.902844 -0.429969 0.0
vn -0.902844 -0.429969 0.0
vn -0.779472 -0.626437 0.0
vn -0.779472 -0.626437 0.0
vn -0.537868 -0.843029 0.0
vn -0.537868 -0.843029 -0.0
vn -0.182503 -0.983205 0.0
vn -0.182503 -0.983205 -0.0
vn 0.172968 -0.984927 0.0
vn 0.172968 -0.984927 0.0
vn 0.522083 -0.852895 0.0
vn 0.522083 -0.852895 0.0
vn 0.772884 -0.634547 0.0
vn 0.772884 -0.634547 0.0
vn 0.904044 -0.42744 0.0
vn 0.904044 -0.42744 0.0
vn 0.962713 -0.270524 0.0
vn 0.962713 -0.270524 0.0
vn 0.987047 -0.160432 0.0
vn 0.987047 -0.160432 0.0
vn 0.996666 -0.081584 0.0
vn 0.996666 -0.081584 0.0
vn 0.999723 -0.023555 0.0
vn 0.999723 -0.023555 0.0
vn 0.998689 0.051183 0.0
vn 0.998689 0.051183 0.0
vn 0.977617 0.210392 0.0
vn 0.977617 0.210392 0.0
vn 0.858302 0.513145 0.0
vn 0.858302 0.513145 0.0
vn 0.370021 0.929023 -0.0
vn 0.370021 0.929023 0.0
vn -0.183579 0.983005 0.0
vn -0.183579 0.983005 0.0
vn 0.0 -1.0 0.0
vn 0.0 -1.0 -0.0
vn 0.978977 -0.20397 0.0
vn 0.978977 -0.20397 0.0
vn 0.0 -1.0 0.0
vn 0.0 -1.0 -0.0
vn -0.977048 0.21302 0.0
vn -0.977048 0.21302 0.0
vn 0.0 1.0 -0.0
vn 0.0 1.0 0.0
vn 0.976873 0.213819 0.0
vn 0.976873 0.213819 0.0
vn 0.0 -1.0 0.0
vn 0.0 -1.0 -0.0
vn -0.97898 -0.203956 0.0
vn -0.97898 -0.203956 0.0
vn -0.97948 -0.201539 0.0
vn -0.97948 -0.201539 0.0
vn -0.979668 -0.200625 0.0
vn -0.979668 -0.200625 0.0
vn -0.980066 -0.198671 0.0
vn -0.980066 -0.198671 0.0
vn -0.981245 -0.192764 0.0
vn -0.981245 -0.192764 0.0
vn -0.984047 -0.17791 0.0
vn -0.984047 -0.17791 0.0
vn -0.984567 -0.17501 0.0
vn -0.984567 -0.17501 0.0
vn -0.985273 -0.170991 0.0
vn -0.985273 -0.170991 0.0
vn -0.985962 -0.166967 0.0
vn -0.985962 -0.166967 0.0
vn -0.986937 -0.161105 0.0
vn -0.986937 -0.161105 0.0
vn 0.983719 -0.179713 0.0
vn 0.983719 -0.179713 0.0
vn 0.982488 -0.186327 0.0
vn 0.982488 -0.186327 0.0
vn 0.979447 -0.2017 0.0
vn 0.979447 -0.2017 0.0
vn 0.0 1.0 -0.0
vn 0.0 1.0 0.0
vn -0.999536 -0.030467 0.0
vn -0.999536 -0.030467 0.0
vn -0.994914 -0.100728 0.0
vn -0.994914 -0.100728 0.0
vn -0.982607 -0.185699 0.0
vn -0.982607 -0.185699 0.0
vn -0.957642 -0.287962 0.0
vn -0.957642 -0.287962 0.0
vn -0.910998 -0.41241 0.0
vn -0.910998 -0.41241 0.0
vn -0.811248 -0.584702 0.0
vn -0.811248 -0.584702 0.0
vn -0.596356 -0.80272 0.0
vn -0.596356 -0.80272 -0.0
vn -0.21817 -0.975911 0.0
vn -0.21817 -0.975911 -0.0
vn 0.382319 -0.924031 0.0
vn 0.382319 -0.924031 0.0
vn 0.866755 -0.498734 0.0
vn 0.866755 -0.498734 0.0
vn 0.97921 -0.202849 0.0
vn 0.97921 -0.202849 0.0
vn 0.998786 -0.049261 0.0
vn 0.998786 -0.049261 0.0
vn 1.0 -0.0 0.0
vn 1.0 0.0 0.0
vn 0.0 -1.0 0.0
vn 0.0 -1.0 -0.0
vn -1.0 0.0 0.0
vn -1.0 -0.0 0.0
vn -0.998771 -0.049567 0.0
vn -0.998771 -0.049567 0.0
vn -0.993257 -0.115934 0.0
vn -0.993257 -0.115934 0.0
vn -0.979881 -0.199581 0.0
vn -0.979881 -0.199581 0.0
vn -0.952187 -0.305516 0.0
vn -0.952187 -0.305516 0.0
vn -0.899864 -0.43617 0.0
vn -0.899864 -0.43617 0.0
vn -0.793318 -0.608808 0.0
vn -0.793318 -0.608808 0.0
vn -0.573666 -0.819089 0.0
vn -0.573666 -0.819089 -0.0
vn -0.206925 -0.978357 0.0
vn -0.206925 -0.978357 -0.0
vn 0.382279 -0.924047 0.0
vn 0.382279 -0.924047 0.0
vn 0.866737 -0.498765 0.0
vn 0.866737 -0.498765 0.0
vn 0.979212 -0.202838 0.0
vn 0.979212 -0.202838 0.0
vn 0.998785 -0.049273 0.0
vn 0.998785 -0.049273 0.0
vn 1.0 -0.0 0.0
vn 1.0 0.0 0.0
vn 0.0 -1.0 0.0
vn 0.0 -1.0 -0.0
vn -1.0 0.0 0.0
vn -1.0 -0.0 0.0
vn -0.99946 0.032864 0.0
vn -0.99946 0.032864 0.0
vn -0.993726 0.111838 0.0
vn -0.993726 0.111838 0.0
vn -0.976985 0.213309 0.0
vn -0.976985 0.213309 0.0
vn -0.939214 0.343332 0.0
vn -0.939214 0.343332 0.0
vn -0.86156 0.507656 0.0
vn -0.86156 0.507656 0.0
vn -0.7098 0.704403 0.0
vn -0.7098 0.704403 0.0
vn -0.459512 0.888171 0.0
vn -0.459512 0.888171 0.0
vn -0.149003 0.988837 0.0
vn -0.149003 0.988837 0.0
vn 0.100233 0.994964 -0.0
vn 0.100233 0.994964 0.0
vn 0.315885 0.948798 -0.0
vn 0.315885 0.948798 0.0
vn 0.525559 0.850757 -0.0
vn 0.525559 0.850757 0.0
vn 0.698143 0.715958 -0.0
vn 0.698143 0.715958 0.0
vn 0.820199 0.572078 0.0
vn 0.820199 0.572078 0.0
vn 0.892507 0.451033 0.0
vn 0.892507 0.451033 0.0
vn 0.934231 0.356669 0.0
vn 0.934231 0.356669 0.0
vn 0.958934 0.283628 0.0
vn 0.958934 0.283628 0.0
vn 0.0 1.0 -0.0
vn 0.0 1.0 0.0
vn -0.975653 0.219319 0.0
vn -0.975653 0.219319 0.0
vn -0.889723 0.456501 0.0
vn -0.889723 0.456501 0.0
vn -0.644748 0.764395 0.0
vn -0.644748 0.764395 0.0
vn -0.214725 0.976674 0.0
vn -0.214725 0.976674 0.0
vn 0.111301 0.993787 -0.0
vn 0.111301 0.993787 0.0
vn 0.340815 0.94013 -0.0
vn 0.340815 0.94013 0.0
vn 0.548503 0.836148 -0.0
vn 0.548503 0.836148 0.0
vn 0.70872 0.70549 0.0
vn 0.70872 0.70549 0.0
vn 0.822563 0.568675 0.0
vn 0.822563 0.568675 0.0
vn 0.894376 0.447315 0.0
vn 0.894376 0.447315 0.0
vn 0.936323 0.35114 0.0
vn 0.936323 0.35114 0.0
vn 0.961264 0.275628 0.0
vn 0.961264 0.275628 0.0
vn 0.0 1.0 -0.0
vn 0.0 1.0 0.0
vn -0.99995 0.009986 0.0
vn -0.99995 0.009986 0.0
vn -0.99975 0.022352 0.0
vn -0.99975 0.022352 0.0
vn -0.99956 0.029659 0.0
vn -0.99956 0.029659 0.0
vn -0.999405 0.034491 0.0
vn -0.999405 0.034491 0.0
vn -0.99927 0.038197 0.0
vn -0.99927 0.038197 0.0
vn -0.999057 0.043427 0.0
vn -0.999057 0.043427 0.0
vn -0.998618 0.052555 0.0
vn -0.998618 0.052555 0.0
vn -0.997379 0.072355 0.0
vn -0.997379 0.072355 0.0
vn 0.0 1.0 -0.0
vn 0.0 1.0 0.0
vn 0.999252 -0.03868 0.0
vn 0.999252 -0.03868 0.0
vn 0.999395 -0.034772 0.0
vn 0.999395 -0.034772 0.0
vn 0.999507 -0.031404 0.0
vn 0.999507 -0.031404 0.0
vn 0.999598 -0.028354 0.0
vn 0.999598 -0.028354 0.0
vn 0.999755 -0.022132 0.0
vn 0.999755 -0.022132 0.0
vn 0.999902 -0.013974 0.0
vn 0.999902 -0.013974 0.0
vn 0.999972 -0.007496 0.0
vn 0.999972 -0.007496 0.0
vn 0.999997 -0.00227 0.0
vn 0.999997 -0.00227 0.0
vn 1.0 -0.0 0.0
vn 1.0 0.0 0.0
vn 0.0 -1.0 0.0
vn 0.0 -1.0 -0.0
vn -1.0 0.0 0.0
vn -1.0 -0.0 0.0
vn -0.282295 -0.959328 0.0
vn -0.282295 -0.959328 -0.0
vn -0.491004 -0.871158 0.0
vn -0.491004 -0.871158 -0.0
vn -0.679759 -0.733435 0.0
vn -0.679759 -0.733435 -0.0
vn -0.823521 -0.567285 0.0
vn -0.823521 -0.567285 0.0
vn -0.922071 -0.38702 0.0
vn -0.922071 -0.38702 0.0
vn -0.976735 -0.21445 0.0
vn -0.976735 -0.21445 0.0
vn -0.997902 -0.064736 0.0
vn -0.997902 -0.064736 0.0
vn -0.99955 0.029993 0.0
vn -0.99955 0.029993 0.0
vn -0.995109 0.098777 0.0
vn -0.995109 0.098777 0.0
vn -0.983357 0.181685 0.0
vn -0.983357 0.181685 0.0
vn -0.959768 0.280793 0.0
vn -0.959768 0.280793 0.0
vn -0.926359 0.376643 0.0
vn -0.926359 0.376643 0.0
vn -0.887625 0.460566 0.0
vn -0.887625 0.460566 0.0
vn -0.835422 0.549608 0.0
vn -0.835422 0.549608 0.0
vn -0.768335 0.640049 0.0
vn -0.768335 0.640049 0.0
vn -0.688577 0.725163 0.0
vn -0.688577 0.725163 0.0
vn -0.608049 0.7939 0.0
vn -0.608049 0.7939 0.0
vn -0.529675 0.848201 0.0
vn -0.529675 0.848201 0.0
vn -0.456185 0.889885 0.0
vn -0.456185 0.889885 0.0
vn -0.40743 0.913236 0.0
vn -0.40743 0.913236 0.0
vn -0.380384 0.924829 0.0
vn -0.380384 0.924829 0.0
vn -0.3558 0.934562 0.0
vn -0.3558 0.934562 0.0
vn -0.333496 0.942751 0.0
vn -0.333496 0.942751 0.0
vn -0.354122 0.935199 0.0
vn -0.354122 0.935199 0.0
vn -0.449855 0.893102 0.0
vn -0.449855 0.893102 0.0
vn -0.565562 0.824706 0.0
vn -0.565562 0.824706 0.0
vn -0.697381 0.716701 0.0
vn -0.697381 0.716701 0.0
vn -0.828804 0.559539 0.0
vn -0.828804 0.559539 0.0
vn -0.923682 0.383161 0.0
vn -0.923682 0.383161 0.0
vn -0.976963 0.213409 0.0
vn -0.976963 0.213409 0.0
vn -0.997909 0.064633 0.0
vn -0.997909 0.064633 0.0
vn -0.997741 -0.067178 0.0
vn -0.997741 -0.067178 0.0
vn -0.9726 -0.232487 0.0
vn -0.9726 -0.232487 0.0
vn -0.898767 -0.438426 0.0
vn -0.898767 -0.438426 0.0
vn -0.750658 -0.660691 0.0
vn -0.750658 -0.660691 0.0
vn -0.551319 -0.834294 0.0
vn -0.551319 -0.834294 -0.0
vn -0.360256 -0.932853 0.0
vn -0.360256 -0.932853 -0.0
vn -0.192507 -0.981296 0.0
vn -0.192507 -0.981296 -0.0
vn -0.056546 -0.9984 0.0
vn -0.056546 -0.9984 -0.0
vn 0.071027 -0.997474 0.0
vn 0.071027 -0.997474 0.0
vn 0.242174 -0.970233 0.0
vn 0.242174 -0.970233 0.0
vn 0.447751 -0.894158 0.0
vn 0.447751 -0.894158 0.0
vn 0.660556 -0.750777 0.0
vn 0.660556 -0.750777 0.0
vn 0.820232 -0.572031 0.0
vn 0.820232 -0.572031 0.0
vn 0.911521 -0.411253 0.0
vn 0.911521 -0.411253 0.0
vn 0.96244 -0.271495 0.0
vn 0.96244 -0.271495 0.0
vn 0.987593 -0.157036 0.0
vn 0.987593 -0.157036 0.0
vn -0.171446 -0.985193 0.0
vn -0.171446 -0.985193 -0.0
vn -0.984202 0.177049 0.0
vn -0.984202 0.177049 0.0
vn -0.952613 0.304186 0.0
vn -0.952613 0.304186 0.0
vn -0.892531 0.450987 0.0
vn -0.892531 0.450987 0.0
vn -0.793878 0.608076 0.0
vn -0.793878 0.608076 0.0
vn -0.652786 0.757542 0.0
vn -0.652786 0.757542 0.0
vn -0.472282 0.881447 0.0
vn -0.472282 0.881447 0.0
vn -0.273774 0.961794 0.0
vn -0.273774 0.961794 0.0
vn -0.084831 0.996395 0.0
vn -0.084831 0.996395 0.0
vn 0.086929 0.996214 -0.0
vn 0.086929 0.996214 0.0
vn 0.285182 0.958473 -0.0
vn 0.285182 0.958473 0.0
vn 0.498194 0.867065 -0.0
vn 0.498194 0.867065 0.0
vn 0.69111 0.72275 -0.0
vn 0.69111 0.72275 0.0
vn 0.834563 0.550912 0.0
vn 0.834563 0.550912 0.0
vn 0.928657 0.370939 0.0
vn 0.928657 0.370939 0.0
vn 0.979053 0.203604 0.0
vn 0.979053 0.203604 0.0
vn 0.998132 0.0611 0.0
vn 0.998132 0.0611 0.0
vn 0.999347 -0.036131 0.0
vn 0.999347 -0.036131 0.0
vn 0.993113 -0.117163 0.0
vn 0.993113 -0.117163 0.0
vn 0.977476 -0.211044 0.0
vn 0.977476 -0.211044 0.0
vn 0.948238 -0.31756 0.0
vn 0.948238 -0.31756 0.0
vn 0.904112 -0.427296 0.0
vn 0.904112 -0.427296 0.0
vn 0.845888 -0.533361 0.0
vn 0.845888 -0.533361 0.0
vn 0.770812 -0.637063 0.0
vn 0.770812 -0.637063 0.0
vn 0.680605 -0.73265 0.0
vn 0.680605 -0.73265 0.0
vn 0.557997 -0.829843 0.0
vn 0.557997 -0.829843 0.0
vn 0.452223 -0.891905 0.0
vn 0.452223 -0.891905 0.0
vn 0.381624 -0.924318 0.0
vn 0.381624 -0.924318 0.0
vn 0.332121 -0.943237 0.0
vn 0.332121 -0.943237 0.0
vn 0.358153 -0.933663 0.0
vn 0.358153 -0.933663 0.0
vn 0.44976 -0.89315 0.0
vn 0.44976 -0.89315 0.0
vn 0.561426 -0.827527 0.0
vn 0.561426 -0.827527 0.0
vn 0.691219 -0.722646 0.0
vn 0.691219 -0.722646 0.0
vn 0.823789 -0.566897 0.0
vn 0.823789 -0.566897 0.0
vn 0.920935 -0.389716 0.0
vn 0.920935 -0.389716 0.0
vn 0.976086 -0.217386 0.0
vn 0.976086 -0.217386 0.0
vn 0.997815 -0.066075 0.0
vn 0.997815 -0.066075 0.0
vn 0.997717 0.067537 0.0
vn 0.997717 0.067537 0.0
vn 0.973011 0.23076 0.0
vn 0.973011 0.23076 0.0
vn 0.903805 0.427944 0.0
vn 0.903805 0.427944 0.0
vn 0.770309 0.637671 0.0
vn 0.770309 0.637671 0.0
vn 0.576498 0.817098 -0.0
vn 0.576498 0.817098 0.0
vn 0.371897 0.928274 -0.0
vn 0.371897 0.928274 0.0
vn 0.195623 0.980679 -0.0
vn 0.195623 0.980679 0.0
vn 0.056722 0.99839 -0.0
vn 0.056722 0.99839 0.0
vn -0.056233 0.998418 0.0
vn -0.056233 0.998418 0.0
vn -0.197384 0.980326 0.0
vn -0.197384 0.980326 0.0
vn -0.383866 0.923389 0.0
vn -0.383866 0.923389 0.0
vn -0.607247 0.794513 0.0
vn -0.607247 0.794513 0.0
vn -0.795969 0.605338 0.0
vn -0.795969 0.605338 0.0
vn -0.897341 0.441337 0.0
vn -0.897341 0.441337 0.0
vn -0.951377 0.308029 0.0
vn -0.951377 0.308029 0.0
vn -0.978937 0.204162 0.0
vn -0.978937 0.204162 0.0
vn 0.24223 0.970219 -0.0
vn 0.24223 0.970219 0.0
vn 0.978473 -0.206374 0.0
vn 0.978473 -0.206374 0.0
vn 0.945248 -0.326352 0.0
vn 0.945248 -0.326352 0.0
vn 0.882672 -0.469989 0.0
vn 0.882672 -0.469989 0.0
vn 0.776677 -0.629899 0.0
vn 0.776677 -0.629899 0.0
vn 0.615664 -0.788009 0.0
vn 0.615664 -0.788009 0.0
vn 0.422134 -0.906534 0.0
vn 0.422134 -0.906534 0.0
vn 0.23304 -0.972467 0.0
vn 0.23304 -0.972467 0.0
vn 0.069818 -0.99756 0.0
vn 0.069818 -0.99756 0.0
vn -0.086524 -0.99625 0.0
vn -0.086524 -0.99625 -0.0
vn -0.282295 -0.959328 0.0
vn -0.282295 -0.959328 -0.0
vn -0.491003 -0.871158 0.0
vn -0.491003 -0.871158 -0.0
vn -0.67976 -0.733435 0.0
vn -0.67976 -0.733435 -0.0
vn -0.82352 -0.567287 0.0
vn -0.82352 -0.567287 0.0
vn -0.922073 -0.387017 0.0
vn -0.922073 -0.387017 0.0
vn -0.976735 -0.214451 0.0
vn -0.976735 -0.214451 0.0
vn -0.997902 -0.064737 0.0
vn -0.997902 -0.064737 0.0
vn -0.99955 0.029996 0.0
vn -0.99955 0.029996 0.0
vn -0.995109 0.09878 0.0
vn -0.995109 0.09878 0.0
vn -0.983358 0.18168 0.0
vn -0.983358 0.18168 0.0
vn -0.959766 0.280801 0.0
vn -0.959766 0.280801 0.0
vn -0.926359 0.376643 0.0
vn -0.926359 0.376643 0.0
vn -0.887553 0.460705 0.0
vn -0.887553 0.460705 0.0
vn -0.835514 0.549469 0.0
vn -0.835514 0.549469 0.0
vn -0.76823 0.640174 0.0
vn -0.76823 0.640174 0.0
vn -0.688681 0.725065 0.0
vn -0.688681 0.725065 0.0
vn -0.608045 0.793902 0.0
vn -0.608045 0.793902 0.0
vn -0.529673 0.848202 0.0
vn -0.529673 0.848202 0.0
vn -0.456187 0.889884 0.0
vn -0.456187 0.889884 0.0
vn -0.407429 0.913237 0.0
vn -0.407429 0.913237 0.0
vn -0.380385 0.924828 0.0
vn -0.380385 0.924828 0.0
vn -0.3558 0.934562 0.0
vn -0.3558 0.934562 0.0
vn -0.333497 0.942751 0.0
vn -0.333497 0.942751 0.0
vn -0.354126 0.935198 0.0
vn -0.354126 0.935198 0.0
vn -0.449848 0.893105 0.0
vn -0.449848 0.893105 0.0
vn -0.565562 0.824706 0.0
vn -0.565562 0.824706 0.0
vn -0.697392 0.71669 0.0
vn -0.697392 0.71669 0.0
vn -0.828794 0.559554 0.0
vn -0.828794 0.559554 0.0
vn -0.923682 0.383161 0.0
vn -0.923682 0.383161 0.0
vn -0.976965 0.2134 0.0
vn -0.976965 0.2134 0.0
vn -0.997909 0.064633 0.0
vn -0.997909 0.064633 0.0
vn -0.997741 -0.067178 0.0
vn -0.997741 -0.067178 0.0
vn -0.972601 -0.232479 0.0
vn -0.972601 -0.232479 0.0
vn -0.898767 -0.438426 0.0
vn -0.898767 -0.438426 0.0
vn -0.750658 -0.660691 0.0
vn -0.750658 -0.660691 0.0
vn -0.551314 -0.834298 0.0
vn -0.551314 -0.834298 -0.0
vn -0.360336 -0.932823 0.0
vn -0.360336 -0.932823 -0.0
vn -0.192467 -0.981303 0.0
vn -0.192467 -0.981303 -0.0
vn -0.056547 -0.9984 0.0
vn -0.056547 -0.9984 -0.0
vn 0.071027 -0.997474 0.0
vn 0.071027 -0.997474 0.0
vn 0.242172 -0.970233 0.0
vn 0.242172 -0.970233 0.0
vn 0.447751 -0.894158 0.0
vn 0.447751 -0.894158 0.0
vn 0.660556 -0.750777 0.0
vn 0.660556 -0.750777 0.0
vn 0.820239 -0.572022 0.0
vn 0.820239 -0.572022 0.0
vn 0.911515 -0.411266 0.0
vn 0.911515 -0.411266 0.0
vn 0.962443 -0.271485 0.0
vn 0.962443 -0.271485 0.0
vn 0.987592 -0.157039 0.0
vn 0.987592 -0.157039 0.0
vn -0.171446 -0.985193 0.0
vn -0.171446 -0.985193 -0.0
vn -0.984202 0.177046 0.0
vn -0.984202 0.177046 0.0
vn -0.952613 0.304184 0.0
vn -0.952613 0.304184 0.0
vn -0.892528 0.450992 0.0
vn -0.892528 0.450992 0.0
vn -0.793878 0.608076 0.0
vn -0.793878 0.608076 0.0
vn -0.652786 0.757542 0.0
vn -0.652786 0.757542 0.0
vn -0.472284 0.881447 0.0
vn -0.472284 0.881447 0.0
vn -0.273746 0.961802 0.0
vn -0.273746 0.961802 0.0
vn -0.084839 0.996395 0.0
vn -0.084839 0.996395 0.0
vn 0.08693 0.996214 -0.0
vn 0.08693 0.996214 0.0
vn 0.285181 0.958474 -0.0
vn 0.285181 0.958474 0.0
vn 0.498194 0.867065 -0.0
vn 0.498194 0.867065 0.0
vn 0.69111 0.72275 -0.0
vn 0.69111 0.72275 0.0
vn 0.834563 0.550912 0.0
vn 0.834563 0.550912 0.0
vn 0.928657 0.370939 0.0
vn 0.928657 0.370939 0.0
vn 0.979053 0.203604 0.0
vn 0.979053 0.203604 0.0
vn 0.998132 0.0611 0.0
vn 0.998132 0.0611 0.0
vn 0.999347 -0.036131 0.0
vn 0.999347 -0.036131 0.0
vn 0.993113 -0.117163 0.0
vn 0.993113 -0.117163 0.0
vn 0.977476 -0.211044 0.0
vn 0.977476 -0.211044 0.0
vn 0.948238 -0.31756 0.0
vn 0.948238 -0.31756 0.0
vn 0.904112 -0.427296 0.0
vn 0.904112 -0.427296 0.0
vn 0.845888 -0.533361 0.0
vn 0.845888 -0.533361 0.0
vn 0.770812 -0.637063 0.0
vn 0.770812 -0.637063 0.0
vn 0.680608 -0.732647 0.0
vn 0.680608 -0.732647 0.0
vn 0.557994 -0.829845 0.0
vn 0.557994 -0.829845 0.0
vn 0.452223 -0.891905 0.0
vn 0.452223 -0.891905 0.0
vn 0.381625 -0.924317 0.0
vn 0.381625 -0.924317 0.0
vn 0.332121 -0.943237 0.0
vn 0.332121 -0.943237 0.0
vn 0.358153 -0.933663 0.0
vn 0.358153 -0.933663 0.0
vn 0.449757 -0.893151 0.0
vn 0.449757 -0.893151 0.0
vn 0.561424 -0.827529 0.0
vn 0.561424 -0.827529 0.0
vn 0.691221 -0.722643 0.0
vn 0.691221 -0.722643 0.0
vn 0.823784 -0.566903 0.0
vn 0.823784 -0.566903 0.0
vn 0.920942 -0.3897 0.0
vn 0.920942 -0.3897 0.0
vn 0.976084 -0.217395 0.0
vn 0.976084 -0.217395 0.0
vn 0.997814 -0.066079 0.0
vn 0.997814 -0.066079 0.0
vn 0.997717 0.067537 0.0
vn 0.997717 0.067537 0.0
vn 0.973012 0.230756 0.0
vn 0.973012 0.230756 0.0
vn 0.903805 0.427944 0.0
vn 0.903805 0.427944 0.0
vn 0.770303 0.637679 0.0
vn 0.770303 0.637679 0.0
vn 0.576502 0.817095 -0.0
vn 0.576502 0.817095 0.0
vn 0.371896 0.928274 -0.0
vn 0.371896 0.928274 0.0
vn 0.195623 0.980679 -0.0
vn 0.195623 0.980679 0.0
vn 0.056714 0.99839 -0.0
vn 0.056714 0.99839 0.0
vn -0.056241 0.998417 0.0
vn -0.056241 0.998417 0.0
vn -0.197382 0.980327 0.0
vn -0.197382 0.980327 0.0
vn -0.383869 0.923388 0.0
vn -0.383869 0.923388 0.0
vn -0.607247 0.794513 0.0
vn -0.607247 0.794513 0.0
vn -0.795965 0.605343 0.0
vn -0.795965 0.605343 0.0
vn -0.897344 0.441331 0.0
vn -0.897344 0.441331 0.0
vn -0.951377 0.308029 0.0
vn -0.951377 0.308029 0.0
vn -0.978937 0.204162 0.0
vn -0.978937 0.204162 0.0
vn 0.24223 0.970219 -0.0
vn 0.24223 0.970219 0.0
vn 0.978473 -0.206374 0.0
vn 0.978473 -0.206374 0.0
vn 0.945248 -0.326352 0.0
vn 0.945248 -0.326352 0.0
vn 0.882672 -0.469989 0.0
vn 0.882672 -0.469989 0.0
vn 0.776677 -0.629899 0.0
vn 0.776677 -0.629899 0.0
vn 0.615664 -0.788009 0.0
vn 0.615664 -0.788009 0.0
vn 0.422134 -0.906534 0.0
vn 0.422134 -0.906534 0.0
vn 0.23304 -0.972467 0.0
vn 0.23304 -0.972467 0.0
vn 0.069824 -0.997559 0.0
vn 0.069824 -0.997559 0.0
vn -0.086517 -0.99625 0.0
vn -0.086517 -0.99625 -0.0
vn -0.28232 -0.95932 0.0
vn -0.28232 -0.95932 -0.0
vn -0.490964 -0.87118 0.0
vn -0.490964 -0.87118 -0.0
vn -0.67976 -0.733435 0.0
vn -0.67976 -0.733435 -0.0
vn -0.82352 -0.567288 0.0
vn -0.82352 -0.567288 0.0
vn -0.922073 -0.387016 0.0
vn -0.922073 -0.387016 0.0
vn -0.976735 -0.214451 0.0
vn -0.976735 -0.214451 0.0
vn -0.997902 -0.064737 0.0
vn -0.997902 -0.064737 0.0
vn -0.99955 0.029994 0.0
vn -0.99955 0.029994 0.0
vn -0.995109 0.09878 0.0
vn -0.995109 0.09878 0.0
vn -0.983358 0.18168 0.0
vn -0.983358 0.18168 0.0
vn -0.959767 0.280799 0.0
vn -0.959767 0.280799 0.0
vn -0.926358 0.376644 0.0
vn -0.926358 0.376644 0.0
vn -0.887553 0.460705 0.0
vn -0.887553 0.460705 0.0
vn -0.835514 0.549469 0.0
vn -0.835514 0.549469 0.0
vn -0.768229 0.640175 0.0
vn -0.768229 0.640175 0.0
vn -0.688682 0.725064 0.0
vn -0.688682 0.725064 0.0
vn -0.608045 0.793902 0.0
vn -0.608045 0.793902 0.0
vn -0.529673 0.848202 0.0
vn -0.529673 0.848202 0.0
vn -0.456186 0.889884 0.0
vn -0.456186 0.889884 0.0
vn -0.40743 0.913236 0.0
vn -0.40743 0.913236 0.0
vn -0.380385 0.924828 0.0
vn -0.380385 0.924828 0.0
vn -0.3558 0.934562 0.0
vn -0.3558 0.934562 0.0
vn -0.333497 0.942751 0.0
vn -0.333497 0.942751 0.0
vn -0.35406 0.935223 0.0
vn -0.35406 0.935223 0.0
vn -0.449941 0.893058 0.0
vn -0.449941 0.893058 0.0
vn -0.565557 0.824709 0.0
vn -0.565557 0.824709 0.0
vn -0.697251 0.716827 0.0
vn -0.697251 0.716827 0.0
vn -0.828797 0.55955 0.0
vn -0.828797 0.55955 0.0
vn -0.923782 0.38292 0.0
vn -0.923782 0.38292 0.0
vn -0.976964 0.213404 0.0
vn -0.976964 0.213404 0.0
vn -0.997909 0.064628 0.0
vn -0.997909 0.064628 0.0
vn -0.997741 -0.067178 0.0
vn -0.997741 -0.067178 0.0
vn -0.972601 -0.232479 0.0
vn -0.972601 -0.232479 0.0
vn -0.898769 -0.438423 0.0
vn -0.898769 -0.438423 0.0
vn -0.750655 -0.660694 0.0
vn -0.750655 -0.660694 0.0
vn -0.551314 -0.834298 0.0
vn -0.551314 -0.834298 -0.0
vn -0.360337 -0.932822 0.0
vn -0.360337 -0.932822 -0.0
vn -0.192466 -0.981304 0.0
vn -0.192466 -0.981304 -0.0
vn -0.056547 -0.9984 0.0
vn -0.056547 -0.9984 -0.0
vn 0.071027 -0.997474 0.0
vn 0.071027 -0.997474 0.0
vn 0.242219 -0.970222 0.0
vn 0.242219 -0.970222 0.0
vn 0.447661 -0.894203 0.0
vn 0.447661 -0.894203 0.0
vn 0.660556 -0.750777 0.0
vn 0.660556 -0.750777 0.0
vn 0.820348 -0.571864 0.0
vn 0.820348 -0.571864 0.0
vn 0.911436 -0.411442 0.0
vn 0.911436 -0.411442 0.0
vn 0.962442 -0.271488 0.0
vn 0.962442 -0.271488 0.0
vn 0.987593 -0.157036 0.0
vn 0.987593 -0.157036 0.0
vn -0.171446 -0.985193 0.0
vn -0.171446 -0.985193 -0.0
vn -0.984202 0.177047 0.0
vn -0.984202 0.177047 0.0
vn -0.952613 0.304185 0.0
vn -0.952613 0.304185 0.0
vn -0.892528 0.450992 0.0
vn -0.892528 0.450992 0.0
vn -0.793879 0.608076 0.0
vn -0.793879 0.608076 0.0
vn -0.652786 0.757543 0.0
vn -0.652786 0.757543 0.0
vn -0.472284 0.881446 0.0
vn -0.472284 0.881446 0.0
vn -0.273746 0.961802 0.0
vn -0.273746 0.961802 0.0
vn -0.084839 0.996395 0.0
vn -0.084839 0.996395 0.0
vn 0.086922 0.996215 -0.0
vn 0.086922 0.996215 0.0
vn 0.285206 0.958466 -0.0
vn 0.285206 0.958466 0.0
vn 0.498195 0.867065 -0.0
vn 0.498195 0.867065 0.0
vn 0.691062 0.722795 -0.0
vn 0.691062 0.722795 0.0
vn 0.834605 0.550848 0.0
vn 0.834605 0.550848 0.0
vn 0.928627 0.371015 0.0
vn 0.928627 0.371015 0.0
vn 0.979069 0.203529 0.0
vn 0.979069 0.203529 0.0
vn 0.998132 0.061099 0.0
vn 0.998132 0.061099 0.0
vn 0.999351 -0.036011 0.0
vn 0.999351 -0.036011 0.0
vn 0.993098 -0.117289 0.0
vn 0.993098 -0.117289 0.0
vn 0.977476 -0.211044 0.0
vn 0.977476 -0.211044 0.0
vn 0.948238 -0.31756 0.0
vn 0.948238 -0.31756 0.0
vn 0.904111 -0.427298 0.0
vn 0.904111 -0.427298 0.0
vn 0.845963 -0.533242 0.0
vn 0.845963 -0.533242 0.0
vn 0.770809 -0.637066 0.0
vn 0.770809 -0.637066 0.0
vn 0.680527 -0.732723 0.0
vn 0.680527 -0.732723 0.0
vn 0.557995 -0.829844 0.0
vn 0.557995 -0.829844 0.0
vn 0.452222 -0.891905 0.0
vn 0.452222 -0.891905 0.0
vn 0.381625 -0.924317 0.0
vn 0.381625 -0.924317 0.0
vn 0.332121 -0.943237 0.0
vn 0.332121 -0.943237 0.0
vn 0.358153 -0.933663 0.0
vn 0.358153 -0.933663 0.0
vn 0.449757 -0.893151 0.0
vn 0.449757 -0.893151 0.0
vn 0.561426 -0.827527 0.0
vn 0.561426 -0.827527 0.0
vn 0.691219 -0.722646 0.0
vn 0.691219 -0.722646 0.0
vn 0.823787 -0.5669 0.0
vn 0.823787 -0.5669 0.0
vn 0.92094 -0.389704 0.0
vn 0.92094 -0.389704 0.0
vn 0.976084 -0.217395 0.0
vn 0.976084 -0.217395 0.0
vn 0.997814 -0.066079 0.0
vn 0.997814 -0.066079 0.0
vn 0.997705 0.067714 0.0
vn 0.997705 0.067714 0.0
vn 0.973056 0.230568 0.0
vn 0.973056 0.230568 0.0
vn 0.90372 0.428125 0.0
vn 0.90372 0.428125 0.0
vn 0.77042 0.637536 0.0
vn 0.77042 0.637536 0.0
vn 0.5765 0.817097 -0.0
vn 0.5765 0.817097 0.0
vn 0.371896 0.928274 -0.0
vn 0.371896 0.928274 0.0
vn 0.195588 0.980686 -0.0
vn 0.195588 0.980686 0.0
vn 0.056723 0.99839 -0.0
vn 0.056723 0.99839 0.0
vn -0.056241 0.998417 0.0
vn -0.056241 0.998417 0.0
vn -0.197349 0.980333 0.0
vn -0.197349 0.980333 0.0
vn -0.383868 0.923388 0.0
vn -0.383868 0.923388 0.0
vn -0.607358 0.794428 0.0
vn -0.607358 0.794428 0.0
vn -0.795967 0.60534 0.0
vn -0.795967 0.60534 0.0
vn -0.897344 0.441331 0.0
vn -0.897344 0.441331 0.0
vn -0.951377 0.308029 0.0
vn -0.951377 0.308029 0.0
vn -0.978937 0.204162 0.0
vn -0.978937 0.204162 0.0
vn 0.242222 0.970221 -0.0
vn 0.242222 0.970221 0.0
vn 0.978459 -0.206443 0.0
vn 0.978459 -0.206443 0.0
vn 0.945248 -0.326353 0.0
vn 0.945248 -0.326353 0.0
vn 0.882672 -0.469989 0.0
vn 0.882672 -0.469989 0.0
vn 0.776677 -0.629899 0.0
vn 0.776677 -0.629899 0.0
vn 0.615665 -0.788008 0.0
vn 0.615665 -0.788008 0.0
vn 0.422172 -0.906516 0.0
vn 0.422172 -0.906516 0.0
vn 0.233019 -0.972472 0.0
vn 0.233019 -0.972472 0.0
vn 0.069824 -0.997559 0.0
vn 0.069824 -0.997559 0.0
vn -0.086517 -0.99625 0.0
vn -0.086517 -0.99625 -0.0
vn -0.572546 -0.819872 0.0
vn -0.572546 -0.819872 -0.0
vn -0.832416 -0.554152 0.0
vn -0.832416 -0.554152 0.0
vn -0.947539 -0.31964 0.0
vn -0.947539 -0.31964 0.0
vn -0.143097 0.989709 0.0
vn -0.143097 0.989709 0.0
vn 0.962871 0.269963 0.0
vn 0.962871 0.269963 0.0
vn 0.858557 0.512718 0.0
vn 0.858557 0.512718 0.0
vn 0.599064 0.800701 -0.0
vn 0.599064 0.800701 0.0
vn 0.194919 0.980819 -0.0
vn 0.194919 0.980819 0.0
vn -0.162642 0.986685 0.0
vn -0.162642 0.986685 0.0
vn -0.490161 0.871632 0.0
vn -0.490161 0.871632 0.0
vn -0.736212 0.676751 0.0
vn -0.736212 0.676751 0.0
vn -0.875815 0.482647 0.0
vn -0.875815 0.482647 0.0
vn -0.946617 0.322361 0.0
vn -0.946617 0.322361 0.0
vn -0.98054 0.196319 0.0
vn -0.98054 0.196319 0.0
vn -0.994829 0.10156 0.0
vn -0.994829 0.10156 0.0
vn -0.999563 0.029566 0.0
vn -0.999563 0.029566 0.0
vn 0.0 -1.0 0.0
vn 0.0 -1.0 -0.0
vn -1.0 0.0 0.0
vn -1.0 -0.0 0.0
vn -0.999458 0.032921 0.0
vn -0.999458 0.032921 0.0
vn -0.993639 0.112614 0.0
vn -0.993639 0.112614 0.0
vn -0.976351 0.216193 0.0
vn -0.976351 0.216193 0.0
vn -0.936487 0.350703 0.0
vn -0.936487 0.350703 0.0
vn -0.854867 0.518848 0.0
vn -0.854867 0.518848 0.0
vn -0.699848 0.714292 0.0
vn -0.699848 0.714292 0.0
vn -0.449763 0.893148 0.0
vn -0.449763 0.893148 0.0
vn -0.145245 0.989396 0.0
vn -0.145245 0.989396 0.0
vn 0.129281 0.991608 -0.0
vn 0.129281 0.991608 0.0
vn 0.406352 0.913717 -0.0
vn 0.406352 0.913717 0.0
vn 0.651596 0.758566 -0.0
vn 0.651596 0.758566 0.0
vn 0.81947 0.573122 0.0
vn 0.81947 0.573122 0.0
vn 0.916065 0.40103 0.0
vn 0.916065 0.40103 0.0
vn 0.967393 0.253282 0.0
vn 0.967393 0.253282 0.0
vn 0.990996 0.133888 0.0
vn 0.990996 0.133888 0.0
vn 0.999221 0.039476 0.0
vn 0.999221 0.039476 0.0
vn 0.99929 -0.037667 0.0
vn 0.99929 -0.037667 0.0
vn 0.991694 -0.128622 0.0
vn 0.991694 -0.128622 0.0
vn 0.969469 -0.245212 0.0
vn 0.969469 -0.245212 0.0
vn 0.919676 -0.392679 0.0
vn 0.919676 -0.392679 0.0
vn 0.823573 -0.567211 0.0
vn 0.823573 -0.567211 0.0
vn 0.655576 -0.755129 0.0
vn 0.655576 -0.755129 0.0
vn 0.408758 -0.912643 0.0
vn 0.408758 -0.912643 0.0
vn 0.129865 -0.991532 0.0
vn 0.129865 -0.991532 0.0
vn -0.186659 -0.982425 0.0
vn -0.186659 -0.982425 -0.0
vn -0.998862 -0.047685 0.0
vn -0.998862 -0.047685 0.0
vn -0.991986 -0.126345 0.0
vn -0.991986 -0.126345 0.0
vn -0.97425 -0.225472 0.0
vn -0.97425 -0.225472 0.0
vn -0.936889 -0.349627 0.0
vn -0.936889 -0.349627 0.0
vn -0.862007 -0.506896 0.0
vn -0.862007 -0.506896 0.0
vn -0.713655 -0.700497 0.0
vn -0.713655 -0.700497 0.0
vn -0.465877 -0.884849 0.0
vn -0.465877 -0.884849 -0.0
vn -0.152258 -0.988341 0.0
vn -0.152258 -0.988341 -0.0
vn 0.152804 -0.988257 0.0
vn 0.152804 -0.988257 0.0
vn 0.461296 -0.887246 0.0
vn 0.461296 -0.887246 0.0
vn 0.701869 -0.712307 0.0
vn 0.701869 -0.712307 0.0
vn 0.847845 -0.530244 0.0
vn 0.847845 -0.530244 0.0
vn 0.928469 -0.371409 0.0
vn 0.928469 -0.371409 0.0
vn 0.970362 -0.241656 0.0
vn 0.970362 -0.241656 0.0
vn 0.989721 -0.143012 0.0
vn 0.989721 -0.143012 0.0
vn 0.997709 -0.067654 0.0
vn 0.997709 -0.067654 0.0
vn 0.0 1.0 -0.0
vn 0.0 1.0 0.0
vn -0.572559 -0.819863 0.0
vn -0.572559 -0.819863 -0.0
vn -0.832403 -0.554171 0.0
vn -0.832403 -0.554171 0.0
vn -0.947547 -0.319616 0.0
vn -0.947547 -0.319616 0.0
vn -0.143098 0.989708 0.0
vn -0.143098 0.989708 0.0
vn 0.962875 0.269946 0.0
vn 0.962875 0.269946 0.0
vn 0.858547 0.512735 0.0
vn 0.858547 0.512735 0.0
vn 0.599039 0.80072 -0.0
vn 0.599039 0.80072 0.0
vn 0.194917 0.98082 -0.0
vn 0.194917 0.98082 0.0
vn -0.16266 0.986682 0.0
vn -0.16266 0.986682 0.0
vn -0.49014 0.871643 0.0
vn -0.49014 0.871643 0.0
vn -0.736197 0.676767 0.0
vn -0.736197 0.676767 0.0
vn -0.875848 0.482587 0.0
vn -0.875848 0.482587 0.0
vn -0.946611 0.322379 0.0
vn -0.946611 0.322379 0.0
vn -0.980534 0.196348 0.0
vn -0.980534 0.196348 0.0
vn -0.994827 0.101583 0.0
vn -0.994827 0.101583 0.0
vn -0.999564 0.02953 0.0
vn -0.999564 0.02953 0.0
vn 0.0 -1.0 0.0
vn 0.0 -1.0 -0.0
vn -1.0 0.0 0.0
vn -1.0 -0.0 0.0
vn -0.999458 0.032929 0.0
vn -0.999458 0.032929 0.0
vn -0.993641 0.112598 0.0
vn -0.993641 0.112598 0.0
vn -0.976352 0.216188 0.0
vn -0.976352 0.216188 0.0
vn -0.936479 0.350722 0.0
vn -0.936479 0.350722 0.0
vn -0.854858 0.518862 0.0
vn -0.854858 0.518862 0.0
vn -0.699859 0.714281 0.0
vn -0.699859 0.714281 0.0
vn -0.449763 0.893148 0.0
vn -0.449763 0.893148 0.0
vn -0.145252 0.989395 0.0
vn -0.145252 0.989395 0.0
vn 0.129275 0.991609 -0.0
vn 0.129275 0.991609 0.0
vn 0.406369 0.913709 -0.0
vn 0.406369 0.913709 0.0
vn 0.651596 0.758566 -0.0
vn 0.651596 0.758566 0.0
vn 0.819438 0.573168 0.0
vn 0.819438 0.573168 0.0
vn 0.916064 0.401031 0.0
vn 0.916064 0.401031 0.0
vn 0.967393 0.253281 0.0
vn 0.967393 0.253281 0.0
vn 0.990996 0.133888 0.0
vn 0.990996 0.133888 0.0
vn 0.999221 0.039476 0.0
vn 0.999221 0.039476 0.0
vn 0.999289 -0.037708 0.0
vn 0.999289 -0.037708 0.0
vn 0.991699 -0.128578 0.0
vn 0.991699 -0.128578 0.0
vn 0.969457 -0.245262 0.0
vn 0.969457 -0.245262 0.0
vn 0.919676 -0.392679 0.0
vn 0.919676 -0.392679 0.0
vn 0.823586 -0.567192 0.0
vn 0.823586 -0.567192 0.0
vn 0.655576 -0.75513 0.0
vn 0.655576 -0.75513 0.0
vn 0.408762 -0.912641 0.0
vn 0.408762 -0.912641 0.0
vn 0.129867 -0.991531 0.0
vn 0.129867 -0.991531 0.0
vn -0.186652 -0.982426 0.0
vn -0.186652 -0.982426 -0.0
vn -0.998862 -0.0477 0.0
vn -0.998862 -0.0477 0.0
vn -0.991998 -0.126256 0.0
vn -0.991998 -0.126256 0.0
vn -0.974252 -0.225461 0.0
vn -0.974252 -0.225461 0.0
vn -0.936846 -0.349743 0.0
vn -0.936846 -0.349743 0.0
vn -0.862026 -0.506864 0.0
vn -0.862026 -0.506864 0.0
vn -0.713684 -0.700468 0.0
vn -0.713684 -0.700468 0.0
vn -0.465891 -0.884842 0.0
vn -0.465891 -0.884842 -0.0
vn -0.152259 -0.988341 0.0
vn -0.152259 -0.988341 -0.0
vn 0.15278 -0.98826 0.0
vn 0.15278 -0.98826 0.0
vn 0.461351 -0.887218 0.0
vn 0.461351 -0.887218 0.0
vn 0.701823 -0.712352 0.0
vn 0.701823 -0.712352 0.0
vn 0.847847 -0.530241 0.0
vn 0.847847 -0.530241 0.0
vn 0.928497 -0.371341 0.0
vn 0.928497 -0.371341 0.0
vn 0.970343 -0.241732 0.0
vn 0.970343 -0.241732 0.0
vn 0.989722 -0.143003 0.0
vn 0.989722 -0.143003 0.0
vn 0.997712 -0.067601 0.0
vn 0.997712 -0.067601 0.0
vn 0.0 1.0 -0.0
vn 0.0 1.0 0.0
vn 0.0 1.0 -0.0
vn 0.0 1.0 0.0
vn 1.0 -0.0 0.0
vn 1.0 0.0 0.0
vn 0.0 -1.0 0.0
vn 0.0 -1.0 -0.0
vn -1.0 0.0 0.0
vn -1.0 -0.0 0.0
vn 1.0 -0.0 0.0
vn 1.0 0.0 0.0
vn 0.0 -1.0 0.0
vn 0.0 -1.0 -0.0
vn 0.0 -1.0 0.0
vn 0.0 -1.0 -0.0
vn -0.707107 -0.707107 0.0
vn -0.707107 -0.707107 -0.0
vn 0.707001 0.707213 0.0
vn 0.707001 0.707213 0.0
vn 0.707107 -0.707107 0.0
vn 0.707107 -0.707107 0.0
vn -0.707104 -0.707109 0.0
vn -0.707104 -0.707109 0.0
vn 0.707107 -0.707107 0.0
vn 0.707107 -0.707107 0.0
vn -0.707073 -0.707141 0.0
vn -0.707073 -0.707141 -0.0
vn 0.707107 0.707107 0.0
vn 0.707107 0.707107 0.0
vn 0.707107 -0.707107 0.0
vn 0.707107 -0.707107 0.0
vn 0.0 -1.0 0.0
vn 0.0 -1.0 -0.0
vn 1.0 -0.0 0.0
vn 1.0 0.0 0.0
f 1512//1 1513//1 1514//1 
f 1513//2 1512//2 1511//2 
f 8//3 46//3 48//3 
f 46//4 40//4 44//4 
f 46//5 36//5 40//5 
f 24//6 46//6 8//6 
f 46//7 32//7 36//7 
f 46//8 28//8 32//8 
f 46//9 24//9 28//9 
f 24//10 8//10 20//10 
f 20//11 8//11 16//11 
f 16//12 8//12 12//12 
f 12//13 8//13 6//13 
f 102//14 1036//14 1038//14 
f 1036//15 886//15 936//15 
f 1036//16 136//16 886//16 
f 886//17 142//17 758//17 
f 142//18 886//18 146//18 
f 148//19 886//19 144//19 
f 146//20 886//20 150//20 
f 150//21 886//21 148//21 
f 886//22 140//22 144//22 
f 886//23 136//23 140//23 
f 1036//24 132//24 136//24 
f 1036//25 128//25 132//25 
f 1036//26 124//26 128//26 
f 1036//27 102//27 124//27 
f 124//28 102//28 120//28 
f 120//29 102//29 116//29 
f 116//30 102//30 112//30 
f 102//31 1038//31 104//31 
f 112//32 102//32 108//32 
f 102//33 100//33 108//33 
f 102//34 96//34 100//34 
f 102//35 92//35 96//35 
f 102//36 88//36 92//36 
f 102//37 84//37 88//37 
f 102//38 80//38 84//38 
f 102//39 76//39 80//39 
f 102//40 72//40 76//40 
f 102//41 68//41 72//41 
f 102//42 64//42 68//42 
f 102//43 60//43 64//43 
f 46//44 60//44 102//44 
f 60//45 46//45 56//45 
f 56//46 46//46 52//46 
f 52//47 46//47 44//47 
f 1322//48 1514//48 1510//48 
f 1322//49 1510//49 1508//49 
f 1322//50 1508//50 1506//50 
f 1322//51 1506//51 1504//51 
f 1322//52 1504//52 1502//52 
f 1322//53 1502//53 1500//53 
f 1322//54 1500//54 1498//54 
f 1322//55 1498//55 1496//55 
f 1322//56 1496//56 1494//56 
f 1514//57 1492//57 1512//57 
f 1492//58 1488//58 1490//58 
f 1514//59 1488//59 1492//59 
f 1322//60 1494//60 1486//60 
f 1322//61 1486//61 1484//61 
f 1322//62 1484//62 1482//62 
f 1322//63 1482//63 1480//63 
f 1322//64 1480//64 1478//64 
f 1322//65 1478//65 1476//65 
f 1322//66 1476//66 1474//66 
f 1322//67 1474//67 1472//67 
f 1322//68 1472//68 1470//68 
f 1322//69 1470//69 1468//69 
f 1322//70 1468//70 1448//70 
f 1322//71 1448//71 1430//71 
f 1322//72 1430//72 1414//72 
f 1322//73 1414//73 1370//73 
f 1322//74 1370//74 1348//74 
f 1514//75 1322//75 1098//75 
f 1514//76 1098//76 1488//76 
f 1488//77 1080//77 1232//77 
f 1098//78 1322//78 1100//78 
f 1488//79 1098//79 1080//79 
f 1232//80 1080//80 1120//80 
f 1036//81 1080//81 1098//81 
f 1080//82 1036//82 936//82 
f 1234//83 1232//83 1120//83 
f 760//84 758//84 756//84 
f 138//85 758//85 142//85 
f 134//86 758//86 138//86 
f 130//87 758//87 134//87 
f 126//88 758//88 130//88 
f 122//89 758//89 126//89 
f 118//90 758//90 122//90 
f 114//91 758//91 118//91 
f 110//92 758//92 114//92 
f 106//93 758//93 110//93 
f 758//94 106//94 756//94 
f 98//95 756//95 106//95 
f 94//96 756//96 98//96 
f 90//97 756//97 94//97 
f 756//98 90//98 754//98 
f 86//99 754//99 90//99 
f 82//100 754//100 86//100 
f 2//101 82//101 78//101 
f 2//102 78//102 74//102 
f 2//103 74//103 70//103 
f 2//104 70//104 66//104 
f 2//105 66//105 62//105 
f 2//106 62//106 58//106 
f 2//107 58//107 54//107 
f 2//108 54//108 50//108 
f 2//109 50//109 42//109 
f 2//110 42//110 38//110 
f 2//111 38//111 34//111 
f 2//112 34//112 30//112 
f 2//113 30//113 26//113 
f 2//114 26//114 22//114 
f 2//115 22//115 18//115 
f 82//116 2//116 754//116 
f 14//117 2//117 18//117 
f 10//118 2//118 14//118 
f 2//119 10//119 4//119 
f 751//120 725//120 745//120 
f 677//121 721//121 725//121 
f 681//122 721//122 677//122 
f 689//123 713//123 681//123 
f 713//124 701//124 705//124 
f 659//125 725//125 751//125 
f 677//126 725//126 671//126 
f 721//127 681//127 713//127 
f 701//128 689//128 693//128 
f 713//129 689//129 701//129 
f 725//130 667//130 671//130 
f 725//131 663//131 667//131 
f 725//132 659//132 663//132 
f 183//133 755//133 753//133 
f 755//134 747//134 749//134 
f 755//135 743//135 747//135 
f 755//136 741//136 743//136 
f 755//137 737//137 741//137 
f 755//138 733//138 737//138 
f 755//139 729//139 733//139 
f 755//140 709//140 729//140 
f 755//141 699//141 709//141 
f 755//142 685//142 699//142 
f 755//143 537//143 685//143 
f 559//144 685//144 537//144 
f 589//145 657//145 559//145 
f 657//146 589//146 653//146 
f 603//147 653//147 595//147 
f 605//148 633//148 637//148 
f 621//149 637//149 641//149 
f 633//150 629//150 631//150 
f 649//151 609//151 645//151 
f 597//152 637//152 621//152 
f 633//153 625//153 629//153 
f 633//154 623//154 625//154 
f 645//155 621//155 641//155 
f 621//156 645//156 615//156 
f 615//157 645//157 609//157 
f 609//158 649//158 603//158 
f 653//159 603//159 649//159 
f 595//160 653//160 589//160 
f 685//161 559//161 657//161 
f 755//162 519//162 537//162 
f 755//163 501//163 519//163 
f 755//164 317//164 501//164 
f 339//165 501//165 317//165 
f 501//166 339//166 471//166 
f 471//167 369//167 451//167 
f 447//168 411//168 413//168 
f 401//169 417//169 421//169 
f 419//170 409//170 411//170 
f 395//171 421//171 429//171 
f 419//172 405//172 409//172 
f 419//173 403//173 405//173 
f 377//174 419//174 401//174 
f 389//175 429//175 435//175 
f 375//176 451//176 369//176 
f 421//177 395//177 401//177 
f 429//178 389//178 395//178 
f 435//179 383//179 389//179 
f 443//180 383//180 435//180 
f 383//181 443//181 375//181 
f 451//182 375//182 443//182 
f 369//183 471//183 339//183 
f 755//184 183//184 317//184 
f 317//185 183//185 299//185 
f 299//186 183//186 281//186 
f 281//187 183//187 251//187 
f 251//188 183//188 231//188 
f 203//189 183//189 193//189 
f 183//190 197//190 201//190 
f 193//191 183//191 191//191 
f 209//192 183//192 201//192 
f 215//193 183//193 209//193 
f 223//194 183//194 215//194 
f 231//195 183//195 223//195 
f 1//196 183//196 753//196 
f 147//197 159//197 149//197 
f 159//198 145//198 149//198 
f 159//199 141//199 145//199 
f 159//200 137//200 141//200 
f 159//201 133//201 137//201 
f 159//202 129//202 133//202 
f 159//203 125//203 129//203 
f 183//204 1//204 159//204 
f 159//205 121//205 125//205 
f 159//206 117//206 121//206 
f 159//207 113//207 117//207 
f 159//208 109//208 113//208 
f 159//209 105//209 109//209 
f 159//210 97//210 105//210 
f 159//211 93//211 97//211 
f 159//212 89//212 93//212 
f 159//213 85//213 89//213 
f 159//214 81//214 85//214 
f 77//215 159//215 1//215 
f 159//216 77//216 81//216 
f 77//217 1//217 73//217 
f 73//218 1//218 69//218 
f 69//219 1//219 65//219 
f 65//220 1//220 61//220 
f 61//221 1//221 57//221 
f 57//222 1//222 53//222 
f 53//223 1//223 49//223 
f 49//224 1//224 41//224 
f 41//225 1//225 37//225 
f 37//226 1//226 33//226 
f 33//227 1//227 29//227 
f 29//228 1//228 25//228 
f 25//229 1//229 21//229 
f 21//230 1//230 17//230 
f 1//231 13//231 17//231 
f 1//232 9//232 13//232 
f 9//233 1//233 3//233 
f 759//234 755//234 757//234 
f 1489//235 1487//235 1491//235 
f 1463//236 1513//236 1511//236 
f 1465//237 1513//237 1463//237 
f 1453//238 1513//238 1461//238 
f 1443//239 1513//239 1453//239 
f 1433//240 1513//240 1443//240 
f 1423//241 1513//241 1433//241 
f 1401//242 1513//242 1423//242 
f 1367//243 1513//243 1401//243 
f 1509//244 1367//244 1507//244 
f 1449//245 1511//245 1491//245 
f 1441//246 1491//246 1487//246 
f 1513//247 1367//247 1509//247 
f 1505//248 1367//248 1503//248 
f 1503//249 1367//249 1501//249 
f 1341//250 1501//250 1367//250 
f 1501//251 1341//251 1499//251 
f 1499//252 1341//252 1497//252 
f 1497//253 1341//253 1495//253 
f 1495//254 1341//254 1493//254 
f 1493//255 1341//255 1485//255 
f 1485//256 1341//256 1483//256 
f 1507//257 1367//257 1505//257 
f 1461//258 1513//258 1465//258 
f 1511//259 1459//259 1463//259 
f 1511//260 1455//260 1459//260 
f 1459//261 1455//261 1457//261 
f 1511//262 1449//262 1455//262 
f 1491//263 1441//263 1449//263 
f 1487//264 1435//264 1441//264 
f 1487//265 1425//265 1435//265 
f 1487//266 1419//266 1425//266 
f 1487//267 1387//267 1419//267 
f 1487//268 1363//268 1387//268 
f 1487//269 1343//269 1363//269 
f 1231//270 1343//270 1487//270 
f 1343//271 1231//271 1325//271 
f 1101//272 1325//272 1231//272 
f 1219//273 1251//273 1215//273 
f 1257//274 1215//274 1251//274 
f 1215//275 1257//275 1211//275 
f 1265//276 1211//276 1257//276 
f 1273//277 1211//277 1265//277 
f 1293//278 1211//278 1273//278 
f 1325//279 1101//279 1293//279 
f 633//280 617//280 623//280 
f 633//281 613//281 617//281 
f 633//282 607//282 613//282 
f 633//283 605//283 607//283 
f 637//284 599//284 605//284 
f 637//285 597//285 599//285 
f 621//286 591//286 597//286 
f 621//287 587//287 591//287 
f 575//288 587//288 621//288 
f 513//289 575//289 571//289 
f 575//290 565//290 587//290 
f 507//291 571//291 563//291 
f 527//292 563//292 557//292 
f 535//293 557//293 551//293 
f 575//294 549//294 565//294 
f 535//295 551//295 545//295 
f 557//296 535//296 527//296 
f 575//297 533//297 549//297 
f 521//298 563//298 527//298 
f 575//299 523//299 533//299 
f 563//300 521//300 507//300 
f 575//301 513//301 523//301 
f 463//302 521//302 511//302 
f 571//303 507//303 513//303 
f 469//304 511//304 503//304 
f 521//305 497//305 507//305 
f 475//306 503//306 493//306 
f 521//307 463//307 497//307 
f 475//308 493//308 489//308 
f 467//309 497//309 463//309 
f 475//310 489//310 481//310 
f 497//311 467//311 491//311 
f 503//312 475//312 469//312 
f 473//313 491//313 467//313 
f 511//314 469//314 463//314 
f 491//315 473//315 485//315 
f 485//316 473//316 479//316 
f 543//317 585//317 583//317 
f 553//318 583//318 579//318 
f 585//319 529//319 581//319 
f 553//320 579//320 569//320 
f 539//321 581//321 529//321 
f 553//322 569//322 561//322 
f 581//323 539//323 577//323 
f 583//324 553//324 543//324 
f 577//325 547//325 567//325 
f 585//326 543//326 529//326 
f 567//327 547//327 555//327 
f 515//328 543//328 531//328 
f 547//329 577//329 539//329 
f 515//330 531//330 525//330 
f 543//331 515//331 529//331 
f 525//332 509//332 515//332 
f 453//333 525//333 505//333 
f 525//334 455//334 509//334 
f 459//335 509//335 455//335 
f 453//336 505//336 483//336 
f 509//337 459//337 495//337 
f 461//338 495//338 459//338 
f 495//339 461//339 487//339 
f 453//340 483//340 457//340 
f 525//341 453//341 455//341 
f 487//342 461//342 477//342 
f 447//343 453//343 457//343 
f 411//344 447//344 445//344 
f 411//345 445//345 439//345 
f 411//346 439//346 437//346 
f 411//347 437//347 431//347 
f 411//348 431//348 427//348 
f 447//349 413//349 453//349 
f 411//350 427//350 423//350 
f 411//351 423//351 419//351 
f 401//352 419//352 417//352 
f 419//353 397//353 403//353 
f 419//354 393//354 397//354 
f 419//355 387//355 393//355 
f 419//356 385//356 387//356 
f 419//357 379//357 385//357 
f 419//358 377//358 379//358 
f 401//359 371//359 377//359 
f 401//360 367//360 371//360 
f 355//361 367//361 401//361 
f 293//362 355//362 351//362 
f 355//363 345//363 367//363 
f 287//364 351//364 343//364 
f 307//365 343//365 337//365 
f 315//366 337//366 331//366 
f 355//367 329//367 345//367 
f 315//368 331//368 325//368 
f 337//369 315//369 307//369 
f 355//370 313//370 329//370 
f 301//371 343//371 307//371 
f 355//372 303//372 313//372 
f 343//373 301//373 287//373 
f 355//374 293//374 303//374 
f 243//375 301//375 291//375 
f 351//376 287//376 293//376 
f 249//377 291//377 283//377 
f 301//378 277//378 287//378 
f 255//379 283//379 273//379 
f 301//380 243//380 277//380 
f 255//381 273//381 269//381 
f 247//382 277//382 243//382 
f 255//383 269//383 261//383 
f 277//384 247//384 271//384 
f 283//385 255//385 249//385 
f 253//386 271//386 247//386 
f 291//387 249//387 243//387 
f 271//388 253//388 265//388 
f 265//389 253//389 259//389 
f 323//390 365//390 363//390 
f 333//391 363//391 359//391 
f 365//392 309//392 361//392 
f 333//393 359//393 349//393 
f 319//394 361//394 309//394 
f 333//395 349//395 341//395 
f 361//396 319//396 357//396 
f 363//397 333//397 323//397 
f 357//398 327//398 347//398 
f 365//399 323//399 309//399 
f 347//400 327//400 335//400 
f 295//401 323//401 311//401 
f 327//402 357//402 319//402 
f 295//403 311//403 305//403 
f 323//404 295//404 309//404 
f 305//405 289//405 295//405 
f 233//406 305//406 285//406 
f 305//407 235//407 289//407 
f 239//408 289//408 235//408 
f 233//409 285//409 263//409 
f 289//410 239//410 275//410 
f 241//411 275//411 239//411 
f 275//412 241//412 267//412 
f 233//413 263//413 237//413 
f 305//414 233//414 235//414 
f 267//415 241//415 257//415 
f 227//416 233//416 237//416 
f 193//417 227//417 225//417 
f 193//418 225//418 219//418 
f 193//419 219//419 217//419 
f 193//420 217//420 211//420 
f 193//421 211//421 207//421 
f 227//422 193//422 233//422 
f 203//423 193//423 207//423 
f 183//424 203//424 199//424 
f 183//425 199//425 197//425 
f 749//426 777//426 775//426 
f 805//427 843//427 841//427 
f 861//428 901//428 899//428 
f 1083//429 1075//429 1077//429 
f 1081//430 1071//430 1075//430 
f 1081//431 1067//431 1071//431 
f 1081//432 1063//432 1067//432 
f 1081//433 1059//433 1063//433 
f 1081//434 1055//434 1059//434 
f 1081//435 1045//435 1055//435 
f 1081//436 963//436 1045//436 
f 1045//437 963//437 1027//437 
f 1027//438 963//438 1015//438 
f 965//439 1015//439 963//439 
f 1015//440 965//440 1001//440 
f 885//441 1079//441 935//441 
f 1079//442 885//442 963//442 
f 917//443 933//443 931//443 
f 919//444 933//444 917//444 
f 933//445 921//445 929//445 
f 929//446 921//446 927//446 
f 927//447 921//447 925//447 
f 963//448 885//448 931//448 
f 921//449 933//449 919//449 
f 931//450 915//450 917//450 
f 931//451 913//451 915//451 
f 931//452 911//452 913//452 
f 931//453 909//453 911//453 
f 891//454 931//454 885//454 
f 931//455 907//455 909//455 
f 931//456 905//456 907//456 
f 931//457 895//457 905//457 
f 931//458 891//458 895//458 
f 847//459 891//459 885//459 
f 891//460 847//460 889//460 
f 889//461 847//461 883//461 
f 849//462 883//462 847//462 
f 883//463 849//463 877//463 
f 851//464 873//464 849//464 
f 873//465 851//465 869//465 
f 853//466 863//466 851//466 
f 863//467 853//467 855//467 
f 869//468 851//468 863//468 
f 877//469 849//469 873//469 
f 885//470 837//470 847//470 
f 885//471 833//471 837//471 
f 781//472 833//472 885//472 
f 833//473 781//473 831//473 
f 831//474 781//474 827//474 
f 827//475 781//475 823//475 
f 783//476 823//476 781//476 
f 795//477 799//477 809//477 
f 799//478 795//478 797//478 
f 791//479 809//479 815//479 
f 785//480 823//480 783//480 
f 809//481 793//481 795//481 
f 809//482 791//482 793//482 
f 815//483 789//483 791//483 
f 815//484 787//484 789//484 
f 819//485 787//485 815//485 
f 787//486 819//486 785//486 
f 823//487 785//487 819//487 
f 885//488 761//488 781//488 
f 761//489 885//489 757//489 
f 1001//490 965//490 987//490 
f 949//491 987//491 965//491 
f 987//492 949//492 967//492 
f 1091//493 1105//493 1103//493 
f 1105//494 1091//494 1093//494 
f 1229//495 1203//495 1223//495 
f 1155//496 1199//496 1203//496 
f 1159//497 1199//497 1155//497 
f 1167//498 1191//498 1159//498 
f 1191//499 1179//499 1183//499 
f 1137//500 1203//500 1229//500 
f 1155//501 1203//501 1149//501 
f 1199//502 1159//502 1191//502 
f 1179//503 1167//503 1171//503 
f 1191//504 1167//504 1179//504 
f 1203//505 1145//505 1149//505 
f 1203//506 1141//506 1145//506 
f 1203//507 1137//507 1141//507 
f 1239//508 1227//508 1235//508 
f 1227//509 1239//509 1225//509 
f 1243//510 1221//510 1239//510 
f 1221//511 1243//511 1219//511 
f 1251//512 1219//512 1243//512 
f 1293//513 1207//513 1211//513 
f 1293//514 1187//514 1207//514 
f 1293//515 1101//515 1187//515 
f 1187//516 1101//516 1177//516 
f 1177//517 1101//517 1163//517 
f 1103//518 1163//518 1101//518 
f 1163//519 1103//519 1135//519 
f 1135//520 1103//520 1131//520 
f 1119//521 1231//521 1233//521 
f 1101//522 1231//522 1119//522 
f 1105//523 1131//523 1103//523 
f 1131//524 1105//524 1127//524 
f 1127//525 1105//525 1123//525 
f 1123//526 1105//526 1117//526 
f 1079//527 1101//527 1119//527 
f 1085//528 1091//528 1089//528 
f 1091//529 1085//529 1093//529 
f 1087//530 1093//530 1085//530 
f 1101//531 1079//531 1089//531 
f 1089//532 1079//532 1085//532 
f 963//533 1081//533 1079//533 
f 1085//534 1079//534 1081//534 
f 1483//535 1341//535 1481//535 
f 1481//536 1341//536 1479//536 
f 1479//537 1341//537 1477//537 
f 1477//538 1341//538 1475//538 
f 1475//539 1341//539 1473//539 
f 1473//540 1341//540 1471//540 
f 1471//541 1341//541 1469//541 
f 1469//542 1341//542 1467//542 
f 1467//543 1341//543 1447//543 
f 1447//544 1341//544 1429//544 
f 1429//545 1341//545 1413//545 
f 1413//546 1341//546 1369//546 
f 1369//547 1341//547 1347//547 
f 1321//548 1341//548 1323//548 
f 1341//549 1321//549 1347//549 
f 1287//550 1321//550 1323//550 
f 1195//551 1287//551 1271//551 
f 1213//552 1271//552 1263//552 
f 1213//553 1263//553 1255//553 
f 1217//554 1255//554 1247//554 
f 1217//555 1247//555 1237//555 
f 1223//556 1237//556 1235//556 
f 1225//557 1239//557 1221//557 
f 1229//558 1235//558 1227//558 
f 1223//559 1235//559 1229//559 
f 1237//560 1223//560 1217//560 
f 1255//561 1217//561 1213//561 
f 1271//562 1213//562 1195//562 
f 1287//563 1195//563 1321//563 
f 1175//564 1321//564 1195//564 
f 1161//565 1321//565 1175//565 
f 1107//566 1161//566 1133//566 
f 1107//567 1133//567 1129//567 
f 1107//568 1129//568 1125//568 
f 1107//569 1125//569 1121//569 
f 1117//570 1105//570 1113//570 
f 1113//571 1105//571 1109//571 
f 1107//572 1109//572 1105//572 
f 1109//573 1107//573 1111//573 
f 1111//574 1107//574 1115//574 
f 1107//575 1121//575 1115//575 
f 1161//576 1107//576 1321//576 
f 1095//577 1321//577 1107//577 
f 1093//578 1087//578 1095//578 
f 1087//579 1321//579 1095//579 
f 1083//580 1321//580 1087//580 
f 1075//581 1083//581 1081//581 
f 1073//582 1083//582 1077//582 
f 1069//583 1083//583 1073//583 
f 1065//584 1083//584 1069//584 
f 1061//585 1083//585 1065//585 
f 1057//586 1083//586 1061//586 
f 1053//587 1083//587 1057//587 
f 1041//588 1083//588 1053//588 
f 1025//589 1083//589 1041//589 
f 1083//590 1025//590 1321//590 
f 1017//591 1321//591 1025//591 
f 937//592 1017//592 1009//592 
f 937//593 1009//593 1003//593 
f 937//594 1003//594 999//594 
f 955//595 969//595 957//595 
f 969//596 955//596 975//596 
f 953//597 975//597 955//597 
f 947//598 975//598 953//598 
f 975//599 947//599 983//599 
f 945//600 983//600 947//600 
f 943//601 983//601 945//601 
f 983//602 943//602 993//602 
f 941//603 993//603 943//603 
f 993//604 941//604 999//604 
f 939//605 999//605 941//605 
f 937//606 999//606 939//606 
f 923//607 1017//607 937//607 
f 1017//608 923//608 1321//608 
f 925//609 921//609 923//609 
f 921//610 1321//610 923//610 
f 903//611 1321//611 921//611 
f 867//612 899//612 897//612 
f 875//613 897//613 893//613 
f 881//614 893//614 887//614 
f 893//615 881//615 879//615 
f 893//616 879//616 875//616 
f 897//617 875//617 871//617 
f 897//618 871//618 867//618 
f 899//619 867//619 865//619 
f 899//620 865//620 861//620 
f 901//621 861//621 857//621 
f 901//622 857//622 903//622 
f 859//623 903//623 857//623 
f 859//624 1321//624 903//624 
f 845//625 1321//625 859//625 
f 813//626 841//626 839//626 
f 817//627 839//627 835//627 
f 825//628 835//628 829//628 
f 835//629 825//629 821//629 
f 835//630 821//630 817//630 
f 839//631 817//631 813//631 
f 841//632 813//632 811//632 
f 841//633 811//633 807//633 
f 841//634 807//634 805//634 
f 843//635 805//635 801//635 
f 843//636 801//636 845//636 
f 803//637 845//637 801//637 
f 803//638 1321//638 845//638 
f 779//639 1321//639 803//639 
f 749//640 775//640 773//640 
f 749//641 773//641 771//641 
f 749//642 771//642 769//642 
f 749//643 769//643 767//643 
f 749//644 767//644 765//644 
f 749//645 765//645 763//645 
f 749//646 763//646 761//646 
f 749//647 761//647 757//647 
f 749//648 757//648 755//648 
f 777//649 749//649 751//649 
f 777//650 751//650 779//650 
f 745//651 779//651 751//651 
f 739//652 779//652 745//652 
f 735//653 779//653 739//653 
f 717//654 779//654 735//654 
f 697//655 779//655 717//655 
f 779//656 697//656 1321//656 
f 541//657 697//657 683//657 
f 573//658 683//658 655//658 
f 631//659 635//659 633//659 
f 631//660 639//660 635//660 
f 627//661 639//661 631//661 
f 639//662 627//662 643//662 
f 619//663 643//663 627//663 
f 643//664 619//664 647//664 
f 611//665 647//665 619//665 
f 647//666 611//666 651//666 
f 601//667 651//667 611//667 
f 593//668 651//668 601//668 
f 651//669 593//669 655//669 
f 573//670 655//670 593//670 
f 683//671 573//671 541//671 
f 697//672 541//672 517//672 
f 697//673 517//673 7//673 
f 7//674 517//674 499//674 
f 321//675 499//675 465//675 
f 407//676 413//676 411//676 
f 413//677 407//677 415//677 
f 399//678 415//678 407//678 
f 415//679 399//679 425//679 
f 391//680 425//680 399//680 
f 425//681 391//681 433//681 
f 381//682 433//682 391//682 
f 433//683 381//683 441//683 
f 373//684 441//684 381//684 
f 441//685 373//685 449//685 
f 353//686 449//686 373//686 
f 449//687 353//687 465//687 
f 321//688 465//688 353//688 
f 499//689 321//689 7//689 
f 7//690 321//690 297//690 
f 7//691 297//691 279//691 
f 191//692 279//692 245//692 
f 191//693 195//693 193//693 
f 191//694 205//694 195//694 
f 191//695 213//695 205//695 
f 191//696 221//696 213//696 
f 191//697 229//697 221//697 
f 191//698 245//698 229//698 
f 279//699 191//699 7//699 
f 7//700 191//700 189//700 
f 155//701 189//701 187//701 
f 153//702 189//702 155//702 
f 7//703 189//703 153//703 
f 79//704 153//704 151//704 
f 143//705 159//705 147//705 
f 159//706 143//706 151//706 
f 139//707 151//707 143//707 
f 135//708 151//708 139//708 
f 131//709 151//709 135//709 
f 127//710 151//710 131//710 
f 123//711 151//711 127//711 
f 119//712 151//712 123//712 
f 115//713 151//713 119//713 
f 111//714 151//714 115//714 
f 107//715 151//715 111//715 
f 99//716 151//716 107//716 
f 95//717 151//717 99//717 
f 91//718 151//718 95//718 
f 87//719 151//719 91//719 
f 83//720 151//720 87//720 
f 79//721 151//721 83//721 
f 153//722 79//722 7//722 
f 7//723 79//723 75//723 
f 7//724 75//724 71//724 
f 7//725 71//725 67//725 
f 7//726 67//726 63//726 
f 7//727 63//727 59//727 
f 7//728 59//728 55//728 
f 7//729 55//729 51//729 
f 7//730 51//730 43//730 
f 7//731 43//731 39//731 
f 7//732 39//732 35//732 
f 7//733 35//733 31//733 
f 697//734 7//734 1321//734 
f 27//735 7//735 31//735 
f 23//736 7//736 27//736 
f 19//737 7//737 23//737 
f 15//738 7//738 19//738 
f 11//739 7//739 15//739 
f 7//740 11//740 5//740 
f 1455//741 1451//741 1457//741 
f 1455//742 1445//742 1451//742 
f 1455//743 1439//743 1445//743 
f 1455//744 1437//744 1439//744 
f 1455//745 1431//745 1437//745 
f 1455//746 1427//746 1431//746 
f 1455//747 1421//747 1427//747 
f 1455//748 1417//748 1421//748 
f 1403//749 1417//749 1455//749 
f 1337//750 1403//750 1399//750 
f 1403//751 1393//751 1417//751 
f 1331//752 1399//752 1391//752 
f 1353//753 1391//753 1385//753 
f 1361//754 1385//754 1379//754 
f 1403//755 1377//755 1393//755 
f 1361//756 1379//756 1373//756 
f 1385//757 1361//757 1353//757 
f 1403//758 1359//758 1377//758 
f 1345//759 1391//759 1353//759 
f 1403//760 1349//760 1359//760 
f 1391//761 1345//761 1331//761 
f 1403//762 1337//762 1349//762 
f 1285//763 1345//763 1335//763 
f 1399//764 1331//764 1337//764 
f 1291//765 1335//765 1327//765 
f 1345//766 1319//766 1331//766 
f 1297//767 1327//767 1315//767 
f 1345//768 1285//768 1319//768 
f 1297//769 1315//769 1311//769 
f 1289//770 1319//770 1285//770 
f 1297//771 1311//771 1303//771 
f 1319//772 1289//772 1313//772 
f 1327//773 1297//773 1291//773 
f 1295//774 1313//774 1289//774 
f 1335//775 1291//775 1285//775 
f 1313//776 1295//776 1307//776 
f 1307//777 1295//777 1301//777 
f 1371//778 1415//778 1411//778 
f 1381//779 1411//779 1407//779 
f 1415//780 1355//780 1409//780 
f 1381//781 1407//781 1397//781 
f 1365//782 1409//782 1355//782 
f 1381//783 1397//783 1389//783 
f 1409//784 1365//784 1405//784 
f 1411//785 1381//785 1371//785 
f 1405//786 1375//786 1395//786 
f 1415//787 1371//787 1355//787 
f 1395//788 1375//788 1383//788 
f 1339//789 1371//789 1357//789 
f 1375//790 1405//790 1365//790 
f 1339//791 1357//791 1351//791 
f 1371//792 1339//792 1355//792 
f 1351//793 1333//793 1339//793 
f 1275//794 1351//794 1329//794 
f 1351//795 1277//795 1333//795 
f 1281//796 1333//796 1277//796 
f 1275//797 1329//797 1305//797 
f 1333//798 1281//798 1317//798 
f 1283//799 1317//799 1281//799 
f 1317//800 1283//800 1309//800 
f 1275//801 1305//801 1279//801 
f 1351//802 1275//802 1277//802 
f 1309//803 1283//803 1299//803 
f 1269//804 1275//804 1279//804 
f 1235//805 1269//805 1267//805 
f 1235//806 1267//806 1261//806 
f 1235//807 1261//807 1259//807 
f 1235//808 1259//808 1253//808 
f 1235//809 1253//809 1249//809 
f 1269//810 1235//810 1275//810 
f 1245//811 1235//811 1249//811 
f 1241//812 1235//812 1245//812 
f 1235//813 1241//813 1239//813 
f 175//814 179//814 177//814 
f 173//815 179//815 175//815 
f 171//816 179//816 173//816 
f 169//817 179//817 171//817 
f 167//818 179//818 169//818 
f 179//819 167//819 181//819 
f 165//820 181//820 167//820 
f 163//821 181//821 165//821 
f 161//822 181//822 163//822 
f 181//823 161//823 185//823 
f 185//824 161//824 157//824 
f 669//825 727//825 723//825 
f 673//826 723//826 719//826 
f 675//827 719//827 715//827 
f 675//828 715//828 711//828 
f 679//829 711//829 707//829 
f 695//830 707//830 703//830 
f 687//831 707//831 695//831 
f 687//832 695//832 691//832 
f 707//833 687//833 679//833 
f 711//834 679//834 675//834 
f 719//835 675//835 673//835 
f 723//836 673//836 669//836 
f 727//837 669//837 665//837 
f 727//838 665//838 731//838 
f 731//839 665//839 661//839 
f 973//840 1049//840 1047//840 
f 1049//841 961//841 1051//841 
f 979//842 1047//842 1039//842 
f 985//843 1039//843 1033//843 
f 1051//844 961//844 951//844 
f 991//845 1033//845 1029//845 
f 997//846 1029//846 1023//846 
f 959//847 1051//847 951//847 
f 1013//848 1023//848 1019//848 
f 1023//849 1013//849 997//849 
f 1051//850 959//850 1043//850 
f 997//851 1013//851 1007//851 
f 977//852 1043//852 971//852 
f 1029//853 997//853 991//853 
f 1043//854 977//854 1031//854 
f 1033//855 991//855 985//855 
f 981//856 1031//856 977//856 
f 1039//857 985//857 979//857 
f 989//858 1031//858 981//858 
f 1047//859 979//859 973//859 
f 1031//860 989//860 1021//860 
f 1049//861 973//861 961//861 
f 971//862 1043//862 959//862 
f 995//863 1021//863 989//863 
f 1021//864 995//864 1011//864 
f 1011//865 995//865 1005//865 
f 1147//866 1205//866 1201//866 
f 1151//867 1201//867 1197//867 
f 1153//868 1197//868 1193//868 
f 1153//869 1193//869 1189//869 
f 1157//870 1189//870 1185//870 
f 1173//871 1185//871 1181//871 
f 1165//872 1185//872 1173//872 
f 1165//873 1173//873 1169//873 
f 1185//874 1165//874 1157//874 
f 1189//875 1157//875 1153//875 
f 1197//876 1153//876 1151//876 
f 1201//877 1151//877 1147//877 
f 1205//878 1147//878 1143//878 
f 1205//879 1143//879 1209//879 
f 1209//880 1143//880 1139//880 
f 5//881 8//881 7//881 
f 8//882 5//882 6//882 
f 1//883 4//883 3//883 
f 4//884 1//884 2//884 
f 1322//885 1099//885 1100//885 
f 1321//886 1037//886 1099//886 
f 7//887 1037//887 1321//887 
f 1037//888 7//888 103//888 
f 1321//889 1099//889 1322//889 
f 1037//890 104//890 1038//890 
f 104//891 1037//891 103//891 
f 47//892 8//892 48//892 
f 47//893 7//893 8//893 
f 103//894 7//894 47//894 
f 1//895 754//895 2//895 
f 754//896 1//896 753//896 
f 1510//897 1507//897 1508//897 
f 1507//898 1510//898 1509//898 
f 1514//899 1509//899 1510//899 
f 1509//900 1514//900 1513//900 
f 1413//901 1370//901 1414//901 
f 1370//902 1413//902 1369//902 
f 1504//903 1501//903 1502//903 
f 1501//904 1504//904 1503//904 
f 1475//905 1474//905 1476//905 
f 1474//906 1475//906 1473//906 
f 1496//907 1493//907 1494//907 
f 1493//908 1496//908 1495//908 
f 1477//909 1476//909 1478//909 
f 1476//910 1477//910 1475//910 
f 1473//911 1472//911 1474//911 
f 1472//912 1473//912 1471//912 
f 1481//913 1480//913 1482//913 
f 1480//914 1481//914 1479//914 
f 1484//915 1481//915 1482//915 
f 1481//916 1484//916 1483//916 
f 1500//917 1497//917 1498//917 
f 1497//918 1500//918 1499//918 
f 1498//919 1495//919 1496//919 
f 1495//920 1498//920 1497//920 
f 1369//921 1348//921 1370//921 
f 1348//922 1369//922 1347//922 
f 1471//923 1470//923 1472//923 
f 1470//924 1471//924 1469//924 
f 1479//925 1478//925 1480//925 
f 1478//926 1479//926 1477//926 
f 1429//927 1414//927 1430//927 
f 1414//928 1429//928 1413//928 
f 1486//929 1483//929 1484//929 
f 1483//930 1486//930 1485//930 
f 1494//931 1485//931 1486//931 
f 1485//932 1494//932 1493//932 
f 1469//933 1468//933 1470//933 
f 1468//934 1469//934 1467//934 
f 1506//935 1503//935 1504//935 
f 1503//936 1506//936 1505//936 
f 1502//937 1499//937 1500//937 
f 1499//938 1502//938 1501//938 
f 1508//939 1505//939 1506//939 
f 1505//940 1508//940 1507//940 
f 1347//941 1322//941 1348//941 
f 1322//942 1347//942 1321//942 
f 1447//943 1430//943 1448//943 
f 1430//944 1447//944 1429//944 
f 1467//945 1448//945 1468//945 
f 1448//946 1467//946 1447//946 
f 147//947 144//947 143//947 
f 144//948 147//948 148//948 
f 149//949 148//949 147//949 
f 148//950 149//950 150//950 
f 125//951 130//951 129//951 
f 130//952 125//952 126//952 
f 69//953 66//953 70//953 
f 66//954 69//954 65//954 
f 71//955 76//955 72//955 
f 76//956 71//956 75//956 
f 89//957 86//957 90//957 
f 86//958 89//958 85//958 
f 133//959 138//959 137//959 
f 138//960 133//960 134//960 
f 113//961 118//961 117//961 
f 118//962 113//962 114//962 
f 49//963 42//963 50//963 
f 42//964 49//964 41//964 
f 27//965 32//965 28//965 
f 32//966 27//966 31//966 
f 17//967 14//967 18//967 
f 14//968 17//968 13//968 
f 57//969 54//969 58//969 
f 54//970 57//970 53//970 
f 105//971 110//971 109//971 
f 110//972 105//972 106//972 
f 41//973 38//973 42//973 
f 38//974 41//974 37//974 
f 129//975 134//975 133//975 
f 134//976 129//976 130//976 
f 145//977 150//977 149//977 
f 150//978 145//978 146//978 
f 83//979 88//979 84//979 
f 88//980 83//980 87//980 
f 81//981 78//981 82//981 
f 78//982 81//982 77//982 
f 91//983 96//983 92//983 
f 96//984 91//984 95//984 
f 119//985 116//985 115//985 
f 116//986 119//986 120//986 
f 79//987 84//987 80//987 
f 84//988 79//988 83//988 
f 63//989 68//989 64//989 
f 68//990 63//990 67//990 
f 111//991 108//991 107//991 
f 108//992 111//992 112//992 
f 25//993 22//993 26//993 
f 22//994 25//994 21//994 
f 85//995 82//995 86//995 
f 82//996 85//996 81//996 
f 65//997 62//997 66//997 
f 62//998 65//998 61//998 
f 23//999 28//999 24//999 
f 28//1000 23//1000 27//1000 
f 39//1001 44//1001 40//1001 
f 44//1002 39//1002 43//1002 
f 97//1003 94//1003 98//1003 
f 94//1004 97//1004 93//1004 
f 123//1005 120//1005 119//1005 
f 120//1006 123//1006 124//1006 
f 43//1007 52//1007 44//1007 
f 52//1008 43//1008 51//1008 
f 109//1009 114//1009 113//1009 
f 114//1010 109//1010 110//1010 
f 33//1011 30//1011 34//1011 
f 30//1012 33//1012 29//1012 
f 55//1013 60//1013 56//1013 
f 60//1014 55//1014 59//1014 
f 93//1015 90//1015 94//1015 
f 90//1016 93//1016 89//1016 
f 75//1017 80//1017 76//1017 
f 80//1018 75//1018 79//1018 
f 141//1019 146//1019 145//1019 
f 146//1020 141//1020 142//1020 
f 139//1021 136//1021 135//1021 
f 136//1022 139//1022 140//1022 
f 127//1023 124//1023 123//1023 
f 124//1024 127//1024 128//1024 
f 117//1025 122//1025 121//1025 
f 122//1026 117//1026 118//1026 
f 77//1027 74//1027 78//1027 
f 74//1028 77//1028 73//1028 
f 135//1029 132//1029 131//1029 
f 132//1030 135//1030 136//1030 
f 31//1031 36//1031 32//1031 
f 36//1032 31//1032 35//1032 
f 73//1033 70//1033 74//1033 
f 70//1034 73//1034 69//1034 
f 35//1035 40//1035 36//1035 
f 40//1036 35//1036 39//1036 
f 9//1037 4//1037 10//1037 
f 4//1038 9//1038 3//1038 
f 53//1039 50//1039 54//1039 
f 50//1040 53//1040 49//1040 
f 15//1041 20//1041 16//1041 
f 20//1042 15//1042 19//1042 
f 87//1043 92//1043 88//1043 
f 92//1044 87//1044 91//1044 
f 51//1045 56//1045 52//1045 
f 56//1046 51//1046 55//1046 
f 97//1047 106//1047 105//1047 
f 106//1048 97//1048 98//1048 
f 61//1049 58//1049 62//1049 
f 58//1050 61//1050 57//1050 
f 5//1051 12//1051 6//1051 
f 12//1052 5//1052 11//1052 
f 19//1053 24//1053 20//1053 
f 24//1054 19//1054 23//1054 
f 115//1055 112//1055 111//1055 
f 112//1056 115//1056 116//1056 
f 29//1057 26//1057 30//1057 
f 26//1058 29//1058 25//1058 
f 131//1059 128//1059 127//1059 
f 128//1060 131//1060 132//1060 
f 95//1061 100//1061 96//1061 
f 100//1062 95//1062 99//1062 
f 143//1063 140//1063 139//1063 
f 140//1064 143//1064 144//1064 
f 121//1065 126//1065 125//1065 
f 126//1066 121//1066 122//1066 
f 21//1067 18//1067 22//1067 
f 18//1068 21//1068 17//1068 
f 59//1069 64//1069 60//1069 
f 64//1070 59//1070 63//1070 
f 107//1071 100//1071 99//1071 
f 100//1072 107//1072 108//1072 
f 67//1073 72//1073 68//1073 
f 72//1074 67//1074 71//1074 
f 137//1075 142//1075 141//1075 
f 142//1076 137//1076 138//1076 
f 11//1077 16//1077 12//1077 
f 16//1078 11//1078 15//1078 
f 37//1079 34//1079 38//1079 
f 34//1080 37//1080 33//1080 
f 13//1081 10//1081 14//1081 
f 10//1082 13//1082 9//1082 
f 101//1083 104//1083 103//1083 
f 104//1084 101//1084 102//1084 
f 47//1085 101//1085 103//1085 
f 101//1086 47//1086 45//1086 
f 46//1087 47//1087 48//1087 
f 47//1088 46//1088 45//1088 
f 101//1089 46//1089 102//1089 
f 46//1090 101//1090 45//1090 
f 1097//1091 1100//1091 1099//1091 
f 1100//1092 1097//1092 1098//1092 
f 1037//1093 1097//1093 1099//1093 
f 1097//1094 1037//1094 1035//1094 
f 1036//1095 1037//1095 1038//1095 
f 1037//1096 1036//1096 1035//1096 
f 1097//1097 1036//1097 1098//1097 
f 1036//1098 1097//1098 1035//1098 
f 1090//1099 1104//1099 1102//1099 
f 1104//1100 1090//1100 1092//1100 
f 1082//1101 1088//1101 1086//1101 
f 1088//1102 1082//1102 1084//1102 
f 932//1103 966//1103 964//1103 
f 962//1104 934//1104 952//1104 
f 952//1105 934//1105 948//1105 
f 930//1106 948//1106 934//1106 
f 928//1107 948//1107 930//1107 
f 966//1108 932//1108 950//1108 
f 948//1109 928//1109 946//1109 
f 926//1110 946//1110 928//1110 
f 950//1111 932//1111 934//1111 
f 946//1112 926//1112 944//1112 
f 944//1113 926//1113 942//1113 
f 942//1114 926//1114 940//1114 
f 924//1115 940//1115 926//1115 
f 940//1116 924//1116 938//1116 
f 1050//1117 1078//1117 1076//1117 
f 1048//1118 1076//1118 1072//1118 
f 1078//1119 1050//1119 1052//1119 
f 1040//1120 1072//1120 1068//1120 
f 1044//1121 1074//1121 1052//1121 
f 1030//1122 1068//1122 1064//1122 
f 1074//1123 1044//1123 1070//1123 
f 1024//1124 1064//1124 1060//1124 
f 1032//1125 1070//1125 1044//1125 
f 1024//1126 1060//1126 1056//1126 
f 1070//1127 1032//1127 1066//1127 
f 1066//1128 1032//1128 1062//1128 
f 1078//1129 1052//1129 1074//1129 
f 1076//1130 1048//1130 1050//1130 
f 1020//1131 1056//1131 1046//1131 
f 1072//1132 1040//1132 1048//1132 
f 1068//1133 1034//1133 1040//1133 
f 1068//1134 1030//1134 1034//1134 
f 1020//1135 1046//1135 1028//1135 
f 1064//1136 1024//1136 1030//1136 
f 1056//1137 1020//1137 1024//1137 
f 1016//1138 1020//1138 1028//1138 
f 1016//1139 1014//1139 1020//1139 
f 1002//1140 1014//1140 1016//1140 
f 988//1141 1014//1141 1002//1141 
f 1014//1142 988//1142 1008//1142 
f 1008//1143 988//1143 998//1143 
f 968//1144 998//1144 988//1144 
f 998//1145 968//1145 992//1145 
f 992//1146 968//1146 986//1146 
f 950//1147 986//1147 968//1147 
f 986//1148 950//1148 980//1148 
f 980//1149 950//1149 974//1149 
f 934//1150 974//1150 950//1150 
f 974//1151 934//1151 962//1151 
f 1022//1152 1062//1152 1032//1152 
f 1062//1153 1022//1153 1058//1153 
f 1058//1154 1022//1154 1054//1154 
f 1054//1155 1022//1155 1042//1155 
f 1042//1156 1022//1156 1026//1156 
f 1012//1157 1026//1157 1022//1157 
f 1026//1158 1012//1158 1018//1158 
f 1012//1159 1010//1159 1018//1159 
f 994//1160 1012//1160 1006//1160 
f 1012//1161 1004//1161 1010//1161 
f 1012//1162 1000//1162 1004//1162 
f 976//1163 1006//1163 996//1163 
f 1012//1164 994//1164 1000//1164 
f 970//1165 996//1165 990//1165 
f 1006//1166 984//1166 994//1166 
f 970//1167 990//1167 982//1167 
f 958//1168 982//1168 978//1168 
f 1006//1169 976//1169 984//1169 
f 958//1170 978//1170 972//1170 
f 996//1171 970//1171 976//1171 
f 958//1172 972//1172 960//1172 
f 982//1173 958//1173 970//1173 
f 952//1174 958//1174 960//1174 
f 958//1175 954//1175 956//1175 
f 948//1176 958//1176 952//1176 
f 958//1177 948//1177 954//1177 
f 192//1178 188//1178 190//1178 
f 192//1179 186//1179 188//1179 
f 184//1180 186//1180 192//1180 
f 184//1181 182//1181 186//1181 
f 184//1182 180//1182 182//1182 
f 184//1183 178//1183 180//1183 
f 160//1184 176//1184 178//1184 
f 176//1185 160//1185 174//1185 
f 174//1186 160//1186 172//1186 
f 172//1187 160//1187 170//1187 
f 170//1188 160//1188 168//1188 
f 168//1189 160//1189 166//1189 
f 166//1190 160//1190 164//1190 
f 160//1191 178//1191 184//1191 
f 164//1192 160//1192 162//1192 
f 160//1193 158//1193 162//1193 
f 152//1194 158//1194 160//1194 
f 158//1195 152//1195 156//1195 
f 156//1196 152//1196 154//1196 
f 158//1197 188//1197 186//1197 
f 188//1198 158//1198 156//1198 
f 798//1199 776//1199 778//1199 
f 784//1200 774//1200 776//1200 
f 784//1201 772//1201 774//1201 
f 784//1202 770//1202 772//1202 
f 784//1203 768//1203 770//1203 
f 784//1204 766//1204 768//1204 
f 784//1205 764//1205 766//1205 
f 764//1206 782//1206 762//1206 
f 862//1207 842//1207 844//1207 
f 852//1208 840//1208 842//1208 
f 836//1209 848//1209 838//1209 
f 852//1210 836//1210 840//1210 
f 834//1211 836//1211 838//1211 
f 832//1212 836//1212 834//1212 
f 832//1213 830//1213 836//1213 
f 828//1214 830//1214 832//1214 
f 824//1215 830//1215 828//1215 
f 820//1216 830//1216 824//1216 
f 816//1217 830//1217 820//1217 
f 830//1218 816//1218 826//1218 
f 810//1219 826//1219 816//1219 
f 826//1220 810//1220 822//1220 
f 800//1221 822//1221 810//1221 
f 822//1222 800//1222 818//1222 
f 818//1223 800//1223 814//1223 
f 798//1224 814//1224 800//1224 
f 814//1225 798//1225 812//1225 
f 778//1226 812//1226 798//1226 
f 812//1227 778//1227 808//1227 
f 808//1228 778//1228 806//1228 
f 806//1229 778//1229 802//1229 
f 776//1230 798//1230 796//1230 
f 776//1231 796//1231 794//1231 
f 776//1232 794//1232 792//1232 
f 776//1233 792//1233 790//1233 
f 776//1234 790//1234 788//1234 
f 776//1235 788//1235 786//1235 
f 776//1236 786//1236 784//1236 
f 764//1237 784//1237 782//1237 
f 780//1238 802//1238 778//1238 
f 802//1239 780//1239 804//1239 
f 920//1240 900//1240 902//1240 
f 912//1241 898//1241 900//1241 
f 894//1242 906//1242 896//1242 
f 912//1243 894//1243 898//1243 
f 892//1244 894//1244 896//1244 
f 888//1245 892//1245 890//1245 
f 892//1246 888//1246 894//1246 
f 884//1247 888//1247 890//1247 
f 878//1248 888//1248 884//1248 
f 874//1249 888//1249 878//1249 
f 870//1250 888//1250 874//1250 
f 888//1251 870//1251 882//1251 
f 864//1252 882//1252 870//1252 
f 882//1253 864//1253 880//1253 
f 856//1254 880//1254 864//1254 
f 880//1255 856//1255 876//1255 
f 876//1256 856//1256 872//1256 
f 854//1257 872//1257 856//1257 
f 872//1258 854//1258 868//1258 
f 842//1259 868//1259 854//1259 
f 868//1260 842//1260 866//1260 
f 842//1261 862//1261 866//1261 
f 862//1262 844//1262 858//1262 
f 842//1263 854//1263 852//1263 
f 836//1264 850//1264 848//1264 
f 850//1265 836//1265 852//1265 
f 846//1266 858//1266 844//1266 
f 858//1267 846//1267 860//1267 
f 900//1268 920//1268 918//1268 
f 900//1269 918//1269 916//1269 
f 900//1270 916//1270 914//1270 
f 910//1271 894//1271 912//1271 
f 908//1272 894//1272 910//1272 
f 894//1273 908//1273 906//1273 
f 912//1274 900//1274 914//1274 
f 920//1275 902//1275 922//1275 
f 922//1276 902//1276 904//1276 
f 1392//1277 1450//1277 1442//1277 
f 1380//1278 1442//1278 1436//1278 
f 1374//1279 1436//1279 1426//1279 
f 1374//1280 1426//1280 1420//1280 
f 1442//1281 1386//1281 1392//1281 
f 1456//1282 1400//1282 1404//1282 
f 1450//1283 1400//1283 1456//1283 
f 1362//1284 1420//1284 1388//1284 
f 1400//1285 1450//1285 1392//1285 
f 1442//1286 1380//1286 1386//1286 
f 1436//1287 1374//1287 1380//1287 
f 1354//1288 1388//1288 1364//1288 
f 1420//1289 1362//1289 1374//1289 
f 1388//1290 1354//1290 1362//1290 
f 1346//1291 1364//1291 1344//1291 
f 1364//1292 1346//1292 1354//1292 
f 1344//1293 1336//1293 1346//1293 
f 1326//1294 1336//1294 1344//1294 
f 1336//1295 1326//1295 1328//1295 
f 1294//1296 1328//1296 1326//1296 
f 1328//1297 1294//1297 1316//1297 
f 1274//1298 1316//1298 1294//1298 
f 1266//1299 1316//1299 1274//1299 
f 1316//1300 1266//1300 1312//1300 
f 1258//1301 1312//1301 1266//1301 
f 1312//1302 1258//1302 1304//1302 
f 1252//1303 1304//1303 1258//1303 
f 1304//1304 1252//1304 1298//1304 
f 1242//1305 1286//1305 1240//1305 
f 1246//1306 1286//1306 1242//1306 
f 1244//1307 1298//1307 1252//1307 
f 1250//1308 1286//1308 1246//1308 
f 1254//1309 1286//1309 1250//1309 
f 1298//1310 1244//1310 1292//1310 
f 1260//1311 1286//1311 1254//1311 
f 1292//1312 1244//1312 1286//1312 
f 1262//1313 1286//1313 1260//1313 
f 1286//1314 1270//1314 1280//1314 
f 1286//1315 1244//1315 1240//1315 
f 1270//1316 1286//1316 1268//1316 
f 1286//1317 1262//1317 1268//1317 
f 1466//1318 1412//1318 1416//1318 
f 1422//1319 1408//1319 1412//1319 
f 1422//1320 1398//1320 1408//1320 
f 1358//1321 1418//1321 1394//1321 
f 1422//1322 1390//1322 1398//1322 
f 1422//1323 1382//1323 1390//1323 
f 1352//1324 1394//1324 1378//1324 
f 1422//1325 1372//1325 1382//1325 
f 1352//1326 1378//1326 1360//1326 
f 1422//1327 1358//1327 1372//1327 
f 1394//1328 1352//1328 1358//1328 
f 1330//1329 1360//1329 1350//1329 
f 1306//1330 1350//1330 1338//1330 
f 1280//1331 1338//1331 1332//1331 
f 1360//1332 1330//1332 1352//1332 
f 1280//1333 1332//1333 1320//1333 
f 1280//1334 1320//1334 1314//1334 
f 1280//1335 1314//1335 1308//1335 
f 1350//1336 1306//1336 1330//1336 
f 1280//1337 1308//1337 1302//1337 
f 1280//1338 1302//1338 1296//1338 
f 1280//1339 1296//1339 1290//1339 
f 1280//1340 1290//1340 1286//1340 
f 1338//1341 1280//1341 1306//1341 
f 1412//1342 1466//1342 1464//1342 
f 1412//1343 1464//1343 1460//1343 
f 1412//1344 1460//1344 1458//1344 
f 1466//1345 1416//1345 1462//1345 
f 1412//1346 1458//1346 1452//1346 
f 1412//1347 1452//1347 1446//1347 
f 1410//1348 1462//1348 1416//1348 
f 1412//1349 1446//1349 1440//1349 
f 1412//1350 1440//1350 1438//1350 
f 1406//1351 1462//1351 1410//1351 
f 1412//1352 1438//1352 1432//1352 
f 1412//1353 1432//1353 1428//1353 
f 1462//1354 1406//1354 1454//1354 
f 1412//1355 1428//1355 1422//1355 
f 1358//1356 1422//1356 1418//1356 
f 1396//1357 1454//1357 1406//1357 
f 1454//1358 1396//1358 1444//1358 
f 1384//1359 1444//1359 1396//1359 
f 1444//1360 1384//1360 1434//1360 
f 1376//1361 1434//1361 1384//1361 
f 1434//1362 1376//1362 1424//1362 
f 1366//1363 1424//1363 1376//1363 
f 1424//1364 1366//1364 1402//1364 
f 1402//1365 1366//1365 1368//1365 
f 1356//1366 1368//1366 1366//1366 
f 1342//1367 1356//1367 1340//1367 
f 1356//1368 1342//1368 1368//1368 
f 1334//1369 1342//1369 1340//1369 
f 1334//1370 1324//1370 1342//1370 
f 1318//1371 1324//1371 1334//1371 
f 1272//1372 1318//1372 1310//1372 
f 1264//1373 1310//1373 1300//1373 
f 1318//1374 1288//1374 1324//1374 
f 1248//1375 1300//1375 1284//1375 
f 1248//1376 1284//1376 1282//1376 
f 1238//1377 1282//1377 1278//1377 
f 1236//1378 1278//1378 1276//1378 
f 1318//1379 1272//1379 1288//1379 
f 1310//1380 1264//1380 1272//1380 
f 1300//1381 1256//1381 1264//1381 
f 1300//1382 1248//1382 1256//1382 
f 1282//1383 1238//1383 1248//1383 
f 1278//1384 1236//1384 1238//1384 
f 344//1385 396//1385 390//1385 
f 332//1386 390//1386 384//1386 
f 326//1387 384//1387 376//1387 
f 326//1388 376//1388 370//1388 
f 390//1389 338//1389 344//1389 
f 402//1390 352//1390 356//1390 
f 396//1391 352//1391 402//1391 
f 316//1392 370//1392 340//1392 
f 352//1393 396//1393 344//1393 
f 390//1394 332//1394 338//1394 
f 384//1395 326//1395 332//1395 
f 308//1396 340//1396 318//1396 
f 370//1397 316//1397 326//1397 
f 340//1398 308//1398 316//1398 
f 302//1399 318//1399 300//1399 
f 318//1400 302//1400 308//1400 
f 300//1401 292//1401 302//1401 
f 282//1402 292//1402 300//1402 
f 292//1403 282//1403 284//1403 
f 252//1404 284//1404 282//1404 
f 284//1405 252//1405 274//1405 
f 232//1406 274//1406 252//1406 
f 224//1407 274//1407 232//1407 
f 274//1408 224//1408 270//1408 
f 216//1409 270//1409 224//1409 
f 270//1410 216//1410 262//1410 
f 210//1411 262//1411 216//1411 
f 262//1412 210//1412 256//1412 
f 200//1413 244//1413 198//1413 
f 204//1414 244//1414 200//1414 
f 202//1415 256//1415 210//1415 
f 208//1416 244//1416 204//1416 
f 212//1417 244//1417 208//1417 
f 256//1418 202//1418 250//1418 
f 218//1419 244//1419 212//1419 
f 250//1420 202//1420 244//1420 
f 220//1421 244//1421 218//1421 
f 244//1422 228//1422 238//1422 
f 244//1423 202//1423 198//1423 
f 228//1424 244//1424 226//1424 
f 244//1425 220//1425 226//1425 
f 412//1426 364//1426 366//1426 
f 372//1427 360//1427 364//1427 
f 372//1428 350//1428 360//1428 
f 312//1429 368//1429 346//1429 
f 372//1430 342//1430 350//1430 
f 372//1431 334//1431 342//1431 
f 306//1432 346//1432 330//1432 
f 372//1433 324//1433 334//1433 
f 306//1434 330//1434 314//1434 
f 372//1435 312//1435 324//1435 
f 346//1436 306//1436 312//1436 
f 286//1437 314//1437 304//1437 
f 264//1438 304//1438 294//1438 
f 238//1439 294//1439 288//1439 
f 314//1440 286//1440 306//1440 
f 238//1441 288//1441 278//1441 
f 238//1442 278//1442 272//1442 
f 238//1443 272//1443 266//1443 
f 304//1444 264//1444 286//1444 
f 238//1445 266//1445 260//1445 
f 238//1446 260//1446 254//1446 
f 238//1447 254//1447 248//1447 
f 238//1448 248//1448 244//1448 
f 294//1449 238//1449 264//1449 
f 364//1450 412//1450 410//1450 
f 364//1451 410//1451 406//1451 
f 364//1452 406//1452 404//1452 
f 412//1453 366//1453 408//1453 
f 364//1454 404//1454 398//1454 
f 364//1455 398//1455 394//1455 
f 362//1456 408//1456 366//1456 
f 364//1457 394//1457 388//1457 
f 364//1458 388//1458 386//1458 
f 358//1459 408//1459 362//1459 
f 364//1460 386//1460 380//1460 
f 364//1461 380//1461 378//1461 
f 408//1462 358//1462 400//1462 
f 364//1463 378//1463 372//1463 
f 312//1464 372//1464 368//1464 
f 348//1465 400//1465 358//1465 
f 400//1466 348//1466 392//1466 
f 336//1467 392//1467 348//1467 
f 392//1468 336//1468 382//1468 
f 328//1469 382//1469 336//1469 
f 382//1470 328//1470 374//1470 
f 320//1471 374//1471 328//1471 
f 374//1472 320//1472 354//1472 
f 354//1473 320//1473 322//1473 
f 310//1474 322//1474 320//1474 
f 298//1475 310//1475 296//1475 
f 310//1476 298//1476 322//1476 
f 290//1477 298//1477 296//1477 
f 290//1478 280//1478 298//1478 
f 276//1479 280//1479 290//1479 
f 230//1480 276//1480 268//1480 
f 222//1481 268//1481 258//1481 
f 276//1482 246//1482 280//1482 
f 206//1483 258//1483 242//1483 
f 206//1484 242//1484 240//1484 
f 196//1485 240//1485 236//1485 
f 194//1486 236//1486 234//1486 
f 276//1487 230//1487 246//1487 
f 268//1488 222//1488 230//1488 
f 258//1489 214//1489 222//1489 
f 258//1490 206//1490 214//1490 
f 240//1491 196//1491 206//1491 
f 236//1492 194//1492 196//1492 
f 564//1493 616//1493 610//1493 
f 552//1494 610//1494 604//1494 
f 546//1495 604//1495 596//1495 
f 546//1496 596//1496 590//1496 
f 610//1497 558//1497 564//1497 
f 622//1498 572//1498 576//1498 
f 616//1499 572//1499 622//1499 
f 536//1500 590//1500 560//1500 
f 572//1501 616//1501 564//1501 
f 610//1502 552//1502 558//1502 
f 604//1503 546//1503 552//1503 
f 528//1504 560//1504 538//1504 
f 590//1505 536//1505 546//1505 
f 560//1506 528//1506 536//1506 
f 522//1507 538//1507 520//1507 
f 538//1508 522//1508 528//1508 
f 520//1509 512//1509 522//1509 
f 502//1510 512//1510 520//1510 
f 512//1511 502//1511 504//1511 
f 472//1512 504//1512 502//1512 
f 504//1513 472//1513 494//1513 
f 452//1514 494//1514 472//1514 
f 444//1515 494//1515 452//1515 
f 494//1516 444//1516 490//1516 
f 436//1517 490//1517 444//1517 
f 490//1518 436//1518 482//1518 
f 430//1519 482//1519 436//1519 
f 482//1520 430//1520 476//1520 
f 420//1521 464//1521 418//1521 
f 424//1522 464//1522 420//1522 
f 422//1523 476//1523 430//1523 
f 428//1524 464//1524 424//1524 
f 432//1525 464//1525 428//1525 
f 476//1526 422//1526 470//1526 
f 438//1527 464//1527 432//1527 
f 470//1528 422//1528 464//1528 
f 440//1529 464//1529 438//1529 
f 464//1530 448//1530 458//1530 
f 464//1531 422//1531 418//1531 
f 448//1532 464//1532 446//1532 
f 464//1533 440//1533 446//1533 
f 632//1534 584//1534 586//1534 
f 592//1535 580//1535 584//1535 
f 592//1536 570//1536 580//1536 
f 532//1537 588//1537 566//1537 
f 592//1538 562//1538 570//1538 
f 592//1539 554//1539 562//1539 
f 526//1540 566//1540 550//1540 
f 592//1541 544//1541 554//1541 
f 526//1542 550//1542 534//1542 
f 592//1543 532//1543 544//1543 
f 566//1544 526//1544 532//1544 
f 506//1545 534//1545 524//1545 
f 484//1546 524//1546 514//1546 
f 458//1547 514//1547 508//1547 
f 534//1548 506//1548 526//1548 
f 458//1549 508//1549 498//1549 
f 458//1550 498//1550 492//1550 
f 458//1551 492//1551 486//1551 
f 524//1552 484//1552 506//1552 
f 458//1553 486//1553 480//1553 
f 458//1554 480//1554 474//1554 
f 458//1555 474//1555 468//1555 
f 458//1556 468//1556 464//1556 
f 514//1557 458//1557 484//1557 
f 584//1558 632//1558 630//1558 
f 584//1559 630//1559 626//1559 
f 584//1560 626//1560 624//1560 
f 632//1561 586//1561 628//1561 
f 584//1562 624//1562 618//1562 
f 584//1563 618//1563 614//1563 
f 582//1564 628//1564 586//1564 
f 584//1565 614//1565 608//1565 
f 584//1566 608//1566 606//1566 
f 578//1567 628//1567 582//1567 
f 584//1568 606//1568 600//1568 
f 584//1569 600//1569 598//1569 
f 628//1570 578//1570 620//1570 
f 584//1571 598//1571 592//1571 
f 532//1572 592//1572 588//1572 
f 568//1573 620//1573 578//1573 
f 620//1574 568//1574 612//1574 
f 556//1575 612//1575 568//1575 
f 612//1576 556//1576 602//1576 
f 548//1577 602//1577 556//1577 
f 602//1578 548//1578 594//1578 
f 540//1579 594//1579 548//1579 
f 594//1580 540//1580 574//1580 
f 574//1581 540//1581 542//1581 
f 530//1582 542//1582 540//1582 
f 518//1583 530//1583 516//1583 
f 530//1584 518//1584 542//1584 
f 510//1585 518//1585 516//1585 
f 510//1586 500//1586 518//1586 
f 496//1587 500//1587 510//1587 
f 450//1588 496//1588 488//1588 
f 442//1589 488//1589 478//1589 
f 496//1590 466//1590 500//1590 
f 426//1591 478//1591 462//1591 
f 426//1592 462//1592 460//1592 
f 416//1593 460//1593 456//1593 
f 414//1594 456//1594 454//1594 
f 496//1595 450//1595 466//1595 
f 488//1596 442//1596 450//1596 
f 478//1597 434//1597 442//1597 
f 478//1598 426//1598 434//1598 
f 460//1599 416//1599 426//1599 
f 456//1600 414//1600 416//1600 
f 708//1601 734//1601 730//1601 
f 734//1602 728//1602 732//1602 
f 734//1603 724//1603 728//1603 
f 734//1604 720//1604 724//1604 
f 734//1605 716//1605 720//1605 
f 734//1606 712//1606 716//1606 
f 704//1607 730//1607 710//1607 
f 734//1608 708//1608 712//1608 
f 730//1609 704//1609 708//1609 
f 696//1610 710//1610 700//1610 
f 710//1611 696//1611 704//1611 
f 686//1612 696//1612 700//1612 
f 696//1613 686//1613 692//1613 
f 658//1614 692//1614 686//1614 
f 692//1615 658//1615 688//1615 
f 654//1616 688//1616 658//1616 
f 688//1617 654//1617 680//1617 
f 650//1618 680//1618 654//1618 
f 674//1619 646//1619 670//1619 
f 676//1620 646//1620 674//1620 
f 646//1621 676//1621 650//1621 
f 680//1622 650//1622 676//1622 
f 732//1623 750//1623 748//1623 
f 732//1624 748//1624 744//1624 
f 732//1625 744//1625 742//1625 
f 732//1626 742//1626 738//1626 
f 732//1627 738//1627 734//1627 
f 750//1628 732//1628 752//1628 
f 660//1629 732//1629 662//1629 
f 732//1630 660//1630 752//1630 
f 722//1631 740//1631 746//1631 
f 722//1632 746//1632 726//1632 
f 714//1633 740//1633 722//1633 
f 740//1634 714//1634 736//1634 
f 706//1635 736//1635 714//1635 
f 736//1636 706//1636 718//1636 
f 702//1637 718//1637 706//1637 
f 702//1638 698//1638 718//1638 
f 694//1639 698//1639 702//1639 
f 656//1640 694//1640 690//1640 
f 694//1641 684//1641 698//1641 
f 652//1642 690//1642 682//1642 
f 648//1643 682//1643 678//1643 
f 644//1644 678//1644 672//1644 
f 640//1645 672//1645 668//1645 
f 694//1646 656//1646 684//1646 
f 636//1647 668//1647 664//1647 
f 636//1648 664//1648 660//1648 
f 638//1649 666//1649 642//1649 
f 642//1650 670//1650 646//1650 
f 636//1651 660//1651 634//1651 
f 670//1652 642//1652 666//1652 
f 668//1653 636//1653 640//1653 
f 666//1654 638//1654 662//1654 
f 672//1655 640//1655 644//1655 
f 634//1656 662//1656 638//1656 
f 678//1657 644//1657 648//1657 
f 662//1658 634//1658 660//1658 
f 682//1659 648//1659 652//1659 
f 690//1660 652//1660 656//1660 
f 1186//1661 1212//1661 1208//1661 
f 1212//1662 1206//1662 1210//1662 
f 1212//1663 1202//1663 1206//1663 
f 1212//1664 1198//1664 1202//1664 
f 1212//1665 1194//1665 1198//1665 
f 1212//1666 1190//1666 1194//1666 
f 1182//1667 1208//1667 1188//1667 
f 1212//1668 1186//1668 1190//1668 
f 1208//1669 1182//1669 1186//1669 
f 1174//1670 1188//1670 1178//1670 
f 1188//1671 1174//1671 1182//1671 
f 1164//1672 1174//1672 1178//1672 
f 1174//1673 1164//1673 1170//1673 
f 1136//1674 1170//1674 1164//1674 
f 1170//1675 1136//1675 1166//1675 
f 1132//1676 1166//1676 1136//1676 
f 1166//1677 1132//1677 1158//1677 
f 1128//1678 1158//1678 1132//1678 
f 1152//1679 1124//1679 1148//1679 
f 1154//1680 1124//1680 1152//1680 
f 1124//1681 1154//1681 1128//1681 
f 1158//1682 1128//1682 1154//1682 
f 1210//1683 1228//1683 1226//1683 
f 1210//1684 1226//1684 1222//1684 
f 1210//1685 1222//1685 1220//1685 
f 1210//1686 1220//1686 1216//1686 
f 1210//1687 1216//1687 1212//1687 
f 1228//1688 1210//1688 1230//1688 
f 1138//1689 1210//1689 1140//1689 
f 1210//1690 1138//1690 1230//1690 
f 1200//1691 1218//1691 1224//1691 
f 1200//1692 1224//1692 1204//1692 
f 1192//1693 1218//1693 1200//1693 
f 1218//1694 1192//1694 1214//1694 
f 1184//1695 1214//1695 1192//1695 
f 1214//1696 1184//1696 1196//1696 
f 1180//1697 1196//1697 1184//1697 
f 1180//1698 1176//1698 1196//1698 
f 1172//1699 1176//1699 1180//1699 
f 1134//1700 1172//1700 1168//1700 
f 1172//1701 1162//1701 1176//1701 
f 1130//1702 1168//1702 1160//1702 
f 1126//1703 1160//1703 1156//1703 
f 1122//1704 1156//1704 1150//1704 
f 1116//1705 1150//1705 1146//1705 
f 1172//1706 1134//1706 1162//1706 
f 1112//1707 1146//1707 1142//1707 
f 1112//1708 1142//1708 1138//1708 
f 1114//1709 1144//1709 1118//1709 
f 1118//1710 1148//1710 1124//1710 
f 1112//1711 1138//1711 1110//1711 
f 1148//1712 1118//1712 1144//1712 
f 1146//1713 1112//1713 1116//1713 
f 1144//1714 1114//1714 1140//1714 
f 1150//1715 1116//1715 1122//1715 
f 1110//1716 1140//1716 1114//1716 
f 1156//1717 1122//1717 1126//1717 
f 1140//1718 1110//1718 1138//1718 
f 1160//1719 1126//1719 1130//1719 
f 1168//1720 1130//1720 1134//1720 
f 1094//1721 1108//1721 1106//1721 
f 1108//1722 1094//1722 1096//1722 
f 1101//1723 1090//1723 1102//1723 
f 1090//1724 1101//1724 1089//1724 
f 1090//1725 1091//1725 1092//1725 
f 1091//1726 1090//1726 1089//1726 
f 1091//1727 1104//1727 1092//1727 
f 1104//1728 1091//1728 1103//1728 
f 1101//1729 1104//1729 1103//1729 
f 1104//1730 1101//1730 1102//1730 
f 1085//1731 1082//1731 1086//1731 
f 1082//1732 1085//1732 1081//1732 
f 1082//1733 1083//1733 1084//1733 
f 1083//1734 1082//1734 1081//1734 
f 1083//1735 1088//1735 1084//1735 
f 1088//1736 1083//1736 1087//1736 
f 1085//1737 1088//1737 1087//1737 
f 1088//1738 1085//1738 1086//1738 
f 1041//1739 1054//1739 1042//1739 
f 1054//1740 1041//1740 1053//1740 
f 1057//1741 1054//1741 1053//1741 
f 1054//1742 1057//1742 1058//1742 
f 1061//1743 1058//1743 1057//1743 
f 1058//1744 1061//1744 1062//1744 
f 1065//1745 1062//1745 1061//1745 
f 1062//1746 1065//1746 1066//1746 
f 1069//1747 1066//1747 1065//1747 
f 1066//1748 1069//1748 1070//1748 
f 1073//1749 1070//1749 1069//1749 
f 1070//1750 1073//1750 1074//1750 
f 1077//1751 1074//1751 1073//1751 
f 1074//1752 1077//1752 1078//1752 
f 1075//1753 1078//1753 1077//1753 
f 1078//1754 1075//1754 1076//1754 
f 1071//1755 1076//1755 1075//1755 
f 1076//1756 1071//1756 1072//1756 
f 1067//1757 1072//1757 1071//1757 
f 1072//1758 1067//1758 1068//1758 
f 1063//1759 1068//1759 1067//1759 
f 1068//1760 1063//1760 1064//1760 
f 1059//1761 1064//1761 1063//1761 
f 1064//1762 1059//1762 1060//1762 
f 1055//1763 1060//1763 1059//1763 
f 1060//1764 1055//1764 1056//1764 
f 1055//1765 1046//1765 1056//1765 
f 1046//1766 1055//1766 1045//1766 
f 1045//1767 1028//1767 1046//1767 
f 1028//1768 1045//1768 1027//1768 
f 1027//1769 1016//1769 1028//1769 
f 1016//1770 1027//1770 1015//1770 
f 1015//1771 1002//1771 1016//1771 
f 1002//1772 1015//1772 1001//1772 
f 1002//1773 987//1773 988//1773 
f 987//1774 1002//1774 1001//1774 
f 988//1775 967//1775 968//1775 
f 967//1776 988//1776 987//1776 
f 967//1777 950//1777 968//1777 
f 950//1778 967//1778 949//1778 
f 965//1779 950//1779 949//1779 
f 950//1780 965//1780 966//1780 
f 963//1781 966//1781 965//1781 
f 966//1782 963//1782 964//1782 
f 963//1783 932//1783 964//1783 
f 932//1784 963//1784 931//1784 
f 932//1785 933//1785 934//1785 
f 933//1786 932//1786 931//1786 
f 934//1787 929//1787 930//1787 
f 929//1788 934//1788 933//1788 
f 930//1789 927//1789 928//1789 
f 927//1790 930//1790 929//1790 
f 928//1791 925//1791 926//1791 
f 925//1792 928//1792 927//1792 
f 926//1793 923//1793 924//1793 
f 923//1794 926//1794 925//1794 
f 923//1795 938//1795 924//1795 
f 938//1796 923//1796 937//1796 
f 939//1797 938//1797 937//1797 
f 938//1798 939//1798 940//1798 
f 941//1799 940//1799 939//1799 
f 940//1800 941//1800 942//1800 
f 943//1801 942//1801 941//1801 
f 942//1802 943//1802 944//1802 
f 945//1803 944//1803 943//1803 
f 944//1804 945//1804 946//1804 
f 947//1805 946//1805 945//1805 
f 946//1806 947//1806 948//1806 
f 953//1807 948//1807 947//1807 
f 948//1808 953//1808 954//1808 
f 955//1809 954//1809 953//1809 
f 954//1810 955//1810 956//1810 
f 957//1811 956//1811 955//1811 
f 956//1812 957//1812 958//1812 
f 957//1813 970//1813 958//1813 
f 970//1814 957//1814 969//1814 
f 970//1815 975//1815 976//1815 
f 975//1816 970//1816 969//1816 
f 976//1817 983//1817 984//1817 
f 983//1818 976//1818 975//1818 
f 984//1819 993//1819 994//1819 
f 993//1820 984//1820 983//1820 
f 994//1821 999//1821 1000//1821 
f 999//1822 994//1822 993//1822 
f 999//1823 1004//1823 1000//1823 
f 1004//1824 999//1824 1003//1824 
f 1003//1825 1010//1825 1004//1825 
f 1010//1826 1003//1826 1009//1826 
f 1009//1827 1018//1827 1010//1827 
f 1018//1828 1009//1828 1017//1828 
f 1017//1829 1026//1829 1018//1829 
f 1026//1830 1017//1830 1025//1830 
f 1025//1831 1042//1831 1026//1831 
f 1042//1832 1025//1832 1041//1832 
f 1005//1833 996//1833 1006//1833 
f 996//1834 1005//1834 995//1834 
f 989//1835 996//1835 995//1835 
f 996//1836 989//1836 990//1836 
f 981//1837 990//1837 989//1837 
f 990//1838 981//1838 982//1838 
f 977//1839 982//1839 981//1839 
f 982//1840 977//1840 978//1840 
f 971//1841 978//1841 977//1841 
f 978//1842 971//1842 972//1842 
f 959//1843 972//1843 971//1843 
f 972//1844 959//1844 960//1844 
f 951//1845 960//1845 959//1845 
f 960//1846 951//1846 952//1846 
f 961//1847 952//1847 951//1847 
f 952//1848 961//1848 962//1848 
f 973//1849 962//1849 961//1849 
f 962//1850 973//1850 974//1850 
f 979//1851 974//1851 973//1851 
f 974//1852 979//1852 980//1852 
f 985//1853 980//1853 979//1853 
f 980//1854 985//1854 986//1854 
f 991//1855 986//1855 985//1855 
f 986//1856 991//1856 992//1856 
f 997//1857 992//1857 991//1857 
f 992//1858 997//1858 998//1858 
f 997//1859 1008//1859 998//1859 
f 1008//1860 997//1860 1007//1860 
f 1007//1861 1014//1861 1008//1861 
f 1014//1862 1007//1862 1013//1862 
f 1013//1863 1020//1863 1014//1863 
f 1020//1864 1013//1864 1019//1864 
f 1019//1865 1024//1865 1020//1865 
f 1024//1866 1019//1866 1023//1866 
f 1024//1867 1029//1867 1030//1867 
f 1029//1868 1024//1868 1023//1868 
f 1030//1869 1033//1869 1034//1869 
f 1033//1870 1030//1870 1029//1870 
f 1034//1871 1039//1871 1040//1871 
f 1039//1872 1034//1872 1033//1872 
f 1040//1873 1047//1873 1048//1873 
f 1047//1874 1040//1874 1039//1874 
f 1048//1875 1049//1875 1050//1875 
f 1049//1876 1048//1876 1047//1876 
f 1050//1877 1051//1877 1052//1877 
f 1051//1878 1050//1878 1049//1878 
f 1052//1879 1043//1879 1044//1879 
f 1043//1880 1052//1880 1051//1880 
f 1044//1881 1031//1881 1032//1881 
f 1031//1882 1044//1882 1043//1882 
f 1032//1883 1021//1883 1022//1883 
f 1021//1884 1032//1884 1031//1884 
f 1021//1885 1012//1885 1022//1885 
f 1012//1886 1021//1886 1011//1886 
f 1011//1887 1006//1887 1012//1887 
f 1006//1888 1011//1888 1005//1888 
f 155//1889 188//1889 156//1889 
f 188//1890 155//1890 187//1890 
f 188//1891 189//1891 190//1891 
f 189//1892 188//1892 187//1892 
f 189//1893 192//1893 190//1893 
f 192//1894 189//1894 191//1894 
f 183//1895 192//1895 191//1895 
f 192//1896 183//1896 184//1896 
f 183//1897 160//1897 184//1897 
f 160//1898 183//1898 159//1898 
f 160//1899 151//1899 152//1899 
f 151//1900 160//1900 159//1900 
f 151//1901 154//1901 152//1901 
f 154//1902 151//1902 153//1902 
f 155//1903 154//1903 153//1903 
f 154//1904 155//1904 156//1904 
f 161//1905 158//1905 157//1905 
f 158//1906 161//1906 162//1906 
f 163//1907 162//1907 161//1907 
f 162//1908 163//1908 164//1908 
f 165//1909 164//1909 163//1909 
f 164//1910 165//1910 166//1910 
f 167//1911 166//1911 165//1911 
f 166//1912 167//1912 168//1912 
f 169//1913 168//1913 167//1913 
f 168//1914 169//1914 170//1914 
f 171//1915 170//1915 169//1915 
f 170//1916 171//1916 172//1916 
f 173//1917 172//1917 171//1917 
f 172//1918 173//1918 174//1918 
f 175//1919 174//1919 173//1919 
f 174//1920 175//1920 176//1920 
f 177//1921 176//1921 175//1921 
f 176//1922 177//1922 178//1922 
f 178//1923 179//1923 180//1923 
f 179//1924 178//1924 177//1924 
f 180//1925 181//1925 182//1925 
f 181//1926 180//1926 179//1926 
f 182//1927 185//1927 186//1927 
f 185//1928 182//1928 181//1928 
f 185//1929 158//1929 186//1929 
f 158//1930 185//1930 157//1930 
f 805//1931 802//1931 801//1931 
f 802//1932 805//1932 806//1932 
f 807//1933 806//1933 805//1933 
f 806//1934 807//1934 808//1934 
f 811//1935 808//1935 807//1935 
f 808//1936 811//1936 812//1936 
f 813//1937 812//1937 811//1937 
f 812//1938 813//1938 814//1938 
f 817//1939 814//1939 813//1939 
f 814//1940 817//1940 818//1940 
f 821//1941 818//1941 817//1941 
f 818//1942 821//1942 822//1942 
f 821//1943 826//1943 822//1943 
f 826//1944 821//1944 825//1944 
f 825//1945 830//1945 826//1945 
f 830//1946 825//1946 829//1946 
f 829//1947 836//1947 830//1947 
f 836//1948 829//1948 835//1948 
f 836//1949 839//1949 840//1949 
f 839//1950 836//1950 835//1950 
f 840//1951 841//1951 842//1951 
f 841//1952 840//1952 839//1952 
f 842//1953 843//1953 844//1953 
f 843//1954 842//1954 841//1954 
f 844//1955 845//1955 846//1955 
f 845//1956 844//1956 843//1956 
f 845//1957 860//1957 846//1957 
f 860//1958 845//1958 859//1958 
f 857//1959 860//1959 859//1959 
f 860//1960 857//1960 858//1960 
f 861//1961 858//1961 857//1961 
f 858//1962 861//1962 862//1962 
f 865//1963 862//1963 861//1963 
f 862//1964 865//1964 866//1964 
f 867//1965 866//1965 865//1965 
f 866//1966 867//1966 868//1966 
f 871//1967 868//1967 867//1967 
f 868//1968 871//1968 872//1968 
f 875//1969 872//1969 871//1969 
f 872//1970 875//1970 876//1970 
f 879//1971 876//1971 875//1971 
f 876//1972 879//1972 880//1972 
f 879//1973 882//1973 880//1973 
f 882//1974 879//1974 881//1974 
f 881//1975 888//1975 882//1975 
f 888//1976 881//1976 887//1976 
f 887//1977 894//1977 888//1977 
f 894//1978 887//1978 893//1978 
f 894//1979 897//1979 898//1979 
f 897//1980 894//1980 893//1980 
f 898//1981 899//1981 900//1981 
f 899//1982 898//1982 897//1982 
f 900//1983 901//1983 902//1983 
f 901//1984 900//1984 899//1984 
f 902//1985 903//1985 904//1985 
f 903//1986 902//1986 901//1986 
f 903//1987 922//1987 904//1987 
f 922//1988 903//1988 921//1988 
f 919//1989 922//1989 921//1989 
f 922//1990 919//1990 920//1990 
f 917//1991 920//1991 919//1991 
f 920//1992 917//1992 918//1992 
f 915//1993 918//1993 917//1993 
f 918//1994 915//1994 916//1994 
f 913//1995 916//1995 915//1995 
f 916//1996 913//1996 914//1996 
f 911//1997 914//1997 913//1997 
f 914//1998 911//1998 912//1998 
f 909//1999 912//1999 911//1999 
f 912//2000 909//2000 910//2000 
f 907//2001 910//2001 909//2001 
f 910//2002 907//2002 908//2002 
f 907//2003 906//2003 908//2003 
f 906//2004 907//2004 905//2004 
f 905//2005 896//2005 906//2005 
f 896//2006 905//2006 895//2006 
f 895//2007 892//2007 896//2007 
f 892//2008 895//2008 891//2008 
f 891//2009 890//2009 892//2009 
f 890//2010 891//2010 889//2010 
f 889//2011 884//2011 890//2011 
f 884//2012 889//2012 883//2012 
f 883//2013 878//2013 884//2013 
f 878//2014 883//2014 877//2014 
f 878//2015 873//2015 874//2015 
f 873//2016 878//2016 877//2016 
f 874//2017 869//2017 870//2017 
f 869//2018 874//2018 873//2018 
f 870//2019 863//2019 864//2019 
f 863//2020 870//2020 869//2020 
f 864//2021 855//2021 856//2021 
f 855//2022 864//2022 863//2022 
f 855//2023 854//2023 856//2023 
f 854//2024 855//2024 853//2024 
f 851//2025 854//2025 853//2025 
f 854//2026 851//2026 852//2026 
f 849//2027 852//2027 851//2027 
f 852//2028 849//2028 850//2028 
f 849//2029 848//2029 850//2029 
f 848//2030 849//2030 847//2030 
f 847//2031 838//2031 848//2031 
f 838//2032 847//2032 837//2032 
f 837//2033 834//2033 838//2033 
f 834//2034 837//2034 833//2034 
f 833//2035 832//2035 834//2035 
f 832//2036 833//2036 831//2036 
f 831//2037 828//2037 832//2037 
f 828//2038 831//2038 827//2038 
f 828//2039 823//2039 824//2039 
f 823//2040 828//2040 827//2040 
f 824//2041 819//2041 820//2041 
f 819//2042 824//2042 823//2042 
f 820//2043 815//2043 816//2043 
f 815//2044 820//2044 819//2044 
f 816//2045 809//2045 810//2045 
f 809//2046 816//2046 815//2046 
f 810//2047 799//2047 800//2047 
f 799//2048 810//2048 809//2048 
f 799//2049 798//2049 800//2049 
f 798//2050 799//2050 797//2050 
f 795//2051 798//2051 797//2051 
f 798//2052 795//2052 796//2052 
f 793//2053 796//2053 795//2053 
f 796//2054 793//2054 794//2054 
f 791//2055 794//2055 793//2055 
f 794//2056 791//2056 792//2056 
f 789//2057 792//2057 791//2057 
f 792//2058 789//2058 790//2058 
f 787//2059 790//2059 789//2059 
f 790//2060 787//2060 788//2060 
f 785//2061 788//2061 787//2061 
f 788//2062 785//2062 786//2062 
f 783//2063 786//2063 785//2063 
f 786//2064 783//2064 784//2064 
f 781//2065 784//2065 783//2065 
f 784//2066 781//2066 782//2066 
f 781//2067 762//2067 782//2067 
f 762//2068 781//2068 761//2068 
f 762//2069 763//2069 764//2069 
f 763//2070 762//2070 761//2070 
f 764//2071 765//2071 766//2071 
f 765//2072 764//2072 763//2072 
f 766//2073 767//2073 768//2073 
f 767//2074 766//2074 765//2074 
f 768//2075 769//2075 770//2075 
f 769//2076 768//2076 767//2076 
f 770//2077 771//2077 772//2077 
f 771//2078 770//2078 769//2078 
f 772//2079 773//2079 774//2079 
f 773//2080 772//2080 771//2080 
f 774//2081 775//2081 776//2081 
f 775//2082 774//2082 773//2082 
f 776//2083 777//2083 778//2083 
f 777//2084 776//2084 775//2084 
f 778//2085 779//2085 780//2085 
f 779//2086 778//2086 777//2086 
f 779//2087 804//2087 780//2087 
f 804//2088 779//2088 803//2088 
f 801//2089 804//2089 803//2089 
f 804//2090 801//2090 802//2090 
f 1367//2091 1402//2091 1368//2091 
f 1402//2092 1367//2092 1401//2092 
f 1401//2093 1424//2093 1402//2093 
f 1424//2094 1401//2094 1423//2094 
f 1423//2095 1434//2095 1424//2095 
f 1434//2096 1423//2096 1433//2096 
f 1443//2097 1434//2097 1433//2097 
f 1434//2098 1443//2098 1444//2098 
f 1453//2099 1444//2099 1443//2099 
f 1444//2100 1453//2100 1454//2100 
f 1461//2101 1454//2101 1453//2101 
f 1454//2102 1461//2102 1462//2102 
f 1465//2103 1462//2103 1461//2103 
f 1462//2104 1465//2104 1466//2104 
f 1463//2105 1466//2105 1465//2105 
f 1466//2106 1463//2106 1464//2106 
f 1459//2107 1464//2107 1463//2107 
f 1464//2108 1459//2108 1460//2108 
f 1457//2109 1460//2109 1459//2109 
f 1460//2110 1457//2110 1458//2110 
f 1451//2111 1458//2111 1457//2111 
f 1458//2112 1451//2112 1452//2112 
f 1445//2113 1452//2113 1451//2113 
f 1452//2114 1445//2114 1446//2114 
f 1439//2115 1446//2115 1445//2115 
f 1446//2116 1439//2116 1440//2116 
f 1437//2117 1440//2117 1439//2117 
f 1440//2118 1437//2118 1438//2118 
f 1431//2119 1438//2119 1437//2119 
f 1438//2120 1431//2120 1432//2120 
f 1431//2121 1428//2121 1432//2121 
f 1428//2122 1431//2122 1427//2122 
f 1427//2123 1422//2123 1428//2123 
f 1422//2124 1427//2124 1421//2124 
f 1421//2125 1418//2125 1422//2125 
f 1418//2126 1421//2126 1417//2126 
f 1417//2127 1394//2127 1418//2127 
f 1394//2128 1417//2128 1393//2128 
f 1393//2129 1378//2129 1394//2129 
f 1378//2130 1393//2130 1377//2130 
f 1377//2131 1360//2131 1378//2131 
f 1360//2132 1377//2132 1359//2132 
f 1359//2133 1350//2133 1360//2133 
f 1350//2134 1359//2134 1349//2134 
f 1349//2135 1338//2135 1350//2135 
f 1338//2136 1349//2136 1337//2136 
f 1337//2137 1332//2137 1338//2137 
f 1332//2138 1337//2138 1331//2138 
f 1331//2139 1320//2139 1332//2139 
f 1320//2140 1331//2140 1319//2140 
f 1319//2141 1314//2141 1320//2141 
f 1314//2142 1319//2142 1313//2142 
f 1313//2143 1308//2143 1314//2143 
f 1308//2144 1313//2144 1307//2144 
f 1301//2145 1308//2145 1307//2145 
f 1308//2146 1301//2146 1302//2146 
f 1295//2147 1302//2147 1301//2147 
f 1302//2148 1295//2148 1296//2148 
f 1289//2149 1296//2149 1295//2149 
f 1296//2150 1289//2150 1290//2150 
f 1285//2151 1290//2151 1289//2151 
f 1290//2152 1285//2152 1286//2152 
f 1291//2153 1286//2153 1285//2153 
f 1286//2154 1291//2154 1292//2154 
f 1297//2155 1292//2155 1291//2155 
f 1292//2156 1297//2156 1298//2156 
f 1303//2157 1298//2157 1297//2157 
f 1298//2158 1303//2158 1304//2158 
f 1311//2159 1304//2159 1303//2159 
f 1304//2160 1311//2160 1312//2160 
f 1311//2161 1316//2161 1312//2161 
f 1316//2162 1311//2162 1315//2162 
f 1315//2163 1328//2163 1316//2163 
f 1328//2164 1315//2164 1327//2164 
f 1327//2165 1336//2165 1328//2165 
f 1336//2166 1327//2166 1335//2166 
f 1335//2167 1346//2167 1336//2167 
f 1346//2168 1335//2168 1345//2168 
f 1345//2169 1354//2169 1346//2169 
f 1354//2170 1345//2170 1353//2170 
f 1353//2171 1362//2171 1354//2171 
f 1362//2172 1353//2172 1361//2172 
f 1361//2173 1374//2173 1362//2173 
f 1374//2174 1361//2174 1373//2174 
f 1373//2175 1380//2175 1374//2175 
f 1380//2176 1373//2176 1379//2176 
f 1380//2177 1385//2177 1386//2177 
f 1385//2178 1380//2178 1379//2178 
f 1386//2179 1391//2179 1392//2179 
f 1391//2180 1386//2180 1385//2180 
f 1392//2181 1399//2181 1400//2181 
f 1399//2182 1392//2182 1391//2182 
f 1400//2183 1403//2183 1404//2183 
f 1403//2184 1400//2184 1399//2184 
f 1403//2185 1456//2185 1404//2185 
f 1456//2186 1403//2186 1455//2186 
f 1449//2187 1456//2187 1455//2187 
f 1456//2188 1449//2188 1450//2188 
f 1441//2189 1450//2189 1449//2189 
f 1450//2190 1441//2190 1442//2190 
f 1435//2191 1442//2191 1441//2191 
f 1442//2192 1435//2192 1436//2192 
f 1425//2193 1436//2193 1435//2193 
f 1436//2194 1425//2194 1426//2194 
f 1425//2195 1420//2195 1426//2195 
f 1420//2196 1425//2196 1419//2196 
f 1419//2197 1388//2197 1420//2197 
f 1388//2198 1419//2198 1387//2198 
f 1387//2199 1364//2199 1388//2199 
f 1364//2200 1387//2200 1363//2200 
f 1363//2201 1344//2201 1364//2201 
f 1344//2202 1363//2202 1343//2202 
f 1343//2203 1326//2203 1344//2203 
f 1326//2204 1343//2204 1325//2204 
f 1325//2205 1294//2205 1326//2205 
f 1294//2206 1325//2206 1293//2206 
f 1293//2207 1274//2207 1294//2207 
f 1274//2208 1293//2208 1273//2208 
f 1273//2209 1266//2209 1274//2209 
f 1266//2210 1273//2210 1265//2210 
f 1266//2211 1257//2211 1258//2211 
f 1257//2212 1266//2212 1265//2212 
f 1258//2213 1251//2213 1252//2213 
f 1251//2214 1258//2214 1257//2214 
f 1252//2215 1243//2215 1244//2215 
f 1243//2216 1252//2216 1251//2216 
f 1244//2217 1239//2217 1240//2217 
f 1239//2218 1244//2218 1243//2218 
f 1240//2219 1241//2219 1242//2219 
f 1241//2220 1240//2220 1239//2220 
f 1242//2221 1245//2221 1246//2221 
f 1245//2222 1242//2222 1241//2222 
f 1246//2223 1249//2223 1250//2223 
f 1249//2224 1246//2224 1245//2224 
f 1250//2225 1253//2225 1254//2225 
f 1253//2226 1250//2226 1249//2226 
f 1254//2227 1259//2227 1260//2227 
f 1259//2228 1254//2228 1253//2228 
f 1260//2229 1261//2229 1262//2229 
f 1261//2230 1260//2230 1259//2230 
f 1262//2231 1267//2231 1268//2231 
f 1267//2232 1262//2232 1261//2232 
f 1267//2233 1270//2233 1268//2233 
f 1270//2234 1267//2234 1269//2234 
f 1269//2235 1280//2235 1270//2235 
f 1280//2236 1269//2236 1279//2236 
f 1279//2237 1306//2237 1280//2237 
f 1306//2238 1279//2238 1305//2238 
f 1305//2239 1330//2239 1306//2239 
f 1330//2240 1305//2240 1329//2240 
f 1329//2241 1352//2241 1330//2241 
f 1352//2242 1329//2242 1351//2242 
f 1351//2243 1358//2243 1352//2243 
f 1358//2244 1351//2244 1357//2244 
f 1357//2245 1372//2245 1358//2245 
f 1372//2246 1357//2246 1371//2246 
f 1371//2247 1382//2247 1372//2247 
f 1382//2248 1371//2248 1381//2248 
f 1381//2249 1390//2249 1382//2249 
f 1390//2250 1381//2250 1389//2250 
f 1390//2251 1397//2251 1398//2251 
f 1397//2252 1390//2252 1389//2252 
f 1398//2253 1407//2253 1408//2253 
f 1407//2254 1398//2254 1397//2254 
f 1408//2255 1411//2255 1412//2255 
f 1411//2256 1408//2256 1407//2256 
f 1412//2257 1415//2257 1416//2257 
f 1415//2258 1412//2258 1411//2258 
f 1416//2259 1409//2259 1410//2259 
f 1409//2260 1416//2260 1415//2260 
f 1410//2261 1405//2261 1406//2261 
f 1405//2262 1410//2262 1409//2262 
f 1406//2263 1395//2263 1396//2263 
f 1395//2264 1406//2264 1405//2264 
f 1396//2265 1383//2265 1384//2265 
f 1383//2266 1396//2266 1395//2266 
f 1383//2267 1376//2267 1384//2267 
f 1376//2268 1383//2268 1375//2268 
f 1375//2269 1366//2269 1376//2269 
f 1366//2270 1375//2270 1365//2270 
f 1365//2271 1356//2271 1366//2271 
f 1356//2272 1365//2272 1355//2272 
f 1355//2273 1340//2273 1356//2273 
f 1340//2274 1355//2274 1339//2274 
f 1339//2275 1334//2275 1340//2275 
f 1334//2276 1339//2276 1333//2276 
f 1333//2277 1318//2277 1334//2277 
f 1318//2278 1333//2278 1317//2278 
f 1317//2279 1310//2279 1318//2279 
f 1310//2280 1317//2280 1309//2280 
f 1309//2281 1300//2281 1310//2281 
f 1300//2282 1309//2282 1299//2282 
f 1283//2283 1300//2283 1299//2283 
f 1300//2284 1283//2284 1284//2284 
f 1281//2285 1284//2285 1283//2285 
f 1284//2286 1281//2286 1282//2286 
f 1277//2287 1282//2287 1281//2287 
f 1282//2288 1277//2288 1278//2288 
f 1275//2289 1278//2289 1277//2289 
f 1278//2290 1275//2290 1276//2290 
f 1275//2291 1236//2291 1276//2291 
f 1236//2292 1275//2292 1235//2292 
f 1236//2293 1237//2293 1238//2293 
f 1237//2294 1236//2294 1235//2294 
f 1238//2295 1247//2295 1248//2295 
f 1247//2296 1238//2296 1237//2296 
f 1248//2297 1255//2297 1256//2297 
f 1255//2298 1248//2298 1247//2298 
f 1256//2299 1263//2299 1264//2299 
f 1263//2300 1256//2300 1255//2300 
f 1263//2301 1272//2301 1264//2301 
f 1272//2302 1263//2302 1271//2302 
f 1271//2303 1288//2303 1272//2303 
f 1288//2304 1271//2304 1287//2304 
f 1287//2305 1324//2305 1288//2305 
f 1324//2306 1287//2306 1323//2306 
f 1323//2307 1342//2307 1324//2307 
f 1342//2308 1323//2308 1341//2308 
f 1341//2309 1368//2309 1342//2309 
f 1368//2310 1341//2310 1367//2310 
f 321//2311 354//2311 322//2311 
f 354//2312 321//2312 353//2312 
f 353//2313 374//2313 354//2313 
f 374//2314 353//2314 373//2314 
f 373//2315 382//2315 374//2315 
f 382//2316 373//2316 381//2316 
f 391//2317 382//2317 381//2317 
f 382//2318 391//2318 392//2318 
f 399//2319 392//2319 391//2319 
f 392//2320 399//2320 400//2320 
f 407//2321 400//2321 399//2321 
f 400//2322 407//2322 408//2322 
f 411//2323 408//2323 407//2323 
f 408//2324 411//2324 412//2324 
f 409//2325 412//2325 411//2325 
f 412//2326 409//2326 410//2326 
f 405//2327 410//2327 409//2327 
f 410//2328 405//2328 406//2328 
f 403//2329 406//2329 405//2329 
f 406//2330 403//2330 404//2330 
f 397//2331 404//2331 403//2331 
f 404//2332 397//2332 398//2332 
f 393//2333 398//2333 397//2333 
f 398//2334 393//2334 394//2334 
f 387//2335 394//2335 393//2335 
f 394//2336 387//2336 388//2336 
f 385//2337 388//2337 387//2337 
f 388//2338 385//2338 386//2338 
f 379//2339 386//2339 385//2339 
f 386//2340 379//2340 380//2340 
f 379//2341 378//2341 380//2341 
f 378//2342 379//2342 377//2342 
f 377//2343 372//2343 378//2343 
f 372//2344 377//2344 371//2344 
f 371//2345 368//2345 372//2345 
f 368//2346 371//2346 367//2346 
f 367//2347 346//2347 368//2347 
f 346//2348 367//2348 345//2348 
f 345//2349 330//2349 346//2349 
f 330//2350 345//2350 329//2350 
f 329//2351 314//2351 330//2351 
f 314//2352 329//2352 313//2352 
f 313//2353 304//2353 314//2353 
f 304//2354 313//2354 303//2354 
f 303//2355 294//2355 304//2355 
f 294//2356 303//2356 293//2356 
f 293//2357 288//2357 294//2357 
f 288//2358 293//2358 287//2358 
f 287//2359 278//2359 288//2359 
f 278//2360 287//2360 277//2360 
f 277//2361 272//2361 278//2361 
f 272//2362 277//2362 271//2362 
f 271//2363 266//2363 272//2363 
f 266//2364 271//2364 265//2364 
f 259//2365 266//2365 265//2365 
f 266//2366 259//2366 260//2366 
f 253//2367 260//2367 259//2367 
f 260//2368 253//2368 254//2368 
f 247//2369 254//2369 253//2369 
f 254//2370 247//2370 248//2370 
f 243//2371 248//2371 247//2371 
f 248//2372 243//2372 244//2372 
f 249//2373 244//2373 243//2373 
f 244//2374 249//2374 250//2374 
f 255//2375 250//2375 249//2375 
f 250//2376 255//2376 256//2376 
f 261//2377 256//2377 255//2377 
f 256//2378 261//2378 262//2378 
f 269//2379 262//2379 261//2379 
f 262//2380 269//2380 270//2380 
f 269//2381 274//2381 270//2381 
f 274//2382 269//2382 273//2382 
f 273//2383 284//2383 274//2383 
f 284//2384 273//2384 283//2384 
f 283//2385 292//2385 284//2385 
f 292//2386 283//2386 291//2386 
f 291//2387 302//2387 292//2387 
f 302//2388 291//2388 301//2388 
f 301//2389 308//2389 302//2389 
f 308//2390 301//2390 307//2390 
f 307//2391 316//2391 308//2391 
f 316//2392 307//2392 315//2392 
f 315//2393 326//2393 316//2393 
f 326//2394 315//2394 325//2394 
f 325//2395 332//2395 326//2395 
f 332//2396 325//2396 331//2396 
f 332//2397 337//2397 338//2397 
f 337//2398 332//2398 331//2398 
f 338//2399 343//2399 344//2399 
f 343//2400 338//2400 337//2400 
f 344//2401 351//2401 352//2401 
f 351//2402 344//2402 343//2402 
f 352//2403 355//2403 356//2403 
f 355//2404 352//2404 351//2404 
f 355//2405 402//2405 356//2405 
f 402//2406 355//2406 401//2406 
f 395//2407 402//2407 401//2407 
f 402//2408 395//2408 396//2408 
f 389//2409 396//2409 395//2409 
f 396//2410 389//2410 390//2410 
f 383//2411 390//2411 389//2411 
f 390//2412 383//2412 384//2412 
f 375//2413 384//2413 383//2413 
f 384//2414 375//2414 376//2414 
f 375//2415 370//2415 376//2415 
f 370//2416 375//2416 369//2416 
f 369//2417 340//2417 370//2417 
f 340//2418 369//2418 339//2418 
f 339//2419 318//2419 340//2419 
f 318//2420 339//2420 317//2420 
f 317//2421 300//2421 318//2421 
f 300//2422 317//2422 299//2422 
f 299//2423 282//2423 300//2423 
f 282//2424 299//2424 281//2424 
f 281//2425 252//2425 282//2425 
f 252//2426 281//2426 251//2426 
f 251//2427 232//2427 252//2427 
f 232//2428 251//2428 231//2428 
f 231//2429 224//2429 232//2429 
f 224//2430 231//2430 223//2430 
f 224//2431 215//2431 216//2431 
f 215//2432 224//2432 223//2432 
f 216//2433 209//2433 210//2433 
f 209//2434 216//2434 215//2434 
f 210//2435 201//2435 202//2435 
f 201//2436 210//2436 209//2436 
f 202//2437 197//2437 198//2437 
f 197//2438 202//2438 201//2438 
f 198//2439 199//2439 200//2439 
f 199//2440 198//2440 197//2440 
f 200//2441 203//2441 204//2441 
f 203//2442 200//2442 199//2442 
f 204//2443 207//2443 208//2443 
f 207//2444 204//2444 203//2444 
f 208//2445 211//2445 212//2445 
f 211//2446 208//2446 207//2446 
f 212//2447 217//2447 218//2447 
f 217//2448 212//2448 211//2448 
f 218//2449 219//2449 220//2449 
f 219//2450 218//2450 217//2450 
f 220//2451 225//2451 226//2451 
f 225//2452 220//2452 219//2452 
f 225//2453 228//2453 226//2453 
f 228//2454 225//2454 227//2454 
f 227//2455 238//2455 228//2455 
f 238//2456 227//2456 237//2456 
f 237//2457 264//2457 238//2457 
f 264//2458 237//2458 263//2458 
f 263//2459 286//2459 264//2459 
f 286//2460 263//2460 285//2460 
f 285//2461 306//2461 286//2461 
f 306//2462 285//2462 305//2462 
f 305//2463 312//2463 306//2463 
f 312//2464 305//2464 311//2464 
f 311//2465 324//2465 312//2465 
f 324//2466 311//2466 323//2466 
f 323//2467 334//2467 324//2467 
f 334//2468 323//2468 333//2468 
f 333//2469 342//2469 334//2469 
f 342//2470 333//2470 341//2470 
f 342//2471 349//2471 350//2471 
f 349//2472 342//2472 341//2472 
f 350//2473 359//2473 360//2473 
f 359//2474 350//2474 349//2474 
f 360//2475 363//2475 364//2475 
f 363//2476 360//2476 359//2476 
f 364//2477 365//2477 366//2477 
f 365//2478 364//2478 363//2478 
f 366//2479 361//2479 362//2479 
f 361//2480 366//2480 365//2480 
f 362//2481 357//2481 358//2481 
f 357//2482 362//2482 361//2482 
f 358//2483 347//2483 348//2483 
f 347//2484 358//2484 357//2484 
f 348//2485 335//2485 336//2485 
f 335//2486 348//2486 347//2486 
f 335//2487 328//2487 336//2487 
f 328//2488 335//2488 327//2488 
f 327//2489 320//2489 328//2489 
f 320//2490 327//2490 319//2490 
f 319//2491 310//2491 320//2491 
f 310//2492 319//2492 309//2492 
f 309//2493 296//2493 310//2493 
f 296//2494 309//2494 295//2494 
f 295//2495 290//2495 296//2495 
f 290//2496 295//2496 289//2496 
f 289//2497 276//2497 290//2497 
f 276//2498 289//2498 275//2498 
f 275//2499 268//2499 276//2499 
f 268//2500 275//2500 267//2500 
f 267//2501 258//2501 268//2501 
f 258//2502 267//2502 257//2502 
f 241//2503 258//2503 257//2503 
f 258//2504 241//2504 242//2504 
f 239//2505 242//2505 241//2505 
f 242//2506 239//2506 240//2506 
f 235//2507 240//2507 239//2507 
f 240//2508 235//2508 236//2508 
f 233//2509 236//2509 235//2509 
f 236//2510 233//2510 234//2510 
f 233//2511 194//2511 234//2511 
f 194//2512 233//2512 193//2512 
f 194//2513 195//2513 196//2513 
f 195//2514 194//2514 193//2514 
f 196//2515 205//2515 206//2515 
f 205//2516 196//2516 195//2516 
f 206//2517 213//2517 214//2517 
f 213//2518 206//2518 205//2518 
f 214//2519 221//2519 222//2519 
f 221//2520 214//2520 213//2520 
f 221//2521 230//2521 222//2521 
f 230//2522 221//2522 229//2522 
f 229//2523 246//2523 230//2523 
f 246//2524 229//2524 245//2524 
f 245//2525 280//2525 246//2525 
f 280//2526 245//2526 279//2526 
f 279//2527 298//2527 280//2527 
f 298//2528 279//2528 297//2528 
f 297//2529 322//2529 298//2529 
f 322//2530 297//2530 321//2530 
f 541//2531 574//2531 542//2531 
f 574//2532 541//2532 573//2532 
f 573//2533 594//2533 574//2533 
f 594//2534 573//2534 593//2534 
f 593//2535 602//2535 594//2535 
f 602//2536 593//2536 601//2536 
f 611//2537 602//2537 601//2537 
f 602//2538 611//2538 612//2538 
f 619//2539 612//2539 611//2539 
f 612//2540 619//2540 620//2540 
f 627//2541 620//2541 619//2541 
f 620//2542 627//2542 628//2542 
f 631//2543 628//2543 627//2543 
f 628//2544 631//2544 632//2544 
f 629//2545 632//2545 631//2545 
f 632//2546 629//2546 630//2546 
f 625//2547 630//2547 629//2547 
f 630//2548 625//2548 626//2548 
f 623//2549 626//2549 625//2549 
f 626//2550 623//2550 624//2550 
f 617//2551 624//2551 623//2551 
f 624//2552 617//2552 618//2552 
f 613//2553 618//2553 617//2553 
f 618//2554 613//2554 614//2554 
f 607//2555 614//2555 613//2555 
f 614//2556 607//2556 608//2556 
f 605//2557 608//2557 607//2557 
f 608//2558 605//2558 606//2558 
f 599//2559 606//2559 605//2559 
f 606//2560 599//2560 600//2560 
f 599//2561 598//2561 600//2561 
f 598//2562 599//2562 597//2562 
f 597//2563 592//2563 598//2563 
f 592//2564 597//2564 591//2564 
f 591//2565 588//2565 592//2565 
f 588//2566 591//2566 587//2566 
f 587//2567 566//2567 588//2567 
f 566//2568 587//2568 565//2568 
f 565//2569 550//2569 566//2569 
f 550//2570 565//2570 549//2570 
f 549//2571 534//2571 550//2571 
f 534//2572 549//2572 533//2572 
f 533//2573 524//2573 534//2573 
f 524//2574 533//2574 523//2574 
f 523//2575 514//2575 524//2575 
f 514//2576 523//2576 513//2576 
f 513//2577 508//2577 514//2577 
f 508//2578 513//2578 507//2578 
f 507//2579 498//2579 508//2579 
f 498//2580 507//2580 497//2580 
f 497//2581 492//2581 498//2581 
f 492//2582 497//2582 491//2582 
f 491//2583 486//2583 492//2583 
f 486//2584 491//2584 485//2584 
f 479//2585 486//2585 485//2585 
f 486//2586 479//2586 480//2586 
f 473//2587 480//2587 479//2587 
f 480//2588 473//2588 474//2588 
f 467//2589 474//2589 473//2589 
f 474//2590 467//2590 468//2590 
f 463//2591 468//2591 467//2591 
f 468//2592 463//2592 464//2592 
f 469//2593 464//2593 463//2593 
f 464//2594 469//2594 470//2594 
f 475//2595 470//2595 469//2595 
f 470//2596 475//2596 476//2596 
f 481//2597 476//2597 475//2597 
f 476//2598 481//2598 482//2598 
f 489//2599 482//2599 481//2599 
f 482//2600 489//2600 490//2600 
f 489//2601 494//2601 490//2601 
f 494//2602 489//2602 493//2602 
f 493//2603 504//2603 494//2603 
f 504//2604 493//2604 503//2604 
f 503//2605 512//2605 504//2605 
f 512//2606 503//2606 511//2606 
f 511//2607 522//2607 512//2607 
f 522//2608 511//2608 521//2608 
f 521//2609 528//2609 522//2609 
f 528//2610 521//2610 527//2610 
f 527//2611 536//2611 528//2611 
f 536//2612 527//2612 535//2612 
f 535//2613 546//2613 536//2613 
f 546//2614 535//2614 545//2614 
f 545//2615 552//2615 546//2615 
f 552//2616 545//2616 551//2616 
f 552//2617 557//2617 558//2617 
f 557//2618 552//2618 551//2618 
f 558//2619 563//2619 564//2619 
f 563//2620 558//2620 557//2620 
f 564//2621 571//2621 572//2621 
f 571//2622 564//2622 563//2622 
f 572//2623 575//2623 576//2623 
f 575//2624 572//2624 571//2624 
f 575//2625 622//2625 576//2625 
f 622//2626 575//2626 621//2626 
f 615//2627 622//2627 621//2627 
f 622//2628 615//2628 616//2628 
f 609//2629 616//2629 615//2629 
f 616//2630 609//2630 610//2630 
f 603//2631 610//2631 609//2631 
f 610//2632 603//2632 604//2632 
f 595//2633 604//2633 603//2633 
f 604//2634 595//2634 596//2634 
f 595//2635 590//2635 596//2635 
f 590//2636 595//2636 589//2636 
f 589//2637 560//2637 590//2637 
f 560//2638 589//2638 559//2638 
f 559//2639 538//2639 560//2639 
f 538//2640 559//2640 537//2640 
f 537//2641 520//2641 538//2641 
f 520//2642 537//2642 519//2642 
f 519//2643 502//2643 520//2643 
f 502//2644 519//2644 501//2644 
f 501//2645 472//2645 502//2645 
f 472//2646 501//2646 471//2646 
f 471//2647 452//2647 472//2647 
f 452//2648 471//2648 451//2648 
f 451//2649 444//2649 452//2649 
f 444//2650 451//2650 443//2650 
f 444//2651 435//2651 436//2651 
f 435//2652 444//2652 443//2652 
f 436//2653 429//2653 430//2653 
f 429//2654 436//2654 435//2654 
f 430//2655 421//2655 422//2655 
f 421//2656 430//2656 429//2656 
f 422//2657 417//2657 418//2657 
f 417//2658 422//2658 421//2658 
f 418//2659 419//2659 420//2659 
f 419//2660 418//2660 417//2660 
f 420//2661 423//2661 424//2661 
f 423//2662 420//2662 419//2662 
f 424//2663 427//2663 428//2663 
f 427//2664 424//2664 423//2664 
f 428//2665 431//2665 432//2665 
f 431//2666 428//2666 427//2666 
f 432//2667 437//2667 438//2667 
f 437//2668 432//2668 431//2668 
f 438//2669 439//2669 440//2669 
f 439//2670 438//2670 437//2670 
f 440//2671 445//2671 446//2671 
f 445//2672 440//2672 439//2672 
f 445//2673 448//2673 446//2673 
f 448//2674 445//2674 447//2674 
f 447//2675 458//2675 448//2675 
f 458//2676 447//2676 457//2676 
f 457//2677 484//2677 458//2677 
f 484//2678 457//2678 483//2678 
f 483//2679 506//2679 484//2679 
f 506//2680 483//2680 505//2680 
f 505//2681 526//2681 506//2681 
f 526//2682 505//2682 525//2682 
f 525//2683 532//2683 526//2683 
f 532//2684 525//2684 531//2684 
f 531//2685 544//2685 532//2685 
f 544//2686 531//2686 543//2686 
f 543//2687 554//2687 544//2687 
f 554//2688 543//2688 553//2688 
f 553//2689 562//2689 554//2689 
f 562//2690 553//2690 561//2690 
f 562//2691 569//2691 570//2691 
f 569//2692 562//2692 561//2692 
f 570//2693 579//2693 580//2693 
f 579//2694 570//2694 569//2694 
f 580//2695 583//2695 584//2695 
f 583//2696 580//2696 579//2696 
f 584//2697 585//2697 586//2697 
f 585//2698 584//2698 583//2698 
f 586//2699 581//2699 582//2699 
f 581//2700 586//2700 585//2700 
f 582//2701 577//2701 578//2701 
f 577//2702 582//2702 581//2702 
f 578//2703 567//2703 568//2703 
f 567//2704 578//2704 577//2704 
f 568//2705 555//2705 556//2705 
f 555//2706 568//2706 567//2706 
f 555//2707 548//2707 556//2707 
f 548//2708 555//2708 547//2708 
f 547//2709 540//2709 548//2709 
f 540//2710 547//2710 539//2710 
f 539//2711 530//2711 540//2711 
f 530//2712 539//2712 529//2712 
f 529//2713 516//2713 530//2713 
f 516//2714 529//2714 515//2714 
f 515//2715 510//2715 516//2715 
f 510//2716 515//2716 509//2716 
f 509//2717 496//2717 510//2717 
f 496//2718 509//2718 495//2718 
f 495//2719 488//2719 496//2719 
f 488//2720 495//2720 487//2720 
f 487//2721 478//2721 488//2721 
f 478//2722 487//2722 477//2722 
f 461//2723 478//2723 477//2723 
f 478//2724 461//2724 462//2724 
f 459//2725 462//2725 461//2725 
f 462//2726 459//2726 460//2726 
f 455//2727 460//2727 459//2727 
f 460//2728 455//2728 456//2728 
f 453//2729 456//2729 455//2729 
f 456//2730 453//2730 454//2730 
f 453//2731 414//2731 454//2731 
f 414//2732 453//2732 413//2732 
f 414//2733 415//2733 416//2733 
f 415//2734 414//2734 413//2734 
f 416//2735 425//2735 426//2735 
f 425//2736 416//2736 415//2736 
f 426//2737 433//2737 434//2737 
f 433//2738 426//2738 425//2738 
f 434//2739 441//2739 442//2739 
f 441//2740 434//2740 433//2740 
f 441//2741 450//2741 442//2741 
f 450//2742 441//2742 449//2742 
f 449//2743 466//2743 450//2743 
f 466//2744 449//2744 465//2744 
f 465//2745 500//2745 466//2745 
f 500//2746 465//2746 499//2746 
f 499//2747 518//2747 500//2747 
f 518//2748 499//2748 517//2748 
f 517//2749 542//2749 518//2749 
f 542//2750 517//2750 541//2750 
f 717//2751 736//2751 718//2751 
f 736//2752 717//2752 735//2752 
f 739//2753 736//2753 735//2753 
f 736//2754 739//2754 740//2754 
f 745//2755 740//2755 739//2755 
f 740//2756 745//2756 746//2756 
f 745//2757 726//2757 746//2757 
f 726//2758 745//2758 725//2758 
f 726//2759 721//2759 722//2759 
f 721//2760 726//2760 725//2760 
f 722//2761 713//2761 714//2761 
f 713//2762 722//2762 721//2762 
f 713//2763 706//2763 714//2763 
f 706//2764 713//2764 705//2764 
f 705//2765 702//2765 706//2765 
f 702//2766 705//2766 701//2766 
f 701//2767 694//2767 702//2767 
f 694//2768 701//2768 693//2768 
f 693//2769 690//2769 694//2769 
f 690//2770 693//2770 689//2770 
f 681//2771 690//2771 689//2771 
f 690//2772 681//2772 682//2772 
f 677//2773 682//2773 681//2773 
f 682//2774 677//2774 678//2774 
f 671//2775 678//2775 677//2775 
f 678//2776 671//2776 672//2776 
f 667//2777 672//2777 671//2777 
f 672//2778 667//2778 668//2778 
f 663//2779 668//2779 667//2779 
f 668//2780 663//2780 664//2780 
f 659//2781 664//2781 663//2781 
f 664//2782 659//2782 660//2782 
f 659//2783 752//2783 660//2783 
f 752//2784 659//2784 751//2784 
f 749//2785 752//2785 751//2785 
f 752//2786 749//2786 750//2786 
f 747//2787 750//2787 749//2787 
f 750//2788 747//2788 748//2788 
f 743//2789 748//2789 747//2789 
f 748//2790 743//2790 744//2790 
f 741//2791 744//2791 743//2791 
f 744//2792 741//2792 742//2792 
f 737//2793 742//2793 741//2793 
f 742//2794 737//2794 738//2794 
f 733//2795 738//2795 737//2795 
f 738//2796 733//2796 734//2796 
f 733//2797 730//2797 734//2797 
f 730//2798 733//2798 729//2798 
f 729//2799 710//2799 730//2799 
f 710//2800 729//2800 709//2800 
f 709//2801 700//2801 710//2801 
f 700//2802 709//2802 699//2802 
f 699//2803 686//2803 700//2803 
f 686//2804 699//2804 685//2804 
f 685//2805 658//2805 686//2805 
f 658//2806 685//2806 657//2806 
f 657//2807 654//2807 658//2807 
f 654//2808 657//2808 653//2808 
f 654//2809 649//2809 650//2809 
f 649//2810 654//2810 653//2810 
f 650//2811 645//2811 646//2811 
f 645//2812 650//2812 649//2812 
f 646//2813 641//2813 642//2813 
f 641//2814 646//2814 645//2814 
f 642//2815 637//2815 638//2815 
f 637//2816 642//2816 641//2816 
f 638//2817 633//2817 634//2817 
f 633//2818 638//2818 637//2818 
f 634//2819 635//2819 636//2819 
f 635//2820 634//2820 633//2820 
f 636//2821 639//2821 640//2821 
f 639//2822 636//2822 635//2822 
f 640//2823 643//2823 644//2823 
f 643//2824 640//2824 639//2824 
f 644//2825 647//2825 648//2825 
f 647//2826 644//2826 643//2826 
f 648//2827 651//2827 652//2827 
f 651//2828 648//2828 647//2828 
f 651//2829 656//2829 652//2829 
f 656//2830 651//2830 655//2830 
f 655//2831 684//2831 656//2831 
f 684//2832 655//2832 683//2832 
f 683//2833 698//2833 684//2833 
f 698//2834 683//2834 697//2834 
f 697//2835 718//2835 698//2835 
f 718//2836 697//2836 717//2836 
f 665//2837 662//2837 661//2837 
f 662//2838 665//2838 666//2838 
f 669//2839 666//2839 665//2839 
f 666//2840 669//2840 670//2840 
f 673//2841 670//2841 669//2841 
f 670//2842 673//2842 674//2842 
f 675//2843 674//2843 673//2843 
f 674//2844 675//2844 676//2844 
f 679//2845 676//2845 675//2845 
f 676//2846 679//2846 680//2846 
f 687//2847 680//2847 679//2847 
f 680//2848 687//2848 688//2848 
f 687//2849 692//2849 688//2849 
f 692//2850 687//2850 691//2850 
f 691//2851 696//2851 692//2851 
f 696//2852 691//2852 695//2852 
f 695//2853 704//2853 696//2853 
f 704//2854 695//2854 703//2854 
f 703//2855 708//2855 704//2855 
f 708//2856 703//2856 707//2856 
f 707//2857 712//2857 708//2857 
f 712//2858 707//2858 711//2858 
f 712//2859 715//2859 716//2859 
f 715//2860 712//2860 711//2860 
f 716//2861 719//2861 720//2861 
f 719//2862 716//2862 715//2862 
f 720//2863 723//2863 724//2863 
f 723//2864 720//2864 719//2864 
f 724//2865 727//2865 728//2865 
f 727//2866 724//2866 723//2866 
f 728//2867 731//2867 732//2867 
f 731//2868 728//2868 727//2868 
f 731//2869 662//2869 732//2869 
f 662//2870 731//2870 661//2870 
f 1195//2871 1214//2871 1196//2871 
f 1214//2872 1195//2872 1213//2872 
f 1217//2873 1214//2873 1213//2873 
f 1214//2874 1217//2874 1218//2874 
f 1223//2875 1218//2875 1217//2875 
f 1218//2876 1223//2876 1224//2876 
f 1223//2877 1204//2877 1224//2877 
f 1204//2878 1223//2878 1203//2878 
f 1204//2879 1199//2879 1200//2879 
f 1199//2880 1204//2880 1203//2880 
f 1200//2881 1191//2881 1192//2881 
f 1191//2882 1200//2882 1199//2882 
f 1191//2883 1184//2883 1192//2883 
f 1184//2884 1191//2884 1183//2884 
f 1183//2885 1180//2885 1184//2885 
f 1180//2886 1183//2886 1179//2886 
f 1179//2887 1172//2887 1180//2887 
f 1172//2888 1179//2888 1171//2888 
f 1171//2889 1168//2889 1172//2889 
f 1168//2890 1171//2890 1167//2890 
f 1159//2891 1168//2891 1167//2891 
f 1168//2892 1159//2892 1160//2892 
f 1155//2893 1160//2893 1159//2893 
f 1160//2894 1155//2894 1156//2894 
f 1149//2895 1156//2895 1155//2895 
f 1156//2896 1149//2896 1150//2896 
f 1145//2897 1150//2897 1149//2897 
f 1150//2898 1145//2898 1146//2898 
f 1141//2899 1146//2899 1145//2899 
f 1146//2900 1141//2900 1142//2900 
f 1137//2901 1142//2901 1141//2901 
f 1142//2902 1137//2902 1138//2902 
f 1137//2903 1230//2903 1138//2903 
f 1230//2904 1137//2904 1229//2904 
f 1227//2905 1230//2905 1229//2905 
f 1230//2906 1227//2906 1228//2906 
f 1225//2907 1228//2907 1227//2907 
f 1228//2908 1225//2908 1226//2908 
f 1221//2909 1226//2909 1225//2909 
f 1226//2910 1221//2910 1222//2910 
f 1219//2911 1222//2911 1221//2911 
f 1222//2912 1219//2912 1220//2912 
f 1215//2913 1220//2913 1219//2913 
f 1220//2914 1215//2914 1216//2914 
f 1211//2915 1216//2915 1215//2915 
f 1216//2916 1211//2916 1212//2916 
f 1211//2917 1208//2917 1212//2917 
f 1208//2918 1211//2918 1207//2918 
f 1207//2919 1188//2919 1208//2919 
f 1188//2920 1207//2920 1187//2920 
f 1187//2921 1178//2921 1188//2921 
f 1178//2922 1187//2922 1177//2922 
f 1177//2923 1164//2923 1178//2923 
f 1164//2924 1177//2924 1163//2924 
f 1163//2925 1136//2925 1164//2925 
f 1136//2926 1163//2926 1135//2926 
f 1135//2927 1132//2927 1136//2927 
f 1132//2928 1135//2928 1131//2928 
f 1132//2929 1127//2929 1128//2929 
f 1127//2930 1132//2930 1131//2930 
f 1128//2931 1123//2931 1124//2931 
f 1123//2932 1128//2932 1127//2932 
f 1124//2933 1117//2933 1118//2933 
f 1117//2934 1124//2934 1123//2934 
f 1118//2935 1113//2935 1114//2935 
f 1113//2936 1118//2936 1117//2936 
f 1114//2937 1109//2937 1110//2937 
f 1109//2938 1114//2938 1113//2938 
f 1110//2939 1111//2939 1112//2939 
f 1111//2940 1110//2940 1109//2940 
f 1112//2941 1115//2941 1116//2941 
f 1115//2942 1112//2942 1111//2942 
f 1116//2943 1121//2943 1122//2943 
f 1121//2944 1116//2944 1115//2944 
f 1122//2945 1125//2945 1126//2945 
f 1125//2946 1122//2946 1121//2946 
f 1126//2947 1129//2947 1130//2947 
f 1129//2948 1126//2948 1125//2948 
f 1129//2949 1134//2949 1130//2949 
f 1134//2950 1129//2950 1133//2950 
f 1133//2951 1162//2951 1134//2951 
f 1162//2952 1133//2952 1161//2952 
f 1161//2953 1176//2953 1162//2953 
f 1176//2954 1161//2954 1175//2954 
f 1175//2955 1196//2955 1176//2955 
f 1196//2956 1175//2956 1195//2956 
f 1143//2957 1140//2957 1139//2957 
f 1140//2958 1143//2958 1144//2958 
f 1147//2959 1144//2959 1143//2959 
f 1144//2960 1147//2960 1148//2960 
f 1151//2961 1148//2961 1147//2961 
f 1148//2962 1151//2962 1152//2962 
f 1153//2963 1152//2963 1151//2963 
f 1152//2964 1153//2964 1154//2964 
f 1157//2965 1154//2965 1153//2965 
f 1154//2966 1157//2966 1158//2966 
f 1165//2967 1158//2967 1157//2967 
f 1158//2968 1165//2968 1166//2968 
f 1165//2969 1170//2969 1166//2969 
f 1170//2970 1165//2970 1169//2970 
f 1169//2971 1174//2971 1170//2971 
f 1174//2972 1169//2972 1173//2972 
f 1173//2973 1182//2973 1174//2973 
f 1182//2974 1173//2974 1181//2974 
f 1181//2975 1186//2975 1182//2975 
f 1186//2976 1181//2976 1185//2976 
f 1185//2977 1190//2977 1186//2977 
f 1190//2978 1185//2978 1189//2978 
f 1190//2979 1193//2979 1194//2979 
f 1193//2980 1190//2980 1189//2980 
f 1194//2981 1197//2981 1198//2981 
f 1197//2982 1194//2982 1193//2982 
f 1198//2983 1201//2983 1202//2983 
f 1201//2984 1198//2984 1197//2984 
f 1202//2985 1205//2985 1206//2985 
f 1205//2986 1202//2986 1201//2986 
f 1206//2987 1209//2987 1210//2987 
f 1209//2988 1206//2988 1205//2988 
f 1209//2989 1140//2989 1210//2989 
f 1140//2990 1209//2990 1139//2990 
f 1105//2991 1094//2991 1106//2991 
f 1094//2992 1105//2992 1093//2992 
f 1094//2993 1095//2993 1096//2993 
f 1095//2994 1094//2994 1093//2994 
f 1095//2995 1108//2995 1096//2995 
f 1108//2996 1095//2996 1107//2996 
f 1105//2997 1108//2997 1107//2997 
f 1108//2998 1105//2998 1106//2998 
f 754//2999 755//2999 756//2999 
f 755//3000 754//3000 753//3000 
f 755//3001 760//3001 756//3001 
f 760//3002 755//3002 759//3002 
f 1119//3003 1234//3003 1120//3003 
f 1234//3004 1119//3004 1233//3004 
f 885//3005 936//3005 886//3005 
f 936//3006 885//3006 935//3006 
f 760//3007 757//3007 758//3007 
f 757//3008 760//3008 759//3008 
f 758//3009 885//3009 886//3009 
f 885//3010 758//3010 757//3010 
f 1119//3011 1080//3011 1079//3011 
f 1080//3012 1119//3012 1120//3012 
f 936//3013 1079//3013 1080//3013 
f 1079//3014 936//3014 935//3014 
f 1487//3015 1490//3015 1488//3015 
f 1490//3016 1487//3016 1489//3016 
f 1234//3017 1231//3017 1232//3017 
f 1231//3018 1234//3018 1233//3018 
f 1232//3019 1487//3019 1488//3019 
f 1487//3020 1232//3020 1231//3020 
f 1491//3021 1512//3021 1492//3021 
f 1512//3022 1491//3022 1511//3022 
f 1490//3023 1491//3023 1492//3023 
f 1491//3024 1490//3024 1489//3024 
