# FreeCAD v1.0 build0 Arch module
# https://www.freecad.org
mtllib colors.mtl
o part_left
usemtl color_0ac90a
v -30.0 -30.0 -10.0
v -30.0 -30.0 30.0
v -30.0 30.0 -10.0
v -30.0 30.0 30.0
v -29.960533 -31.25581 -10.0
v -29.960533 -31.25581 30.0
v -29.960533 31.25581 -10.0
v -29.960533 31.25581 30.0
v -29.842293 -32.506664 -10.0
v -29.842293 -32.506664 30.0
v -29.842293 32.506664 -10.0
v -29.842293 32.506664 30.0
v -29.645744 -33.747627 -10.0
v -29.645744 -33.747627 30.0
v -29.645744 33.747627 -10.0
v -29.645744 33.747627 30.0
v -29.371662 -34.973797 -10.0
v -29.371662 -34.973797 30.0
v -29.371662 34.973797 -10.0
v -29.371662 34.973797 30.0
v -29.02113 -36.18034 -10.0
v -29.02113 -36.18034 30.0
v -29.02113 36.18034 -10.0
v -29.02113 36.18034 30.0
v -28.59553 -37.362492 -10.0
v -28.59553 -37.362492 30.0
v -28.59553 37.362492 -10.0
v -28.59553 37.362492 30.0
v -28.09654 -38.515587 -10.0
v -28.09654 -38.515587 30.0
v -28.09654 38.515587 -10.0
v -28.09654 38.515587 30.0
v -27.526134 -39.635071 -10.0
v -27.526134 -39.635071 30.0
v -27.526134 39.635071 -10.0
v -27.526134 39.635071 30.0
v -26.886559 -40.716537 -10.0
v -26.886559 -40.716537 30.0
v -26.886559 40.716537 -10.0
v -26.886559 40.716537 30.0
v -26.18034 -41.755707 -10.0
v -26.18034 -41.755707 30.0
v -26.18034 41.755707 -10.0
v -26.18034 41.755707 30.0
v -25.410263 -42.748478 -10.0
v -25.410263 -42.748478 30.0
v -25.410263 42.748478 -10.0
v -25.410263 42.748478 30.0
v -24.579372 -43.690941 -10.0
v -24.579372 -43.690941 30.0
v -24.579372 43.690941 -10.0
v -24.579372 43.690941 30.0
v -23.690941 -44.579372 -10.0
v -23.690941 -44.579372 30.0
v -23.690941 44.579372 -10.0
v -23.690941 44.579372 30.0
v -22.748478 -45.410263 -10.0
v -22.748478 -45.410263 30.0
v -22.748478 45.410263 -10.0
v -22.748478 45.410263 30.0
v -21.755705 -46.18034 -10.0
v -21.755705 -46.18034 30.0
v -21.755705 46.18034 -10.0
v -21.755705 46.18034 30.0
v -20.716536 -46.886559 -10.0
v -20.716536 -46.886559 30.0
v -20.716536 46.886559 -10.0
v -20.716536 46.886559 30.0
v -19.635073 -47.526134 -10.0
v -19.635073 -47.526134 30.0
v -19.635073 47.526134 -10.0
v -19.635073 47.526134 30.0
v -18.515585 -48.096542 -10.0
v -18.515585 -48.096542 30.0
v -18.515585 48.096542 -10.0
v -18.515585 48.096542 30.0
v -17.362492 -48.595528 -10.0
v -17.362492 -48.595528 30.0
v -17.362492 48.595528 -10.0
v -17.362492 48.595528 30.0
v -16.18034 -49.02113 -10.0
v -16.18034 -49.02113 30.0
v -16.18034 49.02113 -10.0
v -16.18034 49.02113 30.0
v -14.973798 -49.371662 -10.0
v -14.973798 -49.371662 30.0
v -14.973798 49.371662 -10.0
v -14.973798 49.371662 30.0
v -13.747626 -49.645744 -10.0
v -13.747626 -49.645744 30.0
v -13.747626 49.645744 -10.0
v -13.747626 49.645744 30.0
v -12.506665 -49.842293 -10.0
v -12.506665 -49.842293 30.0
v -12.506665 49.842293 -10.0
v -12.506665 49.842293 30.0
v -11.255811 -49.960533 -10.0
v -11.255811 -49.960533 30.0
v -11.255811 49.960533 -10.0
v -11.255811 49.960533 30.0
v -10.0 -50.0 -10.0
v -10.0 -50.0 30.0
v -10.0 50.0 -10.0
v -10.0 50.0 30.0
v -4.014599 -6.077844 28.0
v -4.014599 -6.077844 30.0
v -4.014599 6.077844 -10.0
v -4.014599 6.077844 -8.0
v -3.804523 -7.838342 28.0
v -3.804523 -7.838342 30.0
v -3.804523 7.838342 -10.0
v -3.804523 7.838342 -8.0
v -3.741095 -6.435064 -10.0
v -3.741095 -6.435064 -8.0
v -3.741095 6.435064 28.0
v -3.741095 6.435064 30.0
v -3.539587 -8.069189 -10.0
v -3.539587 -8.069189 -8.0
v -3.539587 8.069189 28.0
v -3.539587 8.069189 30.0
v -3.436371 -9.379327 28.0
v -3.436371 -9.379327 30.0
v -3.436371 9.379327 -10.0
v -3.436371 9.379327 -8.0
v -3.185718 -9.515753 -10.0
v -3.185718 -9.515753 -8.0
v -3.185718 9.515753 28.0
v -3.185718 9.515753 30.0
v -2.91018 -10.700799 28.0
v -2.91018 -10.700799 30.0
v -2.91018 10.700799 -10.0
v -2.91018 10.700799 -8.0
v -2.679504 -10.774817 -10.0
v -2.679504 -10.774817 -8.0
v -2.679504 10.774817 28.0
v -2.679504 10.774817 30.0
v -2.225897 -11.802728 28.0
v -2.225897 -11.802728 30.0
v -2.225897 11.802728 -10.0
v -2.225897 11.802728 -8.0
v -2.020928 -11.84635 -10.0
v -2.020928 -11.84635 -8.0
v -2.020928 11.84635 28.0
v -2.020928 11.84635 30.0
v -1.396374 -12.67077 28.0
v -1.396374 -12.67077 30.0
v -1.396374 12.67077 -10.0
v -1.396374 12.67077 -8.0
v -1.229858 -12.702002 -10.0
v -1.229858 -12.702002 -8.0
v -1.229858 12.702002 28.0
v -1.229858 12.702002 30.0
v -0.756237 -5.60296 28.0
v -0.756237 -5.60296 30.0
v -0.756237 5.60296 -10.0
v -0.756237 5.60296 -8.0
v -0.539844 -6.05509 -10.0
v -0.539844 -6.05509 -8.0
v -0.539844 6.05509 28.0
v -0.539844 6.05509 30.0
v -0.476416 -7.2893 28.0
v -0.476416 -7.2893 30.0
v -0.476416 7.2893 -10.0
v -0.476416 7.2893 -8.0
v -0.461859 -6.843145 -10.0
v -0.461859 -6.843145 -8.0
v -0.461859 6.843145 28.0
v -0.461859 6.843145 30.0
v -0.434429 -13.290795 28.0
v -0.434429 -13.290795 30.0
v -0.434429 13.290795 -10.0
v -0.434429 13.290795 -8.0
v -0.326287 -13.313208 -10.0
v -0.326287 -13.313208 -8.0
v -0.326287 13.313208 28.0
v -0.326287 13.313208 30.0
v -0.319092 -7.53623 -10.0
v -0.319092 -7.53623 -8.0
v -0.319092 7.53623 28.0
v -0.319092 7.53623 30.0
v -0.111578 -8.134375 -10.0
v -0.111578 -8.134375 -8.0
v -0.111578 8.134375 28.0
v -0.111578 8.134375 30.0
v 0.0 -50.0 -10.0
v 0.0 -50.0 30.0
v 0.0 -17.310316 -10.0
v 0.0 -17.310316 30.0
v 0.0 17.310316 -10.0
v 0.0 17.310316 30.0
v 0.0 50.0 -10.0
v 0.0 50.0 30.0
v 0.05545 -8.493829 28.0
v 0.05545 -8.493829 30.0
v 0.05545 8.493829 -10.0
v 0.05545 8.493829 -8.0
v 0.109467 -2.390753 -10.0
v 0.109467 -2.390753 -8.0
v 0.109467 -1.91958 28.0
v 0.109467 -1.91958 30.0
v 0.109467 1.91958 -10.0
v 0.109467 1.91958 -8.0
v 0.109467 2.390753 28.0
v 0.109467 2.390753 30.0
v 0.160717 -8.637548 -10.0
v 0.160717 -8.637548 -8.0
v 0.160717 8.637548 28.0
v 0.160717 8.637548 30.0
v 0.364926 -17.526134 -10.0
v 0.364926 -17.526134 30.0
v 0.364926 17.526134 -10.0
v 0.364926 17.526134 30.0
v 0.489319 -9.036291 -10.0
v 0.489319 -9.036291 -8.0
v 0.489319 9.036291 28.0
v 0.489319 9.036291 30.0
v 0.659936 -13.662774 28.0
v 0.659936 -13.662774 30.0
v 0.659936 13.662774 -10.0
v 0.659936 13.662774 -8.0
v 0.6898 -13.679907 -10.0
v 0.6898 -13.679907 -8.0
v 0.6898 13.679907 28.0
v 0.6898 13.679907 30.0
v 0.839361 -9.216546 28.0
v 0.839361 -9.216546 30.0
v 0.839361 9.216546 -10.0
v 0.839361 9.216546 -8.0
v 0.865637 -9.321081 -10.0
v 0.865637 -9.321081 -8.0
v 0.865637 9.321081 28.0
v 0.865637 9.321081 30.0
v 1.157617 -2.390753 -10.0
v 1.157617 -2.390753 -8.0
v 1.157617 2.390753 28.0
v 1.157617 2.390753 30.0
v 1.226007 -1.91958 28.0
v 1.226007 -1.91958 30.0
v 1.226007 1.91958 -10.0
v 1.226007 1.91958 -8.0
v 1.289673 -9.49198 -10.0
v 1.289673 -9.49198 -8.0
v 1.289673 9.49198 28.0
v 1.289673 9.49198 30.0
v 1.484414 -18.09654 -10.0
v 1.484414 -18.09654 30.0
v 1.484414 18.09654 -10.0
v 1.484414 18.09654 30.0
v 1.761407 -9.548956 -10.0
v 1.761407 -9.548956 -8.0
v 1.761407 9.548956 28.0
v 1.761407 9.548956 30.0
v 1.804126 -2.449469 -10.0
v 1.804126 -2.449469 -8.0
v 1.804126 2.449469 28.0
v 1.804126 2.449469 30.0
v 1.818371 -13.80213 -10.0
v 1.818371 -13.80213 -8.0
v 1.818371 13.80213 28.0
v 1.818371 13.80213 30.0
v 1.875317 -9.457452 28.0
v 1.875317 -9.457452 30.0
v 1.875317 9.457452 -10.0
v 1.875317 9.457452 -8.0
v 1.886743 -13.786798 28.0
v 1.886743 -13.786798 30.0
v 1.886743 13.786798 -10.0
v 1.886743 13.786798 -8.0
v 1.942315 -1.978906 28.0
v 1.942315 -1.978906 30.0
v 1.942315 1.978906 -10.0
v 1.942315 1.978906 -8.0
v 2.259509 -9.49021 -10.0
v 2.259509 -9.49021 -8.0
v 2.259509 9.49021 28.0
v 2.259509 9.49021 30.0
v 2.365197 -2.625677 -10.0
v 2.365197 -2.625677 -8.0
v 2.365197 2.625677 28.0
v 2.365197 2.625677 30.0
v 2.418591 -9.398126 28.0
v 2.418591 -9.398126 30.0
v 2.418591 9.398126 -10.0
v 2.418591 9.398126 -8.0
v 2.564617 -2.156945 28.0
v 2.564617 -2.156945 30.0
v 2.564617 2.156945 -10.0
v 2.564617 2.156945 -8.0
v 2.637508 -18.59553 -10.0
v 2.637508 -18.59553 30.0
v 2.637508 18.59553 -10.0
v 2.637508 18.59553 30.0
v 2.694238 -9.31394 -10.0
v 2.694238 -9.31394 -8.0
v 2.694238 9.31394 28.0
v 2.694238 9.31394 30.0
v 2.84085 -2.919317 -10.0
v 2.84085 -2.919317 -8.0
v 2.84085 2.919317 28.0
v 2.84085 2.919317 30.0
v 2.897759 -9.220147 28.0
v 2.897759 -9.220147 30.0
v 2.897759 9.220147 -10.0
v 2.897759 9.220147 -8.0
v 3.008556 -13.684057 -10.0
v 3.008556 -13.684057 -8.0
v 3.008556 13.684057 28.0
v 3.008556 13.684057 30.0
v 3.065576 -9.020208 -10.0
v 3.065576 -9.020208 -8.0
v 3.065576 9.020208 28.0
v 3.065576 9.020208 30.0
v 3.092932 -2.453668 28.0
v 3.092932 -2.453668 30.0
v 3.092932 2.453668 -10.0
v 3.092932 2.453668 -8.0
v 3.175512 -13.658624 28.0
v 3.175512 -13.658624 30.0
v 3.175512 13.658624 -10.0
v 3.175512 13.658624 -8.0
v 3.231085 -3.33042 -10.0
v 3.231085 -3.33042 -8.0
v 3.231085 3.33042 28.0
v 3.231085 3.33042 30.0
v 3.31286 -8.923516 28.0
v 3.31286 -8.923516 30.0
v 3.31286 8.923516 -10.0
v 3.31286 8.923516 -8.0
v 3.373541 -8.608984 -10.0
v 3.373541 -8.608984 -8.0
v 3.373541 8.608984 28.0
v 3.373541 8.608984 30.0
v 3.527258 -2.869042 28.0
v 3.527258 -2.869042 30.0
v 3.527258 2.869042 -10.0
v 3.527258 2.869042 -8.0
v 3.53515 -3.850836 -10.0
v 3.53515 -3.850836 -8.0
v 3.53515 3.850836 28.0
v 3.53515 3.850836 30.0
v 3.615276 -8.094519 -10.0
v 3.615276 -8.094519 -8.0
v 3.615276 8.094519 28.0
v 3.615276 8.094519 30.0
v 3.663855 -8.508264 28.0
v 3.663855 -8.508264 30.0
v 3.663855 8.508264 -10.0
v 3.663855 8.508264 -8.0
v 3.743816 -0.415899 -10.0
v 3.743816 -0.415899 -8.0
v 3.743816 -0.340033 -10.0
v 3.743816 -0.340033 -8.0
v 3.743816 0.340033 28.0
v 3.743816 0.340033 30.0
v 3.743816 0.415899 28.0
v 3.743816 0.415899 30.0
v 3.752349 -4.472113 -10.0
v 3.752349 -4.472113 -8.0
v 3.752349 4.472113 28.0
v 3.752349 4.472113 30.0
v 3.787963 -7.491095 -10.0
v 3.787963 -7.491095 -8.0
v 3.787963 7.491095 28.0
v 3.787963 7.491095 30.0
v 3.819659 -19.02113 -10.0
v 3.819659 -19.02113 30.0
v 3.819659 19.02113 -10.0
v 3.819659 19.02113 30.0
v 3.866168 -3.395867 28.0
v 3.866168 -3.395867 30.0
v 3.866168 3.395867 -10.0
v 3.866168 3.395867 -8.0
v 3.882648 -5.194281 -10.0
v 3.882648 -5.194281 -8.0
v 3.882648 5.194281 28.0
v 3.882648 5.194281 30.0
v 3.891564 -6.798681 -10.0
v 3.891564 -6.798681 -8.0
v 3.891564 6.798681 28.0
v 3.891564 6.798681 30.0
v 3.926098 -6.017309 -10.0
v 3.926098 -6.017309 -8.0
v 3.926098 6.017309 28.0
v 3.926098 6.017309 30.0
v 3.942999 -7.970605 28.0
v 3.942999 -7.970605 30.0
v 3.942999 7.970605 -10.0
v 3.942999 7.970605 -8.0
v 4.061285 -13.329779 -10.0
v 4.061285 -13.329779 -8.0
v 4.061285 13.329779 28.0
v 4.061285 13.329779 30.0
v 4.108252 -4.027123 28.0
v 4.108252 -4.027123 30.0
v 4.108252 4.027123 -10.0
v 4.108252 4.027123 -8.0
v 4.142401 -7.307183 28.0
v 4.142401 -7.307183 30.0
v 4.142401 7.307183 -10.0
v 4.142401 7.307183 -8.0
v 4.25349 -4.762841 28.0
v 4.25349 -4.762841 30.0
v 4.25349 4.762841 -10.0
v 4.25349 4.762841 -8.0
v 4.262023 -6.517968 28.0
v 4.262023 -6.517968 30.0
v 4.262023 6.517968 -10.0
v 4.262023 6.517968 -8.0
v 4.301904 -5.60296 28.0
v 4.301904 -5.60296 30.0
v 4.301904 5.60296 -10.0
v 4.301904 5.60296 -8.0
v 4.307616 -13.274133 28.0
v 4.307616 -13.274133 30.0
v 4.307616 13.274133 -10.0
v 4.307616 13.274133 -8.0
v 4.526648 -0.749395 -10.0
v 4.526648 -0.749395 -8.0
v 4.526648 0.749395 28.0
v 4.526648 0.749395 30.0
v 4.613513 -0.078283 -10.0
v 4.613513 -0.078283 -8.0
v 4.613513 0.078283 28.0
v 4.613513 0.078283 30.0
v 4.976592 -12.739325 -10.0
v 4.976592 -12.739325 -8.0
v 4.976592 12.739325 28.0
v 4.976592 12.739325 30.0
v 5.026202 -19.371662 -10.0
v 5.026202 -19.371662 30.0
v 5.026202 19.371662 -10.0
v 5.026202 19.371662 30.0
v 5.21192 -1.218176 -10.0
v 5.21192 -1.218176 -8.0
v 5.21192 1.218176 28.0
v 5.21192 1.218176 30.0
v 5.283074 -12.633294 28.0
v 5.283074 -12.633294 30.0
v 5.283074 12.633294 -10.0
v 5.283074 12.633294 -8.0
v 5.377117 -0.346032 28.0
v 5.377117 -0.346032 30.0
v 5.377117 0.346032 -10.0
v 5.377117 0.346032 -8.0
v 5.754443 -11.912695 -10.0
v 5.754443 -11.912695 -8.0
v 5.754443 11.912695 28.0
v 5.754443 11.912695 30.0
v 5.79967 -1.82221 -10.0
v 5.79967 -1.82221 -8.0
v 5.79967 1.82221 28.0
v 5.79967 1.82221 30.0
v 6.034613 -0.932946 28.0
v 6.034613 -0.932946 30.0
v 6.034613 0.932946 -10.0
v 6.034613 0.932946 -8.0
v 6.101867 -11.736108 28.0
v 6.101867 -11.736108 30.0
v 6.101867 11.736108 -10.0
v 6.101867 11.736108 -8.0
v 6.252374 -19.645744 -10.0
v 6.252374 -19.645744 30.0
v 6.252374 19.645744 -10.0
v 6.252374 19.645744 30.0
v 6.289862 -2.561529 -10.0
v 6.289862 -2.561529 -8.0
v 6.289862 2.561529 28.0
v 6.289862 2.561529 30.0
v 6.375006 -10.877325 -10.0
v 6.375006 -10.877325 -8.0
v 6.375006 10.877325 28.0
v 6.375006 10.877325 30.0
v 6.586035 -1.682427 28.0
v 6.586035 -1.682427 30.0
v 6.586035 1.682427 -10.0
v 6.586035 1.682427 -8.0
v 6.676177 -3.424292 -10.0
v 6.676177 -3.424292 -8.0
v 6.676177 3.424292 28.0
v 6.676177 3.424292 30.0
v 6.749841 -10.603936 28.0
v 6.749841 -10.603936 30.0
v 6.749841 10.603936 -10.0
v 6.749841 10.603936 -8.0
v 6.818249 -9.660376 -10.0
v 6.818249 -9.660376 -8.0
v 6.818249 9.660376 28.0
v 6.818249 9.660376 30.0
v 6.952117 -4.398565 -10.0
v 6.952117 -4.398565 -8.0
v 6.952117 4.398565 28.0
v 6.952117 4.398565 30.0
v 7.022192 -2.57058 28.0
v 7.022192 -2.57058 30.0
v 7.022192 2.57058 -10.0
v 7.022192 2.57058 -8.0
v 7.084209 -8.261847 -10.0
v 7.084209 -8.261847 -8.0
v 7.084209 8.261847 28.0
v 7.084209 8.261847 30.0
v 7.117682 -5.484381 -10.0
v 7.117682 -5.484381 -8.0
v 7.117682 5.484381 28.0
v 7.117682 5.484381 30.0
v 7.17287 -6.681738 -10.0
v 7.17287 -6.681738 -8.0
v 7.17287 6.681738 28.0
v 7.17287 6.681738 30.0
v 7.212676 -9.258172 28.0
v 7.212676 -9.258172 30.0
v 7.212676 9.258172 -10.0
v 7.212676 9.258172 -8.0
v 7.333728 -3.573876 28.0
v 7.333728 -3.573876 30.0
v 7.333728 3.573876 -10.0
v 7.333728 3.573876 -8.0
v 7.490375 -7.698785 28.0
v 7.490375 -7.698785 30.0
v 7.490375 7.698785 -10.0
v 7.490375 7.698785 -8.0
v 7.493335 -19.842293 -10.0
v 7.493335 -19.842293 30.0
v 7.493335 19.842293 -10.0
v 7.493335 19.842293 30.0
v 7.520641 -4.692285 28.0
v 7.520641 -4.692285 30.0
v 7.520641 4.692285 -10.0
v 7.520641 4.692285 -8.0
v 7.582952 -5.925805 28.0
v 7.582952 -5.925805 30.0
v 7.582952 5.925805 -10.0
v 7.582952 5.925805 -8.0
v 8.744189 -19.960533 -10.0
v 8.744189 -19.960533 30.0
v 8.744189 19.960533 -10.0
v 8.744189 19.960533 30.0
v 9.683392 -13.403418 -10.0
v 9.683392 -13.403418 -8.0
v 9.683392 -13.349999 28.0
v 9.683392 -13.349999 30.0
v 9.683392 13.349999 -10.0
v 9.683392 13.349999 -8.0
v 9.683392 13.403418 28.0
v 9.683392 13.403418 30.0
v 10.0 -20.0 -10.0
v 10.0 -20.0 30.0
v 10.0 20.0 -10.0
v 10.0 20.0 30.0
v 11.25581 -19.960533 -10.0
v 11.25581 -19.960533 30.0
v 11.25581 19.960533 -10.0
v 11.25581 19.960533 30.0
v 12.506664 -19.842293 -10.0
v 12.506664 -19.842293 30.0
v 12.506664 19.842293 -10.0
v 12.506664 19.842293 30.0
v 13.044238 -9.074347 -10.0
v 13.044238 -9.074347 -8.0
v 13.044238 -9.020928 28.0
v 13.044238 -9.020928 30.0
v 13.044238 9.020928 -10.0
v 13.044238 9.020928 -8.0
v 13.044238 9.074347 28.0
v 13.044238 9.074347 30.0
v 13.747625 -19.645744 -10.0
v 13.747625 -19.645744 30.0
v 13.747625 19.645744 -10.0
v 13.747625 19.645744 30.0
v 14.973797 -19.371662 -10.0
v 14.973797 -19.371662 30.0
v 14.973797 19.371662 -10.0
v 14.973797 19.371662 30.0
v 15.425286 -9.074347 -10.0
v 15.425286 -9.074347 -8.0
v 15.425286 9.074347 28.0
v 15.425286 9.074347 30.0
v 15.493676 -13.403418 -10.0
v 15.493676 -13.403418 -8.0
v 15.493676 13.403418 28.0
v 15.493676 13.403418 30.0
v 15.892334 -9.020928 28.0
v 15.892334 -9.020928 30.0
v 15.892334 9.020928 -10.0
v 15.892334 9.020928 -8.0
v 16.177099 -13.349999 28.0
v 16.177099 -13.349999 30.0
v 16.177099 13.349999 -10.0
v 16.177099 13.349999 -8.0
v 16.18034 -19.02113 -10.0
v 16.18034 -19.02113 30.0
v 16.18034 19.02113 -10.0
v 16.18034 19.02113 30.0
v 16.600861 -8.932531 -10.0
v 16.600861 -8.932531 -8.0
v 16.600861 8.932531 28.0
v 16.600861 8.932531 30.0
v 16.919134 -8.865472 28.0
v 16.919134 -8.865472 30.0
v 16.919134 8.865472 -10.0
v 16.919134 8.865472 -8.0
v 17.295399 -13.247949 28.0
v 17.295399 -13.247949 30.0
v 17.295399 13.247949 -10.0
v 17.295399 13.247949 -8.0
v 17.362492 -18.59553 -10.0
v 17.362492 -18.59553 30.0
v 17.362492 18.59553 -10.0
v 17.362492 18.59553 30.0
v 17.406872 -13.190405 -10.0
v 17.406872 -13.190405 -8.0
v 17.406872 13.190405 28.0
v 17.406872 13.190405 30.0
v 17.632605 -8.507055 -10.0
v 17.632605 -8.507055 -8.0
v 17.632605 8.507055 28.0
v 17.632605 8.507055 30.0
v 17.834827 -8.399133 28.0
v 17.834827 -8.399133 30.0
v 17.834827 8.399133 -10.0
v 17.834827 8.399133 -8.0
v 18.348877 -12.941766 28.0
v 18.348877 -12.941766 30.0
v 18.348877 12.941766 -10.0
v 18.348877 12.941766 -8.0
v 18.515585 -18.09654 -10.0
v 18.515585 -18.09654 30.0
v 18.515585 18.09654 -10.0
v 18.515585 18.09654 30.0
v 18.520519 -7.797979 -10.0
v 18.520519 -7.797979 -8.0
v 18.520519 7.797979 28.0
v 18.520519 7.797979 30.0
v 18.639446 -7.62185 28.0
v 18.639446 -7.62185 30.0
v 18.639446 7.62185 -10.0
v 18.639446 7.62185 -8.0
v 19.090801 -12.551306 -10.0
v 19.090801 -12.551306 -8.0
v 19.090801 12.551306 28.0
v 19.090801 12.551306 30.0
v 19.264606 -6.805212 -10.0
v 19.264606 -6.805212 -8.0
v 19.264606 6.805212 28.0
v 19.264606 6.805212 30.0
v 19.332977 -6.533685 28.0
v 19.332977 -6.533685 30.0
v 19.332977 6.533685 -10.0
v 19.332977 6.533685 -8.0
v 19.337517 -12.431481 28.0
v 19.337517 -12.431481 30.0
v 19.337517 12.431481 -10.0
v 19.337517 12.431481 -8.0
v 19.635073 -17.526134 -10.0
v 19.635073 -17.526134 30.0
v 19.635073 17.526134 -10.0
v 19.635073 17.526134 30.0
v 19.852741 -5.543097 -10.0
v 19.852741 -5.543097 -8.0
v 19.852741 5.543097 28.0
v 19.852741 5.543097 30.0
v 19.891211 -5.178399 28.0
v 19.891211 -5.178399 30.0
v 19.891211 5.178399 -10.0
v 19.891211 5.178399 -8.0
v 20.261341 -11.717065 28.0
v 20.261341 -11.717065 30.0
v 20.261341 11.717065 -10.0
v 20.261341 11.717065 -8.0
v 20.272858 -4.025885 -10.0
v 20.272858 -4.025885 -8.0
v 20.272858 4.025885 28.0
v 20.272858 4.025885 30.0
v 20.28994 -3.599999 28.0
v 20.28994 -3.599999 30.0
v 20.28994 3.599999 -10.0
v 20.28994 3.599999 -8.0
v 20.524921 -2.253515 -10.0
v 20.524921 -2.253515 -8.0
v 20.524921 2.253515 28.0
v 20.524921 2.253515 30.0
v 20.529186 -1.798516 28.0
v 20.529186 -1.798516 30.0
v 20.529186 1.798516 -10.0
v 20.529186 1.798516 -8.0
v 20.545446 -11.486181 -10.0
v 20.545446 -11.486181 -8.0
v 20.545446 11.486181 28.0
v 20.545446 11.486181 30.0
v 20.608929 -0.226049 -10.0
v 20.608929 -0.226049 -8.0
v 20.608929 0.226049 28.0
v 20.608929 0.226049 30.0
v 20.716536 -16.886559 -10.0
v 20.716536 -16.886559 30.0
v 20.716536 16.886559 -10.0
v 20.716536 16.886559 30.0
v 21.10227 -10.809808 28.0
v 21.10227 -10.809808 30.0
v 21.10227 10.809808 -10.0
v 21.10227 10.809808 -8.0
v 21.755705 -16.18034 -10.0
v 21.755705 -16.18034 30.0
v 21.755705 16.18034 -10.0
v 21.755705 16.18034 30.0
v 21.770824 -9.99497 -10.0
v 21.770824 -9.99497 -8.0
v 21.770824 9.99497 28.0
v 21.770824 9.99497 30.0
v 21.842091 -9.721002 28.0
v 21.842091 -9.721002 30.0
v 21.842091 9.721002 -10.0
v 21.842091 9.721002 -8.0
v 22.480797 -8.450677 28.0
v 22.480797 -8.450677 30.0
v 22.480797 8.450677 -10.0
v 22.480797 8.450677 -8.0
v 22.742786 -8.106359 -10.0
v 22.742786 -8.106359 -8.0
v 22.742786 8.106359 28.0
v 22.742786 8.106359 30.0
v 22.748478 -15.410264 -10.0
v 22.748478 -15.410264 30.0
v 22.748478 15.410264 -10.0
v 22.748478 15.410264 30.0
v 23.018394 -6.998773 28.0
v 23.018394 -6.998773 30.0
v 23.018394 6.998773 -10.0
v 23.018394 6.998773 -8.0
v 23.437048 -5.848669 -10.0
v 23.437048 -5.848669 -8.0
v 23.437048 5.848669 28.0
v 23.437048 5.848669 30.0
v 23.444538 -5.39013 28.0
v 23.444538 -5.39013 30.0
v 23.444538 5.39013 -10.0
v 23.444538 5.39013 -8.0
v 23.690941 -14.579372 -10.0
v 23.690941 -14.579372 30.0
v 23.690941 14.579372 -10.0
v 23.690941 14.579372 30.0
v 23.748932 -3.649774 28.0
v 23.748932 -3.649774 30.0
v 23.748932 3.649774 -10.0
v 23.748932 3.649774 -8.0
v 23.853596 -3.221899 -10.0
v 23.853596 -3.221899 -8.0
v 23.853596 3.221899 28.0
v 23.853596 3.221899 30.0
v 23.93158 -1.777703 28.0
v 23.93158 -1.777703 30.0
v 23.93158 1.777703 -10.0
v 23.93158 1.777703 -8.0
v 23.992462 -0.226049 -10.0
v 23.992462 -0.226049 -8.0
v 23.992462 0.226049 28.0
v 23.992462 0.226049 30.0
v 24.579372 -13.690942 -10.0
v 24.579372 -13.690942 30.0
v 24.579372 13.690942 -10.0
v 24.579372 13.690942 30.0
v 25.410263 -12.748479 -10.0
v 25.410263 -12.748479 30.0
v 25.410263 12.748479 -10.0
v 25.410263 12.748479 30.0
v 26.18034 -11.755705 -10.0
v 26.18034 -11.755705 30.0
v 26.18034 11.755705 -10.0
v 26.18034 11.755705 30.0
v 26.886559 -10.716536 -10.0
v 26.886559 -10.716536 30.0
v 26.886559 10.716536 -10.0
v 26.886559 10.716536 30.0
v 27.526134 -9.635073 -10.0
v 27.526134 -9.635073 30.0
v 27.526134 9.635073 -10.0
v 27.526134 9.635073 30.0
v 28.09654 -8.515585 -10.0
v 28.09654 -8.515585 30.0
v 28.09654 8.515585 -10.0
v 28.09654 8.515585 30.0
v 28.59553 -7.362491 -10.0
v 28.59553 -7.362491 30.0
v 28.59553 7.362491 -10.0
v 28.59553 7.362491 30.0
v 29.02113 -6.18034 -10.0
v 29.02113 -6.18034 30.0
v 29.02113 6.18034 -10.0
v 29.02113 6.18034 30.0
v 29.371662 -4.973797 -10.0
v 29.371662 -4.973797 30.0
v 29.371662 4.973797 -10.0
v 29.371662 4.973797 30.0
v 29.645744 -3.747625 -10.0
v 29.645744 -3.747625 30.0
v 29.645744 3.747625 -10.0
v 29.645744 3.747625 30.0
v 29.842293 -2.506664 -10.0
v 29.842293 -2.506664 30.0
v 29.842293 2.506664 -10.0
v 29.842293 2.506664 30.0
v 29.960533 -1.25581 -10.0
v 29.960533 -1.25581 30.0
v 29.960533 1.25581 -10.0
v 29.960533 1.25581 30.0
v 30.0 0.0 -10.0
v 30.0 0.0 30.0
vn -0.397146 0.917755 0.0
vn -0.397146 0.917755 0.0
vn -0.975917 0.218144 0.0
vn -0.975917 0.218144 0.0
vn -0.094108 0.995562 0.0
vn -0.094108 0.995562 0.0
vn -0.860743 0.50904 0.0
vn -0.860743 0.50904 0.0
vn -0.707107 0.707107 0.0
vn -0.707107 0.707107 0.0
vn -0.031412 0.999507 0.0
vn -0.031412 0.999507 0.0
vn -0.827081 0.562083 0.0
vn -0.827081 0.562083 0.0
vn -0.218144 0.975917 0.0
vn -0.218144 0.975917 0.0
vn -0.940881 0.338737 0.0
vn -0.940881 0.338737 0.0
vn -0.278991 0.960294 0.0
vn -0.278991 0.960294 0.0
vn -0.338739 0.94088 0.0
vn -0.338739 0.94088 0.0
vn -0.891006 0.453991 0.0
vn -0.891006 0.453991 0.0
vn -0.453991 0.891006 0.0
vn -0.453991 0.891006 0.0
vn -0.790153 0.612909 0.0
vn -0.790153 0.612909 0.0
vn -0.612909 0.790154 0.0
vn -0.612909 0.790154 0.0
vn -0.562083 0.827081 0.0
vn -0.562083 0.827081 0.0
vn -0.509042 0.860742 0.0
vn -0.509042 0.860742 0.0
vn -0.156434 0.987688 0.0
vn -0.156434 0.987688 0.0
vn -0.987688 0.156434 0.0
vn -0.987688 0.156434 0.0
vn -0.750112 0.661311 0.0
vn -0.750112 0.661311 0.0
vn -0.960294 0.278991 0.0
vn -0.960294 0.278991 0.0
vn -0.661311 0.750112 0.0
vn -0.661311 0.750112 0.0
vn -0.917755 0.397148 0.0
vn -0.917755 0.397148 0.0
vn -0.995562 0.094108 0.0
vn -0.995562 0.094108 0.0
vn -0.999507 0.031412 0.0
vn -0.999507 0.031412 0.0
vn 0.0 0.0 1.0
vn 0.0 0.0 1.0
vn 0.0 0.0 1.0
vn 0.0 0.0 1.0
vn 0.0 -0.0 1.0
vn 0.0 -0.0 1.0
vn 0.0 -0.0 1.0
vn 0.0 -0.0 1.0
vn 0.0 -0.0 1.0
vn 0.0 -0.0 1.0
vn 0.0 0.0 1.0
vn 0.0 0.0 1.0
vn 0.0 0.0 1.0
vn 0.0 0.0 1.0
vn 0.0 0.0 1.0
vn 0.0 -0.0 1.0
vn 0.0 0.0 1.0
vn -0.0 -0.0 1.0
vn 0.0 0.0 1.0
vn 0.0 0.0 1.0
vn 0.0 0.0 1.0
vn -0.0 0.0 1.0
vn 0.0 -0.0 1.0
vn 0.0 0.0 1.0
vn 0.0 -0.0 1.0
vn 0.0 -0.0 1.0
vn 0.0 0.0 1.0
vn 0.0 0.0 1.0
vn 0.0 0.0 1.0
vn 0.0 0.0 1.0
vn 0.0 0.0 1.0
vn 0.0 0.0 1.0
vn 0.0 0.0 1.0
vn 0.0 0.0 1.0
vn 0.0 -0.0 1.0
vn 0.0 0.0 1.0
vn 0.0 0.0 1.0
vn -0.0 0.0 1.0
vn 0.0 0.0 1.0
vn 0.0 -0.0 1.0
vn 0.0 0.0 1.0
vn 0.0 -0.0 1.0
vn 0.0 0.0 1.0
vn 0.0 -0.0 1.0
vn 0.0 0.0 1.0
vn 0.0 -0.0 1.0
vn 0.0 0.0 1.0
vn 0.0 -0.0 1.0
vn 0.0 -0.0 1.0
vn 0.0 -0.0 1.0
vn 0.0 0.0 1.0
vn 0.0 -0.0 1.0
vn 0.0 0.0 1.0
vn 0.0 -0.0 1.0
vn 0.0 0.0 1.0
vn 0.0 -0.0 1.0
vn 0.0 0.0 1.0
vn 0.0 -0.0 1.0
vn 0.0 0.0 1.0
vn 0.0 -0.0 1.0
vn 0.0 0.0 1.0
vn 0.0 -0.0 1.0
vn 0.0 0.0 1.0
vn 0.0 -0.0 1.0
vn 0.0 0.0 1.0
vn 0.0 -0.0 1.0
vn 0.0 0.0 1.0
vn 0.0 -0.0 1.0
vn 0.0 0.0 1.0
vn 0.0 -0.0 1.0
vn 0.0 0.0 1.0
vn 0.0 -0.0 1.0
vn 0.0 0.0 1.0
vn 0.0 -0.0 1.0
vn 0.0 0.0 1.0
vn 0.0 -0.0 1.0
vn 0.0 0.0 1.0
vn 0.0 -0.0 1.0
vn 0.0 0.0 1.0
vn 0.0 -0.0 1.0
vn -0.0 0.0 1.0
vn 0.0 -0.0 1.0
vn -0.0 0.0 1.0
vn 0.0 -0.0 1.0
vn 0.0 -0.0 1.0
vn -0.0 -0.0 1.0
vn 0.0 -0.0 1.0
vn 0.0 0.0 1.0
vn -0.0 -0.0 1.0
vn 0.0 0.0 1.0
vn 0.0 0.0 1.0
vn 0.0 0.0 1.0
vn 0.0 0.0 1.0
vn 0.0 0.0 1.0
vn 0.0 0.0 1.0
vn 0.0 0.0 1.0
vn 0.0 0.0 1.0
vn 0.0 0.0 1.0
vn -0.0 0.0 1.0
vn 0.0 0.0 1.0
vn 0.0 0.0 1.0
vn 0.0 0.0 1.0
vn -0.0 0.0 1.0
vn 0.0 0.0 1.0
vn 0.0 -0.0 1.0
vn 0.0 0.0 1.0
vn 0.0 -0.0 1.0
vn 0.0 0.0 1.0
vn 0.0 -0.0 1.0
vn 0.0 0.0 1.0
vn 0.0 0.0 1.0
vn 0.0 0.0 1.0
vn 0.0 -0.0 1.0
vn -0.0 0.0 1.0
vn -0.0 0.0 1.0
vn 0.0 -0.0 1.0
vn -0.0 0.0 1.0
vn -0.0 0.0 1.0
vn -0.0 0.0 1.0
vn 0.0 -0.0 1.0
vn 0.0 0.0 1.0
vn -0.0 0.0 1.0
vn 0.0 -0.0 1.0
vn -0.0 0.0 1.0
vn 0.0 -0.0 1.0
vn 0.0 0.0 1.0
vn 0.0 -0.0 1.0
vn -0.0 -0.0 1.0
vn 0.0 0.0 1.0
vn 0.0 -0.0 1.0
vn 0.0 0.0 1.0
vn 0.0 -0.0 1.0
vn 0.0 0.0 1.0
vn 0.0 -0.0 1.0
vn 0.0 0.0 1.0
vn 0.0 -0.0 1.0
vn 0.0 0.0 1.0
vn 0.0 -0.0 1.0
vn 0.0 0.0 1.0
vn 0.0 0.0 1.0
vn 0.0 0.0 1.0
vn 0.0 -0.0 1.0
vn 0.0 0.0 1.0
vn 0.0 0.0 1.0
vn 0.0 0.0 1.0
vn 0.0 -0.0 1.0
vn -0.0 0.0 1.0
vn -0.0 -0.0 1.0
vn 0.0 0.0 1.0
vn 0.0 0.0 1.0
vn 0.0 -0.0 1.0
vn 0.0 0.0 1.0
vn 0.0 0.0 1.0
vn 0.0 0.0 1.0
vn 0.0 -0.0 1.0
vn 0.0 0.0 1.0
vn 0.0 -0.0 1.0
vn 0.0 0.0 1.0
vn 0.0 0.0 1.0
vn 0.0 0.0 1.0
vn 0.0 -0.0 1.0
vn 0.0 0.0 1.0
vn 0.0 -0.0 1.0
vn 0.0 0.0 1.0
vn 0.0 0.0 1.0
vn 0.0 0.0 1.0
vn 0.0 -0.0 1.0
vn 0.0 0.0 1.0
vn 0.0 -0.0 1.0
vn 0.0 0.0 1.0
vn 0.0 0.0 1.0
vn 0.0 -0.0 1.0
vn 0.0 -0.0 1.0
vn 0.0 0.0 1.0
vn 0.0 -0.0 1.0
vn 0.0 0.0 1.0
vn 0.0 -0.0 1.0
vn 0.0 -0.0 1.0
vn 0.0 0.0 1.0
vn 0.0 0.0 1.0
vn 0.0 -0.0 1.0
vn 0.0 0.0 1.0
vn 0.0 -0.0 1.0
vn 0.0 0.0 1.0
vn 0.0 -0.0 1.0
vn 0.0 0.0 1.0
vn 0.0 0.0 1.0
vn 0.0 0.0 1.0
vn 0.0 0.0 1.0
vn 0.0 0.0 1.0
vn 0.0 0.0 1.0
vn 0.0 0.0 1.0
vn 0.0 0.0 1.0
vn 0.0 0.0 1.0
vn 0.0 0.0 1.0
vn 0.0 0.0 1.0
vn 0.0 0.0 1.0
vn 0.0 -0.0 1.0
vn 0.0 -0.0 1.0
vn 0.0 0.0 1.0
vn 0.0 -0.0 1.0
vn 0.0 0.0 1.0
vn 0.0 -0.0 1.0
vn 0.0 -0.0 1.0
vn 0.0 0.0 1.0
vn 0.0 -0.0 1.0
vn 0.0 0.0 1.0
vn 0.0 -0.0 1.0
vn 0.0 -0.0 1.0
vn 0.0 0.0 1.0
vn 0.0 -0.0 1.0
vn 0.0 0.0 1.0
vn 0.0 -0.0 1.0
vn 0.0 0.0 1.0
vn 0.0 -0.0 1.0
vn 0.0 -0.0 1.0
vn 0.0 0.0 1.0
vn 0.0 -0.0 1.0
vn 0.0 0.0 1.0
vn 0.0 -0.0 1.0
vn 0.0 -0.0 1.0
vn 0.0 -0.0 1.0
vn 0.0 0.0 1.0
vn -0.0 0.0 1.0
vn 0.0 0.0 1.0
vn -0.0 -0.0 1.0
vn 0.0 0.0 1.0
vn 0.0 -0.0 1.0
vn 0.0 -0.0 1.0
vn 0.0 -0.0 1.0
vn 0.0 -0.0 1.0
vn 0.0 -0.0 1.0
vn 0.0 0.0 1.0
vn 0.0 -0.0 1.0
vn -0.0 0.0 1.0
vn 0.0 -0.0 1.0
vn 0.0 -0.0 1.0
vn 0.0 0.0 1.0
vn 0.0 0.0 1.0
vn 0.0 0.0 1.0
vn 0.0 0.0 1.0
vn -0.0 -0.0 1.0
vn 0.0 0.0 1.0
vn 0.0 0.0 1.0
vn 0.0 -0.0 1.0
vn 0.0 0.0 1.0
vn 0.0 0.0 1.0
vn 0.0 0.0 1.0
vn 0.0 0.0 1.0
vn 0.0 -0.0 1.0
vn 0.0 0.0 1.0
vn 0.0 -0.0 1.0
vn 0.0 0.0 1.0
vn 0.0 -0.0 1.0
vn 0.0 0.0 1.0
vn 0.0 -0.0 1.0
vn 0.0 0.0 1.0
vn 0.0 -0.0 1.0
vn 0.0 0.0 1.0
vn 0.0 -0.0 1.0
vn -0.0 0.0 1.0
vn 0.0 0.0 1.0
vn 0.0 -0.0 1.0
vn 0.0 0.0 -1.0
vn 0.0 0.0 -1.0
vn 0.0 0.0 -1.0
vn 0.0 0.0 -1.0
vn -0.0 -0.0 -1.0
vn 0.0 -0.0 -1.0
vn 0.0 -0.0 -1.0
vn 0.0 -0.0 -1.0
vn 0.0 -0.0 -1.0
vn 0.0 -0.0 -1.0
vn 0.0 0.0 -1.0
vn 0.0 0.0 -1.0
vn 0.0 0.0 -1.0
vn 0.0 0.0 -1.0
vn 0.0 0.0 -1.0
vn 0.0 -0.0 -1.0
vn 0.0 0.0 -1.0
vn 0.0 -0.0 -1.0
vn 0.0 0.0 -1.0
vn 0.0 0.0 -1.0
vn 0.0 0.0 -1.0
vn 0.0 0.0 -1.0
vn 0.0 -0.0 -1.0
vn 0.0 0.0 -1.0
vn 0.0 -0.0 -1.0
vn 0.0 -0.0 -1.0
vn -0.0 0.0 -1.0
vn -0.0 0.0 -1.0
vn -0.0 0.0 -1.0
vn 0.0 0.0 -1.0
vn 0.0 0.0 -1.0
vn 0.0 0.0 -1.0
vn 0.0 0.0 -1.0
vn 0.0 0.0 -1.0
vn 0.0 -0.0 -1.0
vn 0.0 0.0 -1.0
vn 0.0 0.0 -1.0
vn 0.0 0.0 -1.0
vn 0.0 0.0 -1.0
vn -0.0 -0.0 -1.0
vn 0.0 0.0 -1.0
vn 0.0 -0.0 -1.0
vn 0.0 0.0 -1.0
vn 0.0 -0.0 -1.0
vn 0.0 0.0 -1.0
vn 0.0 -0.0 -1.0
vn 0.0 0.0 -1.0
vn 0.0 -0.0 -1.0
vn -0.0 -0.0 -1.0
vn 0.0 -0.0 -1.0
vn 0.0 0.0 -1.0
vn 0.0 -0.0 -1.0
vn 0.0 0.0 -1.0
vn 0.0 -0.0 -1.0
vn 0.0 0.0 -1.0
vn 0.0 -0.0 -1.0
vn 0.0 0.0 -1.0
vn 0.0 -0.0 -1.0
vn 0.0 0.0 -1.0
vn 0.0 -0.0 -1.0
vn 0.0 0.0 -1.0
vn 0.0 -0.0 -1.0
vn 0.0 0.0 -1.0
vn 0.0 -0.0 -1.0
vn 0.0 0.0 -1.0
vn 0.0 -0.0 -1.0
vn 0.0 0.0 -1.0
vn 0.0 -0.0 -1.0
vn 0.0 0.0 -1.0
vn 0.0 -0.0 -1.0
vn 0.0 0.0 -1.0
vn 0.0 -0.0 -1.0
vn 0.0 0.0 -1.0
vn 0.0 -0.0 -1.0
vn 0.0 0.0 -1.0
vn 0.0 -0.0 -1.0
vn 0.0 0.0 -1.0
vn 0.0 -0.0 -1.0
vn 0.0 0.0 -1.0
vn 0.0 -0.0 -1.0
vn 0.0 0.0 -1.0
vn 0.0 -0.0 -1.0
vn 0.0 0.0 -1.0
vn 0.0 -0.0 -1.0
vn 0.0 -0.0 -1.0
vn 0.0 -0.0 -1.0
vn 0.0 -0.0 -1.0
vn 0.0 0.0 -1.0
vn 0.0 -0.0 -1.0
vn 0.0 0.0 -1.0
vn 0.0 0.0 -1.0
vn 0.0 0.0 -1.0
vn 0.0 0.0 -1.0
vn 0.0 0.0 -1.0
vn 0.0 0.0 -1.0
vn 0.0 0.0 -1.0
vn 0.0 0.0 -1.0
vn 0.0 0.0 -1.0
vn 0.0 0.0 -1.0
vn 0.0 0.0 -1.0
vn -0.0 0.0 -1.0
vn -0.0 0.0 -1.0
vn 0.0 0.0 -1.0
vn -0.0 0.0 -1.0
vn 0.0 -0.0 -1.0
vn -0.0 0.0 -1.0
vn 0.0 -0.0 -1.0
vn -0.0 0.0 -1.0
vn 0.0 -0.0 -1.0
vn -0.0 0.0 -1.0
vn 0.0 0.0 -1.0
vn 0.0 0.0 -1.0
vn -0.0 -0.0 -1.0
vn 0.0 0.0 -1.0
vn 0.0 0.0 -1.0
vn 0.0 -0.0 -1.0
vn 0.0 0.0 -1.0
vn 0.0 0.0 -1.0
vn 0.0 0.0 -1.0
vn -0.0 -0.0 -1.0
vn 0.0 0.0 -1.0
vn 0.0 0.0 -1.0
vn 0.0 -0.0 -1.0
vn 0.0 0.0 -1.0
vn 0.0 -0.0 -1.0
vn -0.0 0.0 -1.0
vn 0.0 -0.0 -1.0
vn 0.0 -0.0 -1.0
vn 0.0 0.0 -1.0
vn -0.0 -0.0 -1.0
vn 0.0 0.0 -1.0
vn -0.0 -0.0 -1.0
vn -0.0 0.0 -1.0
vn -0.0 -0.0 -1.0
vn -0.0 0.0 -1.0
vn -0.0 -0.0 -1.0
vn -0.0 0.0 -1.0
vn 0.0 -0.0 -1.0
vn -0.0 0.0 -1.0
vn 0.0 0.0 -1.0
vn 0.0 0.0 -1.0
vn -0.0 -0.0 -1.0
vn 0.0 0.0 -1.0
vn 0.0 0.0 -1.0
vn 0.0 0.0 -1.0
vn -0.0 -0.0 -1.0
vn 0.0 0.0 -1.0
vn 0.0 -0.0 -1.0
vn 0.0 0.0 -1.0
vn 0.0 0.0 -1.0
vn 0.0 -0.0 -1.0
vn 0.0 0.0 -1.0
vn 0.0 0.0 -1.0
vn 0.0 0.0 -1.0
vn 0.0 -0.0 -1.0
vn 0.0 0.0 -1.0
vn 0.0 -0.0 -1.0
vn 0.0 0.0 -1.0
vn 0.0 0.0 -1.0
vn 0.0 0.0 -1.0
vn 0.0 -0.0 -1.0
vn 0.0 0.0 -1.0
vn 0.0 -0.0 -1.0
vn 0.0 0.0 -1.0
vn 0.0 0.0 -1.0
vn 0.0 0.0 -1.0
vn 0.0 -0.0 -1.0
vn 0.0 0.0 -1.0
vn 0.0 -0.0 -1.0
vn 0.0 0.0 -1.0
vn 0.0 0.0 -1.0
vn 0.0 -0.0 -1.0
vn 0.0 -0.0 -1.0
vn 0.0 0.0 -1.0
vn 0.0 -0.0 -1.0
vn 0.0 0.0 -1.0
vn 0.0 -0.0 -1.0
vn 0.0 -0.0 -1.0
vn 0.0 0.0 -1.0
vn 0.0 0.0 -1.0
vn 0.0 -0.0 -1.0
vn 0.0 0.0 -1.0
vn 0.0 -0.0 -1.0
vn 0.0 0.0 -1.0
vn 0.0 -0.0 -1.0
vn -0.0 0.0 -1.0
vn 0.0 0.0 -1.0
vn 0.0 0.0 -1.0
vn -0.0 0.0 -1.0
vn -0.0 0.0 -1.0
vn 0.0 0.0 -1.0
vn 0.0 0.0 -1.0
vn 0.0 0.0 -1.0
vn -0.0 0.0 -1.0
vn 0.0 0.0 -1.0
vn 0.0 0.0 -1.0
vn 0.0 0.0 -1.0
vn 0.0 -0.0 -1.0
vn 0.0 -0.0 -1.0
vn 0.0 0.0 -1.0
vn 0.0 -0.0 -1.0
vn 0.0 0.0 -1.0
vn 0.0 -0.0 -1.0
vn 0.0 -0.0 -1.0
vn 0.0 0.0 -1.0
vn 0.0 -0.0 -1.0
vn 0.0 0.0 -1.0
vn 0.0 -0.0 -1.0
vn 0.0 -0.0 -1.0
vn 0.0 0.0 -1.0
vn 0.0 -0.0 -1.0
vn 0.0 0.0 -1.0
vn 0.0 -0.0 -1.0
vn 0.0 0.0 -1.0
vn 0.0 -0.0 -1.0
vn 0.0 -0.0 -1.0
vn -0.0 0.0 -1.0
vn -0.0 -0.0 -1.0
vn 0.0 0.0 -1.0
vn 0.0 -0.0 -1.0
vn 0.0 -0.0 -1.0
vn 0.0 -0.0 -1.0
vn 0.0 0.0 -1.0
vn 0.0 0.0 -1.0
vn 0.0 0.0 -1.0
vn 0.0 -0.0 -1.0
vn 0.0 0.0 -1.0
vn 0.0 -0.0 -1.0
vn 0.0 -0.0 -1.0
vn 0.0 -0.0 -1.0
vn 0.0 -0.0 -1.0
vn 0.0 -0.0 -1.0
vn 0.0 0.0 -1.0
vn 0.0 -0.0 -1.0
vn 0.0 0.0 -1.0
vn 0.0 -0.0 -1.0
vn 0.0 -0.0 -1.0
vn 0.0 0.0 -1.0
vn 0.0 0.0 -1.0
vn 0.0 0.0 -1.0
vn 0.0 0.0 -1.0
vn 0.0 -0.0 -1.0
vn 0.0 0.0 -1.0
vn 0.0 0.0 -1.0
vn 0.0 -0.0 -1.0
vn 0.0 0.0 -1.0
vn -0.0 0.0 -1.0
vn 0.0 0.0 -1.0
vn -0.0 0.0 -1.0
vn -0.0 -0.0 -1.0
vn -0.0 0.0 -1.0
vn -0.0 -0.0 -1.0
vn -0.0 0.0 -1.0
vn -0.0 -0.0 -1.0
vn -0.0 0.0 -1.0
vn -0.0 -0.0 -1.0
vn -0.0 0.0 -1.0
vn -0.0 -0.0 -1.0
vn 0.0 0.0 -1.0
vn -0.0 -0.0 -1.0
vn 0.0 0.0 -1.0
vn 0.0 0.0 -1.0
vn -0.0 -0.0 -1.0
vn 1.0 0.0 0.0
vn 1.0 0.0 0.0
vn 1.0 0.0 0.0
vn 1.0 0.0 0.0
vn -0.999507 -0.031412 0.0
vn -0.999507 -0.031412 -0.0
vn -0.218144 -0.975917 -0.0
vn -0.218144 -0.975917 0.0
vn -0.827081 -0.562083 0.0
vn -0.827081 -0.562083 -0.0
vn -0.891006 -0.453991 0.0
vn -0.891006 -0.453991 -0.0
vn -0.790153 -0.612909 0.0
vn -0.790153 -0.612909 -0.0
vn -0.707107 -0.707107 0.0
vn -0.707107 -0.707107 -0.0
vn -0.975917 -0.218144 0.0
vn -0.975917 -0.218144 -0.0
vn -0.612909 -0.790154 -0.0
vn -0.612909 -0.790154 0.0
vn -0.995562 -0.094108 0.0
vn -0.995562 -0.094108 -0.0
vn -0.860743 -0.50904 0.0
vn -0.860743 -0.50904 -0.0
vn -0.987688 -0.156434 0.0
vn -0.987688 -0.156434 -0.0
vn -0.338739 -0.94088 -0.0
vn -0.338739 -0.94088 0.0
vn -0.156434 -0.987688 -0.0
vn -0.156434 -0.987688 0.0
vn -0.562083 -0.827081 -0.0
vn -0.562083 -0.827081 0.0
vn -0.940881 -0.338737 0.0
vn -0.940881 -0.338737 -0.0
vn -0.750112 -0.661311 0.0
vn -0.750112 -0.661311 -0.0
vn -0.960294 -0.278991 0.0
vn -0.960294 -0.278991 -0.0
vn -0.278991 -0.960294 -0.0
vn -0.278991 -0.960294 0.0
vn -0.509042 -0.860742 -0.0
vn -0.509042 -0.860742 0.0
vn -0.917755 -0.397148 0.0
vn -0.917755 -0.397148 -0.0
vn -0.094108 -0.995562 -0.0
vn -0.094108 -0.995562 0.0
vn -0.031412 -0.999507 -0.0
vn -0.031412 -0.999507 0.0
vn -0.661311 -0.750112 -0.0
vn -0.661311 -0.750112 0.0
vn -0.453991 -0.891006 -0.0
vn -0.453991 -0.891006 0.0
vn -0.397146 -0.917755 -0.0
vn -0.397146 -0.917755 0.0
vn -1.0 0.0 0.0
vn -1.0 0.0 0.0
vn 0.0 1.0 0.0
vn 0.0 1.0 0.0
vn 0.0 -1.0 0.0
vn 0.0 -1.0 0.0
vn 0.960294 -0.278991 0.0
vn 0.960294 -0.278991 0.0
vn 0.995562 0.094108 0.0
vn 0.995562 0.094108 -0.0
vn 0.999507 0.031412 0.0
vn 0.999507 0.031412 -0.0
vn 0.45399 -0.891007 0.0
vn 0.45399 -0.891007 0.0
vn -0.338738 -0.940881 -0.0
vn -0.338738 -0.940881 0.0
vn 0.917754 0.397148 0.0
vn 0.917754 0.397148 -0.0
vn 0.278991 0.960294 0.0
vn 0.278991 0.960294 -0.0
vn 0.612908 0.790154 0.0
vn 0.612908 0.790154 -0.0
vn 0.509042 0.860742 0.0
vn 0.509042 0.860742 -0.0
vn 0.661311 -0.750112 0.0
vn 0.661311 -0.750112 0.0
vn 0.338737 -0.940881 0.0
vn 0.338737 -0.940881 0.0
vn 0.661311 0.750112 0.0
vn 0.661311 0.750112 -0.0
vn 0.790154 -0.612908 0.0
vn 0.790154 -0.612908 0.0
vn 0.031412 -0.999507 0.0
vn 0.031412 -0.999507 0.0
vn 0.094108 -0.995562 0.0
vn 0.094108 -0.995562 0.0
vn 0.45399 0.891007 0.0
vn 0.45399 0.891007 -0.0
vn 0.860742 0.509042 0.0
vn 0.860742 0.509042 -0.0
vn -0.397148 -0.917754 -0.0
vn -0.397148 -0.917754 0.0
vn 0.999507 -0.031412 0.0
vn 0.999507 -0.031412 0.0
vn 0.218144 -0.975917 0.0
vn 0.218144 -0.975917 0.0
vn -0.031412 0.999507 0.0
vn -0.031412 0.999507 0.0
vn 0.960294 0.278991 0.0
vn 0.960294 0.278991 -0.0
vn 0.338737 0.940881 0.0
vn 0.338737 0.940881 -0.0
vn 0.940881 -0.338738 0.0
vn 0.940881 -0.338738 0.0
vn 0.397149 -0.917754 0.0
vn 0.397149 -0.917754 0.0
vn -0.156434 -0.987688 -0.0
vn -0.156434 -0.987688 0.0
vn 0.562083 -0.827081 0.0
vn 0.562083 -0.827081 0.0
vn -0.397148 0.917754 0.0
vn -0.397148 0.917754 0.0
vn 0.827081 0.562083 0.0
vn 0.827081 0.562083 -0.0
vn 0.975917 -0.218144 0.0
vn 0.975917 -0.218144 0.0
vn 0.562083 0.827081 0.0
vn 0.562083 0.827081 -0.0
vn 0.094108 0.995562 0.0
vn 0.094108 0.995562 -0.0
vn 0.707106 -0.707107 0.0
vn 0.707106 -0.707107 0.0
vn 0.218144 0.975917 0.0
vn 0.218144 0.975917 -0.0
vn 0.891007 0.45399 0.0
vn 0.891007 0.45399 -0.0
vn 0.860742 -0.509042 0.0
vn 0.860742 -0.509042 0.0
vn 0.891007 -0.45399 0.0
vn 0.891007 -0.45399 0.0
vn 0.827081 -0.562083 0.0
vn 0.827081 -0.562083 0.0
vn 0.707106 0.707107 0.0
vn 0.707106 0.707107 -0.0
vn -0.094108 0.995562 0.0
vn -0.094108 0.995562 0.0
vn 0.987688 -0.156434 0.0
vn 0.987688 -0.156434 0.0
vn -0.156434 0.987688 0.0
vn -0.156434 0.987688 0.0
vn 0.995562 -0.094108 0.0
vn 0.995562 -0.094108 0.0
vn 0.397149 0.917754 0.0
vn 0.397149 0.917754 -0.0
vn 0.975917 0.218144 0.0
vn 0.975917 0.218144 -0.0
vn -0.509044 0.86074 0.0
vn -0.509044 0.86074 0.0
vn -0.278991 0.960294 0.0
vn -0.278991 0.960294 0.0
vn 0.750112 -0.661311 0.0
vn 0.750112 -0.661311 0.0
vn -0.338738 0.940881 0.0
vn -0.338738 0.940881 0.0
vn 0.940881 0.338738 0.0
vn 0.940881 0.338738 -0.0
vn 0.987688 0.156434 0.0
vn 0.987688 0.156434 -0.0
vn -0.45399 0.891007 0.0
vn -0.45399 0.891007 0.0
vn -0.218144 0.975917 0.0
vn -0.218144 0.975917 0.0
vn -0.031412 -0.999507 -0.0
vn -0.031412 -0.999507 0.0
vn 0.156434 -0.987688 0.0
vn 0.156434 -0.987688 0.0
vn -0.278991 -0.960294 -0.0
vn -0.278991 -0.960294 0.0
vn 0.509042 -0.860742 0.0
vn 0.509042 -0.860742 0.0
vn 0.790154 0.612908 0.0
vn 0.790154 0.612908 -0.0
vn 0.750112 0.661311 0.0
vn 0.750112 0.661311 -0.0
vn 0.031412 0.999507 0.0
vn 0.031412 0.999507 -0.0
vn -0.218144 -0.975917 -0.0
vn -0.218144 -0.975917 0.0
vn 0.278991 -0.960294 0.0
vn 0.278991 -0.960294 0.0
vn -0.509044 -0.86074 -0.0
vn -0.509044 -0.86074 0.0
vn 0.612908 -0.790154 0.0
vn 0.612908 -0.790154 0.0
vn 0.917754 -0.397148 0.0
vn 0.917754 -0.397148 0.0
vn -0.094108 -0.995562 -0.0
vn -0.094108 -0.995562 0.0
vn -0.45399 -0.891007 -0.0
vn -0.45399 -0.891007 0.0
vn 0.156434 0.987688 0.0
vn 0.156434 0.987688 -0.0
vn 0.0 -0.0 1.0
vn 0.0 -0.0 1.0
vn 0.0 -0.0 1.0
vn 0.0 -0.0 1.0
vn 0.0 -0.0 1.0
vn 0.0 0.0 1.0
vn 0.0 -0.0 1.0
vn 0.0 -0.0 1.0
vn 0.0 0.0 1.0
vn 0.0 -0.0 1.0
vn 0.0 0.0 1.0
vn 0.0 -0.0 1.0
vn 0.0 0.0 1.0
vn 0.0 0.0 1.0
vn 0.0 -0.0 1.0
vn 0.0 0.0 1.0
vn 0.0 -0.0 1.0
vn 0.0 0.0 1.0
vn 0.0 -0.0 1.0
vn 0.0 0.0 1.0
vn 0.0 -0.0 1.0
vn 0.0 0.0 1.0
vn 0.0 -0.0 1.0
vn 0.0 -0.0 1.0
vn 0.0 0.0 1.0
vn 0.0 -0.0 1.0
vn 0.0 0.0 1.0
vn 0.0 -0.0 1.0
vn 0.0 0.0 1.0
vn 0.0 0.0 1.0
vn 0.0 0.0 1.0
vn 0.0 -0.0 1.0
vn 0.0 0.0 1.0
vn 0.0 0.0 1.0
vn 0.0 -0.0 1.0
vn 0.0 0.0 1.0
vn 0.0 0.0 1.0
vn 0.0 0.0 1.0
vn 0.0 -0.0 1.0
vn 0.0 -0.0 1.0
vn 0.0 0.0 1.0
vn 0.0 -0.0 1.0
vn 0.0 0.0 1.0
vn 0.0 -0.0 1.0
vn 0.0 0.0 1.0
vn 0.0 0.0 1.0
vn 0.0 0.0 1.0
vn 0.0 0.0 1.0
vn 0.0 -0.0 1.0
vn 0.0 0.0 1.0
vn 0.0 0.0 1.0
vn 0.0 0.0 1.0
vn 0.0 0.0 1.0
vn 0.0 0.0 1.0
vn 0.0 0.0 1.0
vn 0.0 -0.0 1.0
vn 0.0 0.0 1.0
vn 0.0 -0.0 1.0
vn 0.0 -0.0 1.0
vn 0.0 -0.0 1.0
vn 0.0 0.0 1.0
vn 0.0 -0.0 1.0
vn 0.0 -0.0 1.0
vn 0.0 0.0 1.0
vn 0.0 -0.0 1.0
vn 0.0 0.0 1.0
vn 0.0 -0.0 1.0
vn 0.0 -0.0 1.0
vn 0.0 -0.0 1.0
vn 0.0 0.0 1.0
vn 0.0 -0.0 1.0
vn 0.0 -0.0 1.0
vn -0.0 0.0 1.0
vn 0.0 0.0 1.0
vn 0.0 -0.0 1.0
vn 0.0 0.0 1.0
vn 0.0 -0.0 1.0
vn 0.0 0.0 1.0
vn 0.0 -0.0 1.0
vn 0.0 -0.0 1.0
vn 0.0 0.0 1.0
vn 0.0 -0.0 1.0
vn 0.0 0.0 1.0
vn 0.0 -0.0 1.0
vn 0.0 0.0 1.0
vn 0.0 0.0 1.0
vn 0.0 0.0 1.0
vn 0.0 -0.0 1.0
vn 0.0 0.0 1.0
vn 0.0 0.0 1.0
vn 0.0 -0.0 1.0
vn 0.0 -0.0 1.0
vn 0.0 -0.0 1.0
vn 0.0 -0.0 1.0
vn 0.0 -0.0 1.0
vn 0.0 -0.0 1.0
vn 0.0 0.0 1.0
vn 0.0 -0.0 1.0
vn 0.0 0.0 1.0
vn 0.0 0.0 1.0
vn 0.0 -0.0 1.0
vn 0.0 0.0 1.0
vn 0.0 0.0 1.0
vn 0.0 -0.0 1.0
vn 0.0 0.0 1.0
vn 0.0 0.0 1.0
vn 0.0 -0.0 1.0
vn 0.0 0.0 1.0
vn 0.0 -0.0 1.0
vn 0.0 -0.0 1.0
vn 0.0 -0.0 1.0
vn 0.0 -0.0 1.0
vn 0.0 0.0 1.0
vn 0.0 -0.0 1.0
vn 0.0 -0.0 1.0
vn 0.0 0.0 1.0
vn 0.0 -0.0 1.0
vn 0.0 0.0 1.0
vn 0.0 -0.0 1.0
vn 0.0 -0.0 1.0
vn 0.0 -0.0 1.0
vn 0.0 0.0 1.0
vn 0.0 0.0 1.0
vn 0.0 -0.0 1.0
vn 0.0 0.0 1.0
vn 0.0 -0.0 1.0
vn 0.0 -0.0 1.0
vn 0.0 0.0 1.0
vn 0.0 -0.0 1.0
vn 0.0 -0.0 1.0
vn 0.0 0.0 1.0
vn 0.0 -0.0 1.0
vn 0.0 -0.0 1.0
vn 0.0 0.0 1.0
vn 0.0 -0.0 1.0
vn 0.0 0.0 1.0
vn 0.0 0.0 1.0
vn 0.0 0.0 1.0
vn -0.321585 0.946881 0.0
vn -0.321585 0.946881 0.0
vn -0.549072 0.835775 0.0
vn -0.549072 0.835775 0.0
vn -0.73864 0.6741 0.0
vn -0.73864 0.6741 0.0
vn -0.867907 0.496728 0.0
vn -0.867907 0.496728 0.0
vn -0.945637 0.325224 0.0
vn -0.945637 0.325224 0.0
vn -0.984511 0.175323 0.0
vn -0.984511 0.175323 0.0
vn -0.99864 0.052145 0.0
vn -0.99864 0.052145 0.0
vn -0.998727 -0.050451 0.0
vn -0.998727 -0.050451 -0.0
vn -0.986321 -0.164838 0.0
vn -0.986321 -0.164838 -0.0
vn -0.955019 -0.296545 0.0
vn -0.955019 -0.296545 -0.0
vn -0.897606 -0.440799 0.0
vn -0.897606 -0.440799 -0.0
vn -0.80548 -0.592623 0.0
vn -0.80548 -0.592623 -0.0
vn -0.66593 -0.746014 -0.0
vn -0.66593 -0.746014 0.0
vn -0.485722 -0.874113 -0.0
vn -0.485722 -0.874113 0.0
vn -0.288197 -0.957571 -0.0
vn -0.288197 -0.957571 0.0
vn -1.0 0.0 0.0
vn -1.0 0.0 0.0
vn -0.39193 0.919995 0.0
vn -0.39193 0.919995 0.0
vn -0.56461 0.825358 0.0
vn -0.56461 0.825358 0.0
vn -0.716701 0.69738 0.0
vn -0.716701 0.69738 0.0
vn -0.833446 0.552601 0.0
vn -0.833446 0.552601 0.0
vn -0.912683 0.408668 0.0
vn -0.912683 0.408668 0.0
vn -0.962154 0.272507 0.0
vn -0.962154 0.272507 0.0
vn -0.988574 0.150737 0.0
vn -0.988574 0.150737 0.0
vn -0.99894 0.046043 0.0
vn -0.99894 0.046043 0.0
vn -0.998429 -0.056022 0.0
vn -0.998429 -0.056022 -0.0
vn -0.982394 -0.186823 0.0
vn -0.982394 -0.186823 -0.0
vn -0.939616 -0.342231 0.0
vn -0.939616 -0.342231 -0.0
vn -0.857734 -0.514094 0.0
vn -0.857734 -0.514094 -0.0
vn -0.728267 -0.685293 0.0
vn -0.728267 -0.685293 -0.0
vn -0.542084 -0.840324 -0.0
vn -0.542084 -0.840324 0.0
vn -0.318956 -0.947769 -0.0
vn -0.318956 -0.947769 0.0
vn -0.098721 -0.995115 -0.0
vn -0.098721 -0.995115 0.0
vn 0.107669 -0.994187 0.0
vn 0.107669 -0.994187 0.0
vn 0.339463 -0.940619 0.0
vn 0.339463 -0.940619 0.0
vn 0.560288 -0.828298 0.0
vn 0.560288 -0.828298 0.0
vn 0.734274 -0.678853 0.0
vn 0.734274 -0.678853 0.0
vn 0.851952 -0.523619 0.0
vn 0.851952 -0.523619 0.0
vn 0.927818 -0.373034 0.0
vn 0.927818 -0.373034 0.0
vn 0.971358 -0.237621 0.0
vn 0.971358 -0.237621 0.0
vn 0.992483 -0.122385 0.0
vn 0.992483 -0.122385 0.0
vn 0.117868 0.993029 0.0
vn 0.117868 0.993029 -0.0
vn -0.995139 0.098478 0.0
vn -0.995139 0.098478 0.0
vn -0.979437 0.201752 0.0
vn -0.979437 0.201752 0.0
vn -0.944759 0.327765 0.0
vn -0.944759 0.327765 0.0
vn -0.87948 0.475935 0.0
vn -0.87948 0.475935 0.0
vn -0.771716 0.635967 0.0
vn -0.771716 0.635967 0.0
vn -0.603455 0.797397 0.0
vn -0.603455 0.797397 0.0
vn -0.373811 0.927505 0.0
vn -0.373811 0.927505 0.0
vn -0.119909 0.992785 0.0
vn -0.119909 0.992785 0.0
vn 0.117129 0.993117 0.0
vn 0.117129 0.993117 -0.0
vn 0.375757 0.926718 0.0
vn 0.375757 0.926718 -0.0
vn 0.620386 0.784297 0.0
vn 0.620386 0.784297 -0.0
vn 0.800423 0.599436 0.0
vn 0.800423 0.599436 -0.0
vn 0.905066 0.42527 0.0
vn 0.905066 0.42527 -0.0
vn 0.961406 0.275133 0.0
vn 0.961406 0.275133 -0.0
vn 0.988991 0.147976 0.0
vn 0.988991 0.147976 -0.0
vn 0.999025 0.044153 0.0
vn 0.999025 0.044153 -0.0
vn 0.998609 -0.05272 0.0
vn 0.998609 -0.05272 0.0
vn 0.98411 -0.17756 0.0
vn 0.98411 -0.17756 0.0
vn 0.943976 -0.330015 0.0
vn 0.943976 -0.330015 0.0
vn 0.863426 -0.504476 0.0
vn 0.863426 -0.504476 0.0
vn 0.725274 -0.68846 0.0
vn 0.725274 -0.68846 0.0
vn 0.525305 -0.850914 0.0
vn 0.525305 -0.850914 0.0
vn 0.299628 -0.954056 0.0
vn 0.299628 -0.954056 0.0
vn 0.090448 -0.995901 0.0
vn 0.090448 -0.995901 0.0
vn 0.0 -1.0 0.0
vn 0.0 -1.0 0.0
vn 1.0 0.0 0.0
vn 1.0 0.0 0.0
vn 0.0 1.0 0.0
vn 0.0 1.0 0.0
vn 0.082539 0.996588 0.0
vn 0.082539 0.996588 -0.0
vn 0.275062 0.961426 0.0
vn 0.275062 0.961426 -0.0
vn 0.489691 0.871896 0.0
vn 0.489691 0.871896 -0.0
vn 0.691164 0.722698 0.0
vn 0.691164 0.722698 -0.0
vn 0.841006 0.541025 0.0
vn 0.841006 0.541025 -0.0
vn 0.933696 0.358068 0.0
vn 0.933696 0.358068 -0.0
vn 0.981066 0.193673 0.0
vn 0.981066 0.193673 -0.0
vn 0.998344 0.057531 0.0
vn 0.998344 0.057531 -0.0
vn 0.999052 -0.043544 0.0
vn 0.999052 -0.043544 0.0
vn 0.988707 -0.14986 0.0
vn 0.988707 -0.14986 0.0
vn 0.957677 -0.287845 0.0
vn 0.957677 -0.287845 0.0
vn 0.887513 -0.460783 0.0
vn 0.887513 -0.460783 0.0
vn 0.763724 -0.645543 0.0
vn 0.763724 -0.645543 0.0
vn 0.581408 -0.813612 0.0
vn 0.581408 -0.813612 0.0
vn 0.348189 -0.937424 0.0
vn 0.348189 -0.937424 0.0
vn 0.108556 -0.99409 0.0
vn 0.108556 -0.99409 0.0
vn -0.226501 -0.974011 -0.0
vn -0.226501 -0.974011 0.0
vn -0.677828 -0.735221 -0.0
vn -0.677828 -0.735221 0.0
vn -0.91479 -0.40393 0.0
vn -0.91479 -0.40393 -0.0
vn -0.986511 -0.163696 0.0
vn -0.986511 -0.163696 -0.0
vn 0.14422 -0.989546 0.0
vn 0.14422 -0.989546 0.0
vn 0.992956 0.118487 0.0
vn 0.992956 0.118487 -0.0
vn 0.972628 0.232367 0.0
vn 0.972628 0.232367 -0.0
vn 0.929057 0.369937 0.0
vn 0.929057 0.369937 -0.0
vn 0.849527 0.527545 0.0
vn 0.849527 0.527545 -0.0
vn 0.722965 0.690884 0.0
vn 0.722965 0.690884 -0.0
vn 0.541767 0.840529 0.0
vn 0.541767 0.840529 -0.0
vn 0.321821 0.9468 0.0
vn 0.321821 0.9468 -0.0
vn 0.100582 0.994929 0.0
vn 0.100582 0.994929 -0.0
vn -0.098966 0.995091 0.0
vn -0.098966 0.995091 0.0
vn -0.279091 0.960265 0.0
vn -0.279091 0.960265 0.0
vn -0.458656 0.888614 0.0
vn -0.458656 0.888614 0.0
vn -0.611744 0.791056 0.0
vn -0.611744 0.791056 0.0
vn -0.733407 0.679789 0.0
vn -0.733407 0.679789 0.0
vn -0.827127 0.562015 0.0
vn -0.827127 0.562015 0.0
vn -0.893428 0.449206 0.0
vn -0.893428 0.449206 0.0
vn -0.937779 0.347232 0.0
vn -0.937779 0.347232 0.0
vn -0.966657 0.256076 0.0
vn -0.966657 0.256076 0.0
vn -0.985047 0.172288 0.0
vn -0.985047 0.172288 0.0
vn -0.995274 0.097103 0.0
vn -0.995274 0.097103 0.0
vn -0.999539 0.03037 0.0
vn -0.999539 0.03037 0.0
vn -0.998927 -0.046303 0.0
vn -0.998927 -0.046303 -0.0
vn -0.987659 -0.156621 0.0
vn -0.987659 -0.156621 -0.0
vn -0.955828 -0.293926 0.0
vn -0.955828 -0.293926 -0.0
vn -0.889158 -0.4576 0.0
vn -0.889158 -0.4576 -0.0
vn -0.772611 -0.63488 0.0
vn -0.772611 -0.63488 -0.0
vn -0.590781 -0.806832 -0.0
vn -0.590781 -0.806832 0.0
vn -0.354833 -0.93493 -0.0
vn -0.354833 -0.93493 0.0
vn -0.110655 -0.993859 -0.0
vn -0.110655 -0.993859 0.0
vn 0.0 -1.0 0.0
vn 0.0 -1.0 0.0
vn 1.0 0.0 0.0
vn 1.0 0.0 0.0
vn 0.0 1.0 0.0
vn 0.0 1.0 0.0
vn -0.090878 0.995862 0.0
vn -0.090878 0.995862 0.0
vn -1.0 0.0 0.0
vn -1.0 0.0 0.0
vn 0.0 1.0 0.0
vn 0.0 1.0 0.0
vn 0.119766 0.992802 0.0
vn 0.119766 0.992802 -0.0
vn 0.38124 0.924476 0.0
vn 0.38124 0.924476 -0.0
vn 0.624021 0.781408 0.0
vn 0.624021 0.781408 -0.0
vn 0.800189 0.599748 0.0
vn 0.800189 0.599748 -0.0
vn 0.906418 0.422383 0.0
vn 0.906418 0.422383 -0.0
vn 0.963736 0.266859 0.0
vn 0.963736 0.266859 -0.0
vn 0.990038 0.140802 0.0
vn 0.990038 0.140802 -0.0
vn 0.999143 0.041399 0.0
vn 0.999143 0.041399 -0.0
vn 0.999225 -0.039357 0.0
vn 0.999225 -0.039357 0.0
vn 0.991296 -0.131649 0.0
vn 0.991296 -0.131649 0.0
vn 0.969543 -0.244922 0.0
vn 0.969543 -0.244922 0.0
vn 0.924636 -0.380852 0.0
vn 0.924636 -0.380852 0.0
vn 0.843288 -0.537461 0.0
vn 0.843288 -0.537461 0.0
vn 0.694784 -0.719219 0.0
vn 0.694784 -0.719219 0.0
vn 0.453813 -0.891097 0.0
vn 0.453813 -0.891097 0.0
vn 0.149693 -0.988732 0.0
vn 0.149693 -0.988732 0.0
vn 0.0 -1.0 0.0
vn 0.0 -1.0 0.0
vn 0.0 0.0 -1.0
vn 0.0 -0.0 -1.0
vn 0.0 0.0 -1.0
vn 0.0 0.0 -1.0
vn 0.0 -0.0 -1.0
vn 0.0 0.0 -1.0
vn 0.0 0.0 -1.0
vn 0.0 -0.0 -1.0
vn 0.0 0.0 -1.0
vn 0.0 0.0 -1.0
vn 0.0 -0.0 -1.0
vn 0.0 0.0 -1.0
vn 0.0 -0.0 -1.0
vn 0.0 -0.0 -1.0
vn 0.0 -0.0 -1.0
vn 0.0 -0.0 -1.0
vn 0.0 0.0 -1.0
vn 0.0 -0.0 -1.0
vn 0.0 -0.0 -1.0
vn 0.0 0.0 -1.0
vn 0.0 -0.0 -1.0
vn 0.0 0.0 -1.0
vn 0.0 -0.0 -1.0
vn -0.0 -0.0 -1.0
vn 0.0 -0.0 -1.0
vn 0.0 0.0 -1.0
vn 0.0 0.0 -1.0
vn 0.0 -0.0 -1.0
vn 0.0 0.0 -1.0
vn 0.0 -0.0 -1.0
vn 0.0 -0.0 -1.0
vn 0.0 0.0 -1.0
vn 0.0 -0.0 -1.0
vn 0.0 -0.0 -1.0
vn 0.0 0.0 -1.0
vn 0.0 -0.0 -1.0
vn 0.0 -0.0 -1.0
vn 0.0 0.0 -1.0
vn 0.0 -0.0 -1.0
vn 0.0 0.0 -1.0
vn -0.0 0.0 -1.0
vn 0.0 0.0 -1.0
vn 0.0 -0.0 -1.0
vn 0.0 -0.0 -1.0
vn 0.0 -0.0 -1.0
vn 0.0 -0.0 -1.0
vn 0.0 -0.0 -1.0
vn 0.0 0.0 -1.0
vn 0.0 -0.0 -1.0
vn 0.0 -0.0 -1.0
vn 0.0 0.0 -1.0
vn 0.0 -0.0 -1.0
vn 0.0 0.0 -1.0
vn 0.0 -0.0 -1.0
vn 0.0 0.0 -1.0
vn 0.0 0.0 -1.0
vn 0.0 -0.0 -1.0
vn 0.0 0.0 -1.0
vn 0.0 -0.0 -1.0
vn 0.0 0.0 -1.0
vn 0.0 -0.0 -1.0
vn 0.0 0.0 -1.0
vn 0.0 -0.0 -1.0
vn 0.0 0.0 -1.0
vn 0.0 -0.0 -1.0
vn 0.0 -0.0 -1.0
vn 0.0 0.0 -1.0
vn 0.0 -0.0 -1.0
vn 0.0 0.0 -1.0
vn 0.0 -0.0 -1.0
vn 0.0 0.0 -1.0
vn 0.0 0.0 -1.0
vn 0.0 0.0 -1.0
vn 0.0 -0.0 -1.0
vn 0.0 0.0 -1.0
vn 0.0 0.0 -1.0
vn 0.0 -0.0 -1.0
vn 0.0 0.0 -1.0
vn 0.0 0.0 -1.0
vn 0.0 0.0 -1.0
vn 0.0 -0.0 -1.0
vn 0.0 -0.0 -1.0
vn 0.0 0.0 -1.0
vn 0.0 -0.0 -1.0
vn 0.0 0.0 -1.0
vn 0.0 -0.0 -1.0
vn 0.0 0.0 -1.0
vn 0.0 0.0 -1.0
vn 0.0 0.0 -1.0
vn 0.0 0.0 -1.0
vn 0.0 -0.0 -1.0
vn 0.0 0.0 -1.0
vn 0.0 0.0 -1.0
vn 0.0 0.0 -1.0
vn 0.0 0.0 -1.0
vn 0.0 0.0 -1.0
vn 0.0 0.0 -1.0
vn 0.0 -0.0 -1.0
vn 0.0 0.0 -1.0
vn 0.0 -0.0 -1.0
vn 0.0 -0.0 -1.0
vn 0.0 -0.0 -1.0
vn 0.0 0.0 -1.0
vn 0.0 -0.0 -1.0
vn 0.0 -0.0 -1.0
vn 0.0 0.0 -1.0
vn 0.0 -0.0 -1.0
vn 0.0 0.0 -1.0
vn 0.0 -0.0 -1.0
vn 0.0 -0.0 -1.0
vn 0.0 -0.0 -1.0
vn 0.0 0.0 -1.0
vn 0.0 -0.0 -1.0
vn 0.0 -0.0 -1.0
vn 0.0 0.0 -1.0
vn -0.0 0.0 -1.0
vn 0.0 -0.0 -1.0
vn 0.0 0.0 -1.0
vn 0.0 -0.0 -1.0
vn 0.0 0.0 -1.0
vn 0.0 -0.0 -1.0
vn 0.0 -0.0 -1.0
vn 0.0 0.0 -1.0
vn 0.0 -0.0 -1.0
vn 0.0 0.0 -1.0
vn 0.0 -0.0 -1.0
vn 0.0 0.0 -1.0
vn 0.0 0.0 -1.0
vn 0.0 0.0 -1.0
vn 0.0 -0.0 -1.0
vn 0.0 0.0 -1.0
vn 0.0 0.0 -1.0
vn 0.0 -0.0 -1.0
vn 0.0 -0.0 -1.0
vn 0.0 -0.0 -1.0
vn 0.0 -0.0 -1.0
vn 0.0 -0.0 -1.0
vn 0.0 -0.0 -1.0
vn -0.321585 -0.946881 -0.0
vn -0.321585 -0.946881 0.0
vn -0.549072 -0.835775 -0.0
vn -0.549072 -0.835775 0.0
vn -0.73864 -0.6741 0.0
vn -0.73864 -0.6741 -0.0
vn -0.867907 -0.496728 0.0
vn -0.867907 -0.496728 -0.0
vn -0.945637 -0.325224 0.0
vn -0.945637 -0.325224 -0.0
vn -0.984511 -0.175323 0.0
vn -0.984511 -0.175323 -0.0
vn -0.99864 -0.052145 0.0
vn -0.99864 -0.052145 -0.0
vn -0.998727 0.050451 0.0
vn -0.998727 0.050451 0.0
vn -0.986321 0.164838 0.0
vn -0.986321 0.164838 0.0
vn -0.955019 0.296545 0.0
vn -0.955019 0.296545 0.0
vn -0.897606 0.440799 0.0
vn -0.897606 0.440799 0.0
vn -0.80548 0.592623 0.0
vn -0.80548 0.592623 0.0
vn -0.66593 0.746014 0.0
vn -0.66593 0.746014 0.0
vn -0.485722 0.874113 0.0
vn -0.485722 0.874113 0.0
vn -0.288197 0.957571 0.0
vn -0.288197 0.957571 0.0
vn -1.0 0.0 0.0
vn -1.0 0.0 0.0
vn -0.39193 -0.919995 -0.0
vn -0.39193 -0.919995 0.0
vn -0.56461 -0.825358 -0.0
vn -0.56461 -0.825358 0.0
vn -0.716701 -0.69738 0.0
vn -0.716701 -0.69738 -0.0
vn -0.833446 -0.552601 0.0
vn -0.833446 -0.552601 -0.0
vn -0.912683 -0.408668 0.0
vn -0.912683 -0.408668 -0.0
vn -0.962154 -0.272507 0.0
vn -0.962154 -0.272507 -0.0
vn -0.988574 -0.150737 0.0
vn -0.988574 -0.150737 -0.0
vn -0.99894 -0.046043 0.0
vn -0.99894 -0.046043 -0.0
vn -0.998429 0.056022 0.0
vn -0.998429 0.056022 0.0
vn -0.982394 0.186823 0.0
vn -0.982394 0.186823 0.0
vn -0.939616 0.342231 0.0
vn -0.939616 0.342231 0.0
vn -0.857734 0.514094 0.0
vn -0.857734 0.514094 0.0
vn -0.728267 0.685293 0.0
vn -0.728267 0.685293 0.0
vn -0.542084 0.840324 0.0
vn -0.542084 0.840324 0.0
vn -0.318956 0.947769 0.0
vn -0.318956 0.947769 0.0
vn -0.098721 0.995115 0.0
vn -0.098721 0.995115 0.0
vn 0.107669 0.994187 0.0
vn 0.107669 0.994187 -0.0
vn 0.339463 0.940619 0.0
vn 0.339463 0.940619 -0.0
vn 0.560288 0.828298 0.0
vn 0.560288 0.828298 -0.0
vn 0.734274 0.678853 0.0
vn 0.734274 0.678853 -0.0
vn 0.851952 0.523619 0.0
vn 0.851952 0.523619 -0.0
vn 0.927818 0.373034 0.0
vn 0.927818 0.373034 -0.0
vn 0.971358 0.237621 0.0
vn 0.971358 0.237621 -0.0
vn 0.992483 0.122385 0.0
vn 0.992483 0.122385 -0.0
vn 0.117868 -0.993029 0.0
vn 0.117868 -0.993029 0.0
vn -0.995139 -0.098478 0.0
vn -0.995139 -0.098478 -0.0
vn -0.979437 -0.201752 0.0
vn -0.979437 -0.201752 -0.0
vn -0.944759 -0.327765 0.0
vn -0.944759 -0.327765 -0.0
vn -0.87948 -0.475935 0.0
vn -0.87948 -0.475935 -0.0
vn -0.771716 -0.635967 0.0
vn -0.771716 -0.635967 -0.0
vn -0.603455 -0.797397 -0.0
vn -0.603455 -0.797397 0.0
vn -0.373811 -0.927505 -0.0
vn -0.373811 -0.927505 0.0
vn -0.119909 -0.992785 -0.0
vn -0.119909 -0.992785 0.0
vn 0.117129 -0.993117 0.0
vn 0.117129 -0.993117 0.0
vn 0.375757 -0.926718 0.0
vn 0.375757 -0.926718 0.0
vn 0.620386 -0.784297 0.0
vn 0.620386 -0.784297 0.0
vn 0.800423 -0.599436 0.0
vn 0.800423 -0.599436 0.0
vn 0.905066 -0.42527 0.0
vn 0.905066 -0.42527 0.0
vn 0.961406 -0.275133 0.0
vn 0.961406 -0.275133 0.0
vn 0.988991 -0.147976 0.0
vn 0.988991 -0.147976 0.0
vn 0.999025 -0.044153 0.0
vn 0.999025 -0.044153 0.0
vn 0.998609 0.05272 0.0
vn 0.998609 0.05272 -0.0
vn 0.98411 0.17756 0.0
vn 0.98411 0.17756 -0.0
vn 0.943976 0.330015 0.0
vn 0.943976 0.330015 -0.0
vn 0.863426 0.504476 0.0
vn 0.863426 0.504476 -0.0
vn 0.725274 0.68846 0.0
vn 0.725274 0.68846 -0.0
vn 0.525305 0.850914 0.0
vn 0.525305 0.850914 -0.0
vn 0.299628 0.954056 0.0
vn 0.299628 0.954056 -0.0
vn 0.090448 0.995901 0.0
vn 0.090448 0.995901 -0.0
vn 0.0 1.0 0.0
vn 0.0 1.0 0.0
vn 1.0 0.0 0.0
vn 1.0 0.0 0.0
vn 0.0 -1.0 0.0
vn 0.0 -1.0 0.0
vn 0.082539 -0.996588 0.0
vn 0.082539 -0.996588 0.0
vn 0.275062 -0.961426 0.0
vn 0.275062 -0.961426 0.0
vn 0.489691 -0.871896 0.0
vn 0.489691 -0.871896 0.0
vn 0.691164 -0.722698 0.0
vn 0.691164 -0.722698 0.0
vn 0.841006 -0.541025 0.0
vn 0.841006 -0.541025 0.0
vn 0.933696 -0.358068 0.0
vn 0.933696 -0.358068 0.0
vn 0.981066 -0.193673 0.0
vn 0.981066 -0.193673 0.0
vn 0.998344 -0.057531 0.0
vn 0.998344 -0.057531 0.0
vn 0.999052 0.043544 0.0
vn 0.999052 0.043544 -0.0
vn 0.988707 0.14986 0.0
vn 0.988707 0.14986 -0.0
vn 0.957677 0.287845 0.0
vn 0.957677 0.287845 -0.0
vn 0.887513 0.460783 0.0
vn 0.887513 0.460783 -0.0
vn 0.763724 0.645543 0.0
vn 0.763724 0.645543 -0.0
vn 0.581408 0.813612 0.0
vn 0.581408 0.813612 -0.0
vn 0.348189 0.937424 0.0
vn 0.348189 0.937424 -0.0
vn 0.108556 0.99409 0.0
vn 0.108556 0.99409 -0.0
vn -0.226501 0.974011 0.0
vn -0.226501 0.974011 0.0
vn -0.677828 0.735221 0.0
vn -0.677828 0.735221 0.0
vn -0.91479 0.40393 0.0
vn -0.91479 0.40393 0.0
vn -0.986511 0.163696 0.0
vn -0.986511 0.163696 0.0
vn 0.14422 0.989546 0.0
vn 0.14422 0.989546 -0.0
vn 0.992956 -0.118487 0.0
vn 0.992956 -0.118487 0.0
vn 0.972628 -0.232367 0.0
vn 0.972628 -0.232367 0.0
vn 0.929057 -0.369937 0.0
vn 0.929057 -0.369937 0.0
vn 0.849527 -0.527545 0.0
vn 0.849527 -0.527545 0.0
vn 0.722965 -0.690884 0.0
vn 0.722965 -0.690884 0.0
vn 0.541767 -0.840529 0.0
vn 0.541767 -0.840529 0.0
vn 0.321821 -0.9468 0.0
vn 0.321821 -0.9468 0.0
vn 0.100582 -0.994929 0.0
vn 0.100582 -0.994929 0.0
vn -0.098966 -0.995091 -0.0
vn -0.098966 -0.995091 0.0
vn -0.279091 -0.960265 -0.0
vn -0.279091 -0.960265 0.0
vn -0.458656 -0.888614 -0.0
vn -0.458656 -0.888614 0.0
vn -0.611744 -0.791056 -0.0
vn -0.611744 -0.791056 0.0
vn -0.733407 -0.679789 0.0
vn -0.733407 -0.679789 -0.0
vn -0.827127 -0.562015 0.0
vn -0.827127 -0.562015 -0.0
vn -0.893428 -0.449206 0.0
vn -0.893428 -0.449206 -0.0
vn -0.937779 -0.347232 0.0
vn -0.937779 -0.347232 -0.0
vn -0.966657 -0.256076 0.0
vn -0.966657 -0.256076 -0.0
vn -0.985047 -0.172288 0.0
vn -0.985047 -0.172288 -0.0
vn -0.995274 -0.097103 0.0
vn -0.995274 -0.097103 -0.0
vn -0.999539 -0.03037 0.0
vn -0.999539 -0.03037 -0.0
vn -0.998927 0.046303 0.0
vn -0.998927 0.046303 0.0
vn -0.987659 0.156621 0.0
vn -0.987659 0.156621 0.0
vn -0.955828 0.293926 0.0
vn -0.955828 0.293926 0.0
vn -0.889158 0.4576 0.0
vn -0.889158 0.4576 0.0
vn -0.772611 0.63488 0.0
vn -0.772611 0.63488 0.0
vn -0.590781 0.806832 0.0
vn -0.590781 0.806832 0.0
vn -0.354833 0.93493 0.0
vn -0.354833 0.93493 0.0
vn -0.110655 0.993859 0.0
vn -0.110655 0.993859 0.0
vn 0.0 1.0 0.0
vn 0.0 1.0 0.0
vn 1.0 0.0 0.0
vn 1.0 0.0 0.0
vn 0.0 -1.0 0.0
vn 0.0 -1.0 0.0
vn -0.090878 -0.995862 -0.0
vn -0.090878 -0.995862 0.0
vn -1.0 0.0 0.0
vn -1.0 0.0 0.0
vn 0.0 -1.0 0.0
vn 0.0 -1.0 0.0
vn 0.119766 -0.992802 0.0
vn 0.119766 -0.992802 0.0
vn 0.38124 -0.924476 0.0
vn 0.38124 -0.924476 0.0
vn 0.624021 -0.781408 0.0
vn 0.624021 -0.781408 0.0
vn 0.800189 -0.599748 0.0
vn 0.800189 -0.599748 0.0
vn 0.906418 -0.422383 0.0
vn 0.906418 -0.422383 0.0
vn 0.963736 -0.266859 0.0
vn 0.963736 -0.266859 0.0
vn 0.990038 -0.140802 0.0
vn 0.990038 -0.140802 0.0
vn 0.999143 -0.041399 0.0
vn 0.999143 -0.041399 0.0
vn 0.999225 0.039357 0.0
vn 0.999225 0.039357 -0.0
vn 0.991296 0.131649 0.0
vn 0.991296 0.131649 -0.0
vn 0.969543 0.244922 0.0
vn 0.969543 0.244922 -0.0
vn 0.924636 0.380852 0.0
vn 0.924636 0.380852 -0.0
vn 0.843288 0.537461 0.0
vn 0.843288 0.537461 -0.0
vn 0.694784 0.719219 0.0
vn 0.694784 0.719219 -0.0
vn 0.453813 0.891097 0.0
vn 0.453813 0.891097 -0.0
vn 0.149693 0.988732 0.0
vn 0.149693 0.988732 -0.0
vn 0.0 1.0 0.0
vn 0.0 1.0 0.0
f 80//1 79//1 76//1 
f 75//2 76//2 79//2 
f 19//3 15//3 20//3 
f 16//4 20//4 15//4 
f 100//5 99//5 96//5 
f 95//6 96//6 99//6 
f 39//7 35//7 40//7 
f 36//8 40//8 35//8 
f 55//9 51//9 56//9 
f 52//10 56//10 51//10 
f 104//11 103//11 100//11 
f 99//12 100//12 103//12 
f 43//13 39//13 44//13 
f 40//14 44//14 39//14 
f 92//15 91//15 88//15 
f 87//16 88//16 91//16 
f 27//17 23//17 28//17 
f 24//18 28//18 23//18 
f 88//19 87//19 84//19 
f 83//20 84//20 87//20 
f 84//21 83//21 80//21 
f 79//22 80//22 83//22 
f 35//23 31//23 36//23 
f 32//24 36//24 31//24 
f 76//25 75//25 72//25 
f 71//26 72//26 75//26 
f 47//27 43//27 48//27 
f 44//28 48//28 43//28 
f 64//29 63//29 60//29 
f 59//30 60//30 63//30 
f 68//31 67//31 64//31 
f 63//32 64//32 67//32 
f 72//33 71//33 68//33 
f 67//34 68//34 71//34 
f 96//35 95//35 92//35 
f 91//36 92//36 95//36 
f 15//37 11//37 16//37 
f 12//38 16//38 11//38 
f 51//39 47//39 52//39 
f 48//40 52//40 47//40 
f 23//41 19//41 24//41 
f 20//42 24//42 19//42 
f 60//43 59//43 56//43 
f 55//44 56//44 59//44 
f 31//45 27//45 32//45 
f 28//46 32//46 27//46 
f 11//47 7//47 12//47 
f 8//48 12//48 7//48 
f 7//49 3//49 8//49 
f 4//50 8//50 3//50 
f 192//51 104//51 190//51 
f 104//52 100//52 190//52 
f 100//53 96//53 190//53 
f 96//54 92//54 190//54 
f 152//55 190//55 144//55 
f 136//56 144//56 4//56 
f 128//57 136//57 4//57 
f 116//58 120//58 4//58 
f 120//59 128//59 4//59 
f 534//60 540//60 522//60 
f 518//61 510//61 540//61 
f 510//62 482//62 540//62 
f 482//63 458//63 540//63 
f 458//64 438//64 540//64 
f 438//65 462//65 540//65 
f 522//66 540//66 462//66 
f 438//67 414//67 462//67 
f 430//68 462//68 414//68 
f 430//69 414//69 366//69 
f 414//70 318//70 366//70 
f 366//71 318//71 290//71 
f 266//72 246//72 318//72 
f 290//73 318//73 246//73 
f 218//74 188//74 266//74 
f 246//75 266//75 210//75 
f 210//76 266//76 188//76 
f 218//77 170//77 188//77 
f 170//78 146//78 188//78 
f 146//79 138//79 188//79 
f 2//80 188//80 138//80 
f 130//81 2//81 138//81 
f 122//82 2//82 130//82 
f 110//83 2//83 122//83 
f 106//84 2//84 110//84 
f 106//85 116//85 4//85 
f 4//86 2//86 106//86 
f 92//87 88//87 190//87 
f 2//88 10//88 188//88 
f 88//89 84//89 190//89 
f 186//90 188//90 102//90 
f 84//91 80//91 190//91 
f 102//92 188//92 98//92 
f 80//93 76//93 190//93 
f 98//94 188//94 94//94 
f 76//95 72//95 190//95 
f 94//96 188//96 90//96 
f 72//97 68//97 190//97 
f 90//98 188//98 86//98 
f 176//99 190//99 152//99 
f 86//100 188//100 82//100 
f 68//101 64//101 190//101 
f 82//102 188//102 78//102 
f 64//103 60//103 190//103 
f 78//104 188//104 74//104 
f 4//105 144//105 190//105 
f 74//106 188//106 70//106 
f 60//107 56//107 190//107 
f 70//108 188//108 66//108 
f 56//109 52//109 190//109 
f 66//110 188//110 62//110 
f 52//111 48//111 190//111 
f 62//112 188//112 58//112 
f 48//113 44//113 190//113 
f 58//114 188//114 54//114 
f 44//115 40//115 190//115 
f 54//116 188//116 50//116 
f 40//117 36//117 190//117 
f 50//118 188//118 46//118 
f 36//119 32//119 190//119 
f 46//120 188//120 42//120 
f 32//121 28//121 190//121 
f 42//122 188//122 38//122 
f 28//123 24//123 190//123 
f 38//124 188//124 34//124 
f 24//125 20//125 190//125 
f 34//126 188//126 30//126 
f 20//127 16//127 190//127 
f 30//128 188//128 26//128 
f 16//129 12//129 190//129 
f 26//130 188//130 22//130 
f 4//131 190//131 12//131 
f 22//132 188//132 18//132 
f 8//133 4//133 12//133 
f 18//134 188//134 14//134 
f 14//135 188//135 10//135 
f 6//136 10//136 2//136 
f 514//137 544//137 504//137 
f 504//138 492//138 514//138 
f 494//139 514//139 492//139 
f 492//140 480//140 494//140 
f 494//141 480//141 474//141 
f 480//142 468//142 474//142 
f 474//143 468//143 454//143 
f 468//144 452//144 454//144 
f 454//145 452//145 442//145 
f 452//146 436//146 442//146 
f 442//147 436//147 424//147 
f 436//148 420//148 424//148 
f 356//149 354//149 420//149 
f 424//150 420//150 354//150 
f 380//151 168//151 384//151 
f 364//152 180//152 380//152 
f 160//153 384//153 168//153 
f 344//154 184//154 364//154 
f 360//155 376//155 160//155 
f 332//156 208//156 344//156 
f 340//157 360//157 160//157 
f 312//158 252//158 332//158 
f 324//159 340//159 160//159 
f 296//160 276//160 312//160 
f 160//161 256//161 324//161 
f 252//162 312//162 276//162 
f 300//163 324//163 280//163 
f 216//164 332//164 252//164 
f 244//165 216//165 252//165 
f 376//166 384//166 160//166 
f 232//167 216//167 244//167 
f 208//168 332//168 216//168 
f 184//169 344//169 208//169 
f 280//170 324//170 256//170 
f 204//171 106//171 200//171 
f 180//172 364//172 184//172 
f 204//173 236//173 160//173 
f 168//174 380//174 180//174 
f 236//175 256//175 160//175 
f 160//176 116//176 204//176 
f 194//177 200//177 154//177 
f 162//178 194//178 154//178 
f 116//179 106//179 204//179 
f 154//180 200//180 106//180 
f 402//181 194//181 410//181 
f 406//182 410//182 194//182 
f 394//183 238//183 402//183 
f 398//184 406//184 194//184 
f 370//185 270//185 394//185 
f 386//186 398//186 194//186 
f 334//187 270//187 370//187 
f 346//188 386//188 194//188 
f 314//189 286//189 334//189 
f 194//190 262//190 346//190 
f 270//191 334//191 286//191 
f 326//192 346//192 262//192 
f 238//193 394//193 270//193 
f 262//194 282//194 326//194 
f 194//195 402//195 238//195 
f 302//196 326//196 282//196 
f 200//197 194//197 238//197 
f 226//198 262//198 194//198 
f 804//199 756//199 806//199 
f 800//200 756//200 804//200 
f 802//201 806//201 756//201 
f 796//202 748//202 800//202 
f 756//203 750//203 802//203 
f 792//204 748//204 796//204 
f 798//205 802//205 750//205 
f 788//206 748//206 792//206 
f 794//207 798//207 750//207 
f 784//208 732//208 788//208 
f 750//209 742//209 794//209 
f 780//210 732//210 784//210 
f 790//211 794//211 742//211 
f 776//212 720//212 780//212 
f 786//213 790//213 742//213 
f 772//214 720//214 776//214 
f 742//215 734//215 786//215 
f 768//216 720//216 772//216 
f 782//217 786//217 734//217 
f 764//218 708//218 768//218 
f 778//219 782//219 734//219 
f 760//220 708//220 764//220 
f 734//221 726//221 778//221 
f 774//222 778//222 726//222 
f 756//223 800//223 748//223 
f 740//224 688//224 760//224 
f 748//225 788//225 732//225 
f 724//226 688//226 740//226 
f 732//227 780//227 720//227 
f 720//228 768//228 708//228 
f 704//229 640//229 724//229 
f 696//230 640//230 704//230 
f 708//231 760//231 688//231 
f 656//232 612//232 696//232 
f 688//233 724//233 640//233 
f 628//234 612//234 656//234 
f 640//235 696//235 612//235 
f 628//236 608//236 612//236 
f 592//237 580//237 608//237 
f 612//238 608//238 580//238 
f 592//239 572//239 580//239 
f 572//240 568//240 580//240 
f 556//241 544//241 568//241 
f 552//242 544//242 556//242 
f 548//243 544//243 552//243 
f 580//244 568//244 544//244 
f 536//245 524//245 544//245 
f 548//246 536//246 544//246 
f 726//247 714//247 774//247 
f 770//248 774//248 714//248 
f 766//249 770//249 714//249 
f 714//250 710//250 766//250 
f 762//251 766//251 710//251 
f 710//252 698//252 762//252 
f 758//253 762//253 698//253 
f 738//254 758//254 698//254 
f 698//255 666//255 738//255 
f 722//256 738//256 666//256 
f 666//257 650//257 722//257 
f 702//258 722//258 650//258 
f 694//259 702//259 650//259 
f 650//260 622//260 694//260 
f 654//261 694//261 622//261 
f 622//262 602//262 654//262 
f 626//263 654//263 602//263 
f 602//264 586//264 626//264 
f 606//265 626//265 586//265 
f 590//266 606//266 586//266 
f 590//267 586//267 570//267 
f 570//268 586//268 566//268 
f 586//269 540//269 566//269 
f 554//270 566//270 540//270 
f 550//271 554//271 540//271 
f 546//272 550//272 540//272 
f 546//273 540//273 534//273 
f 508//274 504//274 544//274 
f 530//275 518//275 540//275 
f 530//276 540//276 526//276 
f 524//277 464//277 544//277 
f 540//278 544//278 526//278 
f 526//279 544//279 514//279 
f 508//280 544//280 500//280 
f 500//281 544//281 488//281 
f 488//282 544//282 472//282 
f 428//283 544//283 464//283 
f 472//284 544//284 448//284 
f 432//285 392//285 464//285 
f 448//286 544//286 428//286 
f 428//287 464//287 392//287 
f 432//288 368//288 392//288 
f 392//289 368//289 308//289 
f 368//290 292//290 308//290 
f 292//291 248//291 308//291 
f 260//292 308//292 248//292 
f 248//293 212//293 260//293 
f 212//294 190//294 260//294 
f 224//295 260//295 190//295 
f 176//296 224//296 190//296 
f 680//297 564//297 692//297 
f 564//298 560//298 692//298 
f 672//299 564//299 680//299 
f 682//300 692//300 560//300 
f 660//301 576//301 672//301 
f 674//302 682//302 560//302 
f 644//303 576//303 660//303 
f 662//304 674//304 560//304 
f 632//305 576//305 644//305 
f 646//306 662//306 582//306 
f 616//307 596//307 632//307 
f 634//308 646//308 582//308 
f 576//309 632//309 596//309 
f 598//310 618//310 582//310 
f 564//311 672//311 576//311 
f 560//312 582//312 662//312 
f 618//313 634//313 582//313 
f 185//314 101//314 187//314 
f 101//315 97//315 187//315 
f 97//316 93//316 187//316 
f 93//317 89//317 187//317 
f 149//318 187//318 141//318 
f 133//319 141//319 1//319 
f 125//320 133//320 1//320 
f 113//321 117//321 1//321 
f 117//322 125//322 1//322 
f 535//323 541//323 523//323 
f 519//324 511//324 541//324 
f 511//325 483//325 541//325 
f 483//326 459//326 541//326 
f 459//327 439//327 541//327 
f 439//328 463//328 541//328 
f 523//329 541//329 463//329 
f 439//330 415//330 463//330 
f 431//331 463//331 415//331 
f 431//332 415//332 367//332 
f 415//333 319//333 367//333 
f 367//334 319//334 291//334 
f 267//335 247//335 319//335 
f 291//336 319//336 247//336 
f 219//337 189//337 267//337 
f 247//338 267//338 211//338 
f 211//339 267//339 189//339 
f 219//340 171//340 189//340 
f 171//341 147//341 189//341 
f 147//342 139//342 189//342 
f 3//343 189//343 139//343 
f 131//344 3//344 139//344 
f 123//345 3//345 131//345 
f 111//346 3//346 123//346 
f 107//347 3//347 111//347 
f 107//348 113//348 1//348 
f 1//349 3//349 107//349 
f 89//350 85//350 187//350 
f 3//351 11//351 189//351 
f 85//352 81//352 187//352 
f 191//353 189//353 103//353 
f 81//354 77//354 187//354 
f 103//355 189//355 99//355 
f 77//356 73//356 187//356 
f 99//357 189//357 95//357 
f 73//358 69//358 187//358 
f 95//359 189//359 91//359 
f 69//360 65//360 187//360 
f 91//361 189//361 87//361 
f 173//362 187//362 149//362 
f 87//363 189//363 83//363 
f 65//364 61//364 187//364 
f 83//365 189//365 79//365 
f 61//366 57//366 187//366 
f 79//367 189//367 75//367 
f 1//368 141//368 187//368 
f 75//369 189//369 71//369 
f 57//370 53//370 187//370 
f 71//371 189//371 67//371 
f 53//372 49//372 187//372 
f 67//373 189//373 63//373 
f 49//374 45//374 187//374 
f 63//375 189//375 59//375 
f 45//376 41//376 187//376 
f 59//377 189//377 55//377 
f 41//378 37//378 187//378 
f 55//379 189//379 51//379 
f 37//380 33//380 187//380 
f 51//381 189//381 47//381 
f 33//382 29//382 187//382 
f 47//383 189//383 43//383 
f 29//384 25//384 187//384 
f 43//385 189//385 39//385 
f 25//386 21//386 187//386 
f 39//387 189//387 35//387 
f 21//388 17//388 187//388 
f 35//389 189//389 31//389 
f 17//390 13//390 187//390 
f 31//391 189//391 27//391 
f 13//392 9//392 187//392 
f 27//393 189//393 23//393 
f 1//394 187//394 9//394 
f 23//395 189//395 19//395 
f 5//396 1//396 9//396 
f 19//397 189//397 15//397 
f 15//398 189//398 11//398 
f 7//399 11//399 3//399 
f 515//400 537//400 501//400 
f 501//401 489//401 515//401 
f 495//402 515//402 489//402 
f 489//403 477//403 495//403 
f 495//404 477//404 475//404 
f 477//405 465//405 475//405 
f 475//406 465//406 455//406 
f 465//407 449//407 455//407 
f 455//408 449//408 443//408 
f 449//409 433//409 443//409 
f 443//410 433//410 421//410 
f 433//411 417//411 421//411 
f 349//412 351//412 417//412 
f 421//413 417//413 351//413 
f 377//414 165//414 381//414 
f 361//415 177//415 377//415 
f 157//416 381//416 165//416 
f 341//417 181//417 361//417 
f 357//418 373//418 157//418 
f 329//419 205//419 341//419 
f 337//420 357//420 157//420 
f 309//421 249//421 329//421 
f 321//422 337//422 157//422 
f 293//423 273//423 309//423 
f 157//424 253//424 321//424 
f 249//425 309//425 273//425 
f 297//426 321//426 277//426 
f 213//427 329//427 249//427 
f 241//428 213//428 249//428 
f 373//429 381//429 157//429 
f 229//430 213//430 241//430 
f 205//431 329//431 213//431 
f 181//432 341//432 205//432 
f 277//433 321//433 253//433 
f 197//434 107//434 201//434 
f 177//435 361//435 181//435 
f 197//436 233//436 157//436 
f 165//437 377//437 177//437 
f 233//438 253//438 157//438 
f 157//439 113//439 197//439 
f 195//440 201//440 155//440 
f 163//441 195//441 155//441 
f 113//442 107//442 197//442 
f 155//443 201//443 107//443 
f 403//444 195//444 411//444 
f 407//445 411//445 195//445 
f 395//446 239//446 403//446 
f 399//447 407//447 195//447 
f 371//448 271//448 395//448 
f 387//449 399//449 195//449 
f 335//450 271//450 371//450 
f 347//451 387//451 195//451 
f 315//452 287//452 335//452 
f 195//453 263//453 347//453 
f 271//454 335//454 287//454 
f 327//455 347//455 263//455 
f 239//456 395//456 271//456 
f 263//457 283//457 327//457 
f 195//458 403//458 239//458 
f 303//459 327//459 283//459 
f 201//460 195//460 239//460 
f 227//461 263//461 195//461 
f 801//462 753//462 805//462 
f 797//463 753//463 801//463 
f 803//464 805//464 753//464 
f 793//465 745//465 797//465 
f 753//466 751//466 803//466 
f 789//467 745//467 793//467 
f 799//468 803//468 751//468 
f 785//469 745//469 789//469 
f 795//470 799//470 751//470 
f 781//471 729//471 785//471 
f 751//472 743//472 795//472 
f 777//473 729//473 781//473 
f 791//474 795//474 743//474 
f 773//475 717//475 777//475 
f 787//476 791//476 743//476 
f 769//477 717//477 773//477 
f 743//478 735//478 787//478 
f 765//479 717//479 769//479 
f 783//480 787//480 735//480 
f 761//481 705//481 765//481 
f 779//482 783//482 735//482 
f 757//483 705//483 761//483 
f 735//484 727//484 779//484 
f 775//485 779//485 727//485 
f 753//486 797//486 745//486 
f 737//487 685//487 757//487 
f 745//488 785//488 729//488 
f 721//489 685//489 737//489 
f 729//490 777//490 717//490 
f 717//491 765//491 705//491 
f 701//492 637//492 721//492 
f 693//493 637//493 701//493 
f 705//494 757//494 685//494 
f 653//495 609//495 693//495 
f 685//496 721//496 637//496 
f 625//497 609//497 653//497 
f 637//498 693//498 609//498 
f 625//499 605//499 609//499 
f 589//500 577//500 605//500 
f 609//501 605//501 577//501 
f 589//502 569//502 577//502 
f 569//503 565//503 577//503 
f 553//504 537//504 565//504 
f 549//505 537//505 553//505 
f 545//506 537//506 549//506 
f 577//507 565//507 537//507 
f 533//508 521//508 537//508 
f 545//509 533//509 537//509 
f 727//510 715//510 775//510 
f 771//511 775//511 715//511 
f 767//512 771//512 715//512 
f 715//513 711//513 767//513 
f 763//514 767//514 711//514 
f 711//515 699//515 763//515 
f 759//516 763//516 699//516 
f 739//517 759//517 699//517 
f 699//518 667//518 739//518 
f 723//519 739//519 667//519 
f 667//520 651//520 723//520 
f 703//521 723//521 651//521 
f 695//522 703//522 651//522 
f 651//523 623//523 695//523 
f 655//524 695//524 623//524 
f 623//525 603//525 655//525 
f 627//526 655//526 603//526 
f 603//527 587//527 627//527 
f 607//528 627//528 587//528 
f 591//529 607//529 587//529 
f 591//530 587//530 571//530 
f 571//531 587//531 567//531 
f 587//532 541//532 567//532 
f 555//533 567//533 541//533 
f 551//534 555//534 541//534 
f 547//535 551//535 541//535 
f 547//536 541//536 535//536 
f 505//537 501//537 537//537 
f 531//538 519//538 541//538 
f 531//539 541//539 527//539 
f 521//540 461//540 537//540 
f 541//541 537//541 527//541 
f 527//542 537//542 515//542 
f 505//543 537//543 497//543 
f 497//544 537//544 485//544 
f 485//545 537//545 469//545 
f 425//546 537//546 461//546 
f 469//547 537//547 445//547 
f 429//548 389//548 461//548 
f 445//549 537//549 425//549 
f 425//550 461//550 389//550 
f 429//551 365//551 389//551 
f 389//552 365//552 305//552 
f 365//553 289//553 305//553 
f 289//554 245//554 305//554 
f 257//555 305//555 245//555 
f 245//556 209//556 257//556 
f 209//557 187//557 257//557 
f 221//558 257//558 187//558 
f 173//559 221//559 187//559 
f 677//560 557//560 689//560 
f 557//561 561//561 689//561 
f 669//562 557//562 677//562 
f 683//563 689//563 561//563 
f 657//564 573//564 669//564 
f 675//565 683//565 561//565 
f 641//566 573//566 657//566 
f 663//567 675//567 561//567 
f 629//568 573//568 641//568 
f 647//569 663//569 583//569 
f 613//570 593//570 629//570 
f 635//571 647//571 583//571 
f 573//572 629//572 593//572 
f 599//573 619//573 583//573 
f 557//574 669//574 573//574 
f 561//575 583//575 663//575 
f 619//576 635//576 583//576 
f 192//577 190//577 191//577 
f 189//578 191//578 190//578 
f 188//579 186//579 187//579 
f 185//580 187//580 186//580 
f 1//581 5//581 2//581 
f 6//582 2//582 5//582 
f 86//583 85//583 90//583 
f 89//584 90//584 85//584 
f 37//585 41//585 38//585 
f 42//586 38//586 41//586 
f 29//587 33//587 30//587 
f 34//588 30//588 33//588 
f 41//589 45//589 42//589 
f 46//590 42//590 45//590 
f 49//591 53//591 50//591 
f 54//592 50//592 53//592 
f 13//593 17//593 14//593 
f 18//594 14//594 17//594 
f 58//595 57//595 62//595 
f 61//596 62//596 57//596 
f 5//597 9//597 6//597 
f 10//598 6//598 9//598 
f 33//599 37//599 34//599 
f 38//600 34//600 37//600 
f 9//601 13//601 10//601 
f 14//602 10//602 13//602 
f 78//603 77//603 82//603 
f 81//604 82//604 77//604 
f 90//605 89//605 94//605 
f 93//606 94//606 89//606 
f 62//607 61//607 66//607 
f 65//608 66//608 61//608 
f 21//609 25//609 22//609 
f 26//610 22//610 25//610 
f 45//611 49//611 46//611 
f 50//612 46//612 49//612 
f 17//613 21//613 18//613 
f 22//614 18//614 21//614 
f 82//615 81//615 86//615 
f 85//616 86//616 81//616 
f 66//617 65//617 70//617 
f 69//618 70//618 65//618 
f 25//619 29//619 26//619 
f 30//620 26//620 29//620 
f 94//621 93//621 98//621 
f 97//622 98//622 93//622 
f 98//623 97//623 102//623 
f 101//624 102//624 97//624 
f 54//625 53//625 58//625 
f 57//626 58//626 53//626 
f 70//627 69//627 74//627 
f 73//628 74//628 69//628 
f 74//629 73//629 78//629 
f 77//630 78//630 73//630 
f 3//631 1//631 4//631 
f 2//632 4//632 1//632 
f 192//633 191//633 104//633 
f 103//634 104//634 191//634 
f 102//635 101//635 186//635 
f 185//636 186//636 101//636 
f 790//637 786//637 789//637 
f 785//638 789//638 786//638 
f 800//639 804//639 799//639 
f 803//640 799//640 804//640 
f 804//641 806//641 803//641 
f 805//642 803//642 806//642 
f 626//643 625//643 654//643 
f 653//644 654//644 625//644 
f 290//645 289//645 366//645 
f 365//646 366//646 289//646 
f 780//647 784//647 779//647 
f 783//648 779//648 784//648 
f 592//649 591//649 572//649 
f 571//650 572//650 591//650 
f 724//651 723//651 704//651 
f 703//652 704//652 723//652 
f 696//653 695//653 656//653 
f 655//654 656//654 695//654 
f 722//655 721//655 738//655 
f 737//656 738//656 721//656 
f 590//657 589//657 606//657 
f 605//658 606//658 589//658 
f 740//659 739//659 724//659 
f 723//660 724//660 739//660 
f 766//661 762//661 765//661 
f 761//662 765//662 762//662 
f 546//663 545//663 550//663 
f 549//664 550//664 545//664 
f 550//665 549//665 554//665 
f 553//666 554//666 549//666 
f 656//667 655//667 628//667 
f 627//668 628//668 655//668 
f 772//669 776//669 771//669 
f 775//670 771//670 776//670 
f 246//671 245//671 290//671 
f 289//672 290//672 245//672 
f 806//673 802//673 805//673 
f 801//674 805//674 802//674 
f 566//675 565//675 570//675 
f 569//676 570//676 565//676 
f 548//677 547//677 536//677 
f 535//678 536//678 547//678 
f 788//679 792//679 787//679 
f 791//680 787//680 792//680 
f 608//681 607//681 592//681 
f 591//682 592//682 607//682 
f 786//683 782//683 785//683 
f 781//684 785//684 782//684 
f 606//685 605//685 626//685 
f 625//686 626//686 605//686 
f 462//687 461//687 522//687 
f 521//688 522//688 461//688 
f 694//689 693//689 702//689 
f 701//690 702//690 693//690 
f 292//691 291//691 248//691 
f 247//692 248//692 291//692 
f 768//693 772//693 767//693 
f 771//694 767//694 772//694 
f 794//695 790//695 793//695 
f 789//696 793//696 790//696 
f 704//697 703//697 696//697 
f 695//698 696//698 703//698 
f 556//699 555//699 552//699 
f 551//700 552//700 555//700 
f 738//701 737//701 758//701 
f 757//702 758//702 737//702 
f 572//703 571//703 568//703 
f 567//704 568//704 571//704 
f 776//705 780//705 775//705 
f 779//706 775//706 780//706 
f 774//707 770//707 773//707 
f 769//708 773//708 770//708 
f 778//709 774//709 777//709 
f 773//710 777//710 774//710 
f 770//711 766//711 769//711 
f 765//712 769//712 766//712 
f 760//713 759//713 740//713 
f 739//714 740//714 759//714 
f 536//715 535//715 524//715 
f 523//716 524//716 535//716 
f 798//717 794//717 797//717 
f 793//718 797//718 794//718 
f 524//719 523//719 464//719 
f 463//720 464//720 523//720 
f 802//721 798//721 801//721 
f 797//722 801//722 798//722 
f 628//723 627//723 608//723 
f 607//724 608//724 627//724 
f 792//725 796//725 791//725 
f 795//726 791//726 796//726 
f 212//727 211//727 190//727 
f 189//728 190//728 211//728 
f 432//729 431//729 368//729 
f 367//730 368//730 431//730 
f 762//731 758//731 761//731 
f 757//732 761//732 758//732 
f 368//733 367//733 292//733 
f 291//734 292//734 367//734 
f 784//735 788//735 783//735 
f 787//736 783//736 788//736 
f 796//737 800//737 795//737 
f 799//738 795//738 800//738 
f 248//739 247//739 212//739 
f 211//740 212//740 247//740 
f 464//741 463//741 432//741 
f 431//742 432//742 463//742 
f 534//743 533//743 546//743 
f 545//744 546//744 533//744 
f 554//745 553//745 566//745 
f 565//746 566//746 553//746 
f 366//747 365//747 430//747 
f 429//748 430//748 365//748 
f 654//749 653//749 694//749 
f 693//750 694//750 653//750 
f 764//751 768//751 763//751 
f 767//752 763//752 768//752 
f 760//753 764//753 759//753 
f 763//754 759//754 764//754 
f 552//755 551//755 548//755 
f 547//756 548//756 551//756 
f 430//757 429//757 462//757 
f 461//758 462//758 429//758 
f 570//759 569//759 590//759 
f 589//760 590//760 569//760 
f 188//761 187//761 210//761 
f 209//762 210//762 187//762 
f 702//763 701//763 722//763 
f 721//764 722//764 701//764 
f 782//765 778//765 781//765 
f 777//766 781//766 778//766 
f 522//767 521//767 534//767 
f 533//768 534//768 521//768 
f 210//769 209//769 246//769 
f 245//770 246//770 209//770 
f 568//771 567//771 556//771 
f 555//772 556//772 567//772 
f 383//773 507//773 379//773 
f 379//774 427//774 363//774 
f 363//775 427//775 343//775 
f 343//776 427//776 331//776 
f 331//777 427//777 311//777 
f 307//778 275//778 391//778 
f 311//779 427//779 295//779 
f 295//780 391//780 275//780 
f 259//781 251//781 307//781 
f 275//782 307//782 251//782 
f 259//783 223//783 251//783 
f 243//784 251//784 223//784 
f 223//785 175//785 243//785 
f 175//786 151//786 243//786 
f 231//787 243//787 151//787 
f 151//788 143//788 231//788 
f 215//789 231//789 143//789 
f 143//790 135//790 215//790 
f 207//791 215//791 135//791 
f 135//792 127//792 207//792 
f 183//793 207//793 127//793 
f 127//794 119//794 183//794 
f 179//795 183//795 119//795 
f 167//796 179//796 119//796 
f 119//797 115//797 167//797 
f 159//798 167//798 115//798 
f 499//799 379//799 507//799 
f 503//800 507//800 383//800 
f 487//801 379//801 499//801 
f 383//802 375//802 503//802 
f 471//803 379//803 487//803 
f 491//804 503//804 375//804 
f 375//805 359//805 491//805 
f 447//806 379//806 471//806 
f 479//807 491//807 359//807 
f 427//808 379//808 447//808 
f 359//809 339//809 479//809 
f 391//810 295//810 427//810 
f 467//811 479//811 339//811 
f 451//812 467//812 339//812 
f 339//813 323//813 451//813 
f 435//814 451//814 323//814 
f 323//815 299//815 419//815 
f 419//816 435//816 323//816 
f 525//817 409//817 529//817 
f 513//818 401//818 525//818 
f 405//819 529//819 409//819 
f 493//820 393//820 513//820 
f 517//821 529//821 405//821 
f 473//822 369//822 493//822 
f 405//823 397//823 517//823 
f 453//824 333//824 473//824 
f 441//825 333//825 453//825 
f 397//826 385//826 517//826 
f 423//827 313//827 441//827 
f 509//828 517//828 385//828 
f 385//829 345//829 509//829 
f 409//830 525//830 401//830 
f 401//831 513//831 393//831 
f 393//832 493//832 369//832 
f 353//833 313//833 423//833 
f 355//834 419//834 299//834 
f 369//835 473//835 333//835 
f 299//836 279//836 355//836 
f 333//837 441//837 313//837 
f 279//838 255//838 355//838 
f 313//839 353//839 285//839 
f 353//840 355//840 255//840 
f 285//841 353//841 269//841 
f 255//842 235//842 353//842 
f 269//843 353//843 237//843 
f 237//844 353//844 235//844 
f 203//845 199//845 235//845 
f 237//846 235//846 199//846 
f 481//847 509//847 345//847 
f 345//848 325//848 481//848 
f 457//849 481//849 325//849 
f 325//850 301//850 457//850 
f 437//851 457//851 301//851 
f 413//852 437//852 301//852 
f 301//853 281//853 413//853 
f 317//854 413//854 281//854 
f 281//855 261//855 317//855 
f 265//856 317//856 261//856 
f 225//857 217//857 261//857 
f 265//858 261//858 217//858 
f 193//859 137//859 225//859 
f 217//860 225//860 169//860 
f 161//861 121//861 193//861 
f 153//862 105//862 161//862 
f 169//863 225//863 145//863 
f 145//864 225//864 137//864 
f 137//865 193//865 129//865 
f 129//866 193//866 121//866 
f 121//867 161//867 109//867 
f 109//868 161//868 105//868 
f 747//869 679//869 755//869 
f 749//870 755//870 691//870 
f 691//871 681//871 749//871 
f 731//872 671//872 747//872 
f 741//873 749//873 681//873 
f 719//874 659//874 731//874 
f 681//875 673//875 741//875 
f 733//876 741//876 673//876 
f 707//877 643//877 719//877 
f 673//878 661//878 733//878 
f 725//879 733//879 661//879 
f 687//880 631//880 707//880 
f 691//881 755//881 679//881 
f 679//882 747//882 671//882 
f 671//883 731//883 659//883 
f 659//884 719//884 643//884 
f 639//885 615//885 687//885 
f 643//886 707//886 631//886 
f 631//887 687//887 615//887 
f 611//888 595//888 639//888 
f 615//889 639//889 595//889 
f 579//890 575//890 611//890 
f 595//891 611//891 575//891 
f 575//892 579//892 563//892 
f 559//893 563//893 543//893 
f 579//894 543//894 563//894 
f 661//895 645//895 725//895 
f 713//896 725//896 645//896 
f 645//897 633//897 713//897 
f 709//898 713//898 633//898 
f 697//899 709//899 633//899 
f 633//900 617//900 697//900 
f 665//901 697//901 617//901 
f 649//902 665//902 617//902 
f 617//903 597//903 649//903 
f 621//904 649//904 597//904 
f 601//905 621//905 597//905 
f 597//906 581//906 601//906 
f 585//907 601//907 581//907 
f 581//908 559//908 585//908 
f 585//909 559//909 539//909 
f 543//910 539//910 559//910 
f 414//911 413//911 318//911 
f 317//912 318//912 413//912 
f 438//913 437//913 414//913 
f 413//914 414//914 437//914 
f 457//915 437//915 458//915 
f 438//916 458//916 437//916 
f 481//917 457//917 482//917 
f 458//918 482//918 457//918 
f 509//919 481//919 510//919 
f 482//920 510//920 481//920 
f 517//921 509//921 518//921 
f 510//922 518//922 509//922 
f 529//923 517//923 530//923 
f 518//924 530//924 517//924 
f 525//925 529//925 526//925 
f 530//926 526//926 529//926 
f 513//927 525//927 514//927 
f 526//928 514//928 525//928 
f 493//929 513//929 494//929 
f 514//930 494//930 513//930 
f 473//931 493//931 474//931 
f 494//932 474//932 493//932 
f 453//933 473//933 454//933 
f 474//934 454//934 473//934 
f 442//935 441//935 454//935 
f 453//936 454//936 441//936 
f 424//937 423//937 442//937 
f 441//938 442//938 423//938 
f 354//939 353//939 424//939 
f 423//940 424//940 353//940 
f 355//941 353//941 356//941 
f 354//942 356//942 353//942 
f 420//943 419//943 356//943 
f 355//944 356//944 419//944 
f 436//945 435//945 420//945 
f 419//946 420//946 435//946 
f 451//947 435//947 452//947 
f 436//948 452//948 435//948 
f 467//949 451//949 468//949 
f 452//950 468//950 451//950 
f 479//951 467//951 480//951 
f 468//952 480//952 467//952 
f 491//953 479//953 492//953 
f 480//954 492//954 479//954 
f 503//955 491//955 504//955 
f 492//956 504//956 491//956 
f 507//957 503//957 508//957 
f 504//958 508//958 503//958 
f 499//959 507//959 500//959 
f 508//960 500//960 507//960 
f 487//961 499//961 488//961 
f 500//962 488//962 499//962 
f 471//963 487//963 472//963 
f 488//964 472//964 487//964 
f 447//965 471//965 448//965 
f 472//966 448//966 471//966 
f 427//967 447//967 428//967 
f 448//968 428//968 447//968 
f 392//969 391//969 428//969 
f 427//970 428//970 391//970 
f 308//971 307//971 392//971 
f 391//972 392//972 307//972 
f 260//973 259//973 308//973 
f 307//974 308//974 259//974 
f 224//975 223//975 260//975 
f 259//976 260//976 223//976 
f 176//977 175//977 224//977 
f 223//978 224//978 175//978 
f 152//979 151//979 176//979 
f 175//980 176//980 151//980 
f 152//981 144//981 151//981 
f 143//982 151//982 144//982 
f 144//983 136//983 143//983 
f 135//984 143//984 136//984 
f 136//985 128//985 135//985 
f 127//986 135//986 128//986 
f 128//987 120//987 127//987 
f 119//988 127//988 120//988 
f 120//989 116//989 119//989 
f 115//990 119//990 116//990 
f 160//991 159//991 116//991 
f 115//992 116//992 159//992 
f 167//993 159//993 168//993 
f 160//994 168//994 159//994 
f 179//995 167//995 180//995 
f 168//996 180//996 167//996 
f 183//997 179//997 184//997 
f 180//998 184//998 179//998 
f 207//999 183//999 208//999 
f 184//1000 208//1000 183//1000 
f 215//1001 207//1001 216//1001 
f 208//1002 216//1002 207//1002 
f 232//1003 231//1003 216//1003 
f 215//1004 216//1004 231//1004 
f 244//1005 243//1005 232//1005 
f 231//1006 232//1006 243//1006 
f 252//1007 251//1007 244//1007 
f 243//1008 244//1008 251//1008 
f 276//1009 275//1009 252//1009 
f 251//1010 252//1010 275//1010 
f 296//1011 295//1011 276//1011 
f 275//1012 276//1012 295//1012 
f 312//1013 311//1013 296//1013 
f 295//1014 296//1014 311//1014 
f 312//1015 332//1015 311//1015 
f 331//1016 311//1016 332//1016 
f 332//1017 344//1017 331//1017 
f 343//1018 331//1018 344//1018 
f 344//1019 364//1019 343//1019 
f 363//1020 343//1020 364//1020 
f 364//1021 380//1021 363//1021 
f 379//1022 363//1022 380//1022 
f 380//1023 384//1023 379//1023 
f 383//1024 379//1024 384//1024 
f 384//1025 376//1025 383//1025 
f 375//1026 383//1026 376//1026 
f 376//1027 360//1027 375//1027 
f 359//1028 375//1028 360//1028 
f 360//1029 340//1029 359//1029 
f 339//1030 359//1030 340//1030 
f 340//1031 324//1031 339//1031 
f 323//1032 339//1032 324//1032 
f 324//1033 300//1033 323//1033 
f 299//1034 323//1034 300//1034 
f 280//1035 279//1035 300//1035 
f 299//1036 300//1036 279//1036 
f 256//1037 255//1037 280//1037 
f 279//1038 280//1038 255//1038 
f 236//1039 235//1039 256//1039 
f 255//1040 256//1040 235//1040 
f 204//1041 203//1041 236//1041 
f 235//1042 236//1042 203//1042 
f 204//1043 200//1043 203//1043 
f 199//1044 203//1044 200//1044 
f 238//1045 237//1045 200//1045 
f 199//1046 200//1046 237//1046 
f 270//1047 269//1047 238//1047 
f 237//1048 238//1048 269//1048 
f 286//1049 285//1049 270//1049 
f 269//1050 270//1050 285//1050 
f 314//1051 313//1051 286//1051 
f 285//1052 286//1052 313//1052 
f 334//1053 333//1053 314//1053 
f 313//1054 314//1054 333//1054 
f 334//1055 370//1055 333//1055 
f 369//1056 333//1056 370//1056 
f 370//1057 394//1057 369//1057 
f 393//1058 369//1058 394//1058 
f 394//1059 402//1059 393//1059 
f 401//1060 393//1060 402//1060 
f 402//1061 410//1061 401//1061 
f 409//1062 401//1062 410//1062 
f 410//1063 406//1063 409//1063 
f 405//1064 409//1064 406//1064 
f 406//1065 398//1065 405//1065 
f 397//1066 405//1066 398//1066 
f 398//1067 386//1067 397//1067 
f 385//1068 397//1068 386//1068 
f 386//1069 346//1069 385//1069 
f 345//1070 385//1070 346//1070 
f 346//1071 326//1071 345//1071 
f 325//1072 345//1072 326//1072 
f 302//1073 301//1073 326//1073 
f 325//1074 326//1074 301//1074 
f 282//1075 281//1075 302//1075 
f 301//1076 302//1076 281//1076 
f 262//1077 261//1077 282//1077 
f 281//1078 282//1078 261//1078 
f 226//1079 225//1079 262//1079 
f 261//1080 262//1080 225//1080 
f 194//1081 193//1081 226//1081 
f 225//1082 226//1082 193//1082 
f 161//1083 193//1083 162//1083 
f 194//1084 162//1084 193//1084 
f 153//1085 161//1085 154//1085 
f 162//1086 154//1086 161//1086 
f 106//1087 105//1087 154//1087 
f 153//1088 154//1088 105//1088 
f 106//1089 110//1089 105//1089 
f 109//1090 105//1090 110//1090 
f 110//1091 122//1091 109//1091 
f 121//1092 109//1092 122//1092 
f 122//1093 130//1093 121//1093 
f 129//1094 121//1094 130//1094 
f 130//1095 138//1095 129//1095 
f 137//1096 129//1096 138//1096 
f 138//1097 146//1097 137//1097 
f 145//1098 137//1098 146//1098 
f 170//1099 169//1099 146//1099 
f 145//1100 146//1100 169//1100 
f 218//1101 217//1101 170//1101 
f 169//1102 170//1102 217//1102 
f 266//1103 265//1103 218//1103 
f 217//1104 218//1104 265//1104 
f 318//1105 317//1105 266//1105 
f 265//1106 266//1106 317//1106 
f 622//1107 621//1107 602//1107 
f 601//1108 602//1108 621//1108 
f 650//1109 649//1109 622//1109 
f 621//1110 622//1110 649//1110 
f 666//1111 665//1111 650//1111 
f 649//1112 650//1112 665//1112 
f 697//1113 665//1113 698//1113 
f 666//1114 698//1114 665//1114 
f 709//1115 697//1115 710//1115 
f 698//1116 710//1116 697//1116 
f 713//1117 709//1117 714//1117 
f 710//1118 714//1118 709//1118 
f 725//1119 713//1119 726//1119 
f 714//1120 726//1120 713//1120 
f 733//1121 725//1121 734//1121 
f 726//1122 734//1122 725//1122 
f 741//1123 733//1123 742//1123 
f 734//1124 742//1124 733//1124 
f 749//1125 741//1125 750//1125 
f 742//1126 750//1126 741//1126 
f 755//1127 749//1127 756//1127 
f 750//1128 756//1128 749//1128 
f 747//1129 755//1129 748//1129 
f 756//1130 748//1130 755//1130 
f 731//1131 747//1131 732//1131 
f 748//1132 732//1132 747//1132 
f 719//1133 731//1133 720//1133 
f 732//1134 720//1134 731//1134 
f 707//1135 719//1135 708//1135 
f 720//1136 708//1136 719//1136 
f 687//1137 707//1137 688//1137 
f 708//1138 688//1138 707//1138 
f 640//1139 639//1139 688//1139 
f 687//1140 688//1140 639//1140 
f 612//1141 611//1141 640//1141 
f 639//1142 640//1142 611//1142 
f 580//1143 579//1143 612//1143 
f 611//1144 612//1144 579//1144 
f 544//1145 543//1145 580//1145 
f 579//1146 580//1146 543//1146 
f 544//1147 540//1147 543//1147 
f 539//1148 543//1148 540//1148 
f 586//1149 585//1149 540//1149 
f 539//1150 540//1150 585//1150 
f 602//1151 601//1151 586//1151 
f 585//1152 586//1152 601//1152 
f 563//1153 559//1153 564//1153 
f 560//1154 564//1154 559//1154 
f 576//1155 575//1155 564//1155 
f 563//1156 564//1156 575//1156 
f 596//1157 595//1157 576//1157 
f 575//1158 576//1158 595//1158 
f 616//1159 615//1159 596//1159 
f 595//1160 596//1160 615//1160 
f 632//1161 631//1161 616//1161 
f 615//1162 616//1162 631//1162 
f 632//1163 644//1163 631//1163 
f 643//1164 631//1164 644//1164 
f 644//1165 660//1165 643//1165 
f 659//1166 643//1166 660//1166 
f 660//1167 672//1167 659//1167 
f 671//1168 659//1168 672//1168 
f 672//1169 680//1169 671//1169 
f 679//1170 671//1170 680//1170 
f 680//1171 692//1171 679//1171 
f 691//1172 679//1172 692//1172 
f 692//1173 682//1173 691//1173 
f 681//1174 691//1174 682//1174 
f 682//1175 674//1175 681//1175 
f 673//1176 681//1176 674//1176 
f 674//1177 662//1177 673//1177 
f 661//1178 673//1178 662//1178 
f 662//1179 646//1179 661//1179 
f 645//1180 661//1180 646//1180 
f 646//1181 634//1181 645//1181 
f 633//1182 645//1182 634//1182 
f 618//1183 617//1183 634//1183 
f 633//1184 634//1184 617//1184 
f 598//1185 597//1185 618//1185 
f 617//1186 618//1186 597//1186 
f 582//1187 581//1187 598//1187 
f 597//1188 598//1188 581//1188 
f 560//1189 559//1189 582//1189 
f 581//1190 582//1190 559//1190 
f 746//1191 678//1191 754//1191 
f 752//1192 754//1192 690//1192 
f 690//1193 684//1193 752//1193 
f 730//1194 670//1194 746//1194 
f 744//1195 752//1195 684//1195 
f 718//1196 658//1196 730//1196 
f 684//1197 676//1197 744//1197 
f 736//1198 744//1198 676//1198 
f 706//1199 642//1199 718//1199 
f 676//1200 664//1200 736//1200 
f 728//1201 736//1201 664//1201 
f 686//1202 630//1202 706//1202 
f 690//1203 754//1203 678//1203 
f 678//1204 746//1204 670//1204 
f 670//1205 730//1205 658//1205 
f 658//1206 718//1206 642//1206 
f 638//1207 614//1207 686//1207 
f 642//1208 706//1208 630//1208 
f 630//1209 686//1209 614//1209 
f 610//1210 594//1210 638//1210 
f 614//1211 638//1211 594//1211 
f 578//1212 574//1212 610//1212 
f 594//1213 610//1213 574//1213 
f 574//1214 578//1214 558//1214 
f 562//1215 558//1215 538//1215 
f 578//1216 538//1216 558//1216 
f 664//1217 648//1217 728//1217 
f 716//1218 728//1218 648//1218 
f 648//1219 636//1219 716//1219 
f 712//1220 716//1220 636//1220 
f 700//1221 712//1221 636//1221 
f 636//1222 620//1222 700//1222 
f 668//1223 700//1223 620//1223 
f 652//1224 668//1224 620//1224 
f 620//1225 600//1225 652//1225 
f 624//1226 652//1226 600//1226 
f 604//1227 624//1227 600//1227 
f 600//1228 584//1228 604//1228 
f 588//1229 604//1229 584//1229 
f 584//1230 562//1230 588//1230 
f 588//1231 562//1231 542//1231 
f 538//1232 542//1232 562//1232 
f 382//1233 506//1233 378//1233 
f 378//1234 426//1234 362//1234 
f 362//1235 426//1235 342//1235 
f 342//1236 426//1236 330//1236 
f 330//1237 426//1237 310//1237 
f 306//1238 274//1238 390//1238 
f 310//1239 426//1239 294//1239 
f 294//1240 390//1240 274//1240 
f 258//1241 250//1241 306//1241 
f 274//1242 306//1242 250//1242 
f 258//1243 222//1243 250//1243 
f 242//1244 250//1244 222//1244 
f 222//1245 174//1245 242//1245 
f 174//1246 150//1246 242//1246 
f 230//1247 242//1247 150//1247 
f 150//1248 142//1248 230//1248 
f 214//1249 230//1249 142//1249 
f 142//1250 134//1250 214//1250 
f 206//1251 214//1251 134//1251 
f 134//1252 126//1252 206//1252 
f 182//1253 206//1253 126//1253 
f 126//1254 118//1254 182//1254 
f 178//1255 182//1255 118//1255 
f 166//1256 178//1256 118//1256 
f 118//1257 114//1257 166//1257 
f 158//1258 166//1258 114//1258 
f 498//1259 378//1259 506//1259 
f 502//1260 506//1260 382//1260 
f 486//1261 378//1261 498//1261 
f 382//1262 374//1262 502//1262 
f 470//1263 378//1263 486//1263 
f 490//1264 502//1264 374//1264 
f 374//1265 358//1265 490//1265 
f 446//1266 378//1266 470//1266 
f 478//1267 490//1267 358//1267 
f 426//1268 378//1268 446//1268 
f 358//1269 338//1269 478//1269 
f 390//1270 294//1270 426//1270 
f 466//1271 478//1271 338//1271 
f 450//1272 466//1272 338//1272 
f 338//1273 322//1273 450//1273 
f 434//1274 450//1274 322//1274 
f 322//1275 298//1275 418//1275 
f 418//1276 434//1276 322//1276 
f 528//1277 412//1277 532//1277 
f 516//1278 404//1278 528//1278 
f 408//1279 532//1279 412//1279 
f 496//1280 396//1280 516//1280 
f 520//1281 532//1281 408//1281 
f 476//1282 372//1282 496//1282 
f 408//1283 400//1283 520//1283 
f 456//1284 336//1284 476//1284 
f 444//1285 336//1285 456//1285 
f 400//1286 388//1286 520//1286 
f 422//1287 316//1287 444//1287 
f 512//1288 520//1288 388//1288 
f 388//1289 348//1289 512//1289 
f 412//1290 528//1290 404//1290 
f 404//1291 516//1291 396//1291 
f 396//1292 496//1292 372//1292 
f 352//1293 316//1293 422//1293 
f 350//1294 418//1294 298//1294 
f 372//1295 476//1295 336//1295 
f 298//1296 278//1296 350//1296 
f 336//1297 444//1297 316//1297 
f 278//1298 254//1298 350//1298 
f 316//1299 352//1299 288//1299 
f 352//1300 350//1300 254//1300 
f 288//1301 352//1301 272//1301 
f 254//1302 234//1302 352//1302 
f 272//1303 352//1303 240//1303 
f 240//1304 352//1304 234//1304 
f 198//1305 202//1305 234//1305 
f 240//1306 234//1306 202//1306 
f 484//1307 512//1307 348//1307 
f 348//1308 328//1308 484//1308 
f 460//1309 484//1309 328//1309 
f 328//1310 304//1310 460//1310 
f 440//1311 460//1311 304//1311 
f 416//1312 440//1312 304//1312 
f 304//1313 284//1313 416//1313 
f 320//1314 416//1314 284//1314 
f 284//1315 264//1315 320//1315 
f 268//1316 320//1316 264//1316 
f 228//1317 220//1317 264//1317 
f 268//1318 264//1318 220//1318 
f 196//1319 140//1319 228//1319 
f 220//1320 228//1320 172//1320 
f 164//1321 124//1321 196//1321 
f 156//1322 108//1322 164//1322 
f 172//1323 228//1323 148//1323 
f 148//1324 228//1324 140//1324 
f 140//1325 196//1325 132//1325 
f 132//1326 196//1326 124//1326 
f 124//1327 164//1327 112//1327 
f 112//1328 164//1328 108//1328 
f 320//1329 319//1329 416//1329 
f 415//1330 416//1330 319//1330 
f 416//1331 415//1331 440//1331 
f 439//1332 440//1332 415//1332 
f 439//1333 459//1333 440//1333 
f 460//1334 440//1334 459//1334 
f 459//1335 483//1335 460//1335 
f 484//1336 460//1336 483//1336 
f 483//1337 511//1337 484//1337 
f 512//1338 484//1338 511//1338 
f 511//1339 519//1339 512//1339 
f 520//1340 512//1340 519//1340 
f 519//1341 531//1341 520//1341 
f 532//1342 520//1342 531//1342 
f 531//1343 527//1343 532//1343 
f 528//1344 532//1344 527//1344 
f 527//1345 515//1345 528//1345 
f 516//1346 528//1346 515//1346 
f 515//1347 495//1347 516//1347 
f 496//1348 516//1348 495//1348 
f 495//1349 475//1349 496//1349 
f 476//1350 496//1350 475//1350 
f 475//1351 455//1351 476//1351 
f 456//1352 476//1352 455//1352 
f 456//1353 455//1353 444//1353 
f 443//1354 444//1354 455//1354 
f 444//1355 443//1355 422//1355 
f 421//1356 422//1356 443//1356 
f 422//1357 421//1357 352//1357 
f 351//1358 352//1358 421//1358 
f 351//1359 349//1359 352//1359 
f 350//1360 352//1360 349//1360 
f 350//1361 349//1361 418//1361 
f 417//1362 418//1362 349//1362 
f 418//1363 417//1363 434//1363 
f 433//1364 434//1364 417//1364 
f 433//1365 449//1365 434//1365 
f 450//1366 434//1366 449//1366 
f 449//1367 465//1367 450//1367 
f 466//1368 450//1368 465//1368 
f 465//1369 477//1369 466//1369 
f 478//1370 466//1370 477//1370 
f 477//1371 489//1371 478//1371 
f 490//1372 478//1372 489//1372 
f 489//1373 501//1373 490//1373 
f 502//1374 490//1374 501//1374 
f 501//1375 505//1375 502//1375 
f 506//1376 502//1376 505//1376 
f 505//1377 497//1377 506//1377 
f 498//1378 506//1378 497//1378 
f 497//1379 485//1379 498//1379 
f 486//1380 498//1380 485//1380 
f 485//1381 469//1381 486//1381 
f 470//1382 486//1382 469//1382 
f 469//1383 445//1383 470//1383 
f 446//1384 470//1384 445//1384 
f 445//1385 425//1385 446//1385 
f 426//1386 446//1386 425//1386 
f 426//1387 425//1387 390//1387 
f 389//1388 390//1388 425//1388 
f 390//1389 389//1389 306//1389 
f 305//1390 306//1390 389//1390 
f 306//1391 305//1391 258//1391 
f 257//1392 258//1392 305//1392 
f 258//1393 257//1393 222//1393 
f 221//1394 222//1394 257//1394 
f 222//1395 221//1395 174//1395 
f 173//1396 174//1396 221//1396 
f 174//1397 173//1397 150//1397 
f 149//1398 150//1398 173//1398 
f 142//1399 150//1399 141//1399 
f 149//1400 141//1400 150//1400 
f 134//1401 142//1401 133//1401 
f 141//1402 133//1402 142//1402 
f 126//1403 134//1403 125//1403 
f 133//1404 125//1404 134//1404 
f 118//1405 126//1405 117//1405 
f 125//1406 117//1406 126//1406 
f 114//1407 118//1407 113//1407 
f 117//1408 113//1408 118//1408 
f 114//1409 113//1409 158//1409 
f 157//1410 158//1410 113//1410 
f 157//1411 165//1411 158//1411 
f 166//1412 158//1412 165//1412 
f 165//1413 177//1413 166//1413 
f 178//1414 166//1414 177//1414 
f 177//1415 181//1415 178//1415 
f 182//1416 178//1416 181//1416 
f 181//1417 205//1417 182//1417 
f 206//1418 182//1418 205//1418 
f 205//1419 213//1419 206//1419 
f 214//1420 206//1420 213//1420 
f 214//1421 213//1421 230//1421 
f 229//1422 230//1422 213//1422 
f 230//1423 229//1423 242//1423 
f 241//1424 242//1424 229//1424 
f 242//1425 241//1425 250//1425 
f 249//1426 250//1426 241//1426 
f 250//1427 249//1427 274//1427 
f 273//1428 274//1428 249//1428 
f 274//1429 273//1429 294//1429 
f 293//1430 294//1430 273//1430 
f 294//1431 293//1431 310//1431 
f 309//1432 310//1432 293//1432 
f 330//1433 310//1433 329//1433 
f 309//1434 329//1434 310//1434 
f 342//1435 330//1435 341//1435 
f 329//1436 341//1436 330//1436 
f 362//1437 342//1437 361//1437 
f 341//1438 361//1438 342//1438 
f 378//1439 362//1439 377//1439 
f 361//1440 377//1440 362//1440 
f 382//1441 378//1441 381//1441 
f 377//1442 381//1442 378//1442 
f 374//1443 382//1443 373//1443 
f 381//1444 373//1444 382//1444 
f 358//1445 374//1445 357//1445 
f 373//1446 357//1446 374//1446 
f 338//1447 358//1447 337//1447 
f 357//1448 337//1448 358//1448 
f 322//1449 338//1449 321//1449 
f 337//1450 321//1450 338//1450 
f 298//1451 322//1451 297//1451 
f 321//1452 297//1452 322//1452 
f 298//1453 297//1453 278//1453 
f 277//1454 278//1454 297//1454 
f 278//1455 277//1455 254//1455 
f 253//1456 254//1456 277//1456 
f 254//1457 253//1457 234//1457 
f 233//1458 234//1458 253//1458 
f 234//1459 233//1459 198//1459 
f 197//1460 198//1460 233//1460 
f 202//1461 198//1461 201//1461 
f 197//1462 201//1462 198//1462 
f 202//1463 201//1463 240//1463 
f 239//1464 240//1464 201//1464 
f 240//1465 239//1465 272//1465 
f 271//1466 272//1466 239//1466 
f 272//1467 271//1467 288//1467 
f 287//1468 288//1468 271//1468 
f 288//1469 287//1469 316//1469 
f 315//1470 316//1470 287//1470 
f 316//1471 315//1471 336//1471 
f 335//1472 336//1472 315//1472 
f 372//1473 336//1473 371//1473 
f 335//1474 371//1474 336//1474 
f 396//1475 372//1475 395//1475 
f 371//1476 395//1476 372//1476 
f 404//1477 396//1477 403//1477 
f 395//1478 403//1478 396//1478 
f 412//1479 404//1479 411//1479 
f 403//1480 411//1480 404//1480 
f 408//1481 412//1481 407//1481 
f 411//1482 407//1482 412//1482 
f 400//1483 408//1483 399//1483 
f 407//1484 399//1484 408//1484 
f 388//1485 400//1485 387//1485 
f 399//1486 387//1486 400//1486 
f 348//1487 388//1487 347//1487 
f 387//1488 347//1488 388//1488 
f 328//1489 348//1489 327//1489 
f 347//1490 327//1490 348//1490 
f 328//1491 327//1491 304//1491 
f 303//1492 304//1492 327//1492 
f 304//1493 303//1493 284//1493 
f 283//1494 284//1494 303//1494 
f 284//1495 283//1495 264//1495 
f 263//1496 264//1496 283//1496 
f 264//1497 263//1497 228//1497 
f 227//1498 228//1498 263//1498 
f 228//1499 227//1499 196//1499 
f 195//1500 196//1500 227//1500 
f 195//1501 163//1501 196//1501 
f 164//1502 196//1502 163//1502 
f 163//1503 155//1503 164//1503 
f 156//1504 164//1504 155//1504 
f 156//1505 155//1505 108//1505 
f 107//1506 108//1506 155//1506 
f 112//1507 108//1507 111//1507 
f 107//1508 111//1508 108//1508 
f 124//1509 112//1509 123//1509 
f 111//1510 123//1510 112//1510 
f 132//1511 124//1511 131//1511 
f 123//1512 131//1512 124//1512 
f 140//1513 132//1513 139//1513 
f 131//1514 139//1514 132//1514 
f 148//1515 140//1515 147//1515 
f 139//1516 147//1516 140//1516 
f 148//1517 147//1517 172//1517 
f 171//1518 172//1518 147//1518 
f 172//1519 171//1519 220//1519 
f 219//1520 220//1520 171//1520 
f 220//1521 219//1521 268//1521 
f 267//1522 268//1522 219//1522 
f 268//1523 267//1523 320//1523 
f 319//1524 320//1524 267//1524 
f 604//1525 603//1525 624//1525 
f 623//1526 624//1526 603//1526 
f 624//1527 623//1527 652//1527 
f 651//1528 652//1528 623//1528 
f 652//1529 651//1529 668//1529 
f 667//1530 668//1530 651//1530 
f 667//1531 699//1531 668//1531 
f 700//1532 668//1532 699//1532 
f 699//1533 711//1533 700//1533 
f 712//1534 700//1534 711//1534 
f 711//1535 715//1535 712//1535 
f 716//1536 712//1536 715//1536 
f 715//1537 727//1537 716//1537 
f 728//1538 716//1538 727//1538 
f 727//1539 735//1539 728//1539 
f 736//1540 728//1540 735//1540 
f 735//1541 743//1541 736//1541 
f 744//1542 736//1542 743//1542 
f 743//1543 751//1543 744//1543 
f 752//1544 744//1544 751//1544 
f 751//1545 753//1545 752//1545 
f 754//1546 752//1546 753//1546 
f 753//1547 745//1547 754//1547 
f 746//1548 754//1548 745//1548 
f 745//1549 729//1549 746//1549 
f 730//1550 746//1550 729//1550 
f 729//1551 717//1551 730//1551 
f 718//1552 730//1552 717//1552 
f 717//1553 705//1553 718//1553 
f 706//1554 718//1554 705//1554 
f 705//1555 685//1555 706//1555 
f 686//1556 706//1556 685//1556 
f 686//1557 685//1557 638//1557 
f 637//1558 638//1558 685//1558 
f 638//1559 637//1559 610//1559 
f 609//1560 610//1560 637//1560 
f 610//1561 609//1561 578//1561 
f 577//1562 578//1562 609//1562 
f 578//1563 577//1563 538//1563 
f 537//1564 538//1564 577//1564 
f 542//1565 538//1565 541//1565 
f 537//1566 541//1566 538//1566 
f 542//1567 541//1567 588//1567 
f 587//1568 588//1568 541//1568 
f 588//1569 587//1569 604//1569 
f 603//1570 604//1570 587//1570 
f 561//1571 557//1571 562//1571 
f 558//1572 562//1572 557//1572 
f 558//1573 557//1573 574//1573 
f 573//1574 574//1574 557//1574 
f 574//1575 573//1575 594//1575 
f 593//1576 594//1576 573//1576 
f 594//1577 593//1577 614//1577 
f 613//1578 614//1578 593//1578 
f 614//1579 613//1579 630//1579 
f 629//1580 630//1580 613//1580 
f 642//1581 630//1581 641//1581 
f 629//1582 641//1582 630//1582 
f 658//1583 642//1583 657//1583 
f 641//1584 657//1584 642//1584 
f 670//1585 658//1585 669//1585 
f 657//1586 669//1586 658//1586 
f 678//1587 670//1587 677//1587 
f 669//1588 677//1588 670//1588 
f 690//1589 678//1589 689//1589 
f 677//1590 689//1590 678//1590 
f 684//1591 690//1591 683//1591 
f 689//1592 683//1592 690//1592 
f 676//1593 684//1593 675//1593 
f 683//1594 675//1594 684//1594 
f 664//1595 676//1595 663//1595 
f 675//1596 663//1596 676//1596 
f 648//1597 664//1597 647//1597 
f 663//1598 647//1598 664//1598 
f 636//1599 648//1599 635//1599 
f 647//1600 635//1600 648//1600 
f 636//1601 635//1601 620//1601 
f 619//1602 620//1602 635//1602 
f 620//1603 619//1603 600//1603 
f 599//1604 600//1604 619//1604 
f 600//1605 599//1605 584//1605 
f 583//1606 584//1606 599//1606 
f 584//1607 583//1607 562//1607 
f 561//1608 562//1608 583//1608 
