# FreeCAD v1.0 build0 Arch module
# https://www.freecad.org
mtllib colors.mtl
o part_right_logo
usemtl color_ec4538
v -62.7141 -13.89 -2.0
v -62.7141 -13.89 2.0
v -59.353199 -13.89 -2.0
v -59.353199 -13.89 2.0
v -57.9291 -7.05437 -2.0
v -57.9291 -7.05437 2.0
v -57.177299 -2.83925 -2.0
v -57.177299 -2.83925 2.0
v -56.858299 12.8634 -2.0
v -56.858299 12.8634 2.0
v -56.379799 1.03661 -2.0
v -56.379799 1.03661 2.0
v -55.7873 3.92982 -2.0
v -55.7873 3.92982 2.0
v -55.400002 5.84041 -2.0
v -55.400002 5.84041 2.0
v -55.217701 6.76839 -2.0
v -55.217701 6.76839 2.0
v -55.1409 7.19319 -2.0
v -55.1409 7.19319 2.0
v -55.069599 7.59431 -2.0
v -55.069599 7.59431 2.0
v -55.004101 7.97172 -2.0
v -55.004101 7.97172 2.0
v -54.944199 8.32545 -2.0
v -54.944199 8.32545 2.0
v -54.875999 8.74324 -2.0
v -54.875999 8.74324 2.0
v -54.6366 7.43282 -2.0
v -54.6366 7.43282 2.0
v -54.1469 4.85066 -2.0
v -54.1469 4.85066 2.0
v -52.8936 12.8634 -2.0
v -52.8936 12.8634 2.0
v -52.563301 -2.83925 -2.0
v -52.563301 -2.83925 2.0
v -51.811401 -7.05437 -2.0
v -51.811401 -7.05437 2.0
v -50.387199 -13.89 -2.0
v -50.387199 -13.89 2.0
v -47.060699 -13.89 -2.0
v -47.060699 -13.89 2.0
v -46.019001 -8.7635 -2.0
v -46.019001 -8.7635 2.0
v -45.740299 -10.0849 -2.0
v -45.740299 -10.0849 2.0
v -45.529301 0.825393 -2.0
v -45.529301 0.825393 2.0
v -45.498299 -0.03209 -2.0
v -45.498299 -0.03209 2.0
v -45.444199 2.21562 -2.0
v -45.444199 2.21562 2.0
v -45.405399 -0.819535 -2.0
v -45.405399 -0.819535 2.0
v -45.3484 -11.22 -2.0
v -45.3484 -11.22 2.0
v -45.2505 -1.53697 -2.0
v -45.2505 -1.53697 2.0
v -45.1889 3.44325 -2.0
v -45.1889 3.44325 2.0
v -45.033699 -2.18434 -2.0
v -45.033699 -2.18434 2.0
v -44.843201 -12.1688 -2.0
v -44.843201 -12.1688 2.0
v -44.7635 4.50825 -2.0
v -44.7635 4.50825 2.0
v -44.757801 -2.76811 -2.0
v -44.757801 -2.76811 2.0
v -44.425598 -3.29497 -2.0
v -44.425598 -3.29497 2.0
v -44.2248 -12.9313 -2.0
v -44.2248 -12.9313 2.0
v -44.167801 5.41066 -2.0
v -44.167801 5.41066 2.0
v -44.037201 -3.76491 -2.0
v -44.037201 -3.76491 2.0
v -43.592602 -4.17793 -2.0
v -43.592602 -4.17793 2.0
v -43.475399 -13.5168 -2.0
v -43.475399 -13.5168 2.0
v -43.416302 6.12926 -2.0
v -43.416302 6.12926 2.0
v -43.2052 -8.06099 -2.0
v -43.2052 -8.06099 2.0
v -43.0639 -8.73851 -2.0
v -43.0639 -8.73851 2.0
v -43.009399 -4.57008 -2.0
v -43.009399 -4.57008 2.0
v -42.879101 -9.30928 -2.0
v -42.879101 -9.30928 2.0
v -42.650902 -9.77327 -2.0
v -42.650902 -9.77327 2.0
v -42.59 1.39491 -2.0
v -42.59 1.39491 2.0
v -42.577099 -13.9351 -2.0
v -42.577099 -13.9351 2.0
v -42.562599 0.971847 -2.0
v -42.562599 0.971847 2.0
v -42.554401 1.92363 -2.0
v -42.554401 1.92363 2.0
v -42.522999 6.64253 -2.0
v -42.522999 6.64253 2.0
v -42.480301 0.595077 -2.0
v -42.480301 0.595077 2.0
v -42.447601 2.37044 -2.0
v -42.447601 2.37044 2.0
v -42.379299 -10.1304 -2.0
v -42.379299 -10.1304 2.0
v -42.343201 0.264572 -2.0
v -42.343201 0.264572 2.0
v -42.2696 2.73534 -2.0
v -42.2696 2.73534 2.0
v -42.205502 -4.97768 -2.0
v -42.205502 -4.97768 2.0
v -42.151299 -0.019669 -2.0
v -42.151299 -0.019669 2.0
v -42.031399 -10.3963 -2.0
v -42.031399 -10.3963 2.0
v -42.0205 3.01836 -2.0
v -42.0205 3.01836 2.0
v -41.8946 -0.269456 -2.0
v -41.8946 -0.269456 2.0
v -41.700001 3.23015 -2.0
v -41.700001 3.23015 2.0
v -41.5746 -10.5862 -2.0
v -41.5746 -10.5862 2.0
v -41.563202 -0.49672 -2.0
v -41.563202 -0.49672 2.0
v -41.530102 -14.186 -2.0
v -41.530102 -14.186 2.0
v -41.487999 6.95048 -2.0
v -41.487999 6.95048 2.0
v -41.308399 3.38142 -2.0
v -41.308399 3.38142 2.0
v -41.180901 -5.40071 -2.0
v -41.180901 -5.40071 2.0
v -41.156898 -0.701371 -2.0
v -41.156898 -0.701371 2.0
v -41.0089 -10.7001 -2.0
v -41.0089 -10.7001 2.0
v -40.845501 3.47221 -2.0
v -40.845501 3.47221 2.0
v -40.675999 -0.883469 -2.0
v -40.675999 -0.883469 2.0
v -40.334301 -14.2697 -2.0
v -40.334301 -14.2697 2.0
v -40.334301 -10.7381 -2.0
v -40.334301 -10.7381 2.0
v -40.311401 3.50246 -2.0
v -40.311401 3.50246 2.0
v -40.311401 7.05315 -2.0
v -40.311401 7.05315 2.0
v -39.9729 -1.13219 -2.0
v -39.9729 -1.13219 2.0
v -39.9356 -5.83919 -2.0
v -39.9356 -5.83919 2.0
v -39.7696 3.46388 -2.0
v -39.7696 3.46388 2.0
v -39.7076 -10.7025 -2.0
v -39.7076 -10.7025 2.0
v -39.3862 -6.04994 -2.0
v -39.3862 -6.04994 2.0
v -39.310299 -1.38445 -2.0
v -39.310299 -1.38445 2.0
v -39.306099 3.34819 -2.0
v -39.306099 3.34819 2.0
v -39.2659 6.96413 -2.0
v -39.2659 6.96413 2.0
v -39.172199 -10.5957 -2.0
v -39.172199 -10.5957 2.0
v -39.111401 -14.1635 -2.0
v -39.111401 -14.1635 2.0
v -38.923 -6.28319 -2.0
v -38.923 -6.28319 2.0
v -38.921001 3.15535 -2.0
v -38.921001 3.15535 2.0
v -38.727901 -10.4177 -2.0
v -38.727901 -10.4177 2.0
v -38.6884 -1.64024 -2.0
v -38.6884 -1.64024 2.0
v -38.614101 2.88533 -2.0
v -38.614101 2.88533 2.0
v -38.546001 -6.53896 -2.0
v -38.546001 -6.53896 2.0
v -38.374699 -10.1685 -2.0
v -38.374699 -10.1685 2.0
v -38.371201 2.53703 -2.0
v -38.371201 2.53703 2.0
v -38.327801 6.69713 -2.0
v -38.327801 6.69713 2.0
v -38.2551 -6.81722 -2.0
v -38.2551 -6.81722 2.0
v -38.1782 2.10927 -2.0
v -38.1782 2.10927 2.0
v -38.107101 -1.89958 -2.0
v -38.107101 -1.89958 2.0
v -38.105499 -9.84331 -2.0
v -38.105499 -9.84331 2.0
v -38.0383 -7.13225 -2.0
v -38.0383 -7.13225 2.0
v -38.035099 1.60197 -2.0
v -38.035099 1.60197 2.0
v -38.028702 -13.8449 -2.0
v -38.028702 -13.8449 2.0
v -37.941799 1.01521 -2.0
v -37.941799 1.01521 2.0
v -37.9133 -9.43739 -2.0
v -37.9133 -9.43739 2.0
v -37.8834 -7.49831 -2.0
v -37.8834 -7.49831 2.0
v -37.797901 -8.95079 -2.0
v -37.797901 -8.95079 2.0
v -37.790501 -7.91542 -2.0
v -37.790501 -7.91542 2.0
v -37.759499 -8.38353 -2.0
v -37.759499 -8.38353 2.0
v -37.5737 -2.17302 -2.0
v -37.5737 -2.17302 2.0
v -37.4972 6.25209 -2.0
v -37.4972 6.25209 2.0
v -37.095901 -2.47139 -2.0
v -37.095901 -2.47139 2.0
v -37.086399 -13.3138 -2.0
v -37.086399 -13.3138 2.0
v -36.7742 5.62907 -2.0
v -36.7742 5.62907 2.0
v -36.673698 -2.79475 -2.0
v -36.673698 -2.79475 2.0
v -36.306999 -3.14305 -2.0
v -36.306999 -3.14305 2.0
v -36.284302 -12.5704 -2.0
v -36.284302 -12.5704 2.0
v -36.1679 4.83751 -2.0
v -36.1679 4.83751 2.0
v -35.9851 -3.52934 -2.0
v -35.9851 -3.52934 2.0
v -35.697498 -3.96666 -2.0
v -35.697498 -3.96666 2.0
v -35.687599 3.88698 -2.0
v -35.687599 3.88698 2.0
v -35.643799 -11.6406 -2.0
v -35.643799 -11.6406 2.0
v -35.444 -4.45503 -2.0
v -35.444 -4.45503 2.0
v -35.333302 2.77742 -2.0
v -35.333302 2.77742 2.0
v -35.224701 -4.9944 -2.0
v -35.224701 -4.9944 2.0
v -35.186298 -10.5506 -2.0
v -35.186298 -10.5506 2.0
v -35.105099 1.50886 -2.0
v -35.105099 1.50886 2.0
v -35.047798 -5.59905 -2.0
v -35.047798 -5.59905 2.0
v -34.921398 -6.28319 -2.0
v -34.921398 -6.28319 2.0
v -34.9118 -9.30037 -2.0
v -34.9118 -9.30037 2.0
v -34.8456 -7.0468 -2.0
v -34.8456 -7.0468 2.0
v -34.820301 -7.88991 -2.0
v -34.820301 -7.88991 2.0
v -33.346401 -8.7635 -2.0
v -33.346401 -8.7635 2.0
v -33.0676 -10.0849 -2.0
v -33.0676 -10.0849 2.0
v -32.856602 0.825393 -2.0
v -32.856602 0.825393 2.0
v -32.825699 -0.03209 -2.0
v -32.825699 -0.03209 2.0
v -32.7715 2.21562 -2.0
v -32.7715 2.21562 2.0
v -32.7327 -0.819535 -2.0
v -32.7327 -0.819535 2.0
v -32.675701 -11.22 -2.0
v -32.675701 -11.22 2.0
v -32.5779 -1.53697 -2.0
v -32.5779 -1.53697 2.0
v -32.5163 3.44325 -2.0
v -32.5163 3.44325 2.0
v -32.361 -2.18434 -2.0
v -32.361 -2.18434 2.0
v -32.170502 -12.1688 -2.0
v -32.170502 -12.1688 2.0
v -32.090801 4.50825 -2.0
v -32.090801 4.50825 2.0
v -32.085098 -2.76811 -2.0
v -32.085098 -2.76811 2.0
v -31.753 -3.29497 -2.0
v -31.753 -3.29497 2.0
v -31.552099 -12.9313 -2.0
v -31.552099 -12.9313 2.0
v -31.495199 5.41066 -2.0
v -31.495199 5.41066 2.0
v -31.364599 -3.76491 -2.0
v -31.364599 -3.76491 2.0
v -30.919901 -4.17793 -2.0
v -30.919901 -4.17793 2.0
v -30.8027 -13.5168 -2.0
v -30.8027 -13.5168 2.0
v -30.743601 6.12926 -2.0
v -30.743601 6.12926 2.0
v -30.532499 -8.06099 -2.0
v -30.532499 -8.06099 2.0
v -30.391199 -8.73851 -2.0
v -30.391199 -8.73851 2.0
v -30.3367 -4.57008 -2.0
v -30.3367 -4.57008 2.0
v -30.2064 -9.30928 -2.0
v -30.2064 -9.30928 2.0
v -29.978201 -9.77327 -2.0
v -29.978201 -9.77327 2.0
v -29.917299 1.39491 -2.0
v -29.917299 1.39491 2.0
v -29.904499 -13.9351 -2.0
v -29.904499 -13.9351 2.0
v -29.8899 0.971847 -2.0
v -29.8899 0.971847 2.0
v -29.881701 1.92363 -2.0
v -29.881701 1.92363 2.0
v -29.8503 6.64253 -2.0
v -29.8503 6.64253 2.0
v -29.8076 0.595077 -2.0
v -29.8076 0.595077 2.0
v -29.7749 2.37044 -2.0
v -29.7749 2.37044 2.0
v -29.7066 -10.1304 -2.0
v -29.7066 -10.1304 2.0
v -29.670601 0.264572 -2.0
v -29.670601 0.264572 2.0
v -29.596901 2.73534 -2.0
v -29.596901 2.73534 2.0
v -29.532801 -4.97768 -2.0
v -29.532801 -4.97768 2.0
v -29.478701 -0.019669 -2.0
v -29.478701 -0.019669 2.0
v -29.358801 -10.3963 -2.0
v -29.358801 -10.3963 2.0
v -29.347799 3.01836 -2.0
v -29.347799 3.01836 2.0
v -29.221901 -0.269456 -2.0
v -29.221901 -0.269456 2.0
v -29.0273 3.23015 -2.0
v -29.0273 3.23015 2.0
v -28.902 -10.5862 -2.0
v -28.902 -10.5862 2.0
v -28.890499 -0.49672 -2.0
v -28.890499 -0.49672 2.0
v -28.857401 -14.186 -2.0
v -28.857401 -14.186 2.0
v -28.815399 6.95048 -2.0
v -28.815399 6.95048 2.0
v -28.6357 3.38142 -2.0
v -28.6357 3.38142 2.0
v -28.5082 -5.40071 -2.0
v -28.5082 -5.40071 2.0
v -28.484301 -0.701371 -2.0
v -28.484301 -0.701371 2.0
v -28.336201 -10.7001 -2.0
v -28.336201 -10.7001 2.0
v -28.1728 3.47221 -2.0
v -28.1728 3.47221 2.0
v -28.0033 -0.883469 -2.0
v -28.0033 -0.883469 2.0
v -27.6616 -14.2697 -2.0
v -27.6616 -14.2697 2.0
v -27.6616 -10.7381 -2.0
v -27.6616 -10.7381 2.0
v -27.6387 3.50246 -2.0
v -27.6387 3.50246 2.0
v -27.6387 7.05315 -2.0
v -27.6387 7.05315 2.0
v -27.3002 -1.13219 -2.0
v -27.3002 -1.13219 2.0
v -27.262899 -5.83919 -2.0
v -27.262899 -5.83919 2.0
v -27.096901 3.46388 -2.0
v -27.096901 3.46388 2.0
v -27.035 -10.7025 -2.0
v -27.035 -10.7025 2.0
v -26.713499 -6.04994 -2.0
v -26.713499 -6.04994 2.0
v -26.637699 -1.38445 -2.0
v -26.637699 -1.38445 2.0
v -26.633499 3.34819 -2.0
v -26.633499 3.34819 2.0
v -26.593201 6.96413 -2.0
v -26.593201 6.96413 2.0
v -26.4995 -10.5957 -2.0
v -26.4995 -10.5957 2.0
v -26.4387 -14.1635 -2.0
v -26.4387 -14.1635 2.0
v -26.250299 -6.28319 -2.0
v -26.250299 -6.28319 2.0
v -26.248301 3.15535 -2.0
v -26.248301 3.15535 2.0
v -26.055201 -10.4177 -2.0
v -26.055201 -10.4177 2.0
v -26.015699 -1.64024 -2.0
v -26.015699 -1.64024 2.0
v -25.941401 2.88533 -2.0
v -25.941401 2.88533 2.0
v -25.873301 -6.53896 -2.0
v -25.873301 -6.53896 2.0
v -25.702 -10.1685 -2.0
v -25.702 -10.1685 2.0
v -25.698601 2.53703 -2.0
v -25.698601 2.53703 2.0
v -25.6551 6.69713 -2.0
v -25.6551 6.69713 2.0
v -25.582399 -6.81722 -2.0
v -25.582399 -6.81722 2.0
v -25.505501 2.10927 -2.0
v -25.505501 2.10927 2.0
v -25.434401 -1.89958 -2.0
v -25.434401 -1.89958 2.0
v -25.432899 -9.84331 -2.0
v -25.432899 -9.84331 2.0
v -25.365601 -7.13225 -2.0
v -25.365601 -7.13225 2.0
v -25.3624 1.60197 -2.0
v -25.3624 1.60197 2.0
v -25.3561 -13.8449 -2.0
v -25.3561 -13.8449 2.0
v -25.2691 1.01521 -2.0
v -25.2691 1.01521 2.0
v -25.240601 -9.43739 -2.0
v -25.240601 -9.43739 2.0
v -25.210699 -7.49831 -2.0
v -25.210699 -7.49831 2.0
v -25.125299 -8.95079 -2.0
v -25.125299 -8.95079 2.0
v -25.1178 -7.91542 -2.0
v -25.1178 -7.91542 2.0
v -25.0868 -8.38353 -2.0
v -25.0868 -8.38353 2.0
v -24.900999 -2.17302 -2.0
v -24.900999 -2.17302 2.0
v -24.824499 6.25209 -2.0
v -24.824499 6.25209 2.0
v -24.423201 -2.47139 -2.0
v -24.423201 -2.47139 2.0
v -24.4137 -13.3138 -2.0
v -24.4137 -13.3138 2.0
v -24.1015 5.62907 -2.0
v -24.1015 5.62907 2.0
v -24.000999 -2.79475 -2.0
v -24.000999 -2.79475 2.0
v -23.6343 -3.14305 -2.0
v -23.6343 -3.14305 2.0
v -23.611601 -12.5704 -2.0
v -23.611601 -12.5704 2.0
v -23.495199 4.83751 -2.0
v -23.495199 4.83751 2.0
v -23.312401 -3.52934 -2.0
v -23.312401 -3.52934 2.0
v -23.024799 -3.96666 -2.0
v -23.024799 -3.96666 2.0
v -23.0149 3.88698 -2.0
v -23.0149 3.88698 2.0
v -22.9711 -11.6406 -2.0
v -22.9711 -11.6406 2.0
v -22.771299 -4.45503 -2.0
v -22.771299 -4.45503 2.0
v -22.660601 2.77742 -2.0
v -22.660601 2.77742 2.0
v -22.552 -4.9944 -2.0
v -22.552 -4.9944 2.0
v -22.513599 -10.5506 -2.0
v -22.513599 -10.5506 2.0
v -22.4324 1.50886 -2.0
v -22.4324 1.50886 2.0
v -22.375099 -5.59905 -2.0
v -22.375099 -5.59905 2.0
v -22.248699 -6.28319 -2.0
v -22.248699 -6.28319 2.0
v -22.2391 -9.30037 -2.0
v -22.2391 -9.30037 2.0
v -22.172899 -7.0468 -2.0
v -22.172899 -7.0468 2.0
v -22.1476 -7.88991 -2.0
v -22.1476 -7.88991 2.0
v -20.5826 -3.52272 -2.0
v -20.5826 -3.52272 2.0
v -20.489401 -5.99525 -2.0
v -20.489401 -5.99525 2.0
v -20.4879 -1.12566 -2.0
v -20.4879 -1.12566 2.0
v -20.209499 -8.15331 -2.0
v -20.209499 -8.15331 2.0
v -20.2038 0.977157 -2.0
v -20.2038 0.977157 2.0
v -19.7432 -9.99687 -2.0
v -19.7432 -9.99687 2.0
v -19.730301 2.78566 -2.0
v -19.730301 2.78566 2.0
v -19.0903 -11.526 -2.0
v -19.0903 -11.526 2.0
v -19.0674 4.29991 -2.0
v -19.0674 4.29991 2.0
v -18.263599 -12.7264 -2.0
v -18.263599 -12.7264 2.0
v -18.230801 5.49611 -2.0
v -18.230801 5.49611 2.0
v -17.275999 -13.5838 -2.0
v -17.275999 -13.5838 2.0
v -17.236099 6.35054 -2.0
v -17.236099 6.35054 2.0
v -17.2218 -4.64302 -2.0
v -17.2218 -4.64302 2.0
v -17.1991 -1.30122 -2.0
v -17.1991 -1.30122 2.0
v -17.180099 -6.05113 -2.0
v -17.180099 -6.05113 2.0
v -17.146 -0.189347 -2.0
v -17.146 -0.189347 2.0
v -17.055201 -7.27528 -2.0
v -17.055201 -7.27528 2.0
v -17.021 0.792007 -2.0
v -17.021 0.792007 2.0
v -16.846901 -8.31551 -2.0
v -16.846901 -8.31551 2.0
v -16.8241 1.64284 -2.0
v -16.8241 1.64284 2.0
v -16.5553 -9.17174 -2.0
v -16.5553 -9.17174 2.0
v -16.5553 2.36314 -2.0
v -16.5553 2.36314 2.0
v -16.218201 2.93645 -2.0
v -16.218201 2.93645 2.0
v -16.186899 -9.84035 -2.0
v -16.186899 -9.84035 2.0
v -16.127501 -14.0982 -2.0
v -16.127501 -14.0982 2.0
v -16.0833 6.8632 -2.0
v -16.0833 6.8632 2.0
v -15.8162 3.34593 -2.0
v -15.8162 3.34593 2.0
v -15.7479 -10.3179 -2.0
v -15.7479 -10.3179 2.0
v -15.3495 3.59166 -2.0
v -15.3495 3.59166 2.0
v -15.2384 -10.6044 -2.0
v -15.2384 -10.6044 2.0
v -14.818 -14.2697 -2.0
v -14.818 -14.2697 2.0
v -14.818 3.67354 -2.0
v -14.818 3.67354 2.0
v -14.7725 7.0341 -2.0
v -14.7725 7.0341 2.0
v -14.6584 -10.7 -2.0
v -14.6584 -10.7 2.0
v -14.3153 3.59581 -2.0
v -14.3153 3.59581 2.0
v -13.888 -10.5469 -2.0
v -13.888 -10.5469 2.0
v -13.8667 3.36259 -2.0
v -13.8667 3.36259 2.0
v -13.5235 6.85075 -2.0
v -13.5235 6.85075 2.0
v -13.4723 2.97392 -2.0
v -13.4723 2.97392 2.0
v -13.2743 -10.0877 -2.0
v -13.2743 -10.0877 2.0
v -13.132 2.42979 -2.0
v -13.132 2.42979 2.0
v -12.9817 -13.9208 -2.0
v -12.9817 -13.9208 2.0
v -12.8521 1.73018 -2.0
v -12.8521 1.73018 2.0
v -12.8172 -9.32231 -2.0
v -12.8172 -9.32231 2.0
v -12.6392 0.875167 -2.0
v -12.6392 0.875167 2.0
v -12.5168 -8.25081 -2.0
v -12.5168 -8.25081 2.0
v -12.4932 -0.1353 -2.0
v -12.4932 -0.1353 2.0
v -12.4312 6.3007 -2.0
v -12.4312 6.3007 2.0
v -12.4141 -1.30122 -2.0
v -12.4141 -1.30122 2.0
v -11.4956 5.38399 -2.0
v -11.4956 5.38399 2.0
v -11.4829 -12.8741 -2.0
v -11.4829 -12.8741 2.0
v -10.7166 4.10054 -2.0
v -10.7166 4.10054 2.0
v -10.3215 -11.1296 -2.0
v -10.3215 -11.1296 2.0
v -10.1036 2.46349 -2.0
v -10.1036 2.46349 2.0
v -9.66568 0.485824 -2.0
v -9.66568 0.485824 2.0
v -9.49764 -8.68733 -2.0
v -9.49764 -8.68733 2.0
v -9.40294 -1.83241 -2.0
v -9.40294 -1.83241 2.0
v -9.31536 -4.64302 -2.0
v -9.31536 -4.64302 2.0
v -9.31536 -4.49126 -2.0
v -9.31536 -4.49126 2.0
v -7.28329 6.65443 -2.0
v -7.28329 6.65443 2.0
v -7.26659 6.22301 -2.0
v -7.26659 6.22301 2.0
v -7.25063 5.7643 -2.0
v -7.25063 5.7643 2.0
v -7.23536 5.2783 -2.0
v -7.23536 5.2783 2.0
v -7.2208 4.765 -2.0
v -7.2208 4.765 2.0
v -7.20831 4.20079 -2.0
v -7.20831 4.20079 2.0
v -7.19938 3.56181 -2.0
v -7.19938 3.56181 2.0
v -7.19403 2.8481 -2.0
v -7.19403 2.8481 2.0
v -7.19223 -13.89 -2.0
v -7.19223 -13.89 2.0
v -7.19223 2.05962 -2.0
v -7.19223 2.05962 2.0
v -4.23023 6.65443 -2.0
v -4.23023 6.65443 2.0
v -4.21168 6.39873 -2.0
v -4.21168 6.39873 2.0
v -4.19029 5.99229 -2.0
v -4.19029 5.99229 2.0
v -4.16607 5.4351 -2.0
v -4.16607 5.4351 2.0
v -4.13901 4.72719 -2.0
v -4.13901 4.72719 2.0
v -4.11409 4.00511 -2.0
v -4.11409 4.00511 2.0
v -4.09629 3.40523 -2.0
v -4.09629 3.40523 2.0
v -4.08561 2.92754 -2.0
v -4.08561 2.92754 2.0
v -4.08206 2.57204 -2.0
v -4.08206 2.57204 2.0
v -4.03652 2.57204 -2.0
v -4.03652 2.57204 2.0
v -3.99084 -13.89 -2.0
v -3.99084 -13.89 2.0
v -3.99084 -2.87734 -2.0
v -3.99084 -2.87734 2.0
v -3.95275 -1.62773 -2.0
v -3.95275 -1.62773 2.0
v -3.83849 -0.499161 -2.0
v -3.83849 -0.499161 2.0
v -3.72211 3.66856 -2.0
v -3.72211 3.66856 2.0
v -3.64808 0.508376 -2.0
v -3.64808 0.508376 2.0
v -3.3815 1.39491 -2.0
v -3.3815 1.39491 2.0
v -3.37141 4.60371 -2.0
v -3.37141 4.60371 2.0
v -3.05431 2.11766 -2.0
v -3.05431 2.11766 2.0
v -2.98443 5.37743 -2.0
v -2.98443 5.37743 2.0
v -2.68224 2.6339 -2.0
v -2.68224 2.6339 2.0
v -2.56115 5.9897 -2.0
v -2.56115 5.9897 2.0
v -2.26529 2.94365 -2.0
v -2.26529 2.94365 2.0
v -2.098 6.45497 -2.0
v -2.098 6.45497 2.0
v -1.80348 3.04689 -2.0
v -1.80348 3.04689 2.0
v -1.59142 6.78728 -2.0
v -1.59142 6.78728 2.0
v -1.04137 6.98668 -2.0
v -1.04137 6.98668 2.0
v -0.986077 2.70869 -2.0
v -0.986077 2.70869 2.0
v -0.447875 7.05315 -2.0
v -0.447875 7.05315 2.0
v -0.402227 1.69401 -2.0
v -0.402227 1.69401 2.0
v -0.051909 0.002914 -2.0
v -0.051909 0.002914 2.0
v 0.064857 -13.89 -2.0
v 0.064857 -13.89 2.0
v 0.064857 -2.36467 -2.0
v 0.064857 -2.36467 2.0
v 0.825972 6.77309 -2.0
v 0.825972 6.77309 2.0
v 1.82214 5.93288 -2.0
v 1.82214 5.93288 2.0
v 2.54059 4.53252 -2.0
v 2.54059 4.53252 2.0
v 2.98134 2.57204 -2.0
v 2.98134 2.57204 2.0
v 3.04971 2.57204 -2.0
v 3.04971 2.57204 2.0
v 3.24324 -13.89 -2.0
v 3.24324 -13.89 2.0
v 3.24324 -2.63039 -2.0
v 3.24324 -2.63039 2.0
v 3.30562 -1.37303 -2.0
v 3.30562 -1.37303 2.0
v 3.37861 3.68404 -2.0
v 3.37861 3.68404 2.0
v 3.43561 -0.259263 -2.0
v 3.43561 -0.259263 2.0
v 3.63322 0.710891 -2.0
v 3.63322 0.710891 2.0
v 3.73885 4.62752 -2.0
v 3.73885 4.62752 2.0
v 3.89844 1.53743 -2.0
v 3.89844 1.53743 2.0
v 4.13042 5.40242 -2.0
v 4.13042 5.40242 2.0
v 4.21849 2.19783 -2.0
v 4.21849 2.19783 2.0
v 4.5533 6.00874 -2.0
v 4.5533 6.00874 2.0
v 4.58053 2.66954 -2.0
v 4.58053 2.66954 2.0
v 4.98457 2.95256 -2.0
v 4.98457 2.95256 2.0
v 5.02187 6.46568 -2.0
v 5.02187 6.46568 2.0
v 5.4306 3.04689 -2.0
v 5.4306 3.04689 2.0
v 5.55022 6.79204 -2.0
v 5.55022 6.79204 2.0
v 6.13839 6.98787 -2.0
v 6.13839 6.98787 2.0
v 6.24807 2.70869 -2.0
v 6.24807 2.70869 2.0
v 6.78637 7.05315 -2.0
v 6.78637 7.05315 2.0
v 6.83198 1.69401 -2.0
v 6.83198 1.69401 2.0
v 7.18231 0.002914 -2.0
v 7.18231 0.002914 2.0
v 7.2991 -13.89 -2.0
v 7.2991 -13.89 2.0
v 7.2991 -2.36467 -2.0
v 7.2991 -2.36467 2.0
v 7.63301 6.92558 -2.0
v 7.63301 6.92558 2.0
v 8.37283 6.54283 -2.0
v 8.37283 6.54283 2.0
v 9.00582 5.90498 -2.0
v 9.00582 5.90498 2.0
v 9.532 5.01195 -2.0
v 9.532 5.01195 2.0
v 9.94565 3.88051 -2.0
v 9.94565 3.88051 2.0
v 10.2411 2.52708 -2.0
v 10.2411 2.52708 2.0
v 10.4184 0.951705 -2.0
v 10.4184 0.951705 2.0
v 10.4775 -13.89 -2.0
v 10.4775 -13.89 2.0
v 10.4775 -0.845658 -2.0
v 10.4775 -0.845658 2.0
v 12.9776 -13.89 -2.0
v 12.9776 -13.89 2.0
v 13.0174 -12.9346 -2.0
v 13.0174 -12.9346 2.0
v 13.0459 -11.8345 -2.0
v 13.0459 -11.8345 2.0
v 13.063 -10.5896 -2.0
v 13.063 -10.5896 2.0
v 13.0687 -9.20003 -2.0
v 13.0687 -9.20003 2.0
v 13.0687 14.2875 -2.0
v 13.0687 14.2875 2.0
v 16.087799 -13.89 -2.0
v 16.087799 -13.89 2.0
v 16.1159 -13.6764 -2.0
v 16.1159 -13.6764 2.0
v 16.143299 -13.3584 -2.0
v 16.143299 -13.3584 2.0
v 16.17 -12.9359 -2.0
v 16.17 -12.9359 2.0
v 16.195999 -12.4091 -2.0
v 16.195999 -12.4091 2.0
v 16.218399 -11.8608 -2.0
v 16.218399 -11.8608 2.0
v 16.2244 -3.71257 -2.0
v 16.2244 -3.71257 2.0
v 16.2244 3.0847 -2.0
v 16.2244 3.0847 2.0
v 16.2344 -11.3742 -2.0
v 16.2344 -11.3742 2.0
v 16.243999 -10.9494 -2.0
v 16.243999 -10.9494 2.0
v 16.2472 -10.5863 -2.0
v 16.2472 -10.5863 2.0
v 16.266001 -5.25533 -2.0
v 16.266001 -5.25533 2.0
v 16.266701 -2.10402 -2.0
v 16.266701 -2.10402 2.0
v 16.2701 -10.5863 -2.0
v 16.2701 -10.5863 2.0
v 16.2701 3.0847 -2.0
v 16.2701 3.0847 2.0
v 16.2701 6.4265 -2.0
v 16.2701 6.4265 2.0
v 16.2701 14.2875 -2.0
v 16.2701 14.2875 2.0
v 16.391001 -6.61772 -2.0
v 16.391001 -6.61772 2.0
v 16.393801 -0.696 -2.0
v 16.393801 -0.696 2.0
v 16.5541 -11.4264 -2.0
v 16.5541 -11.4264 2.0
v 16.599199 -7.7997 -2.0
v 16.599199 -7.7997 2.0
v 16.6057 0.511459 -2.0
v 16.6057 0.511459 2.0
v 16.8908 -8.80129 -2.0
v 16.8908 -8.80129 2.0
v 16.8937 -12.1622 -2.0
v 16.8937 -12.1622 2.0
v 16.902201 1.51839 -2.0
v 16.902201 1.51839 2.0
v 16.9223 4.81258 -2.0
v 16.9223 4.81258 2.0
v 17.263599 -9.59877 -2.0
v 17.263599 -9.59877 2.0
v 17.280001 2.31169 -2.0
v 17.280001 2.31169 2.0
v 17.2889 -12.7936 -2.0
v 17.2889 -12.7936 2.0
v 17.715401 -10.1684 -2.0
v 17.715401 -10.1684 2.0
v 17.735399 2.87834 -2.0
v 17.735399 2.87834 2.0
v 17.739599 -13.3205 -2.0
v 17.739599 -13.3205 2.0
v 17.7966 6.04677 -2.0
v 17.7966 6.04677 2.0
v 18.2402 -13.7358 -2.0
v 18.2402 -13.7358 2.0
v 18.246201 -10.5102 -2.0
v 18.246201 -10.5102 2.0
v 18.268299 3.21834 -2.0
v 18.268299 3.21834 2.0
v 18.784901 -14.0324 -2.0
v 18.784901 -14.0324 2.0
v 18.8561 -10.6241 -2.0
v 18.8561 -10.6241 2.0
v 18.878901 3.33168 -2.0
v 18.878901 3.33168 2.0
v 18.8932 6.78728 -2.0
v 18.8932 6.78728 2.0
v 19.3738 -14.2103 -2.0
v 19.3738 -14.2103 2.0
v 19.480499 3.22603 -2.0
v 19.480499 3.22603 2.0
v 19.9676 -10.1814 -2.0
v 19.9676 -10.1814 2.0
v 19.998199 2.90913 -2.0
v 19.998199 2.90913 2.0
v 20.006701 -14.2697 -2.0
v 20.006701 -14.2697 2.0
v 20.2118 7.0341 -2.0
v 20.2118 7.0341 2.0
v 20.431801 2.381 -2.0
v 20.431801 2.381 2.0
v 20.761499 -8.8535 -2.0
v 20.761499 -8.8535 2.0
v 20.781401 1.64159 -2.0
v 20.781401 1.64159 2.0
v 21.050501 0.683944 -2.0
v 21.050501 0.683944 2.0
v 21.080099 -14.0934 -2.0
v 21.080099 -14.0934 2.0
v 21.237801 -6.64031 -2.0
v 21.237801 -6.64031 2.0
v 21.2418 6.86143 -2.0
v 21.2418 6.86143 2.0
v 21.2428 -0.499161 -2.0
v 21.2428 -0.499161 2.0
v 21.358101 -1.90773 -2.0
v 21.358101 -1.90773 2.0
v 21.396601 -3.54176 -2.0
v 21.396601 -3.54176 2.0
v 22.021799 -13.5648 -2.0
v 22.021799 -13.5648 2.0
v 22.1443 6.34343 -2.0
v 22.1443 6.34343 2.0
v 22.831699 -12.6837 -2.0
v 22.831699 -12.6837 2.0
v 22.9193 5.48006 -2.0
v 22.9193 5.48006 2.0
v 23.509899 -11.4501 -2.0
v 23.509899 -11.4501 2.0
v 23.566799 4.27135 -2.0
v 23.566799 4.27135 2.0
v 24.0457 -9.89848 -2.0
v 24.0457 -9.89848 2.0
v 24.0777 2.74708 -2.0
v 24.0777 2.74708 2.0
v 24.4284 -8.06322 -2.0
v 24.4284 -8.06322 2.0
v 24.4426 0.936813 -2.0
v 24.4426 0.936813 2.0
v 24.658001 -5.94432 -2.0
v 24.658001 -5.94432 2.0
v 24.6616 -1.15947 -2.0
v 24.6616 -1.15947 2.0
v 24.7346 -3.54176 -2.0
v 24.7346 -3.54176 2.0
v 26.9876 -13.89 -2.0
v 26.9876 -13.89 2.0
v 26.9876 14.2875 -2.0
v 26.9876 14.2875 2.0
v 30.188999 -13.89 -2.0
v 30.188999 -13.89 2.0
v 30.188999 14.2875 -2.0
v 30.188999 14.2875 2.0
v 33.318401 -13.89 -2.0
v 33.318401 -13.89 2.0
v 33.318401 6.65443 -2.0
v 33.318401 6.65443 2.0
v 33.318401 10.3571 -2.0
v 33.318401 10.3571 2.0
v 33.318401 14.2875 -2.0
v 33.318401 14.2875 2.0
v 36.519798 -13.89 -2.0
v 36.519798 -13.89 2.0
v 36.519798 6.65443 -2.0
v 36.519798 6.65443 2.0
v 36.519798 10.3571 -2.0
v 36.519798 10.3571 2.0
v 36.519798 14.2875 -2.0
v 36.519798 14.2875 2.0
v 38.931499 -3.52272 -2.0
v 38.931499 -3.52272 2.0
v 39.024799 -5.99525 -2.0
v 39.024799 -5.99525 2.0
v 39.026199 -1.12566 -2.0
v 39.026199 -1.12566 2.0
v 39.3046 -8.15331 -2.0
v 39.3046 -8.15331 2.0
v 39.310299 0.977157 -2.0
v 39.310299 0.977157 2.0
v 39.771 -9.99687 -2.0
v 39.771 -9.99687 2.0
v 39.783798 2.78566 -2.0
v 39.783798 2.78566 2.0
v 40.423901 -11.526 -2.0
v 40.423901 -11.526 2.0
v 40.446701 4.29991 -2.0
v 40.446701 4.29991 2.0
v 41.250599 -12.7264 -2.0
v 41.250599 -12.7264 2.0
v 41.283401 5.49611 -2.0
v 41.283401 5.49611 2.0
v 42.238201 -13.5838 -2.0
v 42.238201 -13.5838 2.0
v 42.278099 6.35054 -2.0
v 42.278099 6.35054 2.0
v 42.2924 -4.64302 -2.0
v 42.2924 -4.64302 2.0
v 42.315102 -1.30122 -2.0
v 42.315102 -1.30122 2.0
v 42.334 -6.05113 -2.0
v 42.334 -6.05113 2.0
v 42.368198 -0.189347 -2.0
v 42.368198 -0.189347 2.0
v 42.459 -7.27528 -2.0
v 42.459 -7.27528 2.0
v 42.493099 0.792007 -2.0
v 42.493099 0.792007 2.0
v 42.667301 -8.31551 -2.0
v 42.667301 -8.31551 2.0
v 42.689999 1.64284 -2.0
v 42.689999 1.64284 2.0
v 42.9589 -9.17174 -2.0
v 42.9589 -9.17174 2.0
v 42.9589 2.36314 -2.0
v 42.9589 2.36314 2.0
v 43.296001 2.93645 -2.0
v 43.296001 2.93645 2.0
v 43.327301 -9.84035 -2.0
v 43.327301 -9.84035 2.0
v 43.3867 -14.0982 -2.0
v 43.3867 -14.0982 2.0
v 43.430801 6.8632 -2.0
v 43.430801 6.8632 2.0
v 43.697899 3.34593 -2.0
v 43.697899 3.34593 2.0
v 43.7663 -10.3179 -2.0
v 43.7663 -10.3179 2.0
v 44.1646 3.59166 -2.0
v 44.1646 3.59166 2.0
v 44.275799 -10.6044 -2.0
v 44.275799 -10.6044 2.0
v 44.696098 -14.2697 -2.0
v 44.696098 -14.2697 2.0
v 44.696098 3.67354 -2.0
v 44.696098 3.67354 2.0
v 44.741699 7.0341 -2.0
v 44.741699 7.0341 2.0
v 44.855701 -10.7 -2.0
v 44.855701 -10.7 2.0
v 45.198898 3.59581 -2.0
v 45.198898 3.59581 2.0
v 45.626099 -10.5469 -2.0
v 45.626099 -10.5469 2.0
v 45.6474 3.36259 -2.0
v 45.6474 3.36259 2.0
v 45.990601 6.85075 -2.0
v 45.990601 6.85075 2.0
v 46.041901 2.97392 -2.0
v 46.041901 2.97392 2.0
v 46.239899 -10.0877 -2.0
v 46.239899 -10.0877 2.0
v 46.382198 2.42979 -2.0
v 46.382198 2.42979 2.0
v 46.532501 -13.9208 -2.0
v 46.532501 -13.9208 2.0
v 46.661999 1.73018 -2.0
v 46.661999 1.73018 2.0
v 46.696999 -9.32231 -2.0
v 46.696999 -9.32231 2.0
v 46.875 0.875167 -2.0
v 46.875 0.875167 2.0
v 46.997398 -8.25081 -2.0
v 46.997398 -8.25081 2.0
v 47.021 -0.1353 -2.0
v 47.021 -0.1353 2.0
v 47.082901 6.3007 -2.0
v 47.082901 6.3007 2.0
v 47.099998 -1.30122 -2.0
v 47.099998 -1.30122 2.0
v 48.0186 5.38399 -2.0
v 48.0186 5.38399 2.0
v 48.0313 -12.8741 -2.0
v 48.0313 -12.8741 2.0
v 48.797501 4.10054 -2.0
v 48.797501 4.10054 2.0
v 49.192699 -11.1296 -2.0
v 49.192699 -11.1296 2.0
v 49.410599 2.46349 -2.0
v 49.410599 2.46349 2.0
v 49.848499 0.485824 -2.0
v 49.848499 0.485824 2.0
v 50.016499 -8.68733 -2.0
v 50.016499 -8.68733 2.0
v 50.111198 -1.83241 -2.0
v 50.111198 -1.83241 2.0
v 50.198799 -4.64302 -2.0
v 50.198799 -4.64302 2.0
v 50.198799 -4.49126 -2.0
v 50.198799 -4.49126 2.0
v 51.513199 -8.7635 -2.0
v 51.513199 -8.7635 2.0
v 51.791901 -10.0849 -2.0
v 51.791901 -10.0849 2.0
v 52.002899 0.825393 -2.0
v 52.002899 0.825393 2.0
v 52.033901 -0.03209 -2.0
v 52.033901 -0.03209 2.0
v 52.088001 2.21562 -2.0
v 52.088001 2.21562 2.0
v 52.126801 -0.819535 -2.0
v 52.126801 -0.819535 2.0
v 52.1838 -11.22 -2.0
v 52.1838 -11.22 2.0
v 52.2817 -1.53697 -2.0
v 52.2817 -1.53697 2.0
v 52.3433 3.44325 -2.0
v 52.3433 3.44325 2.0
v 52.498501 -2.18434 -2.0
v 52.498501 -2.18434 2.0
v 52.688999 -12.1688 -2.0
v 52.688999 -12.1688 2.0
v 52.7687 4.50825 -2.0
v 52.7687 4.50825 2.0
v 52.774399 -2.76811 -2.0
v 52.774399 -2.76811 2.0
v 53.106602 -3.29497 -2.0
v 53.106602 -3.29497 2.0
v 53.3074 -12.9313 -2.0
v 53.3074 -12.9313 2.0
v 53.364399 5.41066 -2.0
v 53.364399 5.41066 2.0
v 53.494999 -3.76491 -2.0
v 53.494999 -3.76491 2.0
v 53.939602 -4.17793 -2.0
v 53.939602 -4.17793 2.0
v 54.056801 -13.5168 -2.0
v 54.056801 -13.5168 2.0
v 54.115898 6.12926 -2.0
v 54.115898 6.12926 2.0
v 54.327 -8.06099 -2.0
v 54.327 -8.06099 2.0
v 54.4683 -8.73851 -2.0
v 54.4683 -8.73851 2.0
v 54.5228 -4.57008 -2.0
v 54.5228 -4.57008 2.0
v 54.653099 -9.30928 -2.0
v 54.653099 -9.30928 2.0
v 54.881302 -9.77327 -2.0
v 54.881302 -9.77327 2.0
v 54.9422 1.39491 -2.0
v 54.9422 1.39491 2.0
v 54.955101 -13.9351 -2.0
v 54.955101 -13.9351 2.0
v 54.969601 0.971847 -2.0
v 54.969601 0.971847 2.0
v 54.977798 1.92363 -2.0
v 54.977798 1.92363 2.0
v 55.009201 6.64253 -2.0
v 55.009201 6.64253 2.0
v 55.051899 0.595077 -2.0
v 55.051899 0.595077 2.0
v 55.084599 2.37044 -2.0
v 55.084599 2.37044 2.0
v 55.152901 -10.1304 -2.0
v 55.152901 -10.1304 2.0
v 55.188999 0.264572 -2.0
v 55.188999 0.264572 2.0
v 55.2626 2.73534 -2.0
v 55.2626 2.73534 2.0
v 55.326698 -4.97768 -2.0
v 55.326698 -4.97768 2.0
v 55.380901 -0.019669 -2.0
v 55.380901 -0.019669 2.0
v 55.500801 -10.3963 -2.0
v 55.500801 -10.3963 2.0
v 55.5117 3.01836 -2.0
v 55.5117 3.01836 2.0
v 55.6376 -0.269456 -2.0
v 55.6376 -0.269456 2.0
v 55.832199 3.23015 -2.0
v 55.832199 3.23015 2.0
v 55.9576 -10.5862 -2.0
v 55.9576 -10.5862 2.0
v 55.969002 -0.49672 -2.0
v 55.969002 -0.49672 2.0
v 56.002102 -14.186 -2.0
v 56.002102 -14.186 2.0
v 56.044201 6.95048 -2.0
v 56.044201 6.95048 2.0
v 56.2239 3.38142 -2.0
v 56.2239 3.38142 2.0
v 56.351299 -5.40071 -2.0
v 56.351299 -5.40071 2.0
v 56.375301 -0.701371 -2.0
v 56.375301 -0.701371 2.0
v 56.5233 -10.7001 -2.0
v 56.5233 -10.7001 2.0
v 56.686699 3.47221 -2.0
v 56.686699 3.47221 2.0
v 56.856201 -0.883469 -2.0
v 56.856201 -0.883469 2.0
v 57.198002 -14.2697 -2.0
v 57.198002 -14.2697 2.0
v 57.198002 -10.7381 -2.0
v 57.198002 -10.7381 2.0
v 57.220798 3.50246 -2.0
v 57.220798 3.50246 2.0
v 57.220798 7.05315 -2.0
v 57.220798 7.05315 2.0
v 57.559399 -1.13219 -2.0
v 57.559399 -1.13219 2.0
v 57.5966 -5.83919 -2.0
v 57.5966 -5.83919 2.0
v 57.7626 3.46388 -2.0
v 57.7626 3.46388 2.0
v 57.8246 -10.7025 -2.0
v 57.8246 -10.7025 2.0
v 58.146 -6.04994 -2.0
v 58.146 -6.04994 2.0
v 58.221901 -1.38445 -2.0
v 58.221901 -1.38445 2.0
v 58.226101 3.34819 -2.0
v 58.226101 3.34819 2.0
v 58.266399 6.96413 -2.0
v 58.266399 6.96413 2.0
v 58.360001 -10.5957 -2.0
v 58.360001 -10.5957 2.0
v 58.420799 -14.1635 -2.0
v 58.420799 -14.1635 2.0
v 58.6092 -6.28319 -2.0
v 58.6092 -6.28319 2.0
v 58.611198 3.15535 -2.0
v 58.611198 3.15535 2.0
v 58.804298 -10.4177 -2.0
v 58.804298 -10.4177 2.0
v 58.8438 -1.64024 -2.0
v 58.8438 -1.64024 2.0
v 58.918098 2.88533 -2.0
v 58.918098 2.88533 2.0
v 58.986198 -6.53896 -2.0
v 58.986198 -6.53896 2.0
v 59.157501 -10.1685 -2.0
v 59.157501 -10.1685 2.0
v 59.160999 2.53703 -2.0
v 59.160999 2.53703 2.0
v 59.204399 6.69713 -2.0
v 59.204399 6.69713 2.0
v 59.2771 -6.81722 -2.0
v 59.2771 -6.81722 2.0
v 59.354 2.10927 -2.0
v 59.354 2.10927 2.0
v 59.425098 -1.89958 -2.0
v 59.425098 -1.89958 2.0
v 59.426701 -9.84331 -2.0
v 59.426701 -9.84331 2.0
v 59.493999 -7.13225 -2.0
v 59.493999 -7.13225 2.0
v 59.497101 1.60197 -2.0
v 59.497101 1.60197 2.0
v 59.503502 -13.8449 -2.0
v 59.503502 -13.8449 2.0
v 59.5905 1.01521 -2.0
v 59.5905 1.01521 2.0
v 59.6189 -9.43739 -2.0
v 59.6189 -9.43739 2.0
v 59.6488 -7.49831 -2.0
v 59.6488 -7.49831 2.0
v 59.734299 -8.95079 -2.0
v 59.734299 -8.95079 2.0
v 59.741699 -7.91542 -2.0
v 59.741699 -7.91542 2.0
v 59.772701 -8.38353 -2.0
v 59.772701 -8.38353 2.0
v 59.9585 -2.17302 -2.0
v 59.9585 -2.17302 2.0
v 60.035 6.25209 -2.0
v 60.035 6.25209 2.0
v 60.436298 -2.47139 -2.0
v 60.436298 -2.47139 2.0
v 60.445801 -13.3138 -2.0
v 60.445801 -13.3138 2.0
v 60.757999 5.62907 -2.0
v 60.757999 5.62907 2.0
v 60.858501 -2.79475 -2.0
v 60.858501 -2.79475 2.0
v 61.2253 -3.14305 -2.0
v 61.2253 -3.14305 2.0
v 61.247898 -12.5704 -2.0
v 61.247898 -12.5704 2.0
v 61.3643 4.83751 -2.0
v 61.3643 4.83751 2.0
v 61.5471 -3.52934 -2.0
v 61.5471 -3.52934 2.0
v 61.834801 -3.96666 -2.0
v 61.834801 -3.96666 2.0
v 61.844601 3.88698 -2.0
v 61.844601 3.88698 2.0
v 61.888401 -11.6406 -2.0
v 61.888401 -11.6406 2.0
v 62.0882 -4.45503 -2.0
v 62.0882 -4.45503 2.0
v 62.198898 2.77742 -2.0
v 62.198898 2.77742 2.0
v 62.307499 -4.9944 -2.0
v 62.307499 -4.9944 2.0
v 62.345901 -10.5506 -2.0
v 62.345901 -10.5506 2.0
v 62.427101 1.50886 -2.0
v 62.427101 1.50886 2.0
v 62.484402 -5.59905 -2.0
v 62.484402 -5.59905 2.0
v 62.610802 -6.28319 -2.0
v 62.610802 -6.28319 2.0
v 62.620399 -9.30037 -2.0
v 62.620399 -9.30037 2.0
v 62.6866 -7.0468 -2.0
v 62.6866 -7.0468 2.0
v 62.711899 -7.88991 -2.0
v 62.711899 -7.88991 2.0
vn 0.0 0.0 -1.0
vn 0.0 0.0 -1.0
vn 0.0 0.0 -1.0
vn 0.0 0.0 -1.0
vn 0.0 -0.0 -1.0
vn -0.0 -0.0 -1.0
vn 0.0 0.0 -1.0
vn 0.0 0.0 -1.0
vn -0.0 0.0 -1.0
vn -0.0 0.0 -1.0
vn 0.0 0.0 -1.0
vn 0.0 0.0 -1.0
vn 0.0 0.0 -1.0
vn 0.0 0.0 -1.0
vn -0.0 0.0 -1.0
vn 0.0 0.0 -1.0
vn -0.0 0.0 -1.0
vn -0.0 0.0 -1.0
vn -0.0 0.0 -1.0
vn -0.0 0.0 -1.0
vn -0.0 0.0 -1.0
vn 0.0 0.0 -1.0
vn 0.0 0.0 -1.0
vn 0.0 0.0 -1.0
vn -0.0 0.0 -1.0
vn 0.0 0.0 -1.0
vn -0.0 0.0 -1.0
vn 0.0 -0.0 -1.0
vn 0.0 0.0 -1.0
vn 0.0 0.0 -1.0
vn 0.0 0.0 -1.0
vn 0.0 0.0 -1.0
vn 0.0 0.0 -1.0
vn -0.0 0.0 -1.0
vn -0.0 0.0 -1.0
vn -0.0 0.0 -1.0
vn 0.0 0.0 -1.0
vn 0.0 -0.0 -1.0
vn 0.0 -0.0 -1.0
vn 0.0 0.0 -1.0
vn 0.0 0.0 -1.0
vn 0.0 0.0 -1.0
vn 0.0 0.0 -1.0
vn 0.0 -0.0 -1.0
vn 0.0 0.0 -1.0
vn 0.0 0.0 -1.0
vn 0.0 -0.0 -1.0
vn 0.0 -0.0 -1.0
vn 0.0 0.0 -1.0
vn -0.0 0.0 -1.0
vn 0.0 0.0 -1.0
vn 0.0 0.0 -1.0
vn 0.0 0.0 -1.0
vn 0.0 -0.0 -1.0
vn 0.0 0.0 -1.0
vn 0.0 0.0 -1.0
vn 0.0 0.0 -1.0
vn 0.0 0.0 -1.0
vn 0.0 -0.0 -1.0
vn 0.0 0.0 -1.0
vn -0.0 0.0 -1.0
vn 0.0 0.0 -1.0
vn 0.0 -0.0 -1.0
vn 0.0 -0.0 -1.0
vn 0.0 0.0 -1.0
vn 0.0 -0.0 -1.0
vn 0.0 0.0 -1.0
vn -0.0 0.0 -1.0
vn 0.0 0.0 -1.0
vn 0.0 0.0 -1.0
vn 0.0 -0.0 -1.0
vn 0.0 0.0 -1.0
vn 0.0 0.0 -1.0
vn -0.0 0.0 -1.0
vn 0.0 0.0 -1.0
vn 0.0 0.0 -1.0
vn -0.0 0.0 -1.0
vn 0.0 -0.0 -1.0
vn 0.0 -0.0 -1.0
vn 0.0 0.0 -1.0
vn 0.0 0.0 -1.0
vn 0.0 0.0 -1.0
vn -0.0 0.0 -1.0
vn -0.0 0.0 -1.0
vn -0.0 0.0 -1.0
vn -0.0 0.0 -1.0
vn 0.0 0.0 -1.0
vn 0.0 0.0 -1.0
vn -0.0 0.0 -1.0
vn 0.0 0.0 -1.0
vn -0.0 -0.0 -1.0
vn -0.0 0.0 -1.0
vn 0.0 0.0 -1.0
vn 0.0 0.0 -1.0
vn 0.0 0.0 -1.0
vn -0.0 0.0 -1.0
vn 0.0 0.0 -1.0
vn 0.0 0.0 -1.0
vn 0.0 0.0 -1.0
vn 0.0 0.0 -1.0
vn 0.0 0.0 -1.0
vn 0.0 0.0 -1.0
vn 0.0 0.0 -1.0
vn 0.0 0.0 -1.0
vn 0.0 0.0 -1.0
vn 0.0 0.0 -1.0
vn 0.0 0.0 -1.0
vn 0.0 0.0 -1.0
vn 0.0 0.0 -1.0
vn -0.0 0.0 -1.0
vn 0.0 0.0 -1.0
vn 0.0 0.0 -1.0
vn 0.0 -0.0 -1.0
vn 0.0 0.0 -1.0
vn 0.0 0.0 -1.0
vn 0.0 0.0 -1.0
vn 0.0 0.0 -1.0
vn 0.0 0.0 -1.0
vn 0.0 -0.0 -1.0
vn 0.0 0.0 -1.0
vn 0.0 0.0 -1.0
vn 0.0 0.0 -1.0
vn 0.0 0.0 -1.0
vn -0.0 0.0 -1.0
vn 0.0 0.0 -1.0
vn 0.0 0.0 -1.0
vn 0.0 0.0 -1.0
vn 0.0 0.0 -1.0
vn 0.0 0.0 -1.0
vn 0.0 0.0 -1.0
vn 0.0 -0.0 -1.0
vn 0.0 -0.0 -1.0
vn 0.0 0.0 -1.0
vn 0.0 0.0 -1.0
vn -0.0 0.0 -1.0
vn 0.0 0.0 -1.0
vn -0.0 0.0 -1.0
vn -0.0 0.0 -1.0
vn 0.0 0.0 -1.0
vn 0.0 0.0 -1.0
vn 0.0 0.0 -1.0
vn 0.0 0.0 -1.0
vn 0.0 -0.0 -1.0
vn 0.0 -0.0 -1.0
vn 0.0 0.0 -1.0
vn 0.0 -0.0 -1.0
vn 0.0 0.0 -1.0
vn 0.0 0.0 -1.0
vn 0.0 0.0 -1.0
vn 0.0 0.0 -1.0
vn 0.0 0.0 -1.0
vn 0.0 0.0 -1.0
vn -0.0 0.0 -1.0
vn 0.0 0.0 -1.0
vn 0.0 -0.0 -1.0
vn 0.0 -0.0 -1.0
vn 0.0 0.0 -1.0
vn 0.0 -0.0 -1.0
vn 0.0 0.0 -1.0
vn 0.0 0.0 -1.0
vn -0.0 0.0 -1.0
vn 0.0 0.0 -1.0
vn 0.0 0.0 -1.0
vn 0.0 -0.0 -1.0
vn 0.0 0.0 -1.0
vn 0.0 0.0 -1.0
vn 0.0 0.0 -1.0
vn 0.0 0.0 -1.0
vn 0.0 -0.0 -1.0
vn -0.0 0.0 -1.0
vn 0.0 -0.0 -1.0
vn 0.0 0.0 -1.0
vn 0.0 0.0 -1.0
vn 0.0 0.0 -1.0
vn -0.0 0.0 -1.0
vn 0.0 -0.0 -1.0
vn 0.0 0.0 -1.0
vn -0.0 0.0 -1.0
vn 0.0 0.0 -1.0
vn -0.0 0.0 -1.0
vn 0.0 0.0 -1.0
vn -0.0 0.0 -1.0
vn 0.0 0.0 -1.0
vn 0.0 0.0 -1.0
vn 0.0 0.0 -1.0
vn 0.0 0.0 -1.0
vn 0.0 0.0 -1.0
vn 0.0 0.0 -1.0
vn 0.0 0.0 -1.0
vn 0.0 -0.0 -1.0
vn -0.0 0.0 -1.0
vn 0.0 -0.0 -1.0
vn 0.0 0.0 -1.0
vn 0.0 0.0 -1.0
vn 0.0 -0.0 -1.0
vn -0.0 0.0 -1.0
vn 0.0 0.0 -1.0
vn -0.0 0.0 -1.0
vn 0.0 -0.0 -1.0
vn 0.0 0.0 -1.0
vn 0.0 0.0 -1.0
vn -0.0 0.0 -1.0
vn -0.0 0.0 -1.0
vn 0.0 0.0 -1.0
vn 0.0 0.0 -1.0
vn 0.0 0.0 -1.0
vn 0.0 0.0 -1.0
vn 0.0 0.0 -1.0
vn 0.0 0.0 -1.0
vn 0.0 0.0 -1.0
vn 0.0 0.0 -1.0
vn -0.0 0.0 -1.0
vn 0.0 0.0 -1.0
vn -0.0 0.0 -1.0
vn 0.0 -0.0 -1.0
vn 0.0 -0.0 -1.0
vn 0.0 0.0 -1.0
vn 0.0 0.0 -1.0
vn 0.0 -0.0 -1.0
vn 0.0 0.0 -1.0
vn 0.0 0.0 -1.0
vn 0.0 0.0 -1.0
vn 0.0 0.0 -1.0
vn 0.0 0.0 -1.0
vn 0.0 -0.0 -1.0
vn 0.0 0.0 -1.0
vn 0.0 -0.0 -1.0
vn 0.0 -0.0 -1.0
vn 0.0 0.0 -1.0
vn -0.0 0.0 -1.0
vn 0.0 0.0 -1.0
vn 0.0 0.0 -1.0
vn 0.0 -0.0 -1.0
vn 0.0 0.0 -1.0
vn 0.0 0.0 -1.0
vn 0.0 0.0 -1.0
vn 0.0 0.0 -1.0
vn -0.0 0.0 -1.0
vn 0.0 0.0 -1.0
vn -0.0 0.0 -1.0
vn 0.0 -0.0 -1.0
vn 0.0 0.0 -1.0
vn -0.0 0.0 -1.0
vn -0.0 0.0 -1.0
vn 0.0 0.0 -1.0
vn 0.0 0.0 -1.0
vn 0.0 0.0 -1.0
vn 0.0 0.0 -1.0
vn 0.0 0.0 -1.0
vn -0.0 0.0 -1.0
vn -0.0 0.0 -1.0
vn 0.0 0.0 -1.0
vn 0.0 0.0 -1.0
vn 0.0 0.0 -1.0
vn -0.0 0.0 -1.0
vn 0.0 0.0 -1.0
vn 0.0 0.0 -1.0
vn 0.0 0.0 -1.0
vn 0.0 0.0 -1.0
vn 0.0 0.0 -1.0
vn -0.0 0.0 -1.0
vn -0.0 0.0 -1.0
vn -0.0 0.0 -1.0
vn 0.0 0.0 -1.0
vn 0.0 0.0 -1.0
vn -0.0 0.0 -1.0
vn 0.0 -0.0 -1.0
vn 0.0 0.0 -1.0
vn 0.0 0.0 -1.0
vn -0.0 0.0 -1.0
vn -0.0 0.0 -1.0
vn 0.0 0.0 -1.0
vn 0.0 -0.0 -1.0
vn 0.0 0.0 -1.0
vn 0.0 0.0 -1.0
vn -0.0 0.0 -1.0
vn 0.0 0.0 -1.0
vn 0.0 -0.0 -1.0
vn 0.0 0.0 -1.0
vn 0.0 -0.0 -1.0
vn -0.0 0.0 -1.0
vn 0.0 -0.0 -1.0
vn 0.0 0.0 -1.0
vn 0.0 0.0 -1.0
vn 0.0 0.0 -1.0
vn 0.0 0.0 -1.0
vn 0.0 0.0 -1.0
vn 0.0 0.0 -1.0
vn 0.0 0.0 -1.0
vn 0.0 0.0 -1.0
vn 0.0 0.0 -1.0
vn 0.0 0.0 -1.0
vn 0.0 -0.0 -1.0
vn 0.0 0.0 -1.0
vn 0.0 0.0 -1.0
vn -0.0 0.0 -1.0
vn 0.0 0.0 -1.0
vn 0.0 0.0 -1.0
vn -0.0 0.0 -1.0
vn 0.0 0.0 -1.0
vn 0.0 -0.0 -1.0
vn 0.0 0.0 -1.0
vn 0.0 0.0 -1.0
vn 0.0 0.0 -1.0
vn 0.0 -0.0 -1.0
vn 0.0 0.0 -1.0
vn -0.0 0.0 -1.0
vn 0.0 0.0 -1.0
vn 0.0 0.0 -1.0
vn 0.0 -0.0 -1.0
vn -0.0 0.0 -1.0
vn 0.0 0.0 -1.0
vn 0.0 0.0 -1.0
vn -0.0 0.0 -1.0
vn 0.0 -0.0 -1.0
vn -0.0 0.0 -1.0
vn 0.0 0.0 -1.0
vn 0.0 -0.0 -1.0
vn 0.0 0.0 -1.0
vn 0.0 0.0 -1.0
vn 0.0 0.0 -1.0
vn -0.0 0.0 -1.0
vn 0.0 -0.0 -1.0
vn -0.0 0.0 -1.0
vn 0.0 -0.0 -1.0
vn 0.0 0.0 -1.0
vn 0.0 0.0 -1.0
vn 0.0 0.0 -1.0
vn 0.0 0.0 -1.0
vn 0.0 0.0 -1.0
vn 0.0 0.0 -1.0
vn 0.0 0.0 -1.0
vn -0.0 0.0 -1.0
vn 0.0 0.0 -1.0
vn 0.0 -0.0 -1.0
vn 0.0 0.0 -1.0
vn 0.0 0.0 -1.0
vn 0.0 0.0 -1.0
vn 0.0 -0.0 -1.0
vn 0.0 -0.0 -1.0
vn 0.0 -0.0 -1.0
vn 0.0 0.0 -1.0
vn -0.0 0.0 -1.0
vn -0.0 0.0 -1.0
vn 0.0 0.0 -1.0
vn 0.0 0.0 -1.0
vn 0.0 0.0 -1.0
vn 0.0 0.0 -1.0
vn 0.0 -0.0 -1.0
vn 0.0 0.0 -1.0
vn -0.0 0.0 -1.0
vn 0.0 0.0 -1.0
vn 0.0 0.0 -1.0
vn 0.0 -0.0 -1.0
vn -0.0 0.0 -1.0
vn 0.0 0.0 -1.0
vn 0.0 0.0 -1.0
vn 0.0 0.0 -1.0
vn 0.0 0.0 -1.0
vn 0.0 0.0 -1.0
vn 0.0 0.0 -1.0
vn -0.0 0.0 -1.0
vn 0.0 0.0 -1.0
vn 0.0 0.0 -1.0
vn -0.0 0.0 -1.0
vn 0.0 0.0 -1.0
vn 0.0 0.0 -1.0
vn 0.0 0.0 -1.0
vn 0.0 -0.0 -1.0
vn 0.0 0.0 -1.0
vn 0.0 0.0 -1.0
vn 0.0 0.0 -1.0
vn 0.0 0.0 -1.0
vn -0.0 0.0 -1.0
vn 0.0 0.0 -1.0
vn 0.0 0.0 -1.0
vn 0.0 0.0 -1.0
vn 0.0 0.0 -1.0
vn 0.0 0.0 -1.0
vn 0.0 0.0 -1.0
vn 0.0 0.0 -1.0
vn 0.0 -0.0 -1.0
vn 0.0 0.0 -1.0
vn 0.0 0.0 -1.0
vn 0.0 0.0 -1.0
vn 0.0 0.0 -1.0
vn 0.0 0.0 -1.0
vn 0.0 0.0 -1.0
vn 0.0 0.0 -1.0
vn -0.0 0.0 -1.0
vn 0.0 -0.0 -1.0
vn 0.0 0.0 -1.0
vn 0.0 -0.0 -1.0
vn 0.0 0.0 -1.0
vn -0.0 0.0 -1.0
vn 0.0 0.0 -1.0
vn 0.0 0.0 -1.0
vn -0.0 0.0 -1.0
vn 0.0 0.0 -1.0
vn 0.0 0.0 -1.0
vn -0.0 0.0 -1.0
vn 0.0 0.0 -1.0
vn 0.0 -0.0 -1.0
vn 0.0 0.0 -1.0
vn 0.0 0.0 -1.0
vn 0.0 -0.0 -1.0
vn 0.0 0.0 -1.0
vn 0.0 0.0 -1.0
vn 0.0 0.0 -1.0
vn 0.0 0.0 -1.0
vn 0.0 -0.0 -1.0
vn 0.0 -0.0 -1.0
vn 0.0 0.0 -1.0
vn 0.0 0.0 -1.0
vn 0.0 0.0 -1.0
vn 0.0 0.0 -1.0
vn -0.0 0.0 -1.0
vn -0.0 0.0 -1.0
vn 0.0 0.0 -1.0
vn 0.0 0.0 -1.0
vn 0.0 0.0 -1.0
vn -0.0 0.0 -1.0
vn -0.0 0.0 -1.0
vn 0.0 -0.0 -1.0
vn 0.0 0.0 -1.0
vn 0.0 0.0 -1.0
vn 0.0 0.0 -1.0
vn -0.0 0.0 -1.0
vn -0.0 0.0 -1.0
vn 0.0 0.0 -1.0
vn 0.0 0.0 -1.0
vn 0.0 0.0 -1.0
vn 0.0 0.0 -1.0
vn 0.0 -0.0 -1.0
vn 0.0 0.0 -1.0
vn 0.0 0.0 -1.0
vn -0.0 0.0 -1.0
vn 0.0 0.0 -1.0
vn 0.0 0.0 -1.0
vn -0.0 0.0 -1.0
vn 0.0 0.0 -1.0
vn 0.0 0.0 -1.0
vn 0.0 -0.0 -1.0
vn 0.0 0.0 -1.0
vn 0.0 0.0 -1.0
vn 0.0 0.0 -1.0
vn -0.0 0.0 -1.0
vn 0.0 0.0 -1.0
vn -0.0 0.0 -1.0
vn 0.0 0.0 -1.0
vn -0.0 0.0 -1.0
vn 0.0 0.0 -1.0
vn 0.0 -0.0 -1.0
vn 0.0 0.0 -1.0
vn 0.0 0.0 -1.0
vn 0.0 0.0 -1.0
vn 0.0 0.0 -1.0
vn -0.0 0.0 -1.0
vn 0.0 0.0 -1.0
vn 0.0 0.0 -1.0
vn -0.0 0.0 -1.0
vn -0.0 0.0 -1.0
vn 0.0 0.0 -1.0
vn 0.0 0.0 -1.0
vn 0.0 0.0 -1.0
vn 0.0 0.0 -1.0
vn 0.0 0.0 -1.0
vn -0.0 0.0 -1.0
vn 0.0 0.0 -1.0
vn 0.0 -0.0 -1.0
vn 0.0 0.0 -1.0
vn 0.0 0.0 -1.0
vn -0.0 0.0 -1.0
vn 0.0 0.0 -1.0
vn 0.0 0.0 -1.0
vn 0.0 0.0 -1.0
vn 0.0 0.0 -1.0
vn -0.0 0.0 -1.0
vn 0.0 0.0 -1.0
vn 0.0 0.0 -1.0
vn 0.0 0.0 -1.0
vn 0.0 0.0 -1.0
vn 0.0 0.0 -1.0
vn 0.0 0.0 -1.0
vn 0.0 -0.0 -1.0
vn 0.0 0.0 -1.0
vn 0.0 0.0 -1.0
vn 0.0 0.0 -1.0
vn 0.0 0.0 -1.0
vn 0.0 -0.0 -1.0
vn 0.0 0.0 -1.0
vn 0.0 -0.0 -1.0
vn 0.0 0.0 -1.0
vn 0.0 0.0 -1.0
vn 0.0 0.0 -1.0
vn 0.0 -0.0 -1.0
vn -0.0 0.0 -1.0
vn 0.0 0.0 -1.0
vn 0.0 0.0 -1.0
vn 0.0 -0.0 -1.0
vn 0.0 0.0 -1.0
vn 0.0 0.0 -1.0
vn 0.0 0.0 -1.0
vn 0.0 0.0 -1.0
vn 0.0 -0.0 -1.0
vn -0.0 0.0 -1.0
vn 0.0 0.0 -1.0
vn 0.0 0.0 -1.0
vn -0.0 0.0 -1.0
vn 0.0 0.0 -1.0
vn 0.0 0.0 -1.0
vn 0.0 0.0 -1.0
vn -0.0 0.0 -1.0
vn 0.0 0.0 -1.0
vn 0.0 0.0 -1.0
vn 0.0 0.0 -1.0
vn 0.0 0.0 -1.0
vn 0.0 -0.0 -1.0
vn 0.0 0.0 -1.0
vn -0.0 0.0 -1.0
vn 0.0 0.0 -1.0
vn 0.0 0.0 -1.0
vn 0.0 0.0 -1.0
vn 0.0 0.0 -1.0
vn 0.0 0.0 -1.0
vn 0.0 -0.0 -1.0
vn 0.0 0.0 -1.0
vn 0.0 0.0 -1.0
vn 0.0 -0.0 -1.0
vn 0.0 0.0 -1.0
vn 0.0 0.0 -1.0
vn 0.0 0.0 -1.0
vn 0.0 0.0 -1.0
vn 0.0 0.0 -1.0
vn 0.0 0.0 -1.0
vn -0.0 0.0 -1.0
vn -0.0 -0.0 -1.0
vn 0.0 0.0 -1.0
vn -0.0 0.0 -1.0
vn 0.0 -0.0 -1.0
vn 0.0 0.0 -1.0
vn 0.0 0.0 -1.0
vn 0.0 0.0 -1.0
vn 0.0 0.0 -1.0
vn 0.0 0.0 -1.0
vn 0.0 0.0 -1.0
vn 0.0 0.0 -1.0
vn 0.0 0.0 -1.0
vn 0.0 -0.0 -1.0
vn 0.0 0.0 -1.0
vn 0.0 0.0 -1.0
vn 0.0 0.0 -1.0
vn 0.0 0.0 -1.0
vn 0.0 0.0 -1.0
vn 0.0 -0.0 -1.0
vn 0.0 -0.0 -1.0
vn 0.0 0.0 -1.0
vn 0.0 0.0 -1.0
vn 0.0 0.0 -1.0
vn 0.0 0.0 -1.0
vn 0.0 0.0 -1.0
vn 0.0 0.0 -1.0
vn 0.0 0.0 -1.0
vn 0.0 0.0 -1.0
vn 0.0 0.0 -1.0
vn 0.0 0.0 -1.0
vn 0.0 0.0 -1.0
vn 0.0 0.0 -1.0
vn 0.0 0.0 -1.0
vn 0.0 0.0 -1.0
vn -0.0 0.0 -1.0
vn -0.0 0.0 -1.0
vn 0.0 0.0 -1.0
vn 0.0 -0.0 -1.0
vn 0.0 0.0 -1.0
vn 0.0 0.0 -1.0
vn 0.0 0.0 -1.0
vn 0.0 0.0 -1.0
vn -0.0 0.0 -1.0
vn 0.0 0.0 -1.0
vn 0.0 0.0 -1.0
vn 0.0 0.0 -1.0
vn 0.0 0.0 -1.0
vn -0.0 -0.0 -1.0
vn -0.0 -0.0 -1.0
vn 0.0 0.0 -1.0
vn 0.0 0.0 -1.0
vn 0.0 -0.0 -1.0
vn -0.0 0.0 -1.0
vn 0.0 0.0 -1.0
vn -0.0 0.0 -1.0
vn 0.0 -0.0 -1.0
vn 0.0 0.0 -1.0
vn 0.0 0.0 -1.0
vn 0.0 0.0 -1.0
vn 0.0 0.0 -1.0
vn -0.0 0.0 -1.0
vn 0.0 0.0 -1.0
vn 0.0 0.0 -1.0
vn 0.0 0.0 -1.0
vn -0.0 0.0 -1.0
vn -0.0 0.0 -1.0
vn 0.0 -0.0 -1.0
vn 0.0 0.0 -1.0
vn 0.0 0.0 -1.0
vn -0.0 0.0 -1.0
vn -0.0 0.0 -1.0
vn 0.0 -0.0 -1.0
vn 0.0 -0.0 -1.0
vn 0.0 0.0 -1.0
vn 0.0 0.0 -1.0
vn 0.0 0.0 -1.0
vn 0.0 -0.0 -1.0
vn 0.0 0.0 -1.0
vn 0.0 -0.0 -1.0
vn 0.0 -0.0 -1.0
vn 0.0 0.0 -1.0
vn 0.0 0.0 -1.0
vn 0.0 0.0 -1.0
vn 0.0 0.0 -1.0
vn 0.0 0.0 -1.0
vn 0.0 0.0 -1.0
vn 0.0 0.0 -1.0
vn 0.0 0.0 -1.0
vn 0.0 -0.0 1.0
vn 0.0 0.0 1.0
vn 0.0 0.0 1.0
vn 0.0 0.0 1.0
vn 0.0 0.0 1.0
vn -0.0 0.0 1.0
vn 0.0 0.0 1.0
vn 0.0 0.0 1.0
vn 0.0 0.0 1.0
vn 0.0 0.0 1.0
vn 0.0 0.0 1.0
vn 0.0 0.0 1.0
vn 0.0 -0.0 1.0
vn 0.0 0.0 1.0
vn 0.0 0.0 1.0
vn 0.0 0.0 1.0
vn 0.0 0.0 1.0
vn 0.0 0.0 1.0
vn 0.0 0.0 1.0
vn 0.0 0.0 1.0
vn 0.0 0.0 1.0
vn 0.0 -0.0 1.0
vn 0.0 0.0 1.0
vn 0.0 -0.0 1.0
vn 0.0 0.0 1.0
vn 0.0 0.0 1.0
vn 0.0 0.0 1.0
vn -0.0 0.0 1.0
vn 0.0 0.0 1.0
vn 0.0 -0.0 1.0
vn 0.0 0.0 1.0
vn 0.0 0.0 1.0
vn 0.0 0.0 1.0
vn 0.0 0.0 1.0
vn 0.0 0.0 1.0
vn 0.0 0.0 1.0
vn 0.0 0.0 1.0
vn 0.0 0.0 1.0
vn -0.0 0.0 1.0
vn 0.0 -0.0 1.0
vn 0.0 0.0 1.0
vn 0.0 -0.0 1.0
vn 0.0 -0.0 1.0
vn 0.0 0.0 1.0
vn 0.0 -0.0 1.0
vn 0.0 0.0 1.0
vn 0.0 0.0 1.0
vn 0.0 0.0 1.0
vn 0.0 0.0 1.0
vn 0.0 0.0 1.0
vn -0.0 0.0 1.0
vn 0.0 0.0 1.0
vn 0.0 0.0 1.0
vn -0.0 0.0 1.0
vn 0.0 -0.0 1.0
vn 0.0 -0.0 1.0
vn -0.0 0.0 1.0
vn 0.0 0.0 1.0
vn 0.0 0.0 1.0
vn 0.0 -0.0 1.0
vn 0.0 0.0 1.0
vn -0.0 0.0 1.0
vn 0.0 0.0 1.0
vn 0.0 0.0 1.0
vn 0.0 0.0 1.0
vn 0.0 0.0 1.0
vn 0.0 0.0 1.0
vn 0.0 0.0 1.0
vn 0.0 0.0 1.0
vn 0.0 0.0 1.0
vn -0.0 0.0 1.0
vn -0.0 0.0 1.0
vn 0.0 0.0 1.0
vn 0.0 0.0 1.0
vn 0.0 0.0 1.0
vn -0.0 0.0 1.0
vn 0.0 0.0 1.0
vn 0.0 0.0 1.0
vn 0.0 0.0 1.0
vn 0.0 0.0 1.0
vn 0.0 0.0 1.0
vn 0.0 0.0 1.0
vn 0.0 0.0 1.0
vn 0.0 0.0 1.0
vn 0.0 0.0 1.0
vn 0.0 0.0 1.0
vn -0.0 0.0 1.0
vn 0.0 0.0 1.0
vn 0.0 0.0 1.0
vn 0.0 0.0 1.0
vn -0.0 0.0 1.0
vn -0.0 0.0 1.0
vn 0.0 0.0 1.0
vn 0.0 0.0 1.0
vn 0.0 0.0 1.0
vn 0.0 0.0 1.0
vn 0.0 0.0 1.0
vn 0.0 0.0 1.0
vn 0.0 0.0 1.0
vn 0.0 0.0 1.0
vn 0.0 0.0 1.0
vn 0.0 0.0 1.0
vn 0.0 0.0 1.0
vn 0.0 0.0 1.0
vn 0.0 0.0 1.0
vn 0.0 0.0 1.0
vn 0.0 0.0 1.0
vn 0.0 0.0 1.0
vn 0.0 0.0 1.0
vn 0.0 0.0 1.0
vn 0.0 0.0 1.0
vn 0.0 -0.0 1.0
vn -0.0 0.0 1.0
vn 0.0 -0.0 1.0
vn 0.0 0.0 1.0
vn 0.0 0.0 1.0
vn 0.0 -0.0 1.0
vn 0.0 0.0 1.0
vn 0.0 0.0 1.0
vn -0.0 0.0 1.0
vn 0.0 0.0 1.0
vn 0.0 0.0 1.0
vn 0.0 0.0 1.0
vn 0.0 0.0 1.0
vn 0.0 0.0 1.0
vn 0.0 0.0 1.0
vn 0.0 -0.0 1.0
vn 0.0 0.0 1.0
vn 0.0 0.0 1.0
vn -0.0 0.0 1.0
vn 0.0 0.0 1.0
vn 0.0 0.0 1.0
vn 0.0 0.0 1.0
vn 0.0 -0.0 1.0
vn 0.0 0.0 1.0
vn 0.0 -0.0 1.0
vn 0.0 0.0 1.0
vn 0.0 0.0 1.0
vn 0.0 0.0 1.0
vn 0.0 0.0 1.0
vn 0.0 0.0 1.0
vn -0.0 0.0 1.0
vn -0.0 0.0 1.0
vn -0.0 0.0 1.0
vn 0.0 -0.0 1.0
vn 0.0 0.0 1.0
vn 0.0 0.0 1.0
vn 0.0 0.0 1.0
vn 0.0 0.0 1.0
vn 0.0 0.0 1.0
vn 0.0 0.0 1.0
vn 0.0 0.0 1.0
vn 0.0 0.0 1.0
vn 0.0 0.0 1.0
vn -0.0 0.0 1.0
vn -0.0 0.0 1.0
vn 0.0 -0.0 1.0
vn -0.0 0.0 1.0
vn 0.0 -0.0 1.0
vn 0.0 -0.0 1.0
vn 0.0 0.0 1.0
vn 0.0 0.0 1.0
vn 0.0 0.0 1.0
vn -0.0 0.0 1.0
vn 0.0 -0.0 1.0
vn 0.0 0.0 1.0
vn 0.0 0.0 1.0
vn -0.0 0.0 1.0
vn 0.0 0.0 1.0
vn -0.0 0.0 1.0
vn 0.0 0.0 1.0
vn 0.0 -0.0 1.0
vn -0.0 0.0 1.0
vn 0.0 -0.0 1.0
vn 0.0 0.0 1.0
vn 0.0 0.0 1.0
vn 0.0 0.0 1.0
vn 0.0 0.0 1.0
vn 0.0 0.0 1.0
vn 0.0 0.0 1.0
vn 0.0 0.0 1.0
vn 0.0 0.0 1.0
vn 0.0 -0.0 1.0
vn 0.0 -0.0 1.0
vn 0.0 0.0 1.0
vn 0.0 0.0 1.0
vn 0.0 0.0 1.0
vn 0.0 0.0 1.0
vn 0.0 -0.0 1.0
vn 0.0 0.0 1.0
vn 0.0 0.0 1.0
vn 0.0 0.0 1.0
vn 0.0 -0.0 1.0
vn -0.0 0.0 1.0
vn 0.0 0.0 1.0
vn 0.0 0.0 1.0
vn 0.0 0.0 1.0
vn 0.0 0.0 1.0
vn -0.0 0.0 1.0
vn 0.0 -0.0 1.0
vn 0.0 -0.0 1.0
vn 0.0 0.0 1.0
vn 0.0 0.0 1.0
vn 0.0 0.0 1.0
vn 0.0 -0.0 1.0
vn 0.0 0.0 1.0
vn 0.0 0.0 1.0
vn 0.0 -0.0 1.0
vn 0.0 -0.0 1.0
vn -0.0 0.0 1.0
vn -0.0 0.0 1.0
vn 0.0 0.0 1.0
vn -0.0 0.0 1.0
vn 0.0 0.0 1.0
vn 0.0 0.0 1.0
vn -0.0 0.0 1.0
vn 0.0 -0.0 1.0
vn 0.0 0.0 1.0
vn -0.0 0.0 1.0
vn -0.0 0.0 1.0
vn 0.0 0.0 1.0
vn 0.0 0.0 1.0
vn 0.0 -0.0 1.0
vn 0.0 -0.0 1.0
vn 0.0 0.0 1.0
vn 0.0 -0.0 1.0
vn 0.0 0.0 1.0
vn 0.0 0.0 1.0
vn 0.0 -0.0 1.0
vn 0.0 0.0 1.0
vn -0.0 0.0 1.0
vn 0.0 -0.0 1.0
vn 0.0 0.0 1.0
vn 0.0 -0.0 1.0
vn 0.0 0.0 1.0
vn 0.0 0.0 1.0
vn 0.0 0.0 1.0
vn 0.0 0.0 1.0
vn 0.0 -0.0 1.0
vn 0.0 0.0 1.0
vn 0.0 0.0 1.0
vn 0.0 -0.0 1.0
vn 0.0 0.0 1.0
vn 0.0 0.0 1.0
vn 0.0 0.0 1.0
vn -0.0 0.0 1.0
vn 0.0 0.0 1.0
vn -0.0 0.0 1.0
vn 0.0 -0.0 1.0
vn 0.0 0.0 1.0
vn 0.0 0.0 1.0
vn 0.0 0.0 1.0
vn 0.0 0.0 1.0
vn 0.0 0.0 1.0
vn 0.0 0.0 1.0
vn 0.0 0.0 1.0
vn 0.0 0.0 1.0
vn 0.0 0.0 1.0
vn 0.0 0.0 1.0
vn 0.0 0.0 1.0
vn 0.0 0.0 1.0
vn 0.0 0.0 1.0
vn 0.0 0.0 1.0
vn 0.0 0.0 1.0
vn -0.0 0.0 1.0
vn 0.0 0.0 1.0
vn 0.0 0.0 1.0
vn -0.0 0.0 1.0
vn 0.0 0.0 1.0
vn 0.0 0.0 1.0
vn 0.0 0.0 1.0
vn 0.0 0.0 1.0
vn 0.0 0.0 1.0
vn -0.0 0.0 1.0
vn 0.0 0.0 1.0
vn 0.0 0.0 1.0
vn 0.0 0.0 1.0
vn -0.0 0.0 1.0
vn 0.0 -0.0 1.0
vn -0.0 0.0 1.0
vn 0.0 0.0 1.0
vn -0.0 0.0 1.0
vn 0.0 -0.0 1.0
vn 0.0 0.0 1.0
vn 0.0 0.0 1.0
vn 0.0 0.0 1.0
vn 0.0 0.0 1.0
vn 0.0 0.0 1.0
vn 0.0 0.0 1.0
vn 0.0 0.0 1.0
vn 0.0 0.0 1.0
vn -0.0 0.0 1.0
vn 0.0 0.0 1.0
vn 0.0 -0.0 1.0
vn 0.0 -0.0 1.0
vn 0.0 0.0 1.0
vn 0.0 0.0 1.0
vn 0.0 0.0 1.0
vn 0.0 0.0 1.0
vn -0.0 0.0 1.0
vn 0.0 0.0 1.0
vn 0.0 -0.0 1.0
vn 0.0 0.0 1.0
vn 0.0 0.0 1.0
vn 0.0 0.0 1.0
vn 0.0 -0.0 1.0
vn 0.0 0.0 1.0
vn 0.0 0.0 1.0
vn 0.0 -0.0 1.0
vn 0.0 0.0 1.0
vn 0.0 0.0 1.0
vn 0.0 -0.0 1.0
vn 0.0 0.0 1.0
vn 0.0 0.0 1.0
vn 0.0 0.0 1.0
vn 0.0 0.0 1.0
vn 0.0 0.0 1.0
vn -0.0 0.0 1.0
vn -0.0 0.0 1.0
vn 0.0 -0.0 1.0
vn 0.0 -0.0 1.0
vn 0.0 0.0 1.0
vn -0.0 0.0 1.0
vn 0.0 0.0 1.0
vn 0.0 0.0 1.0
vn 0.0 -0.0 1.0
vn 0.0 0.0 1.0
vn 0.0 0.0 1.0
vn 0.0 0.0 1.0
vn 0.0 -0.0 1.0
vn 0.0 0.0 1.0
vn 0.0 -0.0 1.0
vn 0.0 0.0 1.0
vn -0.0 0.0 1.0
vn 0.0 0.0 1.0
vn 0.0 -0.0 1.0
vn 0.0 0.0 1.0
vn 0.0 0.0 1.0
vn -0.0 0.0 1.0
vn -0.0 0.0 1.0
vn -0.0 0.0 1.0
vn -0.0 0.0 1.0
vn 0.0 0.0 1.0
vn 0.0 0.0 1.0
vn 0.0 0.0 1.0
vn 0.0 0.0 1.0
vn 0.0 -0.0 1.0
vn 0.0 0.0 1.0
vn 0.0 0.0 1.0
vn 0.0 0.0 1.0
vn 0.0 0.0 1.0
vn -0.0 0.0 1.0
vn 0.0 -0.0 1.0
vn 0.0 0.0 1.0
vn 0.0 0.0 1.0
vn 0.0 -0.0 1.0
vn 0.0 0.0 1.0
vn 0.0 0.0 1.0
vn 0.0 0.0 1.0
vn -0.0 0.0 1.0
vn 0.0 0.0 1.0
vn 0.0 0.0 1.0
vn 0.0 0.0 1.0
vn 0.0 -0.0 1.0
vn 0.0 0.0 1.0
vn 0.0 0.0 1.0
vn -0.0 0.0 1.0
vn 0.0 0.0 1.0
vn 0.0 0.0 1.0
vn 0.0 -0.0 1.0
vn 0.0 -0.0 1.0
vn 0.0 -0.0 1.0
vn 0.0 -0.0 1.0
vn 0.0 0.0 1.0
vn -0.0 0.0 1.0
vn -0.0 0.0 1.0
vn -0.0 0.0 1.0
vn 0.0 0.0 1.0
vn 0.0 -0.0 1.0
vn 0.0 -0.0 1.0
vn 0.0 -0.0 1.0
vn 0.0 0.0 1.0
vn 0.0 0.0 1.0
vn 0.0 0.0 1.0
vn 0.0 0.0 1.0
vn 0.0 0.0 1.0
vn 0.0 0.0 1.0
vn 0.0 0.0 1.0
vn -0.0 0.0 1.0
vn 0.0 0.0 1.0
vn 0.0 0.0 1.0
vn -0.0 0.0 1.0
vn 0.0 0.0 1.0
vn 0.0 0.0 1.0
vn 0.0 0.0 1.0
vn 0.0 0.0 1.0
vn -0.0 0.0 1.0
vn 0.0 0.0 1.0
vn -0.0 0.0 1.0
vn 0.0 0.0 1.0
vn 0.0 0.0 1.0
vn 0.0 0.0 1.0
vn -0.0 0.0 1.0
vn 0.0 -0.0 1.0
vn 0.0 0.0 1.0
vn -0.0 0.0 1.0
vn 0.0 -0.0 1.0
vn 0.0 0.0 1.0
vn 0.0 0.0 1.0
vn 0.0 0.0 1.0
vn 0.0 0.0 1.0
vn 0.0 0.0 1.0
vn 0.0 -0.0 1.0
vn 0.0 0.0 1.0
vn 0.0 0.0 1.0
vn -0.0 0.0 1.0
vn 0.0 0.0 1.0
vn 0.0 0.0 1.0
vn 0.0 0.0 1.0
vn 0.0 0.0 1.0
vn 0.0 0.0 1.0
vn 0.0 0.0 1.0
vn 0.0 0.0 1.0
vn -0.0 0.0 1.0
vn 0.0 0.0 1.0
vn 0.0 -0.0 1.0
vn 0.0 -0.0 1.0
vn 0.0 0.0 1.0
vn 0.0 0.0 1.0
vn 0.0 0.0 1.0
vn 0.0 0.0 1.0
vn 0.0 0.0 1.0
vn 0.0 -0.0 1.0
vn 0.0 0.0 1.0
vn 0.0 0.0 1.0
vn 0.0 -0.0 1.0
vn 0.0 0.0 1.0
vn 0.0 -0.0 1.0
vn 0.0 0.0 1.0
vn 0.0 0.0 1.0
vn 0.0 0.0 1.0
vn 0.0 0.0 1.0
vn 0.0 0.0 1.0
vn 0.0 0.0 1.0
vn 0.0 -0.0 1.0
vn 0.0 0.0 1.0
vn 0.0 0.0 1.0
vn 0.0 -0.0 1.0
vn 0.0 0.0 1.0
vn 0.0 0.0 1.0
vn 0.0 0.0 1.0
vn 0.0 0.0 1.0
vn -0.0 0.0 1.0
vn 0.0 -0.0 1.0
vn 0.0 0.0 1.0
vn 0.0 0.0 1.0
vn 0.0 0.0 1.0
vn 0.0 0.0 1.0
vn 0.0 0.0 1.0
vn 0.0 0.0 1.0
vn 0.0 0.0 1.0
vn 0.0 0.0 1.0
vn 0.0 -0.0 1.0
vn 0.0 0.0 1.0
vn 0.0 -0.0 1.0
vn 0.0 0.0 1.0
vn 0.0 0.0 1.0
vn 0.0 0.0 1.0
vn -0.0 0.0 1.0
vn 0.0 0.0 1.0
vn 0.0 -0.0 1.0
vn 0.0 0.0 1.0
vn 0.0 0.0 1.0
vn 0.0 0.0 1.0
vn 0.0 0.0 1.0
vn 0.0 -0.0 1.0
vn -0.0 0.0 1.0
vn 0.0 0.0 1.0
vn 0.0 0.0 1.0
vn 0.0 0.0 1.0
vn -0.0 0.0 1.0
vn -0.0 0.0 1.0
vn -0.0 0.0 1.0
vn 0.0 -0.0 1.0
vn 0.0 0.0 1.0
vn 0.0 0.0 1.0
vn 0.0 0.0 1.0
vn 0.0 0.0 1.0
vn 0.0 0.0 1.0
vn -0.0 0.0 1.0
vn 0.0 0.0 1.0
vn 0.0 0.0 1.0
vn 0.0 0.0 1.0
vn 0.0 -0.0 1.0
vn 0.0 0.0 1.0
vn 0.0 0.0 1.0
vn 0.0 0.0 1.0
vn 0.0 0.0 1.0
vn 0.0 0.0 1.0
vn 0.0 0.0 1.0
vn 0.0 0.0 1.0
vn 0.0 0.0 1.0
vn 0.0 0.0 1.0
vn 0.0 0.0 1.0
vn -0.0 0.0 1.0
vn 0.0 0.0 1.0
vn 0.0 0.0 1.0
vn 0.0 0.0 1.0
vn 0.0 0.0 1.0
vn 0.0 0.0 1.0
vn 0.0 0.0 1.0
vn -0.0 0.0 1.0
vn 0.0 0.0 1.0
vn -0.0 0.0 1.0
vn -0.0 0.0 1.0
vn 0.0 0.0 1.0
vn 0.0 0.0 1.0
vn 0.0 0.0 1.0
vn 0.0 0.0 1.0
vn 0.0 0.0 1.0
vn -0.0 0.0 1.0
vn 0.0 0.0 1.0
vn 0.0 -0.0 1.0
vn 0.0 0.0 1.0
vn 0.0 -0.0 1.0
vn 0.0 0.0 1.0
vn 0.0 0.0 1.0
vn 0.0 -0.0 1.0
vn -0.0 0.0 1.0
vn 0.0 0.0 1.0
vn 0.0 0.0 1.0
vn 0.0 0.0 1.0
vn 0.0 0.0 1.0
vn 0.0 0.0 1.0
vn 0.0 -0.0 1.0
vn 0.0 0.0 1.0
vn 0.0 0.0 1.0
vn 0.0 -0.0 1.0
vn 0.0 0.0 1.0
vn -0.0 0.0 1.0
vn 0.0 -0.0 1.0
vn 0.0 0.0 1.0
vn 0.0 0.0 1.0
vn 0.0 -0.0 1.0
vn 0.0 0.0 1.0
vn 0.0 -0.0 1.0
vn -0.0 0.0 1.0
vn 0.0 -0.0 1.0
vn 0.0 0.0 1.0
vn 0.0 0.0 1.0
vn 0.0 0.0 1.0
vn 0.0 0.0 1.0
vn 0.0 -0.0 1.0
vn 0.0 -0.0 1.0
vn 0.0 0.0 1.0
vn -0.0 0.0 1.0
vn 0.0 0.0 1.0
vn 0.0 -0.0 1.0
vn 0.0 0.0 1.0
vn 0.0 0.0 1.0
vn 0.0 0.0 1.0
vn 0.0 -0.0 1.0
vn 0.0 -0.0 1.0
vn 0.0 0.0 1.0
vn 0.0 -0.0 1.0
vn 0.0 0.0 1.0
vn 0.0 0.0 1.0
vn 0.0 0.0 1.0
vn 0.0 0.0 1.0
vn 0.0 0.0 1.0
vn 0.0 0.0 1.0
vn 0.0 0.0 1.0
vn 0.0 -0.0 1.0
vn -0.0 0.0 1.0
vn 0.0 0.0 1.0
vn 0.0 0.0 1.0
vn 0.0 -0.0 1.0
vn -0.0 0.0 1.0
vn 0.0 0.0 1.0
vn 0.0 0.0 1.0
vn 0.0 0.0 1.0
vn -0.0 0.0 1.0
vn 0.0 0.0 1.0
vn 0.0 0.0 1.0
vn 0.0 0.0 1.0
vn 0.0 0.0 1.0
vn -0.0 0.0 1.0
vn -0.0 0.0 1.0
vn 0.0 0.0 1.0
vn 0.0 0.0 1.0
vn -0.0 0.0 1.0
vn -0.0 0.0 1.0
vn 0.0 -0.0 1.0
vn 0.0 0.0 1.0
vn 0.0 0.0 1.0
vn 0.0 0.0 1.0
vn 0.0 0.0 1.0
vn 0.0 0.0 1.0
vn 0.0 0.0 1.0
vn 0.0 0.0 1.0
vn 0.0 0.0 1.0
vn 0.0 0.0 1.0
vn -0.0 0.0 1.0
vn 0.0 0.0 1.0
vn 0.0 -0.0 1.0
vn 0.0 0.0 1.0
vn 0.0 0.0 1.0
vn -0.0 0.0 1.0
vn -0.0 0.0 1.0
vn 0.0 -0.0 1.0
vn 0.0 -0.0 1.0
vn 0.0 0.0 1.0
vn -0.0 0.0 1.0
vn -0.0 0.0 1.0
vn 0.0 0.0 1.0
vn 0.0 0.0 1.0
vn 0.0 -0.0 1.0
vn 0.0 -0.0 1.0
vn 0.0 -0.0 1.0
vn 0.0 0.0 1.0
vn 0.0 0.0 1.0
vn 0.0 0.0 1.0
vn 0.0 -0.0 1.0
vn 0.0 0.0 1.0
vn 0.0 1.0 0.0
vn 0.0 1.0 0.0
vn -1.0 0.0 0.0
vn -1.0 0.0 0.0
vn 0.0 -1.0 0.0
vn 0.0 -1.0 0.0
vn 1.0 0.0 0.0
vn 1.0 0.0 -0.0
vn 0.0 1.0 0.0
vn 0.0 1.0 0.0
vn -1.0 0.0 0.0
vn -1.0 0.0 0.0
vn 0.0 -1.0 0.0
vn 0.0 -1.0 0.0
vn 1.0 0.0 0.0
vn 1.0 0.0 -0.0
vn 0.489483 -0.872013 0.0
vn 0.489483 -0.872013 0.0
vn 0.736228 -0.676734 0.0
vn 0.736228 -0.676734 0.0
vn 0.8763 -0.481766 0.0
vn 0.8763 -0.481766 0.0
vn 0.94523 -0.326404 0.0
vn 0.94523 -0.326404 0.0
vn 0.978943 -0.204135 0.0
vn 0.978943 -0.204135 0.0
vn 0.99418 -0.107728 0.0
vn 0.99418 -0.107728 0.0
vn 0.999492 -0.031866 0.0
vn 0.999492 -0.031866 0.0
vn 0.999531 0.030628 0.0
vn 0.999531 0.030628 -0.0
vn 0.994587 0.103905 0.0
vn 0.994587 0.103905 -0.0
vn 0.980283 0.197598 0.0
vn 0.980283 0.197598 -0.0
vn 0.948157 0.317801 0.0
vn 0.948157 0.317801 -0.0
vn 0.881487 0.472208 0.0
vn 0.881487 0.472208 -0.0
vn 0.744165 0.667996 0.0
vn 0.744165 0.667996 -0.0
vn 0.497794 0.867295 0.0
vn 0.497794 0.867295 -0.0
vn 0.165333 0.986238 0.0
vn 0.165333 0.986238 -0.0
vn -0.183988 0.982929 0.0
vn -0.183988 0.982929 0.0
vn -0.559631 0.828742 0.0
vn -0.559631 0.828742 0.0
vn -0.815999 0.578053 0.0
vn -0.815999 0.578053 0.0
vn -0.935571 0.353138 0.0
vn -0.935571 0.353138 0.0
vn 0.0 1.0 0.0
vn 0.0 1.0 0.0
vn 0.999906 -0.013674 0.0
vn 0.999906 -0.013674 0.0
vn 1.0 0.0 0.0
vn 1.0 0.0 -0.0
vn 0.0 1.0 0.0
vn 0.0 1.0 0.0
vn -1.0 0.0 0.0
vn -1.0 0.0 0.0
vn -0.999992 0.004102 0.0
vn -0.999992 0.004102 0.0
vn -0.999906 0.013734 0.0
vn -0.999906 0.013734 0.0
vn -0.999665 0.025899 0.0
vn -0.999665 0.025899 0.0
vn -0.999133 0.041622 0.0
vn -0.999133 0.041622 0.0
vn 0.0 -1.0 0.0
vn 0.0 -1.0 0.0
vn 0.991457 -0.130435 0.0
vn 0.991457 -0.130435 0.0
vn 0.996309 -0.085843 0.0
vn 0.996309 -0.085843 0.0
vn 0.998009 -0.063072 0.0
vn 0.998009 -0.063072 0.0
vn 0.998784 -0.049293 0.0
vn 0.998784 -0.049293 0.0
vn 0.999167 -0.040819 0.0
vn 0.999167 -0.040819 0.0
vn 0.99946 -0.032865 0.0
vn 0.99946 -0.032865 0.0
vn 0.999745 -0.022592 0.0
vn 0.999745 -0.022592 0.0
vn 0.999961 -0.008814 0.0
vn 0.999961 -0.008814 0.0
vn 0.0 -1.0 0.0
vn 0.0 -1.0 0.0
vn -0.947333 -0.320251 0.0
vn -0.947333 -0.320251 0.0
vn -0.90796 -0.419058 0.0
vn -0.90796 -0.419058 0.0
vn -0.847651 -0.530555 0.0
vn -0.847651 -0.530555 0.0
vn -0.759919 -0.650018 0.0
vn -0.759919 -0.650018 0.0
vn -0.638488 -0.769632 0.0
vn -0.638488 -0.769632 0.0
vn -0.478219 -0.87824 0.0
vn -0.478219 -0.87824 0.0
vn -0.289182 -0.957274 0.0
vn -0.289182 -0.957274 0.0
vn -0.093442 -0.995625 0.0
vn -0.093442 -0.995625 0.0
vn 0.162073 -0.986779 0.0
vn 0.162073 -0.986779 0.0
vn 0.541398 0.840767 -0.0
vn 0.541398 0.840767 0.0
vn 0.78348 0.621417 -0.0
vn 0.78348 0.621417 0.0
vn 0.905904 0.423484 -0.0
vn 0.905904 0.423484 0.0
vn 0.960136 0.279532 -0.0
vn 0.960136 0.279532 0.0
vn 0.984839 0.173473 -0.0
vn 0.984839 0.173473 0.0
vn 0.995817 0.091367 -0.0
vn 0.995817 0.091367 0.0
vn 0.999637 0.026956 -0.0
vn 0.999637 0.026956 0.0
vn 0.999654 -0.026289 0.0
vn 0.999654 -0.026289 0.0
vn 0.995951 -0.089903 0.0
vn 0.995951 -0.089903 0.0
vn 0.984948 -0.17285 0.0
vn 0.984948 -0.17285 0.0
vn 0.959276 -0.282469 0.0
vn 0.959276 -0.282469 0.0
vn 0.902844 -0.429969 0.0
vn 0.902844 -0.429969 0.0
vn 0.779472 -0.626437 0.0
vn 0.779472 -0.626437 0.0
vn 0.537868 -0.843029 0.0
vn 0.537868 -0.843029 0.0
vn 0.182503 -0.983205 0.0
vn 0.182503 -0.983205 0.0
vn -0.172968 -0.984927 0.0
vn -0.172968 -0.984927 -0.0
vn -0.522083 -0.852895 0.0
vn -0.522083 -0.852895 -0.0
vn -0.772884 -0.634547 0.0
vn -0.772884 -0.634547 -0.0
vn -0.904044 -0.42744 0.0
vn -0.904044 -0.42744 -0.0
vn -0.962713 -0.270524 0.0
vn -0.962713 -0.270524 -0.0
vn -0.987047 -0.160432 0.0
vn -0.987047 -0.160432 -0.0
vn -0.996666 -0.081584 0.0
vn -0.996666 -0.081584 -0.0
vn -0.999723 -0.023555 0.0
vn -0.999723 -0.023555 -0.0
vn -0.998689 0.051183 0.0
vn -0.998689 0.051183 0.0
vn -0.977617 0.210393 0.0
vn -0.977617 0.210393 0.0
vn -0.858302 0.513145 0.0
vn -0.858302 0.513145 0.0
vn -0.370021 0.929023 0.0
vn -0.370021 0.929023 0.0
vn 0.183579 0.983005 -0.0
vn 0.183579 0.983005 0.0
vn 0.0 -1.0 0.0
vn 0.0 -1.0 0.0
vn -0.978977 -0.20397 0.0
vn -0.978977 -0.20397 0.0
vn 0.0 -1.0 0.0
vn 0.0 -1.0 0.0
vn 0.977048 0.21302 0.0
vn 0.977048 0.21302 -0.0
vn 0.0 1.0 0.0
vn 0.0 1.0 0.0
vn -0.976873 0.213819 0.0
vn -0.976873 0.213819 0.0
vn 0.0 -1.0 0.0
vn 0.0 -1.0 0.0
vn 0.97898 -0.203956 0.0
vn 0.97898 -0.203956 0.0
vn 0.979481 -0.201539 0.0
vn 0.979481 -0.201539 0.0
vn 0.979668 -0.200626 0.0
vn 0.979668 -0.200626 0.0
vn 0.980066 -0.198671 0.0
vn 0.980066 -0.198671 0.0
vn 0.981245 -0.192764 0.0
vn 0.981245 -0.192764 0.0
vn 0.984047 -0.17791 0.0
vn 0.984047 -0.17791 0.0
vn 0.984567 -0.17501 0.0
vn 0.984567 -0.17501 0.0
vn 0.985273 -0.170991 0.0
vn 0.985273 -0.170991 0.0
vn 0.985962 -0.166967 0.0
vn 0.985962 -0.166967 0.0
vn 0.986937 -0.161105 0.0
vn 0.986937 -0.161105 0.0
vn -0.983719 -0.179714 0.0
vn -0.983719 -0.179714 -0.0
vn -0.982488 -0.186326 0.0
vn -0.982488 -0.186326 -0.0
vn -0.979447 -0.2017 0.0
vn -0.979447 -0.2017 -0.0
vn 0.0 1.0 0.0
vn 0.0 1.0 0.0
vn 0.999536 -0.030467 0.0
vn 0.999536 -0.030467 0.0
vn 0.994914 -0.100728 0.0
vn 0.994914 -0.100728 0.0
vn 0.982607 -0.185698 0.0
vn 0.982607 -0.185698 0.0
vn 0.957642 -0.287962 0.0
vn 0.957642 -0.287962 0.0
vn 0.910998 -0.41241 0.0
vn 0.910998 -0.41241 0.0
vn 0.811253 -0.584695 0.0
vn 0.811253 -0.584695 0.0
vn 0.596344 -0.802729 0.0
vn 0.596344 -0.802729 0.0
vn 0.21817 -0.975911 0.0
vn 0.21817 -0.975911 0.0
vn -0.382317 -0.924031 0.0
vn -0.382317 -0.924031 0.0
vn -0.866755 -0.498734 0.0
vn -0.866755 -0.498734 0.0
vn -0.97921 -0.202848 0.0
vn -0.97921 -0.202848 0.0
vn -0.998786 -0.049259 0.0
vn -0.998786 -0.049259 0.0
vn -1.0 0.0 0.0
vn -1.0 0.0 0.0
vn 0.0 -1.0 0.0
vn 0.0 -1.0 0.0
vn 1.0 0.0 0.0
vn 1.0 0.0 -0.0
vn 0.998772 -0.049551 0.0
vn 0.998772 -0.049551 0.0
vn 0.993258 -0.115925 0.0
vn 0.993258 -0.115925 0.0
vn 0.979879 -0.199591 0.0
vn 0.979879 -0.199591 0.0
vn 0.952181 -0.305536 0.0
vn 0.952181 -0.305536 0.0
vn 0.899891 -0.436115 0.0
vn 0.899891 -0.436115 0.0
vn 0.793285 -0.608851 0.0
vn 0.793285 -0.608851 0.0
vn 0.573724 -0.819049 0.0
vn 0.573724 -0.819049 0.0
vn 0.206911 -0.97836 0.0
vn 0.206911 -0.97836 0.0
vn -0.382291 -0.924042 0.0
vn -0.382291 -0.924042 0.0
vn -0.866733 -0.498773 0.0
vn -0.866733 -0.498773 0.0
vn -0.979209 -0.202854 0.0
vn -0.979209 -0.202854 0.0
vn -0.998785 -0.049269 0.0
vn -0.998785 -0.049269 0.0
vn -1.0 0.0 0.0
vn -1.0 0.0 0.0
vn 0.0 -1.0 0.0
vn 0.0 -1.0 0.0
vn 1.0 0.0 0.0
vn 1.0 0.0 -0.0
vn 0.99946 0.032864 0.0
vn 0.99946 0.032864 -0.0
vn 0.993726 0.111838 0.0
vn 0.993726 0.111838 -0.0
vn 0.976992 0.213275 0.0
vn 0.976992 0.213275 -0.0
vn 0.939201 0.343369 0.0
vn 0.939201 0.343369 -0.0
vn 0.861568 0.507642 0.0
vn 0.861568 0.507642 -0.0
vn 0.709806 0.704398 0.0
vn 0.709806 0.704398 -0.0
vn 0.459503 0.888176 0.0
vn 0.459503 0.888176 -0.0
vn 0.148996 0.988838 0.0
vn 0.148996 0.988838 -0.0
vn -0.100236 0.994964 0.0
vn -0.100236 0.994964 0.0
vn -0.315899 0.948793 0.0
vn -0.315899 0.948793 0.0
vn -0.525523 0.850779 0.0
vn -0.525523 0.850779 0.0
vn -0.698166 0.715936 0.0
vn -0.698166 0.715936 0.0
vn -0.820212 0.572059 0.0
vn -0.820212 0.572059 0.0
vn -0.892521 0.451006 0.0
vn -0.892521 0.451006 0.0
vn -0.934218 0.356704 0.0
vn -0.934218 0.356704 0.0
vn -0.958935 0.283627 0.0
vn -0.958935 0.283627 0.0
vn 0.0 1.0 0.0
vn 0.0 1.0 0.0
vn 0.975648 0.219343 0.0
vn 0.975648 0.219343 -0.0
vn 0.889736 0.456476 0.0
vn 0.889736 0.456476 -0.0
vn 0.644733 0.764408 0.0
vn 0.644733 0.764408 -0.0
vn 0.214726 0.976674 0.0
vn 0.214726 0.976674 -0.0
vn -0.111302 0.993787 0.0
vn -0.111302 0.993787 0.0
vn -0.34081 0.940132 0.0
vn -0.34081 0.940132 0.0
vn -0.548503 0.836149 0.0
vn -0.548503 0.836149 0.0
vn -0.70872 0.70549 0.0
vn -0.70872 0.70549 0.0
vn -0.822569 0.568666 0.0
vn -0.822569 0.568666 0.0
vn -0.894372 0.447324 0.0
vn -0.894372 0.447324 0.0
vn -0.936323 0.35114 0.0
vn -0.936323 0.35114 0.0
vn -0.961265 0.275628 0.0
vn -0.961265 0.275628 0.0
vn 0.0 1.0 0.0
vn 0.0 1.0 0.0
vn 0.99995 0.009986 0.0
vn 0.99995 0.009986 -0.0
vn 0.99975 0.022352 0.0
vn 0.99975 0.022352 -0.0
vn 0.99956 0.029659 0.0
vn 0.99956 0.029659 -0.0
vn 0.999405 0.034491 0.0
vn 0.999405 0.034491 -0.0
vn 0.99927 0.038197 0.0
vn 0.99927 0.038197 -0.0
vn 0.999057 0.043427 0.0
vn 0.999057 0.043427 -0.0
vn 0.998618 0.052555 0.0
vn 0.998618 0.052555 -0.0
vn 0.997379 0.072355 0.0
vn 0.997379 0.072355 -0.0
vn 0.0 1.0 0.0
vn 0.0 1.0 0.0
vn -0.999252 -0.03868 0.0
vn -0.999252 -0.03868 0.0
vn -0.999395 -0.034773 0.0
vn -0.999395 -0.034773 0.0
vn -0.999507 -0.031404 0.0
vn -0.999507 -0.031404 0.0
vn -0.999598 -0.028355 0.0
vn -0.999598 -0.028355 0.0
vn -0.999755 -0.022131 0.0
vn -0.999755 -0.022131 0.0
vn -0.999902 -0.013974 0.0
vn -0.999902 -0.013974 0.0
vn -0.999972 -0.007496 0.0
vn -0.999972 -0.007496 0.0
vn -0.999997 -0.002282 0.0
vn -0.999997 -0.002282 0.0
vn -1.0 0.0 0.0
vn -1.0 0.0 0.0
vn 0.0 -1.0 0.0
vn 0.0 -1.0 0.0
vn 1.0 0.0 0.0
vn 1.0 0.0 -0.0
vn 0.282295 -0.959328 0.0
vn 0.282295 -0.959328 0.0
vn 0.491004 -0.871158 0.0
vn 0.491004 -0.871158 0.0
vn 0.679761 -0.733434 0.0
vn 0.679761 -0.733434 0.0
vn 0.823518 -0.56729 0.0
vn 0.823518 -0.56729 0.0
vn 0.922073 -0.387017 0.0
vn 0.922073 -0.387017 0.0
vn 0.976735 -0.21445 0.0
vn 0.976735 -0.21445 0.0
vn 0.997902 -0.064736 0.0
vn 0.997902 -0.064736 0.0
vn 0.99955 0.029993 0.0
vn 0.99955 0.029993 -0.0
vn 0.995109 0.098777 0.0
vn 0.995109 0.098777 -0.0
vn 0.983357 0.181683 0.0
vn 0.983357 0.181683 -0.0
vn 0.959767 0.280799 0.0
vn 0.959767 0.280799 -0.0
vn 0.926359 0.376643 0.0
vn 0.926359 0.376643 -0.0
vn 0.887628 0.460561 0.0
vn 0.887628 0.460561 -0.0
vn 0.835426 0.549603 0.0
vn 0.835426 0.549603 -0.0
vn 0.768327 0.640057 0.0
vn 0.768327 0.640057 -0.0
vn 0.688585 0.725156 0.0
vn 0.688585 0.725156 -0.0
vn 0.608042 0.793905 0.0
vn 0.608042 0.793905 -0.0
vn 0.529675 0.848201 0.0
vn 0.529675 0.848201 -0.0
vn 0.456185 0.889885 0.0
vn 0.456185 0.889885 -0.0
vn 0.40743 0.913236 0.0
vn 0.40743 0.913236 -0.0
vn 0.380386 0.924828 0.0
vn 0.380386 0.924828 -0.0
vn 0.355845 0.934545 0.0
vn 0.355845 0.934545 -0.0
vn 0.333456 0.942766 0.0
vn 0.333456 0.942766 -0.0
vn 0.354123 0.935199 0.0
vn 0.354123 0.935199 -0.0
vn 0.449852 0.893103 0.0
vn 0.449852 0.893103 -0.0
vn 0.565557 0.824709 0.0
vn 0.565557 0.824709 -0.0
vn 0.697392 0.71669 0.0
vn 0.697392 0.71669 -0.0
vn 0.828795 0.559552 0.0
vn 0.828795 0.559552 -0.0
vn 0.923681 0.383162 0.0
vn 0.923681 0.383162 -0.0
vn 0.976965 0.2134 0.0
vn 0.976965 0.2134 -0.0
vn 0.997909 0.064633 0.0
vn 0.997909 0.064633 -0.0
vn 0.997741 -0.067178 0.0
vn 0.997741 -0.067178 0.0
vn 0.972601 -0.232479 0.0
vn 0.972601 -0.232479 0.0
vn 0.898767 -0.438426 0.0
vn 0.898767 -0.438426 0.0
vn 0.750658 -0.660691 0.0
vn 0.750658 -0.660691 0.0
vn 0.551314 -0.834298 0.0
vn 0.551314 -0.834298 0.0
vn 0.360256 -0.932853 0.0
vn 0.360256 -0.932853 0.0
vn 0.192507 -0.981296 0.0
vn 0.192507 -0.981296 0.0
vn 0.056547 -0.9984 0.0
vn 0.056547 -0.9984 0.0
vn -0.071027 -0.997474 0.0
vn -0.071027 -0.997474 0.0
vn -0.242171 -0.970234 0.0
vn -0.242171 -0.970234 0.0
vn -0.447755 -0.894156 0.0
vn -0.447755 -0.894156 0.0
vn -0.660556 -0.750777 0.0
vn -0.660556 -0.750777 0.0
vn -0.820236 -0.572025 0.0
vn -0.820236 -0.572025 0.0
vn -0.911515 -0.411266 0.0
vn -0.911515 -0.411266 0.0
vn -0.962442 -0.271488 0.0
vn -0.962442 -0.271488 0.0
vn -0.987567 -0.157199 0.0
vn -0.987567 -0.157199 0.0
vn 0.171452 -0.985193 0.0
vn 0.171452 -0.985193 0.0
vn 0.984202 0.177049 0.0
vn 0.984202 0.177049 -0.0
vn 0.952614 0.304183 0.0
vn 0.952614 0.304183 -0.0
vn 0.892528 0.450992 0.0
vn 0.892528 0.450992 -0.0
vn 0.793878 0.608076 0.0
vn 0.793878 0.608076 -0.0
vn 0.652786 0.757542 0.0
vn 0.652786 0.757542 -0.0
vn 0.472284 0.881447 0.0
vn 0.472284 0.881447 -0.0
vn 0.273773 0.961794 0.0
vn 0.273773 0.961794 -0.0
vn 0.084831 0.996395 0.0
vn 0.084831 0.996395 -0.0
vn -0.08693 0.996214 0.0
vn -0.08693 0.996214 0.0
vn -0.285181 0.958474 0.0
vn -0.285181 0.958474 0.0
vn -0.498194 0.867065 0.0
vn -0.498194 0.867065 0.0
vn -0.69111 0.72275 0.0
vn -0.69111 0.72275 0.0
vn -0.834563 0.550912 0.0
vn -0.834563 0.550912 0.0
vn -0.928657 0.370939 0.0
vn -0.928657 0.370939 0.0
vn -0.979053 0.203604 0.0
vn -0.979053 0.203604 0.0
vn -0.998132 0.0611 0.0
vn -0.998132 0.0611 0.0
vn -0.999347 -0.036131 0.0
vn -0.999347 -0.036131 0.0
vn -0.993113 -0.117163 0.0
vn -0.993113 -0.117163 0.0
vn -0.977476 -0.211044 0.0
vn -0.977476 -0.211044 0.0
vn -0.948238 -0.31756 0.0
vn -0.948238 -0.31756 0.0
vn -0.904112 -0.427296 0.0
vn -0.904112 -0.427296 0.0
vn -0.845888 -0.533361 0.0
vn -0.845888 -0.533361 0.0
vn -0.770812 -0.637063 0.0
vn -0.770812 -0.637063 0.0
vn -0.680605 -0.73265 0.0
vn -0.680605 -0.73265 0.0
vn -0.557997 -0.829843 0.0
vn -0.557997 -0.829843 0.0
vn -0.452223 -0.891905 0.0
vn -0.452223 -0.891905 0.0
vn -0.381625 -0.924317 0.0
vn -0.381625 -0.924317 0.0
vn -0.332121 -0.943237 0.0
vn -0.332121 -0.943237 0.0
vn -0.358153 -0.933663 0.0
vn -0.358153 -0.933663 0.0
vn -0.449757 -0.893151 0.0
vn -0.449757 -0.893151 0.0
vn -0.561426 -0.827527 0.0
vn -0.561426 -0.827527 0.0
vn -0.691232 -0.722633 0.0
vn -0.691232 -0.722633 0.0
vn -0.823655 -0.567092 0.0
vn -0.823655 -0.567092 0.0
vn -0.921032 -0.389488 0.0
vn -0.921032 -0.389488 0.0
vn -0.976084 -0.217395 0.0
vn -0.976084 -0.217395 0.0
vn -0.997814 -0.066083 0.0
vn -0.997814 -0.066083 0.0
vn -0.997716 0.067544 0.0
vn -0.997716 0.067544 0.0
vn -0.973013 0.230752 0.0
vn -0.973013 0.230752 0.0
vn -0.903805 0.427944 0.0
vn -0.903805 0.427944 0.0
vn -0.770305 0.637676 0.0
vn -0.770305 0.637676 0.0
vn -0.576498 0.817098 0.0
vn -0.576498 0.817098 0.0
vn -0.371897 0.928274 0.0
vn -0.371897 0.928274 0.0
vn -0.195623 0.980679 0.0
vn -0.195623 0.980679 0.0
vn -0.056723 0.99839 0.0
vn -0.056723 0.99839 0.0
vn 0.056232 0.998418 0.0
vn 0.056232 0.998418 -0.0
vn 0.197382 0.980327 0.0
vn 0.197382 0.980327 -0.0
vn 0.383869 0.923388 0.0
vn 0.383869 0.923388 -0.0
vn 0.607247 0.794513 0.0
vn 0.607247 0.794513 -0.0
vn 0.795969 0.605338 0.0
vn 0.795969 0.605338 -0.0
vn 0.897341 0.441337 0.0
vn 0.897341 0.441337 -0.0
vn 0.951377 0.308029 0.0
vn 0.951377 0.308029 -0.0
vn 0.978937 0.204162 0.0
vn 0.978937 0.204162 -0.0
vn -0.24223 0.970219 0.0
vn -0.24223 0.970219 0.0
vn -0.978473 -0.206374 0.0
vn -0.978473 -0.206374 0.0
vn -0.945248 -0.326352 0.0
vn -0.945248 -0.326352 0.0
vn -0.882672 -0.469989 0.0
vn -0.882672 -0.469989 0.0
vn -0.776677 -0.629899 0.0
vn -0.776677 -0.629899 0.0
vn -0.615664 -0.788009 0.0
vn -0.615664 -0.788009 0.0
vn -0.422134 -0.906534 0.0
vn -0.422134 -0.906534 0.0
vn -0.233039 -0.972467 0.0
vn -0.233039 -0.972467 0.0
vn -0.069818 -0.99756 0.0
vn -0.069818 -0.99756 0.0
vn 0.086525 -0.99625 0.0
vn 0.086525 -0.99625 0.0
vn 0.282296 -0.959327 0.0
vn 0.282296 -0.959327 0.0
vn 0.491002 -0.871158 0.0
vn 0.491002 -0.871158 0.0
vn 0.679761 -0.733434 0.0
vn 0.679761 -0.733434 0.0
vn 0.823518 -0.56729 0.0
vn 0.823518 -0.56729 0.0
vn 0.922073 -0.387017 0.0
vn 0.922073 -0.387017 0.0
vn 0.976735 -0.21445 0.0
vn 0.976735 -0.21445 0.0
vn 0.997902 -0.064736 0.0
vn 0.997902 -0.064736 0.0
vn 0.99955 0.029993 0.0
vn 0.99955 0.029993 -0.0
vn 0.995109 0.098777 0.0
vn 0.995109 0.098777 -0.0
vn 0.983357 0.181683 0.0
vn 0.983357 0.181683 -0.0
vn 0.959767 0.280799 0.0
vn 0.959767 0.280799 -0.0
vn 0.926359 0.376643 0.0
vn 0.926359 0.376643 -0.0
vn 0.887555 0.460703 0.0
vn 0.887555 0.460703 -0.0
vn 0.835513 0.549471 0.0
vn 0.835513 0.549471 -0.0
vn 0.76823 0.640174 0.0
vn 0.76823 0.640174 -0.0
vn 0.688683 0.725063 0.0
vn 0.688683 0.725063 -0.0
vn 0.608042 0.793905 0.0
vn 0.608042 0.793905 -0.0
vn 0.529675 0.848201 0.0
vn 0.529675 0.848201 -0.0
vn 0.456185 0.889885 0.0
vn 0.456185 0.889885 -0.0
vn 0.40743 0.913236 0.0
vn 0.40743 0.913236 -0.0
vn 0.380386 0.924828 0.0
vn 0.380386 0.924828 -0.0
vn 0.355799 0.934563 0.0
vn 0.355799 0.934563 -0.0
vn 0.333498 0.942751 0.0
vn 0.333498 0.942751 -0.0
vn 0.354123 0.935199 0.0
vn 0.354123 0.935199 -0.0
vn 0.449848 0.893105 0.0
vn 0.449848 0.893105 -0.0
vn 0.565562 0.824706 0.0
vn 0.565562 0.824706 -0.0
vn 0.697392 0.71669 0.0
vn 0.697392 0.71669 -0.0
vn 0.828795 0.559552 0.0
vn 0.828795 0.559552 -0.0
vn 0.923681 0.383162 0.0
vn 0.923681 0.383162 -0.0
vn 0.976965 0.2134 0.0
vn 0.976965 0.2134 -0.0
vn 0.997909 0.064633 0.0
vn 0.997909 0.064633 -0.0
vn 0.997741 -0.067178 0.0
vn 0.997741 -0.067178 0.0
vn 0.972601 -0.232479 0.0
vn 0.972601 -0.232479 0.0
vn 0.898767 -0.438426 0.0
vn 0.898767 -0.438426 0.0
vn 0.750658 -0.660691 0.0
vn 0.750658 -0.660691 0.0
vn 0.551314 -0.834298 0.0
vn 0.551314 -0.834298 0.0
vn 0.360336 -0.932823 0.0
vn 0.360336 -0.932823 0.0
vn 0.192467 -0.981303 0.0
vn 0.192467 -0.981303 0.0
vn 0.056547 -0.9984 0.0
vn 0.056547 -0.9984 0.0
vn -0.071027 -0.997474 0.0
vn -0.071027 -0.997474 0.0
vn -0.242171 -0.970234 0.0
vn -0.242171 -0.970234 0.0
vn -0.447755 -0.894156 0.0
vn -0.447755 -0.894156 0.0
vn -0.660556 -0.750777 0.0
vn -0.660556 -0.750777 0.0
vn -0.820236 -0.572025 0.0
vn -0.820236 -0.572025 0.0
vn -0.911515 -0.411266 0.0
vn -0.911515 -0.411266 0.0
vn -0.962442 -0.271488 0.0
vn -0.962442 -0.271488 0.0
vn -0.987593 -0.157036 0.0
vn -0.987593 -0.157036 0.0
vn 0.171446 -0.985193 0.0
vn 0.171446 -0.985193 0.0
vn 0.984202 0.177049 0.0
vn 0.984202 0.177049 -0.0
vn 0.952614 0.304183 0.0
vn 0.952614 0.304183 -0.0
vn 0.892528 0.450992 0.0
vn 0.892528 0.450992 -0.0
vn 0.793878 0.608076 0.0
vn 0.793878 0.608076 -0.0
vn 0.652786 0.757542 0.0
vn 0.652786 0.757542 -0.0
vn 0.472284 0.881447 0.0
vn 0.472284 0.881447 -0.0
vn 0.273746 0.961802 0.0
vn 0.273746 0.961802 -0.0
vn 0.084839 0.996395 0.0
vn 0.084839 0.996395 -0.0
vn -0.08693 0.996214 0.0
vn -0.08693 0.996214 0.0
vn -0.285181 0.958474 0.0
vn -0.285181 0.958474 0.0
vn -0.498194 0.867065 0.0
vn -0.498194 0.867065 0.0
vn -0.69111 0.72275 0.0
vn -0.69111 0.72275 0.0
vn -0.834563 0.550912 0.0
vn -0.834563 0.550912 0.0
vn -0.928657 0.370939 0.0
vn -0.928657 0.370939 0.0
vn -0.979053 0.203604 0.0
vn -0.979053 0.203604 0.0
vn -0.998132 0.0611 0.0
vn -0.998132 0.0611 0.0
vn -0.999347 -0.036131 0.0
vn -0.999347 -0.036131 0.0
vn -0.993113 -0.117163 0.0
vn -0.993113 -0.117163 0.0
vn -0.977476 -0.211044 0.0
vn -0.977476 -0.211044 0.0
vn -0.948238 -0.31756 0.0
vn -0.948238 -0.31756 0.0
vn -0.904112 -0.427296 0.0
vn -0.904112 -0.427296 0.0
vn -0.845888 -0.533361 0.0
vn -0.845888 -0.533361 0.0
vn -0.770812 -0.637063 0.0
vn -0.770812 -0.637063 0.0
vn -0.680608 -0.732647 0.0
vn -0.680608 -0.732647 0.0
vn -0.557994 -0.829845 0.0
vn -0.557994 -0.829845 0.0
vn -0.452223 -0.891905 0.0
vn -0.452223 -0.891905 0.0
vn -0.381625 -0.924317 0.0
vn -0.381625 -0.924317 0.0
vn -0.332121 -0.943237 0.0
vn -0.332121 -0.943237 0.0
vn -0.358153 -0.933663 0.0
vn -0.358153 -0.933663 0.0
vn -0.449757 -0.893151 0.0
vn -0.449757 -0.893151 0.0
vn -0.561426 -0.827527 0.0
vn -0.561426 -0.827527 0.0
vn -0.691232 -0.722633 0.0
vn -0.691232 -0.722633 0.0
vn -0.823776 -0.566916 0.0
vn -0.823776 -0.566916 0.0
vn -0.920942 -0.3897 0.0
vn -0.920942 -0.3897 0.0
vn -0.976084 -0.217395 0.0
vn -0.976084 -0.217395 0.0
vn -0.997814 -0.066083 0.0
vn -0.997814 -0.066083 0.0
vn -0.997716 0.067544 0.0
vn -0.997716 0.067544 0.0
vn -0.973013 0.230752 0.0
vn -0.973013 0.230752 0.0
vn -0.903805 0.427944 0.0
vn -0.903805 0.427944 0.0
vn -0.770305 0.637676 0.0
vn -0.770305 0.637676 0.0
vn -0.576498 0.817098 0.0
vn -0.576498 0.817098 0.0
vn -0.371897 0.928274 0.0
vn -0.371897 0.928274 0.0
vn -0.195623 0.980679 0.0
vn -0.195623 0.980679 0.0
vn -0.056713 0.99839 0.0
vn -0.056713 0.99839 0.0
vn 0.056241 0.998417 0.0
vn 0.056241 0.998417 -0.0
vn 0.197382 0.980327 0.0
vn 0.197382 0.980327 -0.0
vn 0.383869 0.923388 0.0
vn 0.383869 0.923388 -0.0
vn 0.607247 0.794513 0.0
vn 0.607247 0.794513 -0.0
vn 0.795965 0.605343 0.0
vn 0.795965 0.605343 -0.0
vn 0.897344 0.441331 0.0
vn 0.897344 0.441331 -0.0
vn 0.951377 0.308029 0.0
vn 0.951377 0.308029 -0.0
vn 0.978937 0.204162 0.0
vn 0.978937 0.204162 -0.0
vn -0.24223 0.970219 0.0
vn -0.24223 0.970219 0.0
vn -0.978473 -0.206374 0.0
vn -0.978473 -0.206374 0.0
vn -0.945248 -0.326352 0.0
vn -0.945248 -0.326352 0.0
vn -0.882672 -0.469989 0.0
vn -0.882672 -0.469989 0.0
vn -0.776677 -0.629899 0.0
vn -0.776677 -0.629899 0.0
vn -0.615664 -0.788009 0.0
vn -0.615664 -0.788009 0.0
vn -0.422134 -0.906534 0.0
vn -0.422134 -0.906534 0.0
vn -0.23304 -0.972467 0.0
vn -0.23304 -0.972467 0.0
vn -0.069824 -0.997559 0.0
vn -0.069824 -0.997559 0.0
vn 0.086517 -0.99625 0.0
vn 0.086517 -0.99625 0.0
vn 0.28232 -0.95932 0.0
vn 0.28232 -0.95932 0.0
vn 0.490964 -0.87118 0.0
vn 0.490964 -0.87118 0.0
vn 0.67976 -0.733435 0.0
vn 0.67976 -0.733435 0.0
vn 0.823519 -0.567289 0.0
vn 0.823519 -0.567289 0.0
vn 0.922073 -0.387017 0.0
vn 0.922073 -0.387017 0.0
vn 0.976735 -0.214451 0.0
vn 0.976735 -0.214451 0.0
vn 0.997902 -0.064736 0.0
vn 0.997902 -0.064736 0.0
vn 0.99955 0.029993 0.0
vn 0.99955 0.029993 -0.0
vn 0.995109 0.09878 0.0
vn 0.995109 0.09878 -0.0
vn 0.983357 0.181683 0.0
vn 0.983357 0.181683 -0.0
vn 0.959767 0.280797 0.0
vn 0.959767 0.280797 -0.0
vn 0.926359 0.376643 0.0
vn 0.926359 0.376643 -0.0
vn 0.887553 0.460705 0.0
vn 0.887553 0.460705 -0.0
vn 0.835513 0.549471 0.0
vn 0.835513 0.549471 -0.0
vn 0.76823 0.640174 0.0
vn 0.76823 0.640174 -0.0
vn 0.688683 0.725063 0.0
vn 0.688683 0.725063 -0.0
vn 0.608044 0.793904 0.0
vn 0.608044 0.793904 -0.0
vn 0.529675 0.848201 0.0
vn 0.529675 0.848201 -0.0
vn 0.456185 0.889885 0.0
vn 0.456185 0.889885 -0.0
vn 0.40743 0.913236 0.0
vn 0.40743 0.913236 -0.0
vn 0.380333 0.924849 0.0
vn 0.380333 0.924849 -0.0
vn 0.355846 0.934545 0.0
vn 0.355846 0.934545 -0.0
vn 0.333497 0.942751 0.0
vn 0.333497 0.942751 -0.0
vn 0.354058 0.935223 0.0
vn 0.354058 0.935223 -0.0
vn 0.449941 0.893058 0.0
vn 0.449941 0.893058 -0.0
vn 0.565557 0.824709 0.0
vn 0.565557 0.824709 -0.0
vn 0.697251 0.716827 0.0
vn 0.697251 0.716827 -0.0
vn 0.828798 0.559548 0.0
vn 0.828798 0.559548 -0.0
vn 0.923781 0.382921 0.0
vn 0.923781 0.382921 -0.0
vn 0.976964 0.213404 0.0
vn 0.976964 0.213404 -0.0
vn 0.997909 0.064628 0.0
vn 0.997909 0.064628 -0.0
vn 0.997741 -0.067178 0.0
vn 0.997741 -0.067178 0.0
vn 0.972601 -0.232479 0.0
vn 0.972601 -0.232479 0.0
vn 0.898769 -0.438423 0.0
vn 0.898769 -0.438423 0.0
vn 0.750655 -0.660694 0.0
vn 0.750655 -0.660694 0.0
vn 0.551314 -0.834298 0.0
vn 0.551314 -0.834298 0.0
vn 0.360337 -0.932822 0.0
vn 0.360337 -0.932822 0.0
vn 0.192466 -0.981304 0.0
vn 0.192466 -0.981304 0.0
vn 0.056547 -0.9984 0.0
vn 0.056547 -0.9984 0.0
vn -0.071027 -0.997474 0.0
vn -0.071027 -0.997474 0.0
vn -0.242219 -0.970222 0.0
vn -0.242219 -0.970222 0.0
vn -0.447661 -0.894203 0.0
vn -0.447661 -0.894203 0.0
vn -0.660556 -0.750777 0.0
vn -0.660556 -0.750777 0.0
vn -0.820348 -0.571864 0.0
vn -0.820348 -0.571864 0.0
vn -0.911436 -0.411442 0.0
vn -0.911436 -0.411442 0.0
vn -0.962442 -0.271488 0.0
vn -0.962442 -0.271488 0.0
vn -0.987593 -0.157036 0.0
vn -0.987593 -0.157036 0.0
vn 0.171446 -0.985193 0.0
vn 0.171446 -0.985193 0.0
vn 0.984202 0.177048 0.0
vn 0.984202 0.177048 -0.0
vn 0.952613 0.304184 0.0
vn 0.952613 0.304184 -0.0
vn 0.892529 0.450991 0.0
vn 0.892529 0.450991 -0.0
vn 0.793878 0.608076 0.0
vn 0.793878 0.608076 -0.0
vn 0.652786 0.757542 0.0
vn 0.652786 0.757542 -0.0
vn 0.472284 0.881447 0.0
vn 0.472284 0.881447 -0.0
vn 0.273746 0.961802 0.0
vn 0.273746 0.961802 -0.0
vn 0.084839 0.996395 0.0
vn 0.084839 0.996395 -0.0
vn -0.086922 0.996215 0.0
vn -0.086922 0.996215 0.0
vn -0.285206 0.958466 0.0
vn -0.285206 0.958466 0.0
vn -0.498195 0.867065 0.0
vn -0.498195 0.867065 0.0
vn -0.691062 0.722795 0.0
vn -0.691062 0.722795 0.0
vn -0.834604 0.55085 0.0
vn -0.834604 0.55085 0.0
vn -0.928627 0.371014 0.0
vn -0.928627 0.371014 0.0
vn -0.979069 0.203529 0.0
vn -0.979069 0.203529 0.0
vn -0.998132 0.0611 0.0
vn -0.998132 0.0611 0.0
vn -0.999351 -0.036016 0.0
vn -0.999351 -0.036016 0.0
vn -0.993098 -0.117286 0.0
vn -0.993098 -0.117286 0.0
vn -0.977504 -0.210915 0.0
vn -0.977504 -0.210915 0.0
vn -0.948194 -0.31769 0.0
vn -0.948194 -0.31769 0.0
vn -0.904109 -0.427301 0.0
vn -0.904109 -0.427301 0.0
vn -0.845964 -0.53324 0.0
vn -0.845964 -0.53324 0.0
vn -0.770809 -0.637066 0.0
vn -0.770809 -0.637066 0.0
vn -0.680527 -0.732723 0.0
vn -0.680527 -0.732723 0.0
vn -0.557995 -0.829844 0.0
vn -0.557995 -0.829844 0.0
vn -0.452222 -0.891905 0.0
vn -0.452222 -0.891905 0.0
vn -0.381625 -0.924317 0.0
vn -0.381625 -0.924317 0.0
vn -0.332121 -0.943237 0.0
vn -0.332121 -0.943237 0.0
vn -0.358153 -0.933663 0.0
vn -0.358153 -0.933663 0.0
vn -0.449757 -0.893151 0.0
vn -0.449757 -0.893151 0.0
vn -0.561426 -0.827527 0.0
vn -0.561426 -0.827527 0.0
vn -0.691232 -0.722633 0.0
vn -0.691232 -0.722633 0.0
vn -0.823778 -0.566912 0.0
vn -0.823778 -0.566912 0.0
vn -0.92094 -0.389704 0.0
vn -0.92094 -0.389704 0.0
vn -0.976084 -0.217395 0.0
vn -0.976084 -0.217395 0.0
vn -0.997814 -0.066079 0.0
vn -0.997814 -0.066079 0.0
vn -0.997705 0.067714 0.0
vn -0.997705 0.067714 0.0
vn -0.973056 0.230568 0.0
vn -0.973056 0.230568 0.0
vn -0.90372 0.428125 0.0
vn -0.90372 0.428125 0.0
vn -0.77042 0.637536 0.0
vn -0.77042 0.637536 0.0
vn -0.5765 0.817097 0.0
vn -0.5765 0.817097 0.0
vn -0.371896 0.928274 0.0
vn -0.371896 0.928274 0.0
vn -0.195588 0.980686 0.0
vn -0.195588 0.980686 0.0
vn -0.056723 0.99839 0.0
vn -0.056723 0.99839 0.0
vn 0.056241 0.998417 0.0
vn 0.056241 0.998417 -0.0
vn 0.197349 0.980333 0.0
vn 0.197349 0.980333 -0.0
vn 0.383868 0.923388 0.0
vn 0.383868 0.923388 -0.0
vn 0.607358 0.794428 0.0
vn 0.607358 0.794428 -0.0
vn 0.795967 0.60534 0.0
vn 0.795967 0.60534 -0.0
vn 0.897344 0.441331 0.0
vn 0.897344 0.441331 -0.0
vn 0.951377 0.308029 0.0
vn 0.951377 0.308029 -0.0
vn 0.978937 0.204162 0.0
vn 0.978937 0.204162 -0.0
vn -0.242222 0.970221 0.0
vn -0.242222 0.970221 0.0
vn -0.978458 -0.206444 0.0
vn -0.978458 -0.206444 0.0
vn -0.945248 -0.326352 0.0
vn -0.945248 -0.326352 0.0
vn -0.882672 -0.469989 0.0
vn -0.882672 -0.469989 0.0
vn -0.776676 -0.6299 0.0
vn -0.776676 -0.6299 0.0
vn -0.615665 -0.788008 0.0
vn -0.615665 -0.788008 0.0
vn -0.422172 -0.906516 0.0
vn -0.422172 -0.906516 0.0
vn -0.233019 -0.972472 0.0
vn -0.233019 -0.972472 0.0
vn -0.069824 -0.997559 0.0
vn -0.069824 -0.997559 0.0
vn 0.086517 -0.99625 0.0
vn 0.086517 -0.99625 0.0
vn 0.572559 -0.819863 0.0
vn 0.572559 -0.819863 0.0
vn 0.832403 -0.554171 0.0
vn 0.832403 -0.554171 0.0
vn 0.94754 -0.319637 0.0
vn 0.94754 -0.319637 0.0
vn 0.143096 0.989709 0.0
vn 0.143096 0.989709 -0.0
vn -0.962875 0.269946 0.0
vn -0.962875 0.269946 0.0
vn -0.858547 0.512735 0.0
vn -0.858547 0.512735 0.0
vn -0.599102 0.800673 0.0
vn -0.599102 0.800673 0.0
vn -0.194916 0.98082 0.0
vn -0.194916 0.98082 0.0
vn 0.162633 0.986687 0.0
vn 0.162633 0.986687 -0.0
vn 0.49014 0.871644 0.0
vn 0.49014 0.871644 -0.0
vn 0.736197 0.676767 0.0
vn 0.736197 0.676767 -0.0
vn 0.875848 0.482587 0.0
vn 0.875848 0.482587 -0.0
vn 0.94661 0.322381 0.0
vn 0.94661 0.322381 -0.0
vn 0.980535 0.196346 0.0
vn 0.980535 0.196346 -0.0
vn 0.994835 0.101502 0.0
vn 0.994835 0.101502 -0.0
vn 0.999562 0.029601 0.0
vn 0.999562 0.029601 -0.0
vn 0.0 -1.0 0.0
vn 0.0 -1.0 0.0
vn 1.0 0.0 0.0
vn 1.0 0.0 -0.0
vn 0.999458 0.032921 0.0
vn 0.999458 0.032921 -0.0
vn 0.993639 0.112615 0.0
vn 0.993639 0.112615 -0.0
vn 0.97635 0.216196 0.0
vn 0.97635 0.216196 -0.0
vn 0.936497 0.350676 0.0
vn 0.936497 0.350676 -0.0
vn 0.854858 0.518862 0.0
vn 0.854858 0.518862 -0.0
vn 0.699859 0.714281 0.0
vn 0.699859 0.714281 -0.0
vn 0.449763 0.893148 0.0
vn 0.449763 0.893148 -0.0
vn 0.145241 0.989396 0.0
vn 0.145241 0.989396 -0.0
vn -0.129284 0.991608 0.0
vn -0.129284 0.991608 0.0
vn -0.40634 0.913722 0.0
vn -0.40634 0.913722 0.0
vn -0.651595 0.758567 0.0
vn -0.651595 0.758567 0.0
vn -0.81947 0.573122 0.0
vn -0.81947 0.573122 0.0
vn -0.916065 0.40103 0.0
vn -0.916065 0.40103 0.0
vn -0.967393 0.253281 0.0
vn -0.967393 0.253281 0.0
vn -0.990996 0.133888 0.0
vn -0.990996 0.133888 0.0
vn -0.999221 0.039476 0.0
vn -0.999221 0.039476 0.0
vn -0.99929 -0.037667 0.0
vn -0.99929 -0.037667 0.0
vn -0.991694 -0.128623 0.0
vn -0.991694 -0.128623 0.0
vn -0.969469 -0.245212 0.0
vn -0.969469 -0.245212 0.0
vn -0.919676 -0.392679 0.0
vn -0.919676 -0.392679 0.0
vn -0.823585 -0.567193 0.0
vn -0.823585 -0.567193 0.0
vn -0.655576 -0.755129 0.0
vn -0.655576 -0.755129 0.0
vn -0.408762 -0.912641 0.0
vn -0.408762 -0.912641 0.0
vn -0.129857 -0.991533 0.0
vn -0.129857 -0.991533 0.0
vn 0.186662 -0.982424 0.0
vn 0.186662 -0.982424 0.0
vn 0.998862 -0.047703 0.0
vn 0.998862 -0.047703 0.0
vn 0.991985 -0.126354 0.0
vn 0.991985 -0.126354 0.0
vn 0.974252 -0.225461 0.0
vn 0.974252 -0.225461 0.0
vn 0.936889 -0.349627 0.0
vn 0.936889 -0.349627 0.0
vn 0.862028 -0.506861 0.0
vn 0.862028 -0.506861 0.0
vn 0.713594 -0.700559 0.0
vn 0.713594 -0.700559 0.0
vn 0.465892 -0.884842 0.0
vn 0.465892 -0.884842 0.0
vn 0.152259 -0.988341 0.0
vn 0.152259 -0.988341 0.0
vn -0.152809 -0.988256 0.0
vn -0.152809 -0.988256 -0.0
vn -0.461272 -0.887259 0.0
vn -0.461272 -0.887259 -0.0
vn -0.701913 -0.712262 0.0
vn -0.701913 -0.712262 -0.0
vn -0.847845 -0.530244 0.0
vn -0.847845 -0.530244 -0.0
vn -0.928451 -0.371454 0.0
vn -0.928451 -0.371454 -0.0
vn -0.97037 -0.241624 0.0
vn -0.97037 -0.241624 -0.0
vn -0.989722 -0.143003 0.0
vn -0.989722 -0.143003 -0.0
vn -0.997706 -0.067688 0.0
vn -0.997706 -0.067688 -0.0
vn 0.0 1.0 0.0
vn 0.0 1.0 0.0
vn 0.572559 -0.819863 0.0
vn 0.572559 -0.819863 0.0
vn 0.832403 -0.554171 0.0
vn 0.832403 -0.554171 0.0
vn 0.947547 -0.319616 0.0
vn 0.947547 -0.319616 0.0
vn 0.143098 0.989708 0.0
vn 0.143098 0.989708 -0.0
vn -0.962875 0.269946 0.0
vn -0.962875 0.269946 0.0
vn -0.858547 0.512735 0.0
vn -0.858547 0.512735 0.0
vn -0.599039 0.80072 0.0
vn -0.599039 0.80072 0.0
vn -0.194917 0.98082 0.0
vn -0.194917 0.98082 0.0
vn 0.16266 0.986682 0.0
vn 0.16266 0.986682 -0.0
vn 0.49014 0.871643 0.0
vn 0.49014 0.871643 -0.0
vn 0.736197 0.676767 0.0
vn 0.736197 0.676767 -0.0
vn 0.875848 0.482587 0.0
vn 0.875848 0.482587 -0.0
vn 0.946611 0.322379 0.0
vn 0.946611 0.322379 -0.0
vn 0.980534 0.196348 0.0
vn 0.980534 0.196348 -0.0
vn 0.994827 0.101583 0.0
vn 0.994827 0.101583 -0.0
vn 0.999564 0.02953 0.0
vn 0.999564 0.02953 -0.0
vn 0.0 -1.0 0.0
vn 0.0 -1.0 0.0
vn 1.0 0.0 0.0
vn 1.0 0.0 -0.0
vn 0.999458 0.032929 0.0
vn 0.999458 0.032929 -0.0
vn 0.993641 0.112598 0.0
vn 0.993641 0.112598 -0.0
vn 0.976352 0.216187 0.0
vn 0.976352 0.216187 -0.0
vn 0.936479 0.350724 0.0
vn 0.936479 0.350724 -0.0
vn 0.854887 0.518814 0.0
vn 0.854887 0.518814 -0.0
vn 0.699821 0.714318 0.0
vn 0.699821 0.714318 -0.0
vn 0.449763 0.893148 0.0
vn 0.449763 0.893148 -0.0
vn 0.145252 0.989395 0.0
vn 0.145252 0.989395 -0.0
vn -0.129275 0.991609 0.0
vn -0.129275 0.991609 0.0
vn -0.406369 0.913709 0.0
vn -0.406369 0.913709 0.0
vn -0.651596 0.758566 0.0
vn -0.651596 0.758566 0.0
vn -0.819438 0.573168 0.0
vn -0.819438 0.573168 0.0
vn -0.916064 0.401031 0.0
vn -0.916064 0.401031 0.0
vn -0.967393 0.253281 0.0
vn -0.967393 0.253281 0.0
vn -0.990996 0.133888 0.0
vn -0.990996 0.133888 0.0
vn -0.999221 0.039476 0.0
vn -0.999221 0.039476 0.0
vn -0.999289 -0.037708 0.0
vn -0.999289 -0.037708 0.0
vn -0.991699 -0.128578 0.0
vn -0.991699 -0.128578 0.0
vn -0.969457 -0.245262 0.0
vn -0.969457 -0.245262 0.0
vn -0.919676 -0.392679 0.0
vn -0.919676 -0.392679 0.0
vn -0.823586 -0.567192 0.0
vn -0.823586 -0.567192 0.0
vn -0.655576 -0.75513 0.0
vn -0.655576 -0.75513 0.0
vn -0.408762 -0.912641 0.0
vn -0.408762 -0.912641 0.0
vn -0.129867 -0.991531 0.0
vn -0.129867 -0.991531 0.0
vn 0.186652 -0.982426 0.0
vn 0.186652 -0.982426 0.0
vn 0.998862 -0.0477 0.0
vn 0.998862 -0.0477 0.0
vn 0.991998 -0.126255 0.0
vn 0.991998 -0.126255 0.0
vn 0.974252 -0.225461 0.0
vn 0.974252 -0.225461 0.0
vn 0.936846 -0.349743 0.0
vn 0.936846 -0.349743 0.0
vn 0.862026 -0.506864 0.0
vn 0.862026 -0.506864 0.0
vn 0.713684 -0.700468 0.0
vn 0.713684 -0.700468 0.0
vn 0.465891 -0.884842 0.0
vn 0.465891 -0.884842 0.0
vn 0.152259 -0.988341 0.0
vn 0.152259 -0.988341 0.0
vn -0.15278 -0.98826 0.0
vn -0.15278 -0.98826 -0.0
vn -0.461351 -0.887218 0.0
vn -0.461351 -0.887218 -0.0
vn -0.701823 -0.712352 0.0
vn -0.701823 -0.712352 -0.0
vn -0.847847 -0.530241 0.0
vn -0.847847 -0.530241 -0.0
vn -0.928497 -0.371341 0.0
vn -0.928497 -0.371341 -0.0
vn -0.970343 -0.241732 0.0
vn -0.970343 -0.241732 -0.0
vn -0.989722 -0.143003 0.0
vn -0.989722 -0.143003 -0.0
vn -0.997712 -0.067601 0.0
vn -0.997712 -0.067601 -0.0
vn 0.0 1.0 0.0
vn 0.0 1.0 0.0
vn 0.0 1.0 0.0
vn 0.0 1.0 0.0
vn -1.0 0.0 0.0
vn -1.0 0.0 0.0
vn 0.0 -1.0 0.0
vn 0.0 -1.0 0.0
vn 1.0 0.0 0.0
vn 1.0 0.0 -0.0
f 927//1 935//1 933//1 
f 939//2 937//2 963//2 
f 927//3 933//3 925//3 
f 1205//4 1241//4 1243//4 
f 1123//5 1129//5 1089//5 
f 919//6 917//6 915//6 
f 915//7 917//7 913//7 
f 857//8 851//8 853//8 
f 895//9 891//9 869//9 
f 899//10 895//10 869//10 
f 859//11 869//11 887//11 
f 869//12 877//12 899//12 
f 873//13 905//13 881//13 
f 873//14 901//14 905//14 
f 829//15 823//15 803//15 
f 857//16 853//16 865//16 
f 851//17 845//17 839//17 
f 879//18 861//18 865//18 
f 823//19 817//19 789//19 
f 835//20 829//20 825//20 
f 845//21 835//21 825//21 
f 871//22 897//22 873//22 
f 801//23 795//23 819//23 
f 769//24 795//24 793//24 
f 789//25 771//25 773//25 
f 805//26 773//26 807//26 
f 805//27 789//27 773//27 
f 767//28 781//28 765//28 
f 41//29 39//29 37//29 
f 765//30 781//30 779//30 
f 615//31 633//31 635//31 
f 777//32 765//32 779//32 
f 723//33 719//33 727//33 
f 777//34 775//34 765//34 
f 757//35 739//35 755//35 
f 875//36 863//36 859//36 
f 677//37 675//37 679//37 
f 765//38 775//38 763//38 
f 859//39 863//39 855//39 
f 767//40 783//40 781//40 
f 837//41 831//41 843//41 
f 767//42 785//42 783//42 
f 767//43 791//43 785//43 
f 769//44 791//44 767//44 
f 769//45 793//45 791//45 
f 811//46 799//46 771//46 
f 771//47 795//47 769//47 
f 819//48 827//48 801//48 
f 911//49 885//49 883//49 
f 849//50 841//50 843//50 
f 843//51 841//51 837//51 
f 847//52 841//52 849//52 
f 831//53 833//53 843//53 
f 849//54 855//54 847//54 
f 877//55 907//55 903//55 
f 821//56 833//56 831//56 
f 833//57 821//57 813//57 
f 881//58 905//58 909//58 
f 827//59 833//59 813//59 
f 801//60 827//60 813//60 
f 819//61 795//61 815//61 
f 815//62 795//62 771//62 
f 809//63 815//63 771//63 
f 797//64 809//64 771//64 
f 799//65 787//65 771//65 
f 787//66 797//66 771//66 
f 771//67 789//67 811//67 
f 817//68 811//68 789//68 
f 823//69 789//69 803//69 
f 829//70 803//70 825//70 
f 839//71 845//71 825//71 
f 853//72 851//72 839//72 
f 861//73 857//73 865//73 
f 889//74 867//74 879//74 
f 867//75 861//75 879//75 
f 893//76 871//76 867//76 
f 893//77 867//77 889//77 
f 893//78 897//78 871//78 
f 897//79 901//79 873//79 
f 883//80 881//80 909//80 
f 911//81 883//81 909//81 
f 907//82 885//82 911//82 
f 907//83 877//83 885//83 
f 903//84 899//84 877//84 
f 891//85 887//85 869//85 
f 887//86 875//86 859//86 
f 859//87 855//87 849//87 
f 37//88 5//88 35//88 
f 5//89 1//89 7//89 
f 41//90 35//90 33//90 
f 697//91 709//91 695//91 
f 35//92 5//92 7//92 
f 5//93 3//93 1//93 
f 37//94 35//94 41//94 
f 7//95 9//95 11//95 
f 7//96 1//96 9//96 
f 11//97 9//97 13//97 
f 13//98 9//98 15//98 
f 15//99 9//99 17//99 
f 17//100 9//100 19//100 
f 19//101 9//101 21//101 
f 21//102 9//102 23//102 
f 23//103 9//103 25//103 
f 25//104 9//104 27//104 
f 27//105 9//105 33//105 
f 31//106 29//106 33//106 
f 29//107 27//107 33//107 
f 31//108 33//108 35//108 
f 699//109 685//109 701//109 
f 631//110 613//110 611//110 
f 687//111 683//111 703//111 
f 639//112 655//112 653//112 
f 651//113 659//113 641//113 
f 641//114 659//114 655//114 
f 651//115 657//115 663//115 
f 661//116 665//116 667//116 
f 669//117 673//117 671//117 
f 673//118 675//118 677//118 
f 689//119 691//119 681//119 
f 731//120 727//120 729//120 
f 685//121 687//121 701//121 
f 743//122 759//122 741//122 
f 701//123 687//123 703//123 
f 707//124 703//124 683//124 
f 707//125 695//125 709//125 
f 697//126 705//126 717//126 
f 711//127 723//127 721//127 
f 711//128 715//128 723//128 
f 733//129 727//129 731//129 
f 735//130 733//130 731//130 
f 745//131 747//131 733//131 
f 749//132 751//132 737//132 
f 739//133 757//133 761//133 
f 737//134 755//134 739//134 
f 761//135 743//135 739//135 
f 743//136 761//136 759//136 
f 755//137 737//137 753//137 
f 753//138 737//138 751//138 
f 737//139 747//139 749//139 
f 737//140 733//140 747//140 
f 733//141 735//141 745//141 
f 729//142 727//142 725//142 
f 725//143 727//143 719//143 
f 719//144 723//144 715//144 
f 677//145 689//145 681//145 
f 693//146 695//146 681//146 
f 705//147 711//147 721//147 
f 717//148 705//148 721//148 
f 713//149 697//149 717//149 
f 707//150 683//150 695//150 
f 709//151 697//151 713//151 
f 683//152 681//152 695//152 
f 693//153 681//153 691//153 
f 677//154 679//154 689//154 
f 673//155 677//155 671//155 
f 669//156 671//156 665//156 
f 665//157 671//157 667//157 
f 661//158 667//158 657//158 
f 657//159 667//159 663//159 
f 651//160 663//160 659//160 
f 633//161 615//161 613//161 
f 639//162 641//162 655//162 
f 649//163 639//163 653//163 
f 631//164 633//164 613//164 
f 609//165 629//165 611//165 
f 609//166 627//166 629//166 
f 611//167 629//167 631//167 
f 627//168 609//168 607//168 
f 625//169 627//169 607//169 
f 623//170 605//170 603//170 
f 623//171 625//171 605//171 
f 605//172 625//172 607//172 
f 593//173 581//173 577//173 
f 183//174 221//174 191//174 
f 635//175 617//175 615//175 
f 635//176 637//176 617//176 
f 617//177 637//177 639//177 
f 247//178 209//178 243//178 
f 621//179 617//179 639//179 
f 235//180 199//180 229//180 
f 649//181 621//181 639//181 
f 649//182 647//182 621//182 
f 429//183 475//183 433//183 
f 621//184 647//184 645//184 
f 419//185 449//185 455//185 
f 619//186 621//186 645//186 
f 411//187 441//187 447//187 
f 643//188 619//188 645//188 
f 1227//189 1275//189 1229//189 
f 1267//190 1269//190 1223//190 
f 1249//191 1213//191 1243//191 
f 1235//192 1241//192 1205//192 
f 1205//193 1243//193 1213//193 
f 1235//194 1205//194 1197//194 
f 1231//195 1235//195 1197//195 
f 1251//196 1213//196 1249//196 
f 1197//197 1187//197 1231//197 
f 1209//198 1187//198 1193//198 
f 1229//199 1271//199 1225//199 
f 1175//200 1193//200 1187//200 
f 1225//201 1271//201 1263//201 
f 1193//202 1175//202 1177//202 
f 1107//203 1061//203 1065//203 
f 1119//204 1079//204 1087//204 
f 1167//205 1177//205 1169//205 
f 1199//206 1211//206 1237//206 
f 1149//207 1157//207 1167//207 
f 1127//208 1151//208 1149//208 
f 1101//209 1141//209 1127//209 
f 1129//210 1101//210 1091//210 
f 1117//211 1071//211 1067//211 
f 1123//212 1081//212 1117//212 
f 1111//213 1067//213 1063//213 
f 1111//214 1061//214 1107//214 
f 1121//215 1131//215 1109//215 
f 1073//216 1113//216 1065//216 
f 1079//217 1119//217 1113//217 
f 1125//218 1087//218 1095//218 
f 1115//219 1133//219 1095//219 
f 1145//220 1137//220 1115//220 
f 1155//221 1145//221 1165//221 
f 1163//222 1165//222 1171//222 
f 1171//223 1181//223 1179//223 
f 1179//224 1203//224 1189//224 
f 1259//225 1265//225 1219//225 
f 1189//226 1233//226 1195//226 
f 1233//227 1239//227 1201//227 
f 1239//228 1247//228 1207//228 
f 1201//229 1239//229 1207//229 
f 1253//230 1207//230 1247//230 
f 1253//231 1215//231 1207//231 
f 1215//232 1259//232 1219//232 
f 1253//233 1259//233 1215//233 
f 1195//234 1233//234 1201//234 
f 1189//235 1203//235 1233//235 
f 1179//236 1181//236 1203//236 
f 1171//237 1165//237 1181//237 
f 1163//238 1155//238 1165//238 
f 1011//239 1033//239 1015//239 
f 1155//240 1147//240 1145//240 
f 1145//241 1147//241 1137//241 
f 1115//242 1137//242 1133//242 
f 1133//243 1125//243 1095//243 
f 1125//244 1119//244 1087//244 
f 1113//245 1073//245 1079//245 
f 1009//246 999//246 1005//246 
f 1107//247 1065//247 1113//247 
f 1111//248 1063//248 1061//248 
f 1003//249 1013//249 1007//249 
f 1117//250 1067//250 1111//250 
f 1041//251 1019//251 1037//251 
f 1075//252 1071//252 1117//252 
f 941//253 945//253 965//253 
f 1081//254 1075//254 1117//254 
f 967//255 943//255 939//255 
f 1083//256 1081//256 1123//256 
f 1089//257 1083//257 1123//257 
f 1043//258 1025//258 1029//258 
f 1091//259 1089//259 1129//259 
f 1101//260 1129//260 1135//260 
f 1141//261 1101//261 1135//261 
f 1151//262 1127//262 1141//262 
f 1157//263 1149//263 1151//263 
f 1149//264 1167//264 1169//264 
f 1177//265 1175//265 1169//265 
f 1231//266 1187//266 1209//266 
f 1251//267 1257//267 1223//267 
f 1251//268 1223//268 1213//268 
f 1223//269 1257//269 1261//269 
f 1267//270 1223//270 1261//270 
f 1273//271 1227//271 1269//271 
f 1227//272 1223//272 1269//272 
f 1273//273 1275//273 1227//273 
f 1275//274 1271//274 1229//274 
f 1255//275 1225//275 1263//275 
f 1255//276 1245//276 1221//276 
f 1255//277 1221//277 1225//277 
f 1221//278 1245//278 1211//278 
f 1211//279 1245//279 1237//279 
f 1199//280 1217//280 1191//280 
f 1237//281 1217//281 1199//281 
f 1191//282 1217//282 1183//282 
f 1183//283 1217//283 1185//283 
f 1173//284 1183//284 1185//284 
f 1159//285 1173//285 1185//285 
f 1159//286 1161//286 1173//286 
f 1159//287 1153//287 1161//287 
f 1109//288 1139//288 1143//288 
f 1085//289 1103//289 1105//289 
f 1069//290 1099//290 1103//290 
f 1077//291 1069//291 1103//291 
f 1099//292 1069//292 1059//292 
f 1097//293 1099//293 1059//293 
f 1029//294 1049//294 1043//294 
f 1057//295 1097//295 1059//295 
f 1043//296 1039//296 1025//296 
f 1085//297 1077//297 1103//297 
f 1093//298 1085//298 1105//298 
f 1121//299 1093//299 1105//299 
f 1121//300 1109//300 1093//300 
f 1131//301 1139//301 1109//301 
f 1139//302 1153//302 1143//302 
f 1143//303 1153//303 1159//303 
f 597//304 581//304 593//304 
f 221//305 227//305 191//305 
f 191//306 229//306 199//306 
f 337//307 315//307 327//307 
f 191//308 227//308 229//308 
f 359//309 367//309 365//309 
f 217//310 221//310 183//310 
f 237//311 199//311 235//311 
f 333//312 357//312 355//312 
f 183//313 173//313 217//313 
f 399//314 381//314 383//314 
f 447//315 449//315 411//315 
f 195//316 173//316 179//316 
f 411//317 403//317 441//317 
f 215//318 257//318 211//318 
f 329//319 295//319 289//319 
f 161//320 179//320 173//320 
f 211//321 257//321 249//321 
f 103//322 53//322 97//322 
f 65//323 99//323 59//323 
f 179//324 161//324 163//324 
f 189//325 219//325 175//325 
f 153//326 163//326 155//326 
f 185//327 197//327 223//327 
f 135//328 143//328 153//328 
f 99//329 51//329 59//329 
f 113//330 137//330 135//330 
f 93//331 51//331 99//331 
f 87//332 127//332 113//332 
f 97//333 47//333 93//333 
f 115//334 87//334 77//334 
f 109//335 115//335 75//335 
f 67//336 109//336 69//336 
f 67//337 103//337 109//337 
f 61//338 57//338 103//338 
f 73//339 105//339 65//339 
f 81//340 111//340 73//340 
f 101//341 119//341 81//341 
f 131//342 123//342 101//342 
f 141//343 133//343 131//343 
f 149//344 141//344 151//344 
f 157//345 151//345 167//345 
f 165//346 167//346 189//346 
f 181//347 219//347 187//347 
f 187//348 219//348 225//348 
f 245//349 251//349 205//349 
f 193//350 187//350 225//350 
f 239//351 193//351 233//351 
f 239//352 201//352 193//352 
f 201//353 245//353 205//353 
f 239//354 245//354 201//354 
f 233//355 193//355 225//355 
f 433//356 481//356 435//356 
f 181//357 175//357 219//357 
f 403//358 393//358 437//358 
f 175//359 165//359 189//359 
f 399//360 393//360 381//360 
f 165//361 157//361 167//361 
f 313//362 267//362 271//362 
f 157//363 149//363 151//363 
f 321//364 343//364 339//364 
f 387//365 377//365 371//365 
f 301//366 321//366 339//366 
f 151//367 141//367 131//367 
f 361//368 351//368 371//368 
f 131//369 133//369 123//369 
f 101//370 123//370 119//370 
f 81//371 119//371 111//371 
f 73//372 111//372 105//372 
f 65//373 105//373 99//373 
f 93//374 47//374 51//374 
f 97//375 49//375 47//375 
f 97//376 53//376 49//376 
f 103//377 57//377 53//377 
f 67//378 61//378 103//378 
f 69//379 109//379 75//379 
f 139//380 147//380 145//380 
f 75//381 115//381 77//381 
f 115//382 121//382 87//382 
f 87//383 121//383 127//383 
f 113//384 127//384 137//384 
f 135//385 137//385 143//385 
f 203//386 185//386 223//386 
f 135//387 153//387 155//387 
f 95//388 125//388 129//388 
f 163//389 161//389 155//389 
f 217//390 173//390 195//390 
f 237//391 243//391 209//391 
f 237//392 209//392 199//392 
f 247//393 253//393 209//393 
f 209//394 253//394 255//394 
f 259//395 213//395 255//395 
f 213//396 209//396 255//396 
f 261//397 215//397 213//397 
f 261//398 213//398 259//398 
f 261//399 257//399 215//399 
f 241//400 211//400 249//400 
f 241//401 231//401 207//401 
f 241//402 207//402 211//402 
f 207//403 231//403 197//403 
f 197//404 231//404 223//404 
f 203//405 177//405 185//405 
f 177//406 203//406 169//406 
f 169//407 203//407 171//407 
f 159//408 169//408 171//408 
f 145//409 159//409 171//409 
f 145//410 147//410 159//410 
f 107//411 117//411 95//411 
f 89//412 91//412 71//412 
f 71//413 91//413 79//413 
f 63//414 55//414 89//414 
f 55//415 45//415 85//415 
f 83//416 45//416 43//416 
f 85//417 45//417 83//417 
f 89//418 55//418 85//418 
f 71//419 63//419 89//419 
f 79//420 91//420 107//420 
f 95//421 79//421 107//421 
f 125//422 95//422 117//422 
f 139//423 129//423 125//423 
f 139//424 145//424 129//424 
f 589//425 571//425 575//425 
f 411//426 449//426 419//426 
f 505//427 539//427 533//427 
f 441//428 403//428 437//428 
f 531//429 501//429 525//429 
f 419//430 455//430 457//430 
f 497//431 521//431 525//431 
f 429//432 457//432 463//432 
f 493//433 521//433 497//433 
f 399//434 415//434 393//434 
f 493//435 517//435 521//435 
f 435//436 481//436 477//436 
f 589//437 585//437 571//437 
f 431//438 477//438 469//438 
f 381//439 375//439 383//439 
f 383//440 375//440 373//440 
f 425//441 421//441 465//441 
f 425//442 465//442 471//442 
f 363//443 373//443 355//443 
f 333//444 307//444 347//444 
f 297//445 335//445 307//445 
f 295//446 329//446 335//446 
f 329//447 287//447 323//447 
f 277//448 323//448 281//448 
f 323//449 273//449 317//449 
f 277//450 273//450 323//450 
f 317//451 267//451 313//451 
f 269//452 267//452 317//452 
f 279//453 319//453 271//453 
f 285//454 325//454 319//454 
f 285//455 293//455 325//455 
f 325//456 293//456 331//456 
f 331//457 293//457 301//457 
f 339//458 331//458 301//458 
f 343//459 321//459 351//459 
f 353//460 351//460 361//460 
f 353//461 343//461 351//461 
f 369//462 361//462 371//462 
f 377//463 387//463 385//463 
f 395//464 409//464 439//464 
f 385//465 409//465 395//465 
f 401//466 395//466 439//466 
f 385//467 387//467 409//467 
f 445//468 407//468 439//468 
f 445//469 413//469 407//469 
f 453//470 459//470 413//470 
f 413//471 459//471 421//471 
f 421//472 459//472 465//472 
f 453//473 413//473 445//473 
f 511//474 487//474 491//474 
f 407//475 401//475 439//475 
f 557//476 579//476 561//476 
f 371//477 377//477 369//477 
f 541//478 537//478 535//478 
f 319//479 279//479 285//479 
f 313//480 271//480 319//480 
f 317//481 273//481 269//481 
f 323//482 287//482 281//482 
f 329//483 289//483 287//483 
f 295//484 335//484 297//484 
f 335//485 341//485 307//485 
f 307//486 341//486 347//486 
f 333//487 347//487 357//487 
f 355//488 357//488 363//488 
f 423//489 405//489 443//489 
f 373//490 375//490 355//490 
f 427//491 431//491 461//491 
f 415//492 437//492 393//492 
f 391//493 379//493 389//493 
f 419//494 457//494 429//494 
f 389//495 397//495 423//495 
f 463//496 467//496 429//496 
f 475//497 429//497 473//497 
f 429//498 467//498 473//498 
f 433//499 475//499 479//499 
f 479//500 481//500 433//500 
f 431//501 435//501 477//501 
f 461//502 431//502 469//502 
f 451//503 427//503 461//503 
f 451//504 417//504 427//504 
f 417//505 443//505 405//505 
f 451//506 443//506 417//506 
f 423//507 397//507 405//507 
f 391//508 389//508 423//508 
f 391//509 365//509 379//509 
f 367//510 379//510 365//510 
f 349//511 315//511 345//511 
f 309//512 291//512 283//512 
f 311//513 291//513 309//513 
f 309//514 283//514 275//514 
f 305//515 275//515 265//515 
f 265//516 303//516 305//516 
f 265//517 263//517 303//517 
f 305//518 309//518 275//518 
f 299//519 291//519 311//519 
f 327//520 299//520 311//520 
f 327//521 315//521 299//521 
f 315//522 337//522 345//522 
f 345//523 359//523 349//523 
f 349//524 359//524 365//524 
f 575//525 595//525 589//525 
f 513//526 517//526 489//526 
f 599//527 581//527 601//527 
f 563//528 585//528 567//528 
f 571//529 585//529 563//529 
f 555//530 563//530 567//530 
f 545//531 555//531 567//531 
f 545//532 551//532 555//532 
f 545//533 543//533 551//533 
f 485//534 509//534 513//534 
f 483//535 509//535 485//535 
f 587//536 565//536 583//536 
f 597//537 601//537 581//537 
f 549//538 559//538 553//538 
f 537//539 529//539 507//539 
f 495//540 519//540 491//540 
f 491//541 519//541 515//541 
f 511//542 491//542 515//542 
f 483//543 487//543 511//543 
f 483//544 511//544 509//544 
f 489//545 485//545 513//545 
f 489//546 517//546 493//546 
f 525//547 501//547 497//547 
f 501//548 531//548 505//548 
f 531//549 539//549 505//549 
f 533//550 539//550 543//550 
f 545//551 533//551 543//551 
f 509//552 581//552 599//552 
f 573//553 591//553 577//553 
f 495//554 523//554 519//554 
f 511//555 581//555 509//555 
f 499//556 523//556 495//556 
f 499//557 503//557 527//557 
f 499//558 527//558 523//558 
f 527//559 503//559 529//559 
f 529//560 503//560 507//560 
f 537//561 507//561 535//561 
f 541//562 549//562 547//562 
f 535//563 549//563 541//563 
f 547//564 549//564 553//564 
f 553//565 559//565 557//565 
f 557//566 559//566 579//566 
f 561//567 579//567 583//567 
f 565//568 561//568 583//568 
f 569//569 565//569 587//569 
f 573//570 569//570 587//570 
f 591//571 573//571 587//571 
f 593//572 577//572 591//572 
f 1017//573 1039//573 1021//573 
f 1025//574 1039//574 1017//574 
f 1009//575 1017//575 1021//575 
f 999//576 1009//576 1021//576 
f 997//577 1005//577 999//577 
f 993//578 987//578 959//578 
f 985//579 955//579 979//579 
f 947//580 971//580 975//580 
f 951//581 947//581 975//581 
f 971//582 947//582 943//582 
f 965//583 945//583 969//583 
f 1055//584 1053//584 1035//584 
f 1051//585 1055//585 1035//585 
f 1035//586 1047//586 1051//586 
f 1003//587 995//587 989//587 
f 989//588 991//588 961//588 
f 983//589 981//589 957//589 
f 977//590 949//590 953//590 
f 1035//591 963//591 965//591 
f 949//592 973//592 945//592 
f 945//593 973//593 969//593 
f 937//594 941//594 965//594 
f 963//595 937//595 965//595 
f 967//596 939//596 963//596 
f 971//597 943//597 967//597 
f 951//598 975//598 979//598 
f 955//599 951//599 979//599 
f 959//600 955//600 985//600 
f 993//601 959//601 985//601 
f 997//602 987//602 993//602 
f 997//603 999//603 987//603 
f 963//604 1035//604 1053//604 
f 1027//605 1045//605 1031//605 
f 977//606 973//606 949//606 
f 981//607 977//607 953//607 
f 957//608 981//608 953//608 
f 961//609 983//609 957//609 
f 961//610 991//610 983//610 
f 989//611 995//611 991//611 
f 1003//612 1001//612 995//612 
f 1003//613 1007//613 1001//613 
f 1013//614 1011//614 1007//614 
f 1013//615 1033//615 1011//615 
f 1033//616 1037//616 1015//616 
f 1015//617 1037//617 1019//617 
f 1019//618 1041//618 1023//618 
f 1023//619 1041//619 1027//619 
f 1027//620 1041//620 1045//620 
f 1035//621 1031//621 1047//621 
f 1031//622 1045//622 1047//622 
f 923//623 931//623 929//623 
f 921//624 923//624 929//624 
f 934//625 936//625 928//625 
f 964//626 938//626 940//626 
f 926//627 934//627 928//627 
f 1244//628 1242//628 1206//628 
f 1090//629 1130//629 1124//629 
f 916//630 918//630 920//630 
f 914//631 918//631 916//631 
f 854//632 852//632 858//632 
f 870//633 892//633 896//633 
f 870//634 896//634 900//634 
f 888//635 870//635 860//635 
f 900//636 878//636 870//636 
f 882//637 906//637 874//637 
f 906//638 902//638 874//638 
f 804//639 824//639 830//639 
f 866//640 854//640 858//640 
f 840//641 846//641 852//641 
f 866//642 862//642 880//642 
f 790//643 818//643 824//643 
f 826//644 830//644 836//644 
f 826//645 836//645 846//645 
f 874//646 898//646 872//646 
f 820//647 796//647 802//647 
f 794//648 796//648 770//648 
f 774//649 772//649 790//649 
f 808//650 774//650 806//650 
f 774//651 790//651 806//651 
f 766//652 782//652 768//652 
f 38//653 40//653 42//653 
f 780//654 782//654 766//654 
f 636//655 634//655 616//655 
f 780//656 766//656 778//656 
f 728//657 720//657 724//657 
f 766//658 776//658 778//658 
f 756//659 740//659 758//659 
f 860//660 864//660 876//660 
f 680//661 676//661 678//661 
f 764//662 776//662 766//662 
f 856//663 864//663 860//663 
f 782//664 784//664 768//664 
f 844//665 832//665 838//665 
f 784//666 786//666 768//666 
f 786//667 792//667 768//667 
f 768//668 792//668 770//668 
f 792//669 794//669 770//669 
f 772//670 800//670 812//670 
f 770//671 796//671 772//671 
f 802//672 828//672 820//672 
f 884//673 886//673 912//673 
f 844//674 842//674 850//674 
f 838//675 842//675 844//675 
f 850//676 842//676 848//676 
f 844//677 834//677 832//677 
f 848//678 856//678 850//678 
f 904//679 908//679 878//679 
f 832//680 834//680 822//680 
f 814//681 822//681 834//681 
f 910//682 906//682 882//682 
f 814//683 834//683 828//683 
f 814//684 828//684 802//684 
f 816//685 796//685 820//685 
f 772//686 796//686 816//686 
f 772//687 816//687 810//687 
f 772//688 810//688 798//688 
f 772//689 788//689 800//689 
f 772//690 798//690 788//690 
f 812//691 790//691 772//691 
f 790//692 812//692 818//692 
f 804//693 790//693 824//693 
f 826//694 804//694 830//694 
f 826//695 846//695 840//695 
f 840//696 852//696 854//696 
f 866//697 858//697 862//697 
f 880//698 868//698 890//698 
f 880//699 862//699 868//699 
f 868//700 872//700 894//700 
f 890//701 868//701 894//701 
f 872//702 898//702 894//702 
f 874//703 902//703 898//703 
f 910//704 882//704 884//704 
f 910//705 884//705 912//705 
f 912//706 886//706 908//706 
f 886//707 878//707 908//707 
f 878//708 900//708 904//708 
f 870//709 888//709 892//709 
f 860//710 876//710 888//710 
f 850//711 856//711 860//711 
f 36//712 6//712 38//712 
f 8//713 2//713 6//713 
f 34//714 36//714 42//714 
f 696//715 710//715 698//715 
f 8//716 6//716 36//716 
f 2//717 4//717 6//717 
f 42//718 36//718 38//718 
f 12//719 10//719 8//719 
f 10//720 2//720 8//720 
f 14//721 10//721 12//721 
f 16//722 10//722 14//722 
f 18//723 10//723 16//723 
f 20//724 10//724 18//724 
f 22//725 10//725 20//725 
f 24//726 10//726 22//726 
f 26//727 10//727 24//727 
f 28//728 10//728 26//728 
f 34//729 10//729 28//729 
f 34//730 30//730 32//730 
f 34//731 28//731 30//731 
f 36//732 34//732 32//732 
f 702//733 686//733 700//733 
f 612//734 614//734 632//734 
f 704//735 684//735 688//735 
f 654//736 656//736 640//736 
f 642//737 660//737 652//737 
f 656//738 660//738 642//738 
f 664//739 658//739 652//739 
f 668//740 666//740 662//740 
f 672//741 674//741 670//741 
f 678//742 676//742 674//742 
f 682//743 692//743 690//743 
f 730//744 728//744 732//744 
f 702//745 688//745 686//745 
f 742//746 760//746 744//746 
f 704//747 688//747 702//747 
f 684//748 704//748 708//748 
f 710//749 696//749 708//749 
f 718//750 706//750 698//750 
f 722//751 724//751 712//751 
f 724//752 716//752 712//752 
f 732//753 728//753 734//753 
f 732//754 734//754 736//754 
f 734//755 748//755 746//755 
f 738//756 752//756 750//756 
f 762//757 758//757 740//757 
f 740//758 756//758 738//758 
f 740//759 744//759 762//759 
f 760//760 762//760 744//760 
f 754//761 738//761 756//761 
f 752//762 738//762 754//762 
f 750//763 748//763 738//763 
f 748//764 734//764 738//764 
f 746//765 736//765 734//765 
f 726//766 728//766 730//766 
f 720//767 728//767 726//767 
f 716//768 724//768 720//768 
f 682//769 690//769 678//769 
f 682//770 696//770 694//770 
f 722//771 712//771 706//771 
f 722//772 706//772 718//772 
f 718//773 698//773 714//773 
f 696//774 684//774 708//774 
f 714//775 698//775 710//775 
f 696//776 682//776 684//776 
f 692//777 682//777 694//777 
f 690//778 680//778 678//778 
f 672//779 678//779 674//779 
f 666//780 672//780 670//780 
f 668//781 672//781 666//781 
f 658//782 668//782 662//782 
f 664//783 668//783 658//783 
f 660//784 664//784 652//784 
f 614//785 616//785 634//785 
f 656//786 642//786 640//786 
f 654//787 640//787 650//787 
f 614//788 634//788 632//788 
f 612//789 630//789 610//789 
f 630//790 628//790 610//790 
f 632//791 630//791 612//791 
f 608//792 610//792 628//792 
f 608//793 628//793 626//793 
f 604//794 606//794 624//794 
f 606//795 626//795 624//795 
f 608//796 626//796 606//796 
f 578//797 582//797 594//797 
f 192//798 222//798 184//798 
f 616//799 618//799 636//799 
f 618//800 638//800 636//800 
f 640//801 638//801 618//801 
f 244//802 210//802 248//802 
f 640//803 618//803 622//803 
f 230//804 200//804 236//804 
f 640//805 622//805 650//805 
f 622//806 648//806 650//806 
f 434//807 476//807 430//807 
f 646//808 648//808 622//808 
f 456//809 450//809 420//809 
f 646//810 622//810 620//810 
f 448//811 442//811 412//811 
f 646//812 620//812 644//812 
f 1230//813 1276//813 1228//813 
f 1224//814 1270//814 1268//814 
f 1244//815 1214//815 1250//815 
f 1206//816 1242//816 1236//816 
f 1214//817 1244//817 1206//817 
f 1198//818 1206//818 1236//818 
f 1198//819 1236//819 1232//819 
f 1250//820 1214//820 1252//820 
f 1232//821 1188//821 1198//821 
f 1194//822 1188//822 1210//822 
f 1226//823 1272//823 1230//823 
f 1188//824 1194//824 1176//824 
f 1264//825 1272//825 1226//825 
f 1178//826 1176//826 1194//826 
f 1066//827 1062//827 1108//827 
f 1088//828 1080//828 1120//828 
f 1170//829 1178//829 1168//829 
f 1238//830 1212//830 1200//830 
f 1168//831 1158//831 1150//831 
f 1150//832 1152//832 1128//832 
f 1128//833 1142//833 1102//833 
f 1092//834 1102//834 1130//834 
f 1068//835 1072//835 1118//835 
f 1118//836 1082//836 1124//836 
f 1064//837 1068//837 1112//837 
f 1108//838 1062//838 1112//838 
f 1110//839 1132//839 1122//839 
f 1066//840 1114//840 1074//840 
f 1114//841 1120//841 1080//841 
f 1096//842 1088//842 1126//842 
f 1096//843 1134//843 1116//843 
f 1116//844 1138//844 1146//844 
f 1166//845 1146//845 1156//845 
f 1172//846 1166//846 1164//846 
f 1180//847 1182//847 1172//847 
f 1190//848 1204//848 1180//848 
f 1220//849 1266//849 1260//849 
f 1196//850 1234//850 1190//850 
f 1202//851 1240//851 1234//851 
f 1208//852 1248//852 1240//852 
f 1208//853 1240//853 1202//853 
f 1248//854 1208//854 1254//854 
f 1208//855 1216//855 1254//855 
f 1220//856 1260//856 1216//856 
f 1216//857 1260//857 1254//857 
f 1202//858 1234//858 1196//858 
f 1234//859 1204//859 1190//859 
f 1204//860 1182//860 1180//860 
f 1182//861 1166//861 1172//861 
f 1166//862 1156//862 1164//862 
f 1016//863 1034//863 1012//863 
f 1146//864 1148//864 1156//864 
f 1138//865 1148//865 1146//865 
f 1134//866 1138//866 1116//866 
f 1096//867 1126//867 1134//867 
f 1088//868 1120//868 1126//868 
f 1080//869 1074//869 1114//869 
f 1006//870 1000//870 1010//870 
f 1114//871 1066//871 1108//871 
f 1062//872 1064//872 1112//872 
f 1008//873 1014//873 1004//873 
f 1112//874 1068//874 1118//874 
f 1038//875 1020//875 1042//875 
f 1118//876 1072//876 1076//876 
f 966//877 946//877 942//877 
f 1118//878 1076//878 1082//878 
f 940//879 944//879 968//879 
f 1124//880 1082//880 1084//880 
f 1124//881 1084//881 1090//881 
f 1030//882 1026//882 1044//882 
f 1130//883 1090//883 1092//883 
f 1136//884 1130//884 1102//884 
f 1136//885 1102//885 1142//885 
f 1142//886 1128//886 1152//886 
f 1152//887 1150//887 1158//887 
f 1170//888 1168//888 1150//888 
f 1170//889 1176//889 1178//889 
f 1210//890 1188//890 1232//890 
f 1224//891 1258//891 1252//891 
f 1214//892 1224//892 1252//892 
f 1262//893 1258//893 1224//893 
f 1262//894 1224//894 1268//894 
f 1270//895 1228//895 1274//895 
f 1270//896 1224//896 1228//896 
f 1228//897 1276//897 1274//897 
f 1230//898 1272//898 1276//898 
f 1264//899 1226//899 1256//899 
f 1222//900 1246//900 1256//900 
f 1226//901 1222//901 1256//901 
f 1212//902 1246//902 1222//902 
f 1238//903 1246//903 1212//903 
f 1192//904 1218//904 1200//904 
f 1200//905 1218//905 1238//905 
f 1184//906 1218//906 1192//906 
f 1186//907 1218//907 1184//907 
f 1186//908 1184//908 1174//908 
f 1186//909 1174//909 1160//909 
f 1174//910 1162//910 1160//910 
f 1162//911 1154//911 1160//911 
f 1144//912 1140//912 1110//912 
f 1106//913 1104//913 1086//913 
f 1104//914 1100//914 1070//914 
f 1104//915 1070//915 1078//915 
f 1060//916 1070//916 1100//916 
f 1060//917 1100//917 1098//917 
f 1044//918 1050//918 1030//918 
f 1060//919 1098//919 1058//919 
f 1026//920 1040//920 1044//920 
f 1104//921 1078//921 1086//921 
f 1106//922 1086//922 1094//922 
f 1106//923 1094//923 1122//923 
f 1094//924 1110//924 1122//924 
f 1110//925 1140//925 1132//925 
f 1144//926 1154//926 1140//926 
f 1160//927 1154//927 1144//927 
f 594//928 582//928 598//928 
f 192//929 228//929 222//929 
f 200//930 230//930 192//930 
f 328//931 316//931 338//931 
f 230//932 228//932 192//932 
f 366//933 368//933 360//933 
f 184//934 222//934 218//934 
f 236//935 200//935 238//935 
f 356//936 358//936 334//936 
f 218//937 174//937 184//937 
f 384//938 382//938 400//938 
f 412//939 450//939 448//939 
f 180//940 174//940 196//940 
f 442//941 404//941 412//941 
f 212//942 258//942 216//942 
f 290//943 296//943 330//943 
f 174//944 180//944 162//944 
f 250//945 258//945 212//945 
f 98//946 54//946 104//946 
f 60//947 100//947 66//947 
f 164//948 162//948 180//948 
f 176//949 220//949 190//949 
f 156//950 164//950 154//950 
f 224//951 198//951 186//951 
f 154//952 144//952 136//952 
f 60//953 52//953 100//953 
f 136//954 138//954 114//954 
f 100//955 52//955 94//955 
f 114//956 128//956 88//956 
f 94//957 48//957 98//957 
f 78//958 88//958 116//958 
f 76//959 116//959 110//959 
f 70//960 110//960 68//960 
f 110//961 104//961 68//961 
f 104//962 58//962 62//962 
f 66//963 106//963 74//963 
f 74//964 112//964 82//964 
f 82//965 120//965 102//965 
f 102//966 124//966 132//966 
f 132//967 134//967 142//967 
f 152//968 142//968 150//968 
f 168//969 152//969 158//969 
f 190//970 168//970 166//970 
f 188//971 220//971 182//971 
f 226//972 220//972 188//972 
f 206//973 252//973 246//973 
f 226//974 188//974 194//974 
f 234//975 194//975 240//975 
f 194//976 202//976 240//976 
f 206//977 246//977 202//977 
f 202//978 246//978 240//978 
f 226//979 194//979 234//979 
f 436//980 482//980 434//980 
f 220//981 176//981 182//981 
f 438//982 394//982 404//982 
f 190//983 166//983 176//983 
f 382//984 394//984 400//984 
f 168//985 158//985 166//985 
f 272//986 268//986 314//986 
f 152//987 150//987 158//987 
f 340//988 344//988 322//988 
f 372//989 378//989 388//989 
f 340//990 322//990 302//990 
f 132//991 142//991 152//991 
f 372//992 352//992 362//992 
f 124//993 134//993 132//993 
f 120//994 124//994 102//994 
f 112//995 120//995 82//995 
f 106//996 112//996 74//996 
f 100//997 106//997 66//997 
f 52//998 48//998 94//998 
f 48//999 50//999 98//999 
f 50//1000 54//1000 98//1000 
f 54//1001 58//1001 104//1001 
f 104//1002 62//1002 68//1002 
f 76//1003 110//1003 70//1003 
f 146//1004 148//1004 140//1004 
f 78//1005 116//1005 76//1005 
f 88//1006 122//1006 116//1006 
f 128//1007 122//1007 88//1007 
f 138//1008 128//1008 114//1008 
f 144//1009 138//1009 136//1009 
f 224//1010 186//1010 204//1010 
f 156//1011 154//1011 136//1011 
f 130//1012 126//1012 96//1012 
f 156//1013 162//1013 164//1013 
f 196//1014 174//1014 218//1014 
f 210//1015 244//1015 238//1015 
f 200//1016 210//1016 238//1016 
f 210//1017 254//1017 248//1017 
f 256//1018 254//1018 210//1018 
f 256//1019 214//1019 260//1019 
f 256//1020 210//1020 214//1020 
f 214//1021 216//1021 262//1021 
f 260//1022 214//1022 262//1022 
f 216//1023 258//1023 262//1023 
f 250//1024 212//1024 242//1024 
f 208//1025 232//1025 242//1025 
f 212//1026 208//1026 242//1026 
f 198//1027 232//1027 208//1027 
f 224//1028 232//1028 198//1028 
f 186//1029 178//1029 204//1029 
f 170//1030 204//1030 178//1030 
f 172//1031 204//1031 170//1031 
f 172//1032 170//1032 160//1032 
f 172//1033 160//1033 146//1033 
f 160//1034 148//1034 146//1034 
f 96//1035 118//1035 108//1035 
f 72//1036 92//1036 90//1036 
f 80//1037 92//1037 72//1037 
f 90//1038 56//1038 64//1038 
f 86//1039 46//1039 56//1039 
f 44//1040 46//1040 84//1040 
f 84//1041 46//1041 86//1041 
f 86//1042 56//1042 90//1042 
f 90//1043 64//1043 72//1043 
f 108//1044 92//1044 80//1044 
f 108//1045 80//1045 96//1045 
f 118//1046 96//1046 126//1046 
f 126//1047 130//1047 140//1047 
f 130//1048 146//1048 140//1048 
f 576//1049 572//1049 590//1049 
f 420//1050 450//1050 412//1050 
f 534//1051 540//1051 506//1051 
f 438//1052 404//1052 442//1052 
f 526//1053 502//1053 532//1053 
f 458//1054 456//1054 420//1054 
f 526//1055 522//1055 498//1055 
f 464//1056 458//1056 430//1056 
f 498//1057 522//1057 494//1057 
f 394//1058 416//1058 400//1058 
f 522//1059 518//1059 494//1059 
f 478//1060 482//1060 436//1060 
f 572//1061 586//1061 590//1061 
f 470//1062 478//1062 432//1062 
f 384//1063 376//1063 382//1063 
f 374//1064 376//1064 384//1064 
f 466//1065 422//1065 426//1065 
f 472//1066 466//1066 426//1066 
f 356//1067 374//1067 364//1067 
f 348//1068 308//1068 334//1068 
f 308//1069 336//1069 298//1069 
f 336//1070 330//1070 296//1070 
f 324//1071 288//1071 330//1071 
f 282//1072 324//1072 278//1072 
f 318//1073 274//1073 324//1073 
f 324//1074 274//1074 278//1074 
f 314//1075 268//1075 318//1075 
f 318//1076 268//1076 270//1076 
f 272//1077 320//1077 280//1077 
f 320//1078 326//1078 286//1078 
f 326//1079 294//1079 286//1079 
f 332//1080 294//1080 326//1080 
f 302//1081 294//1081 332//1081 
f 302//1082 332//1082 340//1082 
f 352//1083 322//1083 344//1083 
f 362//1084 352//1084 354//1084 
f 352//1085 344//1085 354//1085 
f 372//1086 362//1086 370//1086 
f 386//1087 388//1087 378//1087 
f 440//1088 410//1088 396//1088 
f 396//1089 410//1089 386//1089 
f 440//1090 396//1090 402//1090 
f 410//1091 388//1091 386//1091 
f 440//1092 408//1092 446//1092 
f 408//1093 414//1093 446//1093 
f 414//1094 460//1094 454//1094 
f 422//1095 460//1095 414//1095 
f 466//1096 460//1096 422//1096 
f 446//1097 414//1097 454//1097 
f 492//1098 488//1098 512//1098 
f 440//1099 402//1099 408//1099 
f 562//1100 580//1100 558//1100 
f 370//1101 378//1101 372//1101 
f 536//1102 538//1102 542//1102 
f 286//1103 280//1103 320//1103 
f 320//1104 272//1104 314//1104 
f 270//1105 274//1105 318//1105 
f 282//1106 288//1106 324//1106 
f 288//1107 290//1107 330//1107 
f 298//1108 336//1108 296//1108 
f 308//1109 342//1109 336//1109 
f 348//1110 342//1110 308//1110 
f 358//1111 348//1111 334//1111 
f 364//1112 358//1112 356//1112 
f 444//1113 406//1113 424//1113 
f 356//1114 376//1114 374//1114 
f 462//1115 432//1115 428//1115 
f 394//1116 438//1116 416//1116 
f 390//1117 380//1117 392//1117 
f 430//1118 458//1118 420//1118 
f 424//1119 398//1119 390//1119 
f 430//1120 468//1120 464//1120 
f 474//1121 430//1121 476//1121 
f 474//1122 468//1122 430//1122 
f 480//1123 476//1123 434//1123 
f 434//1124 482//1124 480//1124 
f 478//1125 436//1125 432//1125 
f 470//1126 432//1126 462//1126 
f 462//1127 428//1127 452//1127 
f 428//1128 418//1128 452//1128 
f 406//1129 444//1129 418//1129 
f 418//1130 444//1130 452//1130 
f 406//1131 398//1131 424//1131 
f 424//1132 390//1132 392//1132 
f 380//1133 366//1133 392//1133 
f 366//1134 380//1134 368//1134 
f 346//1135 316//1135 350//1135 
f 284//1136 292//1136 310//1136 
f 310//1137 292//1137 312//1137 
f 276//1138 284//1138 310//1138 
f 266//1139 276//1139 306//1139 
f 306//1140 304//1140 266//1140 
f 304//1141 264//1141 266//1141 
f 276//1142 310//1142 306//1142 
f 312//1143 292//1143 300//1143 
f 312//1144 300//1144 328//1144 
f 300//1145 316//1145 328//1145 
f 346//1146 338//1146 316//1146 
f 350//1147 360//1147 346//1147 
f 366//1148 360//1148 350//1148 
f 590//1149 596//1149 576//1149 
f 490//1150 518//1150 514//1150 
f 602//1151 582//1151 600//1151 
f 568//1152 586//1152 564//1152 
f 564//1153 586//1153 572//1153 
f 568//1154 564//1154 556//1154 
f 568//1155 556//1155 546//1155 
f 556//1156 552//1156 546//1156 
f 552//1157 544//1157 546//1157 
f 514//1158 510//1158 486//1158 
f 486//1159 510//1159 484//1159 
f 584//1160 566//1160 588//1160 
f 582//1161 602//1161 598//1161 
f 554//1162 560//1162 550//1162 
f 508//1163 530//1163 538//1163 
f 492//1164 520//1164 496//1164 
f 516//1165 520//1165 492//1165 
f 516//1166 492//1166 512//1166 
f 512//1167 488//1167 484//1167 
f 510//1168 512//1168 484//1168 
f 514//1169 486//1169 490//1169 
f 494//1170 518//1170 490//1170 
f 498//1171 502//1171 526//1171 
f 506//1172 532//1172 502//1172 
f 506//1173 540//1173 532//1173 
f 544//1174 540//1174 534//1174 
f 544//1175 534//1175 546//1175 
f 600//1176 582//1176 510//1176 
f 578//1177 592//1177 574//1177 
f 520//1178 524//1178 496//1178 
f 510//1179 582//1179 512//1179 
f 496//1180 524//1180 500//1180 
f 528//1181 504//1181 500//1181 
f 524//1182 528//1182 500//1182 
f 530//1183 504//1183 528//1183 
f 508//1184 504//1184 530//1184 
f 536//1185 508//1185 538//1185 
f 548//1186 550//1186 542//1186 
f 542//1187 550//1187 536//1187 
f 554//1188 550//1188 548//1188 
f 558//1189 560//1189 554//1189 
f 580//1190 560//1190 558//1190 
f 584//1191 580//1191 562//1191 
f 584//1192 562//1192 566//1192 
f 588//1193 566//1193 570//1193 
f 588//1194 570//1194 574//1194 
f 588//1195 574//1195 592//1195 
f 592//1196 578//1196 594//1196 
f 1022//1197 1040//1197 1018//1197 
f 1018//1198 1040//1198 1026//1198 
f 1022//1199 1018//1199 1010//1199 
f 1022//1200 1010//1200 1000//1200 
f 1000//1201 1006//1201 998//1201 
f 960//1202 988//1202 994//1202 
f 980//1203 956//1203 986//1203 
f 976//1204 972//1204 948//1204 
f 976//1205 948//1205 952//1205 
f 944//1206 948//1206 972//1206 
f 970//1207 946//1207 966//1207 
f 1036//1208 1054//1208 1056//1208 
f 1036//1209 1056//1209 1052//1209 
f 1052//1210 1048//1210 1036//1210 
f 990//1211 996//1211 1004//1211 
f 962//1212 992//1212 990//1212 
f 958//1213 982//1213 984//1213 
f 954//1214 950//1214 978//1214 
f 966//1215 964//1215 1036//1215 
f 946//1216 974//1216 950//1216 
f 970//1217 974//1217 946//1217 
f 966//1218 942//1218 938//1218 
f 966//1219 938//1219 964//1219 
f 964//1220 940//1220 968//1220 
f 968//1221 944//1221 972//1221 
f 980//1222 976//1222 952//1222 
f 980//1223 952//1223 956//1223 
f 986//1224 956//1224 960//1224 
f 986//1225 960//1225 994//1225 
f 994//1226 988//1226 998//1226 
f 988//1227 1000//1227 998//1227 
f 1054//1228 1036//1228 964//1228 
f 1032//1229 1046//1229 1028//1229 
f 950//1230 974//1230 978//1230 
f 954//1231 978//1231 982//1231 
f 954//1232 982//1232 958//1232 
f 958//1233 984//1233 962//1233 
f 984//1234 992//1234 962//1234 
f 992//1235 996//1235 990//1235 
f 996//1236 1002//1236 1004//1236 
f 1002//1237 1008//1237 1004//1237 
f 1008//1238 1012//1238 1014//1238 
f 1012//1239 1034//1239 1014//1239 
f 1016//1240 1038//1240 1034//1240 
f 1020//1241 1038//1241 1016//1241 
f 1024//1242 1042//1242 1020//1242 
f 1028//1243 1042//1243 1024//1243 
f 1046//1244 1042//1244 1028//1244 
f 1048//1245 1032//1245 1036//1245 
f 1048//1246 1046//1246 1032//1246 
f 930//1247 932//1247 924//1247 
f 930//1248 924//1248 922//1248 
f 927//1249 936//1249 935//1249 
f 927//1250 928//1250 936//1250 
f 925//1251 928//1251 927//1251 
f 925//1252 926//1252 928//1252 
f 933//1253 926//1253 925//1253 
f 933//1254 934//1254 926//1254 
f 935//1255 934//1255 933//1255 
f 935//1256 936//1256 934//1256 
f 915//1257 920//1257 919//1257 
f 915//1258 916//1258 920//1258 
f 913//1259 916//1259 915//1259 
f 913//1260 914//1260 916//1260 
f 917//1261 914//1261 913//1261 
f 917//1262 918//1262 914//1262 
f 919//1263 918//1263 917//1263 
f 919//1264 920//1264 918//1264 
f 887//1265 876//1265 875//1265 
f 887//1266 888//1266 876//1266 
f 891//1267 888//1267 887//1267 
f 891//1268 892//1268 888//1268 
f 895//1269 892//1269 891//1269 
f 895//1270 896//1270 892//1270 
f 899//1271 896//1271 895//1271 
f 899//1272 900//1272 896//1272 
f 903//1273 900//1273 899//1273 
f 903//1274 904//1274 900//1274 
f 907//1275 904//1275 903//1275 
f 907//1276 908//1276 904//1276 
f 911//1277 908//1277 907//1277 
f 911//1278 912//1278 908//1278 
f 909//1279 912//1279 911//1279 
f 909//1280 910//1280 912//1280 
f 905//1281 910//1281 909//1281 
f 905//1282 906//1282 910//1282 
f 901//1283 906//1283 905//1283 
f 901//1284 902//1284 906//1284 
f 897//1285 902//1285 901//1285 
f 897//1286 898//1286 902//1286 
f 893//1287 898//1287 897//1287 
f 893//1288 894//1288 898//1288 
f 889//1289 894//1289 893//1289 
f 889//1290 890//1290 894//1290 
f 879//1291 890//1291 889//1291 
f 879//1292 880//1292 890//1292 
f 865//1293 880//1293 879//1293 
f 865//1294 866//1294 880//1294 
f 853//1295 866//1295 865//1295 
f 853//1296 854//1296 866//1296 
f 839//1297 854//1297 853//1297 
f 839//1298 840//1298 854//1298 
f 825//1299 840//1299 839//1299 
f 825//1300 826//1300 840//1300 
f 803//1301 826//1301 825//1301 
f 803//1302 804//1302 826//1302 
f 789//1303 804//1303 803//1303 
f 789//1304 790//1304 804//1304 
f 805//1305 790//1305 789//1305 
f 805//1306 806//1306 790//1306 
f 807//1307 806//1307 805//1307 
f 807//1308 808//1308 806//1308 
f 773//1309 808//1309 807//1309 
f 773//1310 774//1310 808//1310 
f 771//1311 774//1311 773//1311 
f 771//1312 772//1312 774//1312 
f 769//1313 772//1313 771//1313 
f 769//1314 770//1314 772//1314 
f 767//1315 770//1315 769//1315 
f 767//1316 768//1316 770//1316 
f 765//1317 768//1317 767//1317 
f 765//1318 766//1318 768//1318 
f 763//1319 766//1319 765//1319 
f 763//1320 764//1320 766//1320 
f 775//1321 764//1321 763//1321 
f 775//1322 776//1322 764//1322 
f 777//1323 776//1323 775//1323 
f 777//1324 778//1324 776//1324 
f 779//1325 778//1325 777//1325 
f 779//1326 780//1326 778//1326 
f 781//1327 780//1327 779//1327 
f 781//1328 782//1328 780//1328 
f 783//1329 782//1329 781//1329 
f 783//1330 784//1330 782//1330 
f 785//1331 784//1331 783//1331 
f 785//1332 786//1332 784//1332 
f 791//1333 786//1333 785//1333 
f 791//1334 792//1334 786//1334 
f 793//1335 792//1335 791//1335 
f 793//1336 794//1336 792//1336 
f 795//1337 794//1337 793//1337 
f 795//1338 796//1338 794//1338 
f 801//1339 796//1339 795//1339 
f 801//1340 802//1340 796//1340 
f 813//1341 802//1341 801//1341 
f 813//1342 814//1342 802//1342 
f 821//1343 814//1343 813//1343 
f 821//1344 822//1344 814//1344 
f 831//1345 822//1345 821//1345 
f 831//1346 832//1346 822//1346 
f 837//1347 832//1347 831//1347 
f 837//1348 838//1348 832//1348 
f 841//1349 838//1349 837//1349 
f 841//1350 842//1350 838//1350 
f 847//1351 842//1351 841//1351 
f 847//1352 848//1352 842//1352 
f 855//1353 848//1353 847//1353 
f 855//1354 856//1354 848//1354 
f 863//1355 856//1355 855//1355 
f 863//1356 864//1356 856//1356 
f 875//1357 864//1357 863//1357 
f 875//1358 876//1358 864//1358 
f 833//1359 834//1359 843//1359 
f 844//1360 843//1360 834//1360 
f 827//1361 828//1361 833//1361 
f 834//1362 833//1362 828//1362 
f 819//1363 820//1363 827//1363 
f 828//1364 827//1364 820//1364 
f 815//1365 816//1365 819//1365 
f 820//1366 819//1366 816//1366 
f 809//1367 810//1367 815//1367 
f 816//1368 815//1368 810//1368 
f 797//1369 798//1369 809//1369 
f 810//1370 809//1370 798//1370 
f 787//1371 788//1371 797//1371 
f 798//1372 797//1372 788//1372 
f 799//1373 800//1373 787//1373 
f 788//1374 787//1374 800//1374 
f 811//1375 812//1375 799//1375 
f 800//1376 799//1376 812//1376 
f 817//1377 818//1377 811//1377 
f 812//1378 811//1378 818//1378 
f 823//1379 824//1379 817//1379 
f 818//1380 817//1380 824//1380 
f 829//1381 830//1381 823//1381 
f 824//1382 823//1382 830//1382 
f 835//1383 836//1383 829//1383 
f 830//1384 829//1384 836//1384 
f 845//1385 846//1385 835//1385 
f 836//1386 835//1386 846//1386 
f 851//1387 852//1387 845//1387 
f 846//1388 845//1388 852//1388 
f 857//1389 858//1389 851//1389 
f 852//1390 851//1390 858//1390 
f 861//1391 862//1391 857//1391 
f 858//1392 857//1392 862//1392 
f 867//1393 868//1393 861//1393 
f 862//1394 861//1394 868//1394 
f 871//1395 872//1395 867//1395 
f 868//1396 867//1396 872//1396 
f 873//1397 874//1397 871//1397 
f 872//1398 871//1398 874//1398 
f 881//1399 882//1399 873//1399 
f 874//1400 873//1400 882//1400 
f 883//1401 884//1401 881//1401 
f 882//1402 881//1402 884//1402 
f 885//1403 886//1403 883//1403 
f 884//1404 883//1404 886//1404 
f 877//1405 878//1405 885//1405 
f 886//1406 885//1406 878//1406 
f 869//1407 870//1407 877//1407 
f 878//1408 877//1408 870//1408 
f 859//1409 860//1409 869//1409 
f 870//1410 869//1410 860//1410 
f 849//1411 850//1411 859//1411 
f 860//1412 859//1412 850//1412 
f 843//1413 844//1413 849//1413 
f 850//1414 849//1414 844//1414 
f 37//1415 6//1415 5//1415 
f 37//1416 38//1416 6//1416 
f 39//1417 38//1417 37//1417 
f 39//1418 40//1418 38//1418 
f 41//1419 40//1419 39//1419 
f 41//1420 42//1420 40//1420 
f 33//1421 42//1421 41//1421 
f 33//1422 34//1422 42//1422 
f 9//1423 34//1423 33//1423 
f 9//1424 10//1424 34//1424 
f 1//1425 10//1425 9//1425 
f 1//1426 2//1426 10//1426 
f 3//1427 2//1427 1//1427 
f 3//1428 4//1428 2//1428 
f 5//1429 4//1429 3//1429 
f 5//1430 6//1430 4//1430 
f 11//1431 12//1431 7//1431 
f 8//1432 7//1432 12//1432 
f 13//1433 14//1433 11//1433 
f 12//1434 11//1434 14//1434 
f 15//1435 16//1435 13//1435 
f 14//1436 13//1436 16//1436 
f 17//1437 18//1437 15//1437 
f 16//1438 15//1438 18//1438 
f 19//1439 20//1439 17//1439 
f 18//1440 17//1440 20//1440 
f 21//1441 22//1441 19//1441 
f 20//1442 19//1442 22//1442 
f 23//1443 24//1443 21//1443 
f 22//1444 21//1444 24//1444 
f 25//1445 26//1445 23//1445 
f 24//1446 23//1446 26//1446 
f 27//1447 28//1447 25//1447 
f 26//1448 25//1448 28//1448 
f 29//1449 30//1449 27//1449 
f 28//1450 27//1450 30//1450 
f 31//1451 32//1451 29//1451 
f 30//1452 29//1452 32//1452 
f 35//1453 36//1453 31//1453 
f 32//1454 31//1454 36//1454 
f 7//1455 8//1455 35//1455 
f 36//1456 35//1456 8//1456 
f 647//1457 646//1457 645//1457 
f 647//1458 648//1458 646//1458 
f 649//1459 648//1459 647//1459 
f 649//1460 650//1460 648//1460 
f 653//1461 650//1461 649//1461 
f 653//1462 654//1462 650//1462 
f 655//1463 654//1463 653//1463 
f 655//1464 656//1464 654//1464 
f 659//1465 656//1465 655//1465 
f 659//1466 660//1466 656//1466 
f 663//1467 660//1467 659//1467 
f 663//1468 664//1468 660//1468 
f 667//1469 664//1469 663//1469 
f 667//1470 668//1470 664//1470 
f 671//1471 668//1471 667//1471 
f 671//1472 672//1472 668//1472 
f 677//1473 672//1473 671//1473 
f 677//1474 678//1474 672//1474 
f 681//1475 678//1475 677//1475 
f 681//1476 682//1476 678//1476 
f 683//1477 682//1477 681//1477 
f 683//1478 684//1478 682//1478 
f 687//1479 684//1479 683//1479 
f 687//1480 688//1480 684//1480 
f 685//1481 688//1481 687//1481 
f 685//1482 686//1482 688//1482 
f 699//1483 686//1483 685//1483 
f 699//1484 700//1484 686//1484 
f 701//1485 700//1485 699//1485 
f 701//1486 702//1486 700//1486 
f 703//1487 702//1487 701//1487 
f 703//1488 704//1488 702//1488 
f 707//1489 704//1489 703//1489 
f 707//1490 708//1490 704//1490 
f 709//1491 708//1491 707//1491 
f 709//1492 710//1492 708//1492 
f 713//1493 710//1493 709//1493 
f 713//1494 714//1494 710//1494 
f 717//1495 714//1495 713//1495 
f 717//1496 718//1496 714//1496 
f 721//1497 718//1497 717//1497 
f 721//1498 722//1498 718//1498 
f 723//1499 722//1499 721//1499 
f 723//1500 724//1500 722//1500 
f 727//1501 724//1501 723//1501 
f 727//1502 728//1502 724//1502 
f 733//1503 728//1503 727//1503 
f 733//1504 734//1504 728//1504 
f 737//1505 734//1505 733//1505 
f 737//1506 738//1506 734//1506 
f 739//1507 738//1507 737//1507 
f 739//1508 740//1508 738//1508 
f 743//1509 740//1509 739//1509 
f 743//1510 744//1510 740//1510 
f 741//1511 744//1511 743//1511 
f 741//1512 742//1512 744//1512 
f 759//1513 742//1513 741//1513 
f 759//1514 760//1514 742//1514 
f 761//1515 760//1515 759//1515 
f 761//1516 762//1516 760//1516 
f 757//1517 762//1517 761//1517 
f 757//1518 758//1518 762//1518 
f 755//1519 758//1519 757//1519 
f 755//1520 756//1520 758//1520 
f 753//1521 756//1521 755//1521 
f 753//1522 754//1522 756//1522 
f 751//1523 754//1523 753//1523 
f 751//1524 752//1524 754//1524 
f 749//1525 752//1525 751//1525 
f 749//1526 750//1526 752//1526 
f 747//1527 750//1527 749//1527 
f 747//1528 748//1528 750//1528 
f 745//1529 748//1529 747//1529 
f 745//1530 746//1530 748//1530 
f 735//1531 746//1531 745//1531 
f 735//1532 736//1532 746//1532 
f 731//1533 736//1533 735//1533 
f 731//1534 732//1534 736//1534 
f 729//1535 732//1535 731//1535 
f 729//1536 730//1536 732//1536 
f 725//1537 730//1537 729//1537 
f 725//1538 726//1538 730//1538 
f 719//1539 726//1539 725//1539 
f 719//1540 720//1540 726//1540 
f 715//1541 720//1541 719//1541 
f 715//1542 716//1542 720//1542 
f 711//1543 716//1543 715//1543 
f 711//1544 712//1544 716//1544 
f 705//1545 712//1545 711//1545 
f 705//1546 706//1546 712//1546 
f 697//1547 706//1547 705//1547 
f 697//1548 698//1548 706//1548 
f 695//1549 698//1549 697//1549 
f 695//1550 696//1550 698//1550 
f 693//1551 696//1551 695//1551 
f 693//1552 694//1552 696//1552 
f 691//1553 694//1553 693//1553 
f 691//1554 692//1554 694//1554 
f 689//1555 692//1555 691//1555 
f 689//1556 690//1556 692//1556 
f 679//1557 690//1557 689//1557 
f 679//1558 680//1558 690//1558 
f 675//1559 680//1559 679//1559 
f 675//1560 676//1560 680//1560 
f 673//1561 676//1561 675//1561 
f 673//1562 674//1562 676//1562 
f 669//1563 674//1563 673//1563 
f 669//1564 670//1564 674//1564 
f 665//1565 670//1565 669//1565 
f 665//1566 666//1566 670//1566 
f 661//1567 666//1567 665//1567 
f 661//1568 662//1568 666//1568 
f 657//1569 662//1569 661//1569 
f 657//1570 658//1570 662//1570 
f 651//1571 658//1571 657//1571 
f 651//1572 652//1572 658//1572 
f 641//1573 652//1573 651//1573 
f 641//1574 642//1574 652//1574 
f 639//1575 642//1575 641//1575 
f 639//1576 640//1576 642//1576 
f 637//1577 640//1577 639//1577 
f 637//1578 638//1578 640//1578 
f 635//1579 638//1579 637//1579 
f 635//1580 636//1580 638//1580 
f 633//1581 636//1581 635//1581 
f 633//1582 634//1582 636//1582 
f 631//1583 634//1583 633//1583 
f 631//1584 632//1584 634//1584 
f 629//1585 632//1585 631//1585 
f 629//1586 630//1586 632//1586 
f 627//1587 630//1587 629//1587 
f 627//1588 628//1588 630//1588 
f 625//1589 628//1589 627//1589 
f 625//1590 626//1590 628//1590 
f 623//1591 626//1591 625//1591 
f 623//1592 624//1592 626//1592 
f 603//1593 624//1593 623//1593 
f 603//1594 604//1594 624//1594 
f 605//1595 604//1595 603//1595 
f 605//1596 606//1596 604//1596 
f 607//1597 606//1597 605//1597 
f 607//1598 608//1598 606//1598 
f 609//1599 608//1599 607//1599 
f 609//1600 610//1600 608//1600 
f 611//1601 610//1601 609//1601 
f 611//1602 612//1602 610//1602 
f 613//1603 612//1603 611//1603 
f 613//1604 614//1604 612//1604 
f 615//1605 614//1605 613//1605 
f 615//1606 616//1606 614//1606 
f 617//1607 616//1607 615//1607 
f 617//1608 618//1608 616//1608 
f 621//1609 618//1609 617//1609 
f 621//1610 622//1610 618//1610 
f 619//1611 622//1611 621//1611 
f 619//1612 620//1612 622//1612 
f 643//1613 620//1613 619//1613 
f 643//1614 644//1614 620//1614 
f 645//1615 644//1615 643//1615 
f 645//1616 646//1616 644//1616 
f 1217//1617 1186//1617 1185//1617 
f 1217//1618 1218//1618 1186//1618 
f 1237//1619 1218//1619 1217//1619 
f 1237//1620 1238//1620 1218//1620 
f 1245//1621 1238//1621 1237//1621 
f 1245//1622 1246//1622 1238//1622 
f 1255//1623 1246//1623 1245//1623 
f 1255//1624 1256//1624 1246//1624 
f 1263//1625 1256//1625 1255//1625 
f 1263//1626 1264//1626 1256//1626 
f 1271//1627 1264//1627 1263//1627 
f 1271//1628 1272//1628 1264//1628 
f 1275//1629 1272//1629 1271//1629 
f 1275//1630 1276//1630 1272//1630 
f 1273//1631 1276//1631 1275//1631 
f 1273//1632 1274//1632 1276//1632 
f 1269//1633 1274//1633 1273//1633 
f 1269//1634 1270//1634 1274//1634 
f 1267//1635 1270//1635 1269//1635 
f 1267//1636 1268//1636 1270//1636 
f 1261//1637 1268//1637 1267//1637 
f 1261//1638 1262//1638 1268//1638 
f 1257//1639 1262//1639 1261//1639 
f 1257//1640 1258//1640 1262//1640 
f 1251//1641 1258//1641 1257//1641 
f 1251//1642 1252//1642 1258//1642 
f 1249//1643 1252//1643 1251//1643 
f 1249//1644 1250//1644 1252//1644 
f 1243//1645 1250//1645 1249//1645 
f 1243//1646 1244//1646 1250//1646 
f 1241//1647 1244//1647 1243//1647 
f 1241//1648 1242//1648 1244//1648 
f 1235//1649 1242//1649 1241//1649 
f 1235//1650 1236//1650 1242//1650 
f 1231//1651 1236//1651 1235//1651 
f 1231//1652 1232//1652 1236//1652 
f 1209//1653 1232//1653 1231//1653 
f 1209//1654 1210//1654 1232//1654 
f 1193//1655 1210//1655 1209//1655 
f 1193//1656 1194//1656 1210//1656 
f 1177//1657 1194//1657 1193//1657 
f 1177//1658 1178//1658 1194//1658 
f 1167//1659 1178//1659 1177//1659 
f 1167//1660 1168//1660 1178//1660 
f 1157//1661 1168//1661 1167//1661 
f 1157//1662 1158//1662 1168//1662 
f 1151//1663 1158//1663 1157//1663 
f 1151//1664 1152//1664 1158//1664 
f 1141//1665 1152//1665 1151//1665 
f 1141//1666 1142//1666 1152//1666 
f 1135//1667 1142//1667 1141//1667 
f 1135//1668 1136//1668 1142//1668 
f 1129//1669 1136//1669 1135//1669 
f 1129//1670 1130//1670 1136//1670 
f 1123//1671 1130//1671 1129//1671 
f 1123//1672 1124//1672 1130//1672 
f 1117//1673 1124//1673 1123//1673 
f 1117//1674 1118//1674 1124//1674 
f 1111//1675 1118//1675 1117//1675 
f 1111//1676 1112//1676 1118//1676 
f 1107//1677 1112//1677 1111//1677 
f 1107//1678 1108//1678 1112//1678 
f 1113//1679 1108//1679 1107//1679 
f 1113//1680 1114//1680 1108//1680 
f 1119//1681 1114//1681 1113//1681 
f 1119//1682 1120//1682 1114//1682 
f 1125//1683 1120//1683 1119//1683 
f 1125//1684 1126//1684 1120//1684 
f 1133//1685 1126//1685 1125//1685 
f 1133//1686 1134//1686 1126//1686 
f 1137//1687 1134//1687 1133//1687 
f 1137//1688 1138//1688 1134//1688 
f 1147//1689 1138//1689 1137//1689 
f 1147//1690 1148//1690 1138//1690 
f 1155//1691 1148//1691 1147//1691 
f 1155//1692 1156//1692 1148//1692 
f 1163//1693 1156//1693 1155//1693 
f 1163//1694 1164//1694 1156//1694 
f 1171//1695 1164//1695 1163//1695 
f 1171//1696 1172//1696 1164//1696 
f 1179//1697 1172//1697 1171//1697 
f 1179//1698 1180//1698 1172//1698 
f 1189//1699 1180//1699 1179//1699 
f 1189//1700 1190//1700 1180//1700 
f 1195//1701 1190//1701 1189//1701 
f 1195//1702 1196//1702 1190//1702 
f 1201//1703 1196//1703 1195//1703 
f 1201//1704 1202//1704 1196//1704 
f 1207//1705 1202//1705 1201//1705 
f 1207//1706 1208//1706 1202//1706 
f 1215//1707 1208//1707 1207//1707 
f 1215//1708 1216//1708 1208//1708 
f 1219//1709 1216//1709 1215//1709 
f 1219//1710 1220//1710 1216//1710 
f 1265//1711 1220//1711 1219//1711 
f 1265//1712 1266//1712 1220//1712 
f 1259//1713 1266//1713 1265//1713 
f 1259//1714 1260//1714 1266//1714 
f 1253//1715 1260//1715 1259//1715 
f 1253//1716 1254//1716 1260//1716 
f 1247//1717 1254//1717 1253//1717 
f 1247//1718 1248//1718 1254//1718 
f 1239//1719 1248//1719 1247//1719 
f 1239//1720 1240//1720 1248//1720 
f 1233//1721 1240//1721 1239//1721 
f 1233//1722 1234//1722 1240//1722 
f 1203//1723 1234//1723 1233//1723 
f 1203//1724 1204//1724 1234//1724 
f 1181//1725 1204//1725 1203//1725 
f 1181//1726 1182//1726 1204//1726 
f 1165//1727 1182//1727 1181//1727 
f 1165//1728 1166//1728 1182//1728 
f 1145//1729 1166//1729 1165//1729 
f 1145//1730 1146//1730 1166//1730 
f 1115//1731 1146//1731 1145//1731 
f 1115//1732 1116//1732 1146//1732 
f 1095//1733 1116//1733 1115//1733 
f 1095//1734 1096//1734 1116//1734 
f 1087//1735 1096//1735 1095//1735 
f 1087//1736 1088//1736 1096//1736 
f 1079//1737 1088//1737 1087//1737 
f 1079//1738 1080//1738 1088//1738 
f 1073//1739 1080//1739 1079//1739 
f 1073//1740 1074//1740 1080//1740 
f 1065//1741 1074//1741 1073//1741 
f 1065//1742 1066//1742 1074//1742 
f 1061//1743 1066//1743 1065//1743 
f 1061//1744 1062//1744 1066//1744 
f 1063//1745 1062//1745 1061//1745 
f 1063//1746 1064//1746 1062//1746 
f 1067//1747 1064//1747 1063//1747 
f 1067//1748 1068//1748 1064//1748 
f 1071//1749 1068//1749 1067//1749 
f 1071//1750 1072//1750 1068//1750 
f 1075//1751 1072//1751 1071//1751 
f 1075//1752 1076//1752 1072//1752 
f 1081//1753 1076//1753 1075//1753 
f 1081//1754 1082//1754 1076//1754 
f 1083//1755 1082//1755 1081//1755 
f 1083//1756 1084//1756 1082//1756 
f 1089//1757 1084//1757 1083//1757 
f 1089//1758 1090//1758 1084//1758 
f 1091//1759 1090//1759 1089//1759 
f 1091//1760 1092//1760 1090//1760 
f 1101//1761 1092//1761 1091//1761 
f 1101//1762 1102//1762 1092//1762 
f 1127//1763 1102//1763 1101//1763 
f 1127//1764 1128//1764 1102//1764 
f 1149//1765 1128//1765 1127//1765 
f 1149//1766 1150//1766 1128//1766 
f 1169//1767 1150//1767 1149//1767 
f 1169//1768 1170//1768 1150//1768 
f 1175//1769 1170//1769 1169//1769 
f 1175//1770 1176//1770 1170//1770 
f 1187//1771 1176//1771 1175//1771 
f 1187//1772 1188//1772 1176//1772 
f 1197//1773 1188//1773 1187//1773 
f 1197//1774 1198//1774 1188//1774 
f 1205//1775 1198//1775 1197//1775 
f 1205//1776 1206//1776 1198//1776 
f 1213//1777 1206//1777 1205//1777 
f 1213//1778 1214//1778 1206//1778 
f 1223//1779 1214//1779 1213//1779 
f 1223//1780 1224//1780 1214//1780 
f 1227//1781 1224//1781 1223//1781 
f 1227//1782 1228//1782 1224//1782 
f 1229//1783 1228//1783 1227//1783 
f 1229//1784 1230//1784 1228//1784 
f 1225//1785 1230//1785 1229//1785 
f 1225//1786 1226//1786 1230//1786 
f 1221//1787 1226//1787 1225//1787 
f 1221//1788 1222//1788 1226//1788 
f 1211//1789 1222//1789 1221//1789 
f 1211//1790 1212//1790 1222//1790 
f 1199//1791 1212//1791 1211//1791 
f 1199//1792 1200//1792 1212//1792 
f 1191//1793 1200//1793 1199//1793 
f 1191//1794 1192//1794 1200//1794 
f 1183//1795 1192//1795 1191//1795 
f 1183//1796 1184//1796 1192//1796 
f 1173//1797 1184//1797 1183//1797 
f 1173//1798 1174//1798 1184//1798 
f 1161//1799 1174//1799 1173//1799 
f 1161//1800 1162//1800 1174//1800 
f 1153//1801 1162//1801 1161//1801 
f 1153//1802 1154//1802 1162//1802 
f 1139//1803 1154//1803 1153//1803 
f 1139//1804 1140//1804 1154//1804 
f 1131//1805 1140//1805 1139//1805 
f 1131//1806 1132//1806 1140//1806 
f 1121//1807 1132//1807 1131//1807 
f 1121//1808 1122//1808 1132//1808 
f 1105//1809 1122//1809 1121//1809 
f 1105//1810 1106//1810 1122//1810 
f 1103//1811 1106//1811 1105//1811 
f 1103//1812 1104//1812 1106//1812 
f 1099//1813 1104//1813 1103//1813 
f 1099//1814 1100//1814 1104//1814 
f 1097//1815 1100//1815 1099//1815 
f 1097//1816 1098//1816 1100//1816 
f 1057//1817 1098//1817 1097//1817 
f 1057//1818 1058//1818 1098//1818 
f 1059//1819 1058//1819 1057//1819 
f 1059//1820 1060//1820 1058//1820 
f 1069//1821 1060//1821 1059//1821 
f 1069//1822 1070//1822 1060//1822 
f 1077//1823 1070//1823 1069//1823 
f 1077//1824 1078//1824 1070//1824 
f 1085//1825 1078//1825 1077//1825 
f 1085//1826 1086//1826 1078//1826 
f 1093//1827 1086//1827 1085//1827 
f 1093//1828 1094//1828 1086//1828 
f 1109//1829 1094//1829 1093//1829 
f 1109//1830 1110//1830 1094//1830 
f 1143//1831 1110//1831 1109//1831 
f 1143//1832 1144//1832 1110//1832 
f 1159//1833 1144//1833 1143//1833 
f 1159//1834 1160//1834 1144//1834 
f 1185//1835 1160//1835 1159//1835 
f 1185//1836 1186//1836 1160//1836 
f 203//1837 172//1837 171//1837 
f 203//1838 204//1838 172//1838 
f 223//1839 204//1839 203//1839 
f 223//1840 224//1840 204//1840 
f 231//1841 224//1841 223//1841 
f 231//1842 232//1842 224//1842 
f 241//1843 232//1843 231//1843 
f 241//1844 242//1844 232//1844 
f 249//1845 242//1845 241//1845 
f 249//1846 250//1846 242//1846 
f 257//1847 250//1847 249//1847 
f 257//1848 258//1848 250//1848 
f 261//1849 258//1849 257//1849 
f 261//1850 262//1850 258//1850 
f 259//1851 262//1851 261//1851 
f 259//1852 260//1852 262//1852 
f 255//1853 260//1853 259//1853 
f 255//1854 256//1854 260//1854 
f 253//1855 256//1855 255//1855 
f 253//1856 254//1856 256//1856 
f 247//1857 254//1857 253//1857 
f 247//1858 248//1858 254//1858 
f 243//1859 248//1859 247//1859 
f 243//1860 244//1860 248//1860 
f 237//1861 244//1861 243//1861 
f 237//1862 238//1862 244//1862 
f 235//1863 238//1863 237//1863 
f 235//1864 236//1864 238//1864 
f 229//1865 236//1865 235//1865 
f 229//1866 230//1866 236//1866 
f 227//1867 230//1867 229//1867 
f 227//1868 228//1868 230//1868 
f 221//1869 228//1869 227//1869 
f 221//1870 222//1870 228//1870 
f 217//1871 222//1871 221//1871 
f 217//1872 218//1872 222//1872 
f 195//1873 218//1873 217//1873 
f 195//1874 196//1874 218//1874 
f 179//1875 196//1875 195//1875 
f 179//1876 180//1876 196//1876 
f 163//1877 180//1877 179//1877 
f 163//1878 164//1878 180//1878 
f 153//1879 164//1879 163//1879 
f 153//1880 154//1880 164//1880 
f 143//1881 154//1881 153//1881 
f 143//1882 144//1882 154//1882 
f 137//1883 144//1883 143//1883 
f 137//1884 138//1884 144//1884 
f 127//1885 138//1885 137//1885 
f 127//1886 128//1886 138//1886 
f 121//1887 128//1887 127//1887 
f 121//1888 122//1888 128//1888 
f 115//1889 122//1889 121//1889 
f 115//1890 116//1890 122//1890 
f 109//1891 116//1891 115//1891 
f 109//1892 110//1892 116//1892 
f 103//1893 110//1893 109//1893 
f 103//1894 104//1894 110//1894 
f 97//1895 104//1895 103//1895 
f 97//1896 98//1896 104//1896 
f 93//1897 98//1897 97//1897 
f 93//1898 94//1898 98//1898 
f 99//1899 94//1899 93//1899 
f 99//1900 100//1900 94//1900 
f 105//1901 100//1901 99//1901 
f 105//1902 106//1902 100//1902 
f 111//1903 106//1903 105//1903 
f 111//1904 112//1904 106//1904 
f 119//1905 112//1905 111//1905 
f 119//1906 120//1906 112//1906 
f 123//1907 120//1907 119//1907 
f 123//1908 124//1908 120//1908 
f 133//1909 124//1909 123//1909 
f 133//1910 134//1910 124//1910 
f 141//1911 134//1911 133//1911 
f 141//1912 142//1912 134//1912 
f 149//1913 142//1913 141//1913 
f 149//1914 150//1914 142//1914 
f 157//1915 150//1915 149//1915 
f 157//1916 158//1916 150//1916 
f 165//1917 158//1917 157//1917 
f 165//1918 166//1918 158//1918 
f 175//1919 166//1919 165//1919 
f 175//1920 176//1920 166//1920 
f 181//1921 176//1921 175//1921 
f 181//1922 182//1922 176//1922 
f 187//1923 182//1923 181//1923 
f 187//1924 188//1924 182//1924 
f 193//1925 188//1925 187//1925 
f 193//1926 194//1926 188//1926 
f 201//1927 194//1927 193//1927 
f 201//1928 202//1928 194//1928 
f 205//1929 202//1929 201//1929 
f 205//1930 206//1930 202//1930 
f 251//1931 206//1931 205//1931 
f 251//1932 252//1932 206//1932 
f 245//1933 252//1933 251//1933 
f 245//1934 246//1934 252//1934 
f 239//1935 246//1935 245//1935 
f 239//1936 240//1936 246//1936 
f 233//1937 240//1937 239//1937 
f 233//1938 234//1938 240//1938 
f 225//1939 234//1939 233//1939 
f 225//1940 226//1940 234//1940 
f 219//1941 226//1941 225//1941 
f 219//1942 220//1942 226//1942 
f 189//1943 220//1943 219//1943 
f 189//1944 190//1944 220//1944 
f 167//1945 190//1945 189//1945 
f 167//1946 168//1946 190//1946 
f 151//1947 168//1947 167//1947 
f 151//1948 152//1948 168//1948 
f 131//1949 152//1949 151//1949 
f 131//1950 132//1950 152//1950 
f 101//1951 132//1951 131//1951 
f 101//1952 102//1952 132//1952 
f 81//1953 102//1953 101//1953 
f 81//1954 82//1954 102//1954 
f 73//1955 82//1955 81//1955 
f 73//1956 74//1956 82//1956 
f 65//1957 74//1957 73//1957 
f 65//1958 66//1958 74//1958 
f 59//1959 66//1959 65//1959 
f 59//1960 60//1960 66//1960 
f 51//1961 60//1961 59//1961 
f 51//1962 52//1962 60//1962 
f 47//1963 52//1963 51//1963 
f 47//1964 48//1964 52//1964 
f 49//1965 48//1965 47//1965 
f 49//1966 50//1966 48//1966 
f 53//1967 50//1967 49//1967 
f 53//1968 54//1968 50//1968 
f 57//1969 54//1969 53//1969 
f 57//1970 58//1970 54//1970 
f 61//1971 58//1971 57//1971 
f 61//1972 62//1972 58//1972 
f 67//1973 62//1973 61//1973 
f 67//1974 68//1974 62//1974 
f 69//1975 68//1975 67//1975 
f 69//1976 70//1976 68//1976 
f 75//1977 70//1977 69//1977 
f 75//1978 76//1978 70//1978 
f 77//1979 76//1979 75//1979 
f 77//1980 78//1980 76//1980 
f 87//1981 78//1981 77//1981 
f 87//1982 88//1982 78//1982 
f 113//1983 88//1983 87//1983 
f 113//1984 114//1984 88//1984 
f 135//1985 114//1985 113//1985 
f 135//1986 136//1986 114//1986 
f 155//1987 136//1987 135//1987 
f 155//1988 156//1988 136//1988 
f 161//1989 156//1989 155//1989 
f 161//1990 162//1990 156//1990 
f 173//1991 162//1991 161//1991 
f 173//1992 174//1992 162//1992 
f 183//1993 174//1993 173//1993 
f 183//1994 184//1994 174//1994 
f 191//1995 184//1995 183//1995 
f 191//1996 192//1996 184//1996 
f 199//1997 192//1997 191//1997 
f 199//1998 200//1998 192//1998 
f 209//1999 200//1999 199//1999 
f 209//2000 210//2000 200//2000 
f 213//2001 210//2001 209//2001 
f 213//2002 214//2002 210//2002 
f 215//2003 214//2003 213//2003 
f 215//2004 216//2004 214//2004 
f 211//2005 216//2005 215//2005 
f 211//2006 212//2006 216//2006 
f 207//2007 212//2007 211//2007 
f 207//2008 208//2008 212//2008 
f 197//2009 208//2009 207//2009 
f 197//2010 198//2010 208//2010 
f 185//2011 198//2011 197//2011 
f 185//2012 186//2012 198//2012 
f 177//2013 186//2013 185//2013 
f 177//2014 178//2014 186//2014 
f 169//2015 178//2015 177//2015 
f 169//2016 170//2016 178//2016 
f 159//2017 170//2017 169//2017 
f 159//2018 160//2018 170//2018 
f 147//2019 160//2019 159//2019 
f 147//2020 148//2020 160//2020 
f 139//2021 148//2021 147//2021 
f 139//2022 140//2022 148//2022 
f 125//2023 140//2023 139//2023 
f 125//2024 126//2024 140//2024 
f 117//2025 126//2025 125//2025 
f 117//2026 118//2026 126//2026 
f 107//2027 118//2027 117//2027 
f 107//2028 108//2028 118//2028 
f 91//2029 108//2029 107//2029 
f 91//2030 92//2030 108//2030 
f 89//2031 92//2031 91//2031 
f 89//2032 90//2032 92//2032 
f 85//2033 90//2033 89//2033 
f 85//2034 86//2034 90//2034 
f 83//2035 86//2035 85//2035 
f 83//2036 84//2036 86//2036 
f 43//2037 84//2037 83//2037 
f 43//2038 44//2038 84//2038 
f 45//2039 44//2039 43//2039 
f 45//2040 46//2040 44//2040 
f 55//2041 46//2041 45//2041 
f 55//2042 56//2042 46//2042 
f 63//2043 56//2043 55//2043 
f 63//2044 64//2044 56//2044 
f 71//2045 64//2045 63//2045 
f 71//2046 72//2046 64//2046 
f 79//2047 72//2047 71//2047 
f 79//2048 80//2048 72//2048 
f 95//2049 80//2049 79//2049 
f 95//2050 96//2050 80//2050 
f 129//2051 96//2051 95//2051 
f 129//2052 130//2052 96//2052 
f 145//2053 130//2053 129//2053 
f 145//2054 146//2054 130//2054 
f 171//2055 146//2055 145//2055 
f 171//2056 172//2056 146//2056 
f 423//2057 392//2057 391//2057 
f 423//2058 424//2058 392//2058 
f 443//2059 424//2059 423//2059 
f 443//2060 444//2060 424//2060 
f 451//2061 444//2061 443//2061 
f 451//2062 452//2062 444//2062 
f 461//2063 452//2063 451//2063 
f 461//2064 462//2064 452//2064 
f 469//2065 462//2065 461//2065 
f 469//2066 470//2066 462//2066 
f 477//2067 470//2067 469//2067 
f 477//2068 478//2068 470//2068 
f 481//2069 478//2069 477//2069 
f 481//2070 482//2070 478//2070 
f 479//2071 482//2071 481//2071 
f 479//2072 480//2072 482//2072 
f 475//2073 480//2073 479//2073 
f 475//2074 476//2074 480//2074 
f 473//2075 476//2075 475//2075 
f 473//2076 474//2076 476//2076 
f 467//2077 474//2077 473//2077 
f 467//2078 468//2078 474//2078 
f 463//2079 468//2079 467//2079 
f 463//2080 464//2080 468//2080 
f 457//2081 464//2081 463//2081 
f 457//2082 458//2082 464//2082 
f 455//2083 458//2083 457//2083 
f 455//2084 456//2084 458//2084 
f 449//2085 456//2085 455//2085 
f 449//2086 450//2086 456//2086 
f 447//2087 450//2087 449//2087 
f 447//2088 448//2088 450//2088 
f 441//2089 448//2089 447//2089 
f 441//2090 442//2090 448//2090 
f 437//2091 442//2091 441//2091 
f 437//2092 438//2092 442//2092 
f 415//2093 438//2093 437//2093 
f 415//2094 416//2094 438//2094 
f 399//2095 416//2095 415//2095 
f 399//2096 400//2096 416//2096 
f 383//2097 400//2097 399//2097 
f 383//2098 384//2098 400//2098 
f 373//2099 384//2099 383//2099 
f 373//2100 374//2100 384//2100 
f 363//2101 374//2101 373//2101 
f 363//2102 364//2102 374//2102 
f 357//2103 364//2103 363//2103 
f 357//2104 358//2104 364//2104 
f 347//2105 358//2105 357//2105 
f 347//2106 348//2106 358//2106 
f 341//2107 348//2107 347//2107 
f 341//2108 342//2108 348//2108 
f 335//2109 342//2109 341//2109 
f 335//2110 336//2110 342//2110 
f 329//2111 336//2111 335//2111 
f 329//2112 330//2112 336//2112 
f 323//2113 330//2113 329//2113 
f 323//2114 324//2114 330//2114 
f 317//2115 324//2115 323//2115 
f 317//2116 318//2116 324//2116 
f 313//2117 318//2117 317//2117 
f 313//2118 314//2118 318//2118 
f 319//2119 314//2119 313//2119 
f 319//2120 320//2120 314//2120 
f 325//2121 320//2121 319//2121 
f 325//2122 326//2122 320//2122 
f 331//2123 326//2123 325//2123 
f 331//2124 332//2124 326//2124 
f 339//2125 332//2125 331//2125 
f 339//2126 340//2126 332//2126 
f 343//2127 340//2127 339//2127 
f 343//2128 344//2128 340//2128 
f 353//2129 344//2129 343//2129 
f 353//2130 354//2130 344//2130 
f 361//2131 354//2131 353//2131 
f 361//2132 362//2132 354//2132 
f 369//2133 362//2133 361//2133 
f 369//2134 370//2134 362//2134 
f 377//2135 370//2135 369//2135 
f 377//2136 378//2136 370//2136 
f 385//2137 378//2137 377//2137 
f 385//2138 386//2138 378//2138 
f 395//2139 386//2139 385//2139 
f 395//2140 396//2140 386//2140 
f 401//2141 396//2141 395//2141 
f 401//2142 402//2142 396//2142 
f 407//2143 402//2143 401//2143 
f 407//2144 408//2144 402//2144 
f 413//2145 408//2145 407//2145 
f 413//2146 414//2146 408//2146 
f 421//2147 414//2147 413//2147 
f 421//2148 422//2148 414//2148 
f 425//2149 422//2149 421//2149 
f 425//2150 426//2150 422//2150 
f 471//2151 426//2151 425//2151 
f 471//2152 472//2152 426//2152 
f 465//2153 472//2153 471//2153 
f 465//2154 466//2154 472//2154 
f 459//2155 466//2155 465//2155 
f 459//2156 460//2156 466//2156 
f 453//2157 460//2157 459//2157 
f 453//2158 454//2158 460//2158 
f 445//2159 454//2159 453//2159 
f 445//2160 446//2160 454//2160 
f 439//2161 446//2161 445//2161 
f 439//2162 440//2162 446//2162 
f 409//2163 440//2163 439//2163 
f 409//2164 410//2164 440//2164 
f 387//2165 410//2165 409//2165 
f 387//2166 388//2166 410//2166 
f 371//2167 388//2167 387//2167 
f 371//2168 372//2168 388//2168 
f 351//2169 372//2169 371//2169 
f 351//2170 352//2170 372//2170 
f 321//2171 352//2171 351//2171 
f 321//2172 322//2172 352//2172 
f 301//2173 322//2173 321//2173 
f 301//2174 302//2174 322//2174 
f 293//2175 302//2175 301//2175 
f 293//2176 294//2176 302//2176 
f 285//2177 294//2177 293//2177 
f 285//2178 286//2178 294//2178 
f 279//2179 286//2179 285//2179 
f 279//2180 280//2180 286//2180 
f 271//2181 280//2181 279//2181 
f 271//2182 272//2182 280//2182 
f 267//2183 272//2183 271//2183 
f 267//2184 268//2184 272//2184 
f 269//2185 268//2185 267//2185 
f 269//2186 270//2186 268//2186 
f 273//2187 270//2187 269//2187 
f 273//2188 274//2188 270//2188 
f 277//2189 274//2189 273//2189 
f 277//2190 278//2190 274//2190 
f 281//2191 278//2191 277//2191 
f 281//2192 282//2192 278//2192 
f 287//2193 282//2193 281//2193 
f 287//2194 288//2194 282//2194 
f 289//2195 288//2195 287//2195 
f 289//2196 290//2196 288//2196 
f 295//2197 290//2197 289//2197 
f 295//2198 296//2198 290//2198 
f 297//2199 296//2199 295//2199 
f 297//2200 298//2200 296//2200 
f 307//2201 298//2201 297//2201 
f 307//2202 308//2202 298//2202 
f 333//2203 308//2203 307//2203 
f 333//2204 334//2204 308//2204 
f 355//2205 334//2205 333//2205 
f 355//2206 356//2206 334//2206 
f 375//2207 356//2207 355//2207 
f 375//2208 376//2208 356//2208 
f 381//2209 376//2209 375//2209 
f 381//2210 382//2210 376//2210 
f 393//2211 382//2211 381//2211 
f 393//2212 394//2212 382//2212 
f 403//2213 394//2213 393//2213 
f 403//2214 404//2214 394//2214 
f 411//2215 404//2215 403//2215 
f 411//2216 412//2216 404//2216 
f 419//2217 412//2217 411//2217 
f 419//2218 420//2218 412//2218 
f 429//2219 420//2219 419//2219 
f 429//2220 430//2220 420//2220 
f 433//2221 430//2221 429//2221 
f 433//2222 434//2222 430//2222 
f 435//2223 434//2223 433//2223 
f 435//2224 436//2224 434//2224 
f 431//2225 436//2225 435//2225 
f 431//2226 432//2226 436//2226 
f 427//2227 432//2227 431//2227 
f 427//2228 428//2228 432//2228 
f 417//2229 428//2229 427//2229 
f 417//2230 418//2230 428//2230 
f 405//2231 418//2231 417//2231 
f 405//2232 406//2232 418//2232 
f 397//2233 406//2233 405//2233 
f 397//2234 398//2234 406//2234 
f 389//2235 398//2235 397//2235 
f 389//2236 390//2236 398//2236 
f 379//2237 390//2237 389//2237 
f 379//2238 380//2238 390//2238 
f 367//2239 380//2239 379//2239 
f 367//2240 368//2240 380//2240 
f 359//2241 368//2241 367//2241 
f 359//2242 360//2242 368//2242 
f 345//2243 360//2243 359//2243 
f 345//2244 346//2244 360//2244 
f 337//2245 346//2245 345//2245 
f 337//2246 338//2246 346//2246 
f 327//2247 338//2247 337//2247 
f 327//2248 328//2248 338//2248 
f 311//2249 328//2249 327//2249 
f 311//2250 312//2250 328//2250 
f 309//2251 312//2251 311//2251 
f 309//2252 310//2252 312//2252 
f 305//2253 310//2253 309//2253 
f 305//2254 306//2254 310//2254 
f 303//2255 306//2255 305//2255 
f 303//2256 304//2256 306//2256 
f 263//2257 304//2257 303//2257 
f 263//2258 264//2258 304//2258 
f 265//2259 264//2259 263//2259 
f 265//2260 266//2260 264//2260 
f 275//2261 266//2261 265//2261 
f 275//2262 276//2262 266//2262 
f 283//2263 276//2263 275//2263 
f 283//2264 284//2264 276//2264 
f 291//2265 284//2265 283//2265 
f 291//2266 292//2266 284//2266 
f 299//2267 292//2267 291//2267 
f 299//2268 300//2268 292//2268 
f 315//2269 300//2269 299//2269 
f 315//2270 316//2270 300//2270 
f 349//2271 316//2271 315//2271 
f 349//2272 350//2272 316//2272 
f 365//2273 350//2273 349//2273 
f 365//2274 366//2274 350//2274 
f 391//2275 366//2275 365//2275 
f 391//2276 392//2276 366//2276 
f 585//2277 568//2277 567//2277 
f 585//2278 586//2278 568//2278 
f 589//2279 586//2279 585//2279 
f 589//2280 590//2280 586//2280 
f 595//2281 590//2281 589//2281 
f 595//2282 596//2282 590//2282 
f 575//2283 596//2283 595//2283 
f 575//2284 576//2284 596//2284 
f 571//2285 576//2285 575//2285 
f 571//2286 572//2286 576//2286 
f 563//2287 572//2287 571//2287 
f 563//2288 564//2288 572//2288 
f 555//2289 564//2289 563//2289 
f 555//2290 556//2290 564//2290 
f 551//2291 556//2291 555//2291 
f 551//2292 552//2292 556//2292 
f 543//2293 552//2293 551//2293 
f 543//2294 544//2294 552//2294 
f 539//2295 544//2295 543//2295 
f 539//2296 540//2296 544//2296 
f 531//2297 540//2297 539//2297 
f 531//2298 532//2298 540//2298 
f 525//2299 532//2299 531//2299 
f 525//2300 526//2300 532//2300 
f 521//2301 526//2301 525//2301 
f 521//2302 522//2302 526//2302 
f 517//2303 522//2303 521//2303 
f 517//2304 518//2304 522//2304 
f 513//2305 518//2305 517//2305 
f 513//2306 514//2306 518//2306 
f 509//2307 514//2307 513//2307 
f 509//2308 510//2308 514//2308 
f 599//2309 510//2309 509//2309 
f 599//2310 600//2310 510//2310 
f 601//2311 600//2311 599//2311 
f 601//2312 602//2312 600//2312 
f 597//2313 602//2313 601//2313 
f 597//2314 598//2314 602//2314 
f 593//2315 598//2315 597//2315 
f 593//2316 594//2316 598//2316 
f 591//2317 594//2317 593//2317 
f 591//2318 592//2318 594//2318 
f 587//2319 592//2319 591//2319 
f 587//2320 588//2320 592//2320 
f 583//2321 588//2321 587//2321 
f 583//2322 584//2322 588//2322 
f 579//2323 584//2323 583//2323 
f 579//2324 580//2324 584//2324 
f 559//2325 580//2325 579//2325 
f 559//2326 560//2326 580//2326 
f 549//2327 560//2327 559//2327 
f 549//2328 550//2328 560//2328 
f 535//2329 550//2329 549//2329 
f 535//2330 536//2330 550//2330 
f 507//2331 536//2331 535//2331 
f 507//2332 508//2332 536//2332 
f 503//2333 508//2333 507//2333 
f 503//2334 504//2334 508//2334 
f 499//2335 504//2335 503//2335 
f 499//2336 500//2336 504//2336 
f 495//2337 500//2337 499//2337 
f 495//2338 496//2338 500//2338 
f 491//2339 496//2339 495//2339 
f 491//2340 492//2340 496//2340 
f 487//2341 492//2341 491//2341 
f 487//2342 488//2342 492//2342 
f 483//2343 488//2343 487//2343 
f 483//2344 484//2344 488//2344 
f 485//2345 484//2345 483//2345 
f 485//2346 486//2346 484//2346 
f 489//2347 486//2347 485//2347 
f 489//2348 490//2348 486//2348 
f 493//2349 490//2349 489//2349 
f 493//2350 494//2350 490//2350 
f 497//2351 494//2351 493//2351 
f 497//2352 498//2352 494//2352 
f 501//2353 498//2353 497//2353 
f 501//2354 502//2354 498//2354 
f 505//2355 502//2355 501//2355 
f 505//2356 506//2356 502//2356 
f 533//2357 506//2357 505//2357 
f 533//2358 534//2358 506//2358 
f 545//2359 534//2359 533//2359 
f 545//2360 546//2360 534//2360 
f 567//2361 546//2361 545//2361 
f 567//2362 568//2362 546//2362 
f 515//2363 516//2363 511//2363 
f 512//2364 511//2364 516//2364 
f 519//2365 520//2365 515//2365 
f 516//2366 515//2366 520//2366 
f 523//2367 524//2367 519//2367 
f 520//2368 519//2368 524//2368 
f 527//2369 528//2369 523//2369 
f 524//2370 523//2370 528//2370 
f 529//2371 530//2371 527//2371 
f 528//2372 527//2372 530//2372 
f 537//2373 538//2373 529//2373 
f 530//2374 529//2374 538//2374 
f 541//2375 542//2375 537//2375 
f 538//2376 537//2376 542//2376 
f 547//2377 548//2377 541//2377 
f 542//2378 541//2378 548//2378 
f 553//2379 554//2379 547//2379 
f 548//2380 547//2380 554//2380 
f 557//2381 558//2381 553//2381 
f 554//2382 553//2382 558//2382 
f 561//2383 562//2383 557//2383 
f 558//2384 557//2384 562//2384 
f 565//2385 566//2385 561//2385 
f 562//2386 561//2386 566//2386 
f 569//2387 570//2387 565//2387 
f 566//2388 565//2388 570//2388 
f 573//2389 574//2389 569//2389 
f 570//2390 569//2390 574//2390 
f 577//2391 578//2391 573//2391 
f 574//2392 573//2392 578//2392 
f 581//2393 582//2393 577//2393 
f 578//2394 577//2394 582//2394 
f 511//2395 512//2395 581//2395 
f 582//2396 581//2396 512//2396 
f 1039//2397 1022//2397 1021//2397 
f 1039//2398 1040//2398 1022//2398 
f 1043//2399 1040//2399 1039//2399 
f 1043//2400 1044//2400 1040//2400 
f 1049//2401 1044//2401 1043//2401 
f 1049//2402 1050//2402 1044//2402 
f 1029//2403 1050//2403 1049//2403 
f 1029//2404 1030//2404 1050//2404 
f 1025//2405 1030//2405 1029//2405 
f 1025//2406 1026//2406 1030//2406 
f 1017//2407 1026//2407 1025//2407 
f 1017//2408 1018//2408 1026//2408 
f 1009//2409 1018//2409 1017//2409 
f 1009//2410 1010//2410 1018//2410 
f 1005//2411 1010//2411 1009//2411 
f 1005//2412 1006//2412 1010//2412 
f 997//2413 1006//2413 1005//2413 
f 997//2414 998//2414 1006//2414 
f 993//2415 998//2415 997//2415 
f 993//2416 994//2416 998//2416 
f 985//2417 994//2417 993//2417 
f 985//2418 986//2418 994//2418 
f 979//2419 986//2419 985//2419 
f 979//2420 980//2420 986//2420 
f 975//2421 980//2421 979//2421 
f 975//2422 976//2422 980//2422 
f 971//2423 976//2423 975//2423 
f 971//2424 972//2424 976//2424 
f 967//2425 972//2425 971//2425 
f 967//2426 968//2426 972//2426 
f 963//2427 968//2427 967//2427 
f 963//2428 964//2428 968//2428 
f 1053//2429 964//2429 963//2429 
f 1053//2430 1054//2430 964//2430 
f 1055//2431 1054//2431 1053//2431 
f 1055//2432 1056//2432 1054//2432 
f 1051//2433 1056//2433 1055//2433 
f 1051//2434 1052//2434 1056//2434 
f 1047//2435 1052//2435 1051//2435 
f 1047//2436 1048//2436 1052//2436 
f 1045//2437 1048//2437 1047//2437 
f 1045//2438 1046//2438 1048//2438 
f 1041//2439 1046//2439 1045//2439 
f 1041//2440 1042//2440 1046//2440 
f 1037//2441 1042//2441 1041//2441 
f 1037//2442 1038//2442 1042//2442 
f 1033//2443 1038//2443 1037//2443 
f 1033//2444 1034//2444 1038//2444 
f 1013//2445 1034//2445 1033//2445 
f 1013//2446 1014//2446 1034//2446 
f 1003//2447 1014//2447 1013//2447 
f 1003//2448 1004//2448 1014//2448 
f 989//2449 1004//2449 1003//2449 
f 989//2450 990//2450 1004//2450 
f 961//2451 990//2451 989//2451 
f 961//2452 962//2452 990//2452 
f 957//2453 962//2453 961//2453 
f 957//2454 958//2454 962//2454 
f 953//2455 958//2455 957//2455 
f 953//2456 954//2456 958//2456 
f 949//2457 954//2457 953//2457 
f 949//2458 950//2458 954//2458 
f 945//2459 950//2459 949//2459 
f 945//2460 946//2460 950//2460 
f 941//2461 946//2461 945//2461 
f 941//2462 942//2462 946//2462 
f 937//2463 942//2463 941//2463 
f 937//2464 938//2464 942//2464 
f 939//2465 938//2465 937//2465 
f 939//2466 940//2466 938//2466 
f 943//2467 940//2467 939//2467 
f 943//2468 944//2468 940//2468 
f 947//2469 944//2469 943//2469 
f 947//2470 948//2470 944//2470 
f 951//2471 948//2471 947//2471 
f 951//2472 952//2472 948//2472 
f 955//2473 952//2473 951//2473 
f 955//2474 956//2474 952//2474 
f 959//2475 956//2475 955//2475 
f 959//2476 960//2476 956//2476 
f 987//2477 960//2477 959//2477 
f 987//2478 988//2478 960//2478 
f 999//2479 988//2479 987//2479 
f 999//2480 1000//2480 988//2480 
f 1021//2481 1000//2481 999//2481 
f 1021//2482 1022//2482 1000//2482 
f 969//2483 970//2483 965//2483 
f 966//2484 965//2484 970//2484 
f 973//2485 974//2485 969//2485 
f 970//2486 969//2486 974//2486 
f 977//2487 978//2487 973//2487 
f 974//2488 973//2488 978//2488 
f 981//2489 982//2489 977//2489 
f 978//2490 977//2490 982//2490 
f 983//2491 984//2491 981//2491 
f 982//2492 981//2492 984//2492 
f 991//2493 992//2493 983//2493 
f 984//2494 983//2494 992//2494 
f 995//2495 996//2495 991//2495 
f 992//2496 991//2496 996//2496 
f 1001//2497 1002//2497 995//2497 
f 996//2498 995//2498 1002//2498 
f 1007//2499 1008//2499 1001//2499 
f 1002//2500 1001//2500 1008//2500 
f 1011//2501 1012//2501 1007//2501 
f 1008//2502 1007//2502 1012//2502 
f 1015//2503 1016//2503 1011//2503 
f 1012//2504 1011//2504 1016//2504 
f 1019//2505 1020//2505 1015//2505 
f 1016//2506 1015//2506 1020//2506 
f 1023//2507 1024//2507 1019//2507 
f 1020//2508 1019//2508 1024//2508 
f 1027//2509 1028//2509 1023//2509 
f 1024//2510 1023//2510 1028//2510 
f 1031//2511 1032//2511 1027//2511 
f 1028//2512 1027//2512 1032//2512 
f 1035//2513 1036//2513 1031//2513 
f 1032//2514 1031//2514 1036//2514 
f 965//2515 966//2515 1035//2515 
f 1036//2516 1035//2516 966//2516 
f 923//2517 932//2517 931//2517 
f 923//2518 924//2518 932//2518 
f 921//2519 924//2519 923//2519 
f 921//2520 922//2520 924//2520 
f 929//2521 922//2521 921//2521 
f 929//2522 930//2522 922//2522 
f 931//2523 930//2523 929//2523 
f 931//2524 932//2524 930//2524 
